task,context,task_id,env,complexity,original_filename,output
"Создай функцию ЗаполнитьТабличнуюЧастьОстатками(ДокументОбъект), которая заполняет табличную часть документа «Заказ» «Товары» остатками из регистра «ТоварныеЗапасы» для склада и даты, заданных в документе. Отбирать только товары видом товара = Товар. Для каждой позиции остатка нужно добавить строку в табличную часть и перенести туда товар и количество.","{
  ""Documents"": [
    {
      ""id"": ""Заказ"",
      ""properties"": [
        ""Номер"": ""string"",
        ""Дата"": ""date"",
        ""Клиент"": ""Ref.Контрагенты"",
        ""Склад"": ""Ref.Склады"",
      ],
      ""tabularSections"": [
        {
          ""Товары"": [
            ""Товар"": ""Ref.Товары"",
            ""Количество"": ""number"",
            ""Цена"": ""number"",
            ""Сумма"": ""number""
          ]
        }
      ]
    }
  ]
}",task_001,server,low,,"Процедура ЗаполнитьТабличнуюЧастьОстатками(ДокументОбъект)
	
	ДокументОбъект.Товары.Очистить();
	
	Запрос = Новый Запрос;
	Запрос.Текст = 
	""ВЫБРАТЬ
	|	ТоварныеЗапасыОстатки.Товар КАК Товар,
	|	ТоварныеЗапасыОстатки.КоличествоОстаток КАК Количество
	|ИЗ
	|	РегистрНакопления.ТоварныеЗапасы.Остатки(&Дата, Склад = &Склад) КАК ТоварныеЗапасыОстатки
	|ГДЕ
	|	ТоварныеЗапасыОстатки.Товар.ВидТовара = ЗНАЧЕНИЕ(Перечисление.ВидыТоваров.Товар)
	|	И ТоварныеЗапасыОстатки.КоличествоОстаток > 0"";
	
	Запрос.УстановитьПараметр(""Дата"", ДокументОбъект.Дата);
	Запрос.УстановитьПараметр(""Склад"", ДокументОбъект.Склад);
	
	Результат = Запрос.Выполнить();
	Выборка = Результат.Выбрать();
	
	Пока Выборка.Следующий() Цикл
		НоваяСтрока = ДокументОбъект.Товары.Добавить();
		НоваяСтрока.Товар = Выборка.Товар;
		НоваяСтрока.Количество = Выборка.Количество;
	КонецЦикла;
	
КонецПроцедуры"
"Создай функцию ЗаполнитьТабличныйДокумент(ТабДокумент, Макет, Дата) которая выводит в табличный документ задолженность по контрагентам из регистра Взаиморасчеты на дату. В макете есть секции Шапка и Строка, в секции строка есть параметры “Контрагент” и “Задолженность”","{
  ""AccumulationRegisters"": [
    {
      ""id"": ""Взаиморасчеты"",
      ""name"": ""Взаиморасчеты"",
      ""RegisterType"": ""Balance"",
      ""Dimensions"": [
        {
          ""id"": ""Контрагент"",
          ""name"": ""Контрагент"",
          ""types"": [
            {
              ""type"": ""Ref"",
              ""id"": ""Справочник.Контрагенты""
            }
          ]
        },
        {
          ""id"": ""Валюта"",
          ""name"": ""Валюта"",
          ""types"": [
            {
              ""type"": ""Ref"",
              ""id"": ""Справочник.Валюты""
            }
          ]
        }
      ],
      ""Resources"": [
        {
          ""id"": ""Сумма"",
          ""name"": ""Сумма"",
          ""types"": [
            {
              ""type"": ""Number"",
              ""NumberQualifiers"": ""10.2""
            }
          ]
        }
      ]
    }
  ]
}",task_002,server,mid,,"Процедура ЗаполнитьТабличныйДокумент(ТабДокумент, Макет, Дата)
	
	ТабДокумент.Очистить();
	
	// Вывод шапки
	ОбластьШапка = Макет.ПолучитьОбласть(""Шапка"");
	ТабДокумент.Вывести(ОбластьШапка);
	
	// Получение данных о задолженности
	Запрос = Новый Запрос;
	Запрос.Текст = 
	""ВЫБРАТЬ
	|	ВзаиморасчетыОстатки.Контрагент КАК Контрагент,
	|	ВзаиморасчетыОстатки.СуммаОстаток КАК Задолженность
	|ИЗ
	|	РегистрНакопления.Взаиморасчеты.Остатки(&Дата) КАК ВзаиморасчетыОстатки
	|ГДЕ
	|	ВзаиморасчетыОстатки.СуммаОстаток > 0
	|УПОРЯДОЧИТЬ ПО
	|	Контрагент"";
	
	Запрос.УстановитьПараметр(""Дата"", Дата);
	
	Результат = Запрос.Выполнить();
	Выборка = Результат.Выбрать();
	
	// Вывод строк
	ОбластьСтрока = Макет.ПолучитьОбласть(""Строка"");
	
	Пока Выборка.Следующий() Цикл
		ОбластьСтрока.Параметры.Контрагент = Выборка.Контрагент;
		ОбластьСтрока.Параметры.Задолженность = Выборка.Задолженность;
		ТабДокумент.Вывести(ОбластьСтрока);
	КонецЦикла;
	
КонецПроцедуры"
Создай функцию УстановитьСклад(ДокументОбъект) которая устанавливает во всех строках ТЧ «Товары» значение поля «СкладСтроки» равным реквизиту документа «Склад».,"{
  ""AccumulationRegisters"": [
    {
      ""id"": ""Взаиморасчеты"",
      ""name"": ""Взаиморасчеты"",
      ""RegisterType"": ""Balance"",
      ""Dimensions"": [
        {
          ""id"": ""Контрагент"",
          ""name"": ""Контрагент"",
          ""types"": [
            {
              ""type"": ""Ref"",
              ""id"": ""Справочник.Контрагенты""
            }
          ]
        },
        {
          ""id"": ""Валюта"",
          ""name"": ""Валюта"",
          ""types"": [
            {
              ""type"": ""Ref"",
              ""id"": ""Справочник.Валюты""
            }
          ]
        }
      ],
      ""Resources"": [
        {
          ""id"": ""Сумма"",
          ""name"": ""Сумма"",
          ""types"": [
            {
              ""type"": ""Number"",
              ""NumberQualifiers"": ""10.2""
            }
          ]
        }
      ]
    }
  ]
}",task_003,server,low,,"Процедура УстановитьСклад(ДокументОбъект)
	
	Для Каждого СтрокаТовары Из ДокументОбъект.Товары Цикл
		СтрокаТовары.СкладСтроки = ДокументОбъект.Склад;
	КонецЦикла;
	
КонецПроцедуры"
Создай функцию УдалитьПоследнююЗапись(Валюта) которая удаляет последнюю по времени запись регистра сведений КурсыВалют с измерением Валюта = Валюта,"{
  ""InformationRegisters"": [
    {
      ""id"": ""КурсыВалют"",
      ""name"": ""Курсы валют"",
      ""InformationRegisterPeriodicity"": ""Day"",
      ""WriteMode"": ""Independent"",
      ""Dimensions"": [
        {
          ""id"": ""Валюта"",
          ""name"": ""Валюта"",
          ""types"": [
            {
              ""type"": ""Ref"",
              ""id"": ""Справочник.Валюты""
            }
          ]
        }
      ],
      ""Resources"": [
        {
          ""id"": ""Курс"",
          ""name"": ""Курс"",
          ""types"": [
            {
              ""type"": ""Number"",
              ""NumberQualifiers"": ""10.2""
            }
          ]
        }
      ]
    }
  ]
}",task_004,server,low,,"Процедура УдалитьПоследнююЗапись(Валюта)
	
	Запрос = Новый Запрос;
	Запрос.Текст = 
	""ВЫБРАТЬ ПЕРВЫЕ 1
	|	КурсыВалют.Период КАК Период,
	|	КурсыВалют.Валюта КАК Валюта
	|ИЗ
	|	РегистрСведений.КурсыВалют КАК КурсыВалют
	|ГДЕ
	|	КурсыВалют.Валюта = &Валюта
	|УПОРЯДОЧИТЬ ПО
	|	Период УБЫВ"";
	
	Запрос.УстановитьПараметр(""Валюта"", Валюта);
	
	Результат = Запрос.Выполнить();
	
	Если НЕ Результат.Пустой() Тогда
		Выборка = Результат.Выбрать();
		Выборка.Следующий();
		
		НаборЗаписей = РегистрыСведений.КурсыВалют.СоздатьНаборЗаписей();
		НаборЗаписей.Отбор.Период.Установить(Выборка.Период);
		НаборЗаписей.Отбор.Валюта.Установить(Выборка.Валюта);
		НаборЗаписей.Записать();
	КонецЕсли;
	
КонецПроцедуры"
Создай функцию НеУстановленыЦены(Поставщик) которая возвращает СписокЗначений с элементами справочника Товары у которых Поставщик = Поставщик и нет записи в регистре сведений ЦеныТоваров,"{
  ""InformationRegisters"": [
    {
      ""id"": ""ЦеныТоваров"",
      ""name"": ""Цены товаров"",
      ""InformationRegisterPeriodicity"": ""Day"",
      ""WriteMode"": ""Independent"",
      ""Dimensions"": [
        {
          ""id"": ""Товар"",
          ""name"": ""Товар"",
          ""types"": [
            {
              ""type"": ""Ref"",
              ""id"": ""Справочник.Товары""
            }
          ]
        },
        {
          ""id"": ""ВидЦен"",
          ""name"": ""Вид цен"",
          ""types"": [
            {
              ""type"": ""Ref"",
              ""id"": ""Справочник.ВидыЦен""
            }
          ]
        }
      ],
      ""Resources"": [
        {
          ""id"": ""Цена"",
          ""name"": ""Цена"",
          ""types"": [
            {
              ""type"": ""Number"",
              ""NumberQualifiers"": ""10.2""
            }
          ]
        }
      ]
    }
  ]
}",task_005,server,low,,"Функция НеУстановленыЦены(Поставщик)
	
	СписокТоваров = Новый СписокЗначений;
	
	Запрос = Новый Запрос;
	Запрос.Текст = 
	""ВЫБРАТЬ
	|	Товары.Ссылка КАК Товар
	|ИЗ
	|	Справочник.Товары КАК Товары
	|		ЛЕВОЕ СОЕДИНЕНИЕ РегистрСведений.ЦеныТоваров КАК ЦеныТоваров
	|		ПО Товары.Ссылка = ЦеныТоваров.Товар
	|ГДЕ
	|	Товары.Поставщик = &Поставщик
	|	И ЦеныТоваров.Товар ЕСТЬ NULL"";
	
	Запрос.УстановитьПараметр(""Поставщик"", Поставщик);
	
	Результат = Запрос.Выполнить();
	Выборка = Результат.Выбрать();
	
	Пока Выборка.Следующий() Цикл
		СписокТоваров.Добавить(Выборка.Товар);
	КонецЦикла;
	
	Возврат СписокТоваров;
	
КонецФункции"
"Создай функцию ВыгрузитьОстаткиСклада(Склад, МинимальныйОстаток, ФайлJson), которая получает остаки товаров склада на текущую дату из регистра ТоварныеЗапасы у которых остаток больше или равен значению МинимальныйОстаток. Записать файл в json формате как список с полями ""Товар_Код"", ""Товар_Наименование"", ""Остаток"" (число, округленное до целого). Строки списка должны быть упорядочены по возрастанию поля Товар_Код","{
  ""AccumulationRegisters"": [
    {
      ""id"": ""ТоварныеЗапасы"",
      ""name"": ""Товарные запасы"",
      ""RegisterType"": ""Balance"",
      ""Dimensions"": [
        {
          ""id"": ""Товар"",
          ""name"": ""Товар"",
          ""types"": [
            {
              ""type"": ""Ref"",
              ""id"": ""Справочник.Товары""
            }
          ]
        },
        {
          ""id"": ""Склад"",
          ""name"": ""Склад"",
          ""types"": [
            {
              ""type"": ""Ref"",
              ""id"": ""Справочник.Склады""
            }
          ]
        }
      ],
      ""Resources"": [
        {
          ""id"": ""Количество"",
          ""name"": ""Количество"",
          ""types"": [
            {
              ""type"": ""Number"",
              ""NumberQualifiers"": ""10.2""
            }
          ]
        }
      ]
    }
  ]
}",task_006,server,mid,,"Функция ВыгрузитьОстаткиСклада(Склад, МинимальныйОстаток, ФайлJson)
	
	Запрос = Новый Запрос;
	Запрос.Текст = 
	""ВЫБРАТЬ
	|	ТоварныеЗапасыОстатки.Товар.Код КАК Товар_Код,
	|	ТоварныеЗапасыОстатки.Товар.Наименование КАК Товар_Наименование,
	|	ТоварныеЗапасыОстатки.КоличествоОстаток КАК Остаток
	|ИЗ
	|	РегистрНакопления.ТоварныеЗапасы.Остатки(&ДатаОстатков, Склад = &Склад) КАК ТоварныеЗапасыОстатки
	|ГДЕ
	|	ТоварныеЗапасыОстатки.КоличествоОстаток >= &МинимальныйОстаток
	|УПОРЯДОЧИТЬ ПО
	|	Товар_Код ВОЗР"";
	
	Запрос.УстановитьПараметр(""ДатаОстатков"", КонецДня(ТекущаяДата()));
	Запрос.УстановитьПараметр(""Склад"", Склад);
	Запрос.УстановитьПараметр(""МинимальныйОстаток"", МинимальныйОстаток);
	
	Результат = Запрос.Выполнить();
	Выборка = Результат.Выбрать();
	
	МассивДанных = Новый Массив;
	
	Пока Выборка.Следующий() Цикл
		СтрокаДанных = Новый Структура;
		СтрокаДанных.Вставить(""Товар_Код"", Выборка.Товар_Код);
		СтрокаДанных.Вставить(""Товар_Наименование"", Выборка.Товар_Наименование);
		СтрокаДанных.Вставить(""Остаток"", Окр(Выборка.Остаток, 0));
		МассивДанных.Добавить(СтрокаДанных);
	КонецЦикла;
	
	ЗаписьJSON = Новый ЗаписьJSON;
	ЗаписьJSON.ОткрытьФайл(ФайлJson);
	ЗаписатьJSON(ЗаписьJSON, МассивДанных);
	ЗаписьJSON.Закрыть();
	
	Возврат МассивДанных.Количество();
	
КонецФункции"
"создай функцию ВыбратьСтрокиТаблицы(Таблица, Склад, Наименование), которая получает на вход параметр типа ТаблицаЗначений
в которой есть колонки ""Склад"", ""Товар"" типа справочник Товары, ""Количество"". Нужно вернуть ТаблицуЗначений, в которую войдут только те строки из входной таблицы, 
у которых значение в колонке ""Склад"" равно параметру Склад, а значение в колонке ""Товар.Наименование"" содержит подстроку параметра ""Наименование"".",,task_007,server,low,,"Функция ВыбратьСтрокиТаблицы(Таблица, Склад, Наименование)
	
	Результат = Таблица.СкопироватьКолонки();
	
	Для Каждого Строка Из Таблица Цикл
		Если Строка.Склад = Склад И Найти(Строка.Товар.Наименование, Наименование) > 0 Тогда
			НоваяСтрока = Результат.Добавить();
			ЗаполнитьЗначенияСвойств(НоваяСтрока, Строка);
		КонецЕсли;
	КонецЦикла;
	
	Возврат Результат;
	
КонецФункции"
"Создай функцию УшедшийТовар(Дата1, Дата2), которая возвращает таблицу значений с товаром, который был на складе (любом) на Дата1, но отсутствует на складе на Дата2. 
Использовать остатки регистра ""ТоварныеЗапасы"".
В таблице должны быть колонки: ""Товар"" (ссылка на справочник Товары), ""Количество"" (количество товара на Дата1).","{
  ""AccumulationRegisters"": [
    {
      ""id"": ""ТоварныеЗапасы"",
      ""name"": ""Товарные запасы"",
      ""RegisterType"": ""Balance"",
      ""Dimensions"": [
        {
          ""id"": ""Товар"",
          ""name"": ""Товар"",
          ""types"": [
            {
              ""type"": ""Ref"",
              ""id"": ""Справочник.Товары""
            }
          ]
        },
        {
          ""id"": ""Склад"",
          ""name"": ""Склад"",
          ""types"": [
            {
              ""type"": ""Ref"",
              ""id"": ""Справочник.Склады""
            }
          ]
        }
      ],
      ""Resources"": [
        {
          ""id"": ""Количество"",
          ""name"": ""Количество"",
          ""types"": [
            {
              ""type"": ""Number"",
              ""NumberQualifiers"": ""10.2""
            }
          ]
        }
      ]
    }
  ]
}",task_008,server,mid,,"Функция УшедшийТовар(Дата1, Дата2)
	
	Запрос = Новый Запрос;
	Запрос.Текст = 
	""ВЫБРАТЬ
	|	Остатки1.Товар КАК Товар,
	|	Остатки1.КоличествоОстаток КАК Количество
	|ИЗ
	|	РегистрНакопления.ТоварныеЗапасы.Остатки(&Дата1, ) КАК Остатки1
	|		ЛЕВОЕ СОЕДИНЕНИЕ РегистрНакопления.ТоварныеЗапасы.Остатки(&Дата2, ) КАК Остатки2
	|		ПО Остатки1.Товар = Остатки2.Товар
	|ГДЕ
	|	Остатки2.Товар ЕСТЬ NULL"";
	
	Запрос.УстановитьПараметр(""Дата1"", Дата1);
	Запрос.УстановитьПараметр(""Дата2"", Дата2);
	
	Результат = Запрос.Выполнить().Выгрузить();
	
	Возврат Результат;
	
КонецФункции"
"создай функцию ПросроченныеДолги(Дата, МинДолг, СрокДолга), которая возвращает таблицу значений с контрагентами, 
у которых на заданную дату есть долг больше МинДолг, и этот долг, или его часть, образовался более СрокДолга дней назад. Задолженность смотреть в регистре накопления Взаиморасчеты.
В таблице должны быть колонки: Контрагент, ДолгВсего, ДолгПросроченный, ДатаОбразованияДолга.","{
  ""AccumulationRegisters"": [
    {
      ""id"": ""Взаиморасчеты"",
      ""name"": ""Взаиморасчеты"",
      ""RegisterType"": ""Balance"",
      ""Dimensions"": [
        {
          ""id"": ""Контрагент"",
          ""name"": ""Контрагент"",
          ""types"": [
            {
              ""type"": ""Ref"",
              ""id"": ""Справочник.Контрагенты""
            }
          ]
        },
        {
          ""id"": ""Валюта"",
          ""name"": ""Валюта"",
          ""types"": [
            {
              ""type"": ""Ref"",
              ""id"": ""Справочник.Валюты""
            }
          ]
        }
      ],
      ""Resources"": [
        {
          ""id"": ""Сумма"",
          ""name"": ""Сумма"",
          ""types"": [
            {
              ""type"": ""Number"",
              ""NumberQualifiers"": ""10.2""
            }
          ]
        }
      ]
    }
  ]
}",task_009,server,high,,"Функция ПросроченныеДолги(Дата, МинДолг, СрокДолга) Экспорт
	
	ДатаНачалаПросрочки = Дата - СрокДолга * 86400;
	
	// Получаем остатки на дату по контрагентам
	Запрос = Новый Запрос;
	Запрос.Текст = 
	""ВЫБРАТЬ
	|	Остатки.Контрагент КАК Контрагент,
	|	СУММА(Остатки.СуммаОстаток) КАК ДолгВсего
	|ИЗ
	|	РегистрНакопления.Взаиморасчеты.Остатки(&Дата, ) КАК Остатки
	|ГДЕ
	|	Остатки.СуммаОстаток > 0
	|СГРУППИРОВАТЬ ПО
	|	Остатки.Контрагент
	|ИМЕЮЩИЕ
	|	СУММА(Остатки.СуммаОстаток) > &МинДолг"";
	
	Запрос.УстановитьПараметр(""Дата"", Дата);
	Запрос.УстановитьПараметр(""МинДолг"", МинДолг);
	
	РезультатОстатки = Запрос.Выполнить();
	
	ТаблицаОстатков = РезультатОстатки.Выгрузить();
	
	// Для каждого контрагента с долгом определяем просроченную часть и дату образования
	ТаблицаРезультат = Новый ТаблицаЗначений;
	ТаблицаРезультат.Колонки.Добавить(""Контрагент"");
	ТаблицаРезультат.Колонки.Добавить(""ДолгВсего"");
	ТаблицаРезультат.Колонки.Добавить(""ДолгПросроченный"");
	ТаблицаРезультат.Колонки.Добавить(""ДатаОбразованияДолга"");
	
	Если ТаблицаОстатков.Количество() = 0 Тогда
		Возврат ТаблицаРезультат;
	КонецЕсли;
	
	// Получаем обороты по контрагентам для определения просроченной части долга
	// Анализируем движения, чтобы определить когда образовался долг
	ЗапросДвижений = Новый Запрос;
	ЗапросДвижений.Текст = 
	""ВЫБРАТЬ
	|	Движения.Контрагент КАК Контрагент,
	|	Движения.Период КАК Период,
	|	Движения.ВидДвижения КАК ВидДвижения,
	|	Движения.Сумма КАК Сумма
	|ИЗ
	|	РегистрНакопления.Взаиморасчеты КАК Движения
	|ГДЕ
	|	Движения.Период < &Дата
	|	И Движения.Контрагент В (&СписокКонтрагентов)
	|УПОРЯДОЧИТЬ ПО
	|	Движения.Контрагент,
	|	Движения.Период"";
	
	СписокКонтрагентов = Новый Массив;
	Для Каждого СтрокаОстатка Из ТаблицаОстатков Цикл
		СписокКонтрагентов.Добавить(СтрокаОстатка.Контрагент);
	КонецЦикла;
	
	ЗапросДвижений.УстановитьПараметр(""Дата"", Дата);
	ЗапросДвижений.УстановитьПараметр(""СписокКонтрагентов"", СписокКонтрагентов);
	
	РезультатДвижений = ЗапросДвижений.Выполнить();
	ТаблицаДвижений = РезультатДвижений.Выгрузить();
	
	// Для каждого контрагента восстанавливаем историю долга методом FIFO
	Для Каждого СтрокаОстатка Из ТаблицаОстатков Цикл
		
		ТекКонтрагент = СтрокаОстатка.Контрагент;
		ДолгВсего = СтрокаОстатка.ДолгВсего;
		
		// Собираем движения по контрагенту в хронологическом порядке
		// Формируем очередь приходов (увеличение долга) по FIFO
		ОчередьПриходов = Новый Массив; // Массив структур {Период, Сумма}
		
		ОтборСтрок = Новый Структура(""Контрагент"", ТекКонтрагент);
		НайденныеСтроки = ТаблицаДвижений.НайтиСтроки(ОтборСтрок);
		
		Для Каждого СтрокаДвижения Из НайденныеСтроки Цикл
			Если СтрокаДвижения.ВидДвижения = ВидДвиженияНакопления.Приход Тогда
				// Приход увеличивает долг
				НоваяЗапись = Новый Структура(""Период, Сумма"", СтрокаДвижения.Период, СтрокаДвижения.Сумма);
				ОчередьПриходов.Добавить(НоваяЗапись);
			ИначеЕсли СтрокаДвижения.ВидДвижения = ВидДвиженияНакопления.Расход Тогда
				// Расход уменьшает долг - списываем по FIFO
				ОсталосьСписать = СтрокаДвижения.Сумма;
				Индекс = 0;
				Пока ОсталосьСписать > 0 И Индекс < ОчередьПриходов.Количество() Цикл
					Если ОчередьПриходов[Индекс].Сумма <= ОсталосьСписать Тогда
						ОсталосьСписать = ОсталосьСписать - ОчередьПриходов[Индекс].Сумма;
						ОчередьПриходов[Индекс].Сумма = 0;
					Иначе
						ОчередьПриходов[Индекс].Сумма = ОчередьПриходов[Индекс].Сумма - ОсталосьСписать;
						ОсталосьСписать = 0;
					КонецЕсли;
					Индекс = Индекс + 1;
				КонецЦикла;
			КонецЕсли;
		КонецЦикла;
		
		// Удаляем нулевые записи из очереди
		Индекс = ОчередьПриходов.Количество() - 1;
		Пока Индекс >= 0 Цикл
			Если ОчередьПриходов[Индекс].Сумма = 0 Тогда
				ОчередьПриходов.Удалить(Индекс);
			КонецЕсли;
			Индекс = Индекс - 1;
		КонецЦикла;
		
		// Определяем просроченную часть долга и дату образования
		ДолгПросроченный = 0;
		ДатаОбразованияДолга = Неопределено;
		
		Для Каждого ЗаписьОчереди Из ОчередьПриходов Цикл
			Если ЗаписьОчереди.Период < ДатаНачалаПросрочки И ЗаписьОчереди.Сумма > 0 Тогда
				ДолгПросроченный = ДолгПросроченный + ЗаписьОчереди.Сумма;
				Если ДатаОбразованияДолга = Неопределено Тогда
					ДатаОбразованияДолга = ЗаписьОчереди.Период;
				КонецЕсли;
			КонецЕсли;
		КонецЦикла;
		
		// Добавляем в результат только если есть просроченный долг
		Если ДолгПросроченный > 0 Тогда
			НоваяСтрока = ТаблицаРезультат.Добавить();
			НоваяСтрока.Контрагент = ТекКонтрагент;
			НоваяСтрока.ДолгВсего = ДолгВсего;
			НоваяСтрока.ДолгПросроченный = ДолгПросроченный;
			НоваяСтрока.ДатаОбразованияДолга = ДатаОбразованияДолга;
		КонецЕсли;
		
	КонецЦикла;
	
	Возврат ТаблицаРезультат;
	
КонецФункции"
"создай функцию СоздатьИнтернетПочтовоеСообщение(Письмо, Отправитель)
Параметры:
 - Письмо - СправочникСсылка.ИсходящиеПисьма - элемент справочника, на основании которого
			следует оформить объект системы ИнтернетПочтовоеСообщение для дальнейшей
				отправки с помощью механизмов интернет почты.
- Отправитель - Строка – email отправителя почтового сообщения

Возвращаемое значение:
    Объект ИнтернетПочтовоеСообщение. Содержит почтовое сообщение, готовое к отправке.","{
  ""Catalogs"": [
    {
      ""id"": ""ИсходящиеПисьма"",
      ""name"": ""Исходящие письма"",
      ""Attributes"": [
        {
          ""id"": ""Дата"",
          ""name"": ""Дата"",
          ""types"": [
            {
              ""type"": ""Date""
            }
          ]
        },
        {
          ""id"": ""Получатель"",
          ""name"": ""Получатель"",
          ""types"": [
            {
              ""type"": ""String"",
              ""StringQualifiers"": ""0""
            }
          ]
        },
        {
          ""id"": ""Содержимое"",
          ""name"": ""Содержимое"",
          ""types"": []
        },
        {
          ""id"": ""Текст"",
          ""name"": ""Текст"",
          ""types"": [
            {
              ""type"": ""String"",
              ""StringQualifiers"": ""0""
            }
          ]
        },
        {
          ""id"": ""Контрагент"",
          ""name"": ""Контрагент"",
          ""types"": [
            {
              ""type"": ""Ref"",
              ""id"": ""Справочник.Контрагенты""
            }
          ]
        }
      ],
      ""TabularSections"": [
        {
          ""id"": ""Получатели"",
          ""name"": ""Получатели"",
          ""Attributes"": [
            {
              ""id"": ""ЭлектроннаяПочта"",
              ""name"": ""Электронная почта"",
              ""types"": [
                {
                  ""type"": ""String"",
                  ""StringQualifiers"": ""1000""
                }
              ]
            }
          ]
        }
      ]
    }
  ]
}",task_010,server,mid,,"Функция СоздатьИнтернетПочтовоеСообщение(Письмо, Отправитель)
	
	ПочтовоеСообщение = Новый ИнтернетПочтовоеСообщение;
	
	// Установка отправителя
	ПочтовоеСообщение.Отправитель = Отправитель;
	
	// Установка темы письма (наименование справочника)
	ПочтовоеСообщение.Тема = Письмо.Наименование;
	
	// Установка даты отправки
	ПочтовоеСообщение.ДатаОтправки = Письмо.Дата;
	
	// Заполнение получателей из табличной части
	Для Каждого СтрокаПолучатель Из Письмо.Получатели Цикл
		ПочтовоеСообщение.Получатели.Добавить(СтрокаПолучатель.ЭлектроннаяПочта);
	КонецЦикла;
	
	// Установка текста сообщения
	ПочтовоеСообщение.Тексты.Добавить(Письмо.Текст);
	
	Возврат ПочтовоеСообщение;
	
КонецФункции"
"Создай функцию СоздатьДвиженияРегистраПродажи(ДокументСсылка), которая удаляет текущие движения документа и записывает новые движения регистра накопления «Продажи» 
по табличной части «Товары» документа ""РасходТовара""","{
  ""Catalogs"": [
    {
      ""id"": ""ИсходящиеПисьма"",
      ""name"": ""Исходящие письма"",
      ""Attributes"": [
        {
          ""id"": ""Дата"",
          ""name"": ""Дата"",
          ""types"": [
            {
              ""type"": ""Date""
            }
          ]
        },
        {
          ""id"": ""Получатель"",
          ""name"": ""Получатель"",
          ""types"": [
            {
              ""type"": ""String"",
              ""StringQualifiers"": ""0""
            }
          ]
        },
        {
          ""id"": ""Содержимое"",
          ""name"": ""Содержимое"",
          ""types"": []
        },
        {
          ""id"": ""Текст"",
          ""name"": ""Текст"",
          ""types"": [
            {
              ""type"": ""String"",
              ""StringQualifiers"": ""0""
            }
          ]
        },
        {
          ""id"": ""Контрагент"",
          ""name"": ""Контрагент"",
          ""types"": [
            {
              ""type"": ""Ref"",
              ""id"": ""Справочник.Контрагенты""
            }
          ]
        }
      ],
      ""TabularSections"": [
        {
          ""id"": ""Получатели"",
          ""name"": ""Получатели"",
          ""Attributes"": [
            {
              ""id"": ""ЭлектроннаяПочта"",
              ""name"": ""Электронная почта"",
              ""types"": [
                {
                  ""type"": ""String"",
                  ""StringQualifiers"": ""1000""
                }
              ]
            }
          ]
        }
      ]
    }
  ]
}",task_011,server,low,,"Процедура СоздатьДвиженияРегистраПродажи(ДокументСсылка) Экспорт
	
	// Удаляем текущие движения документа
	НаборЗаписей = РегистрыНакопления.Продажи.СоздатьНаборЗаписей();
	НаборЗаписей.Отбор.Регистратор.Установить(ДокументСсылка);
	НаборЗаписей.Записать();
	
	// Получаем данные табличной части ""Товары"" документа
	Запрос = Новый Запрос;
	Запрос.Текст = 
	""ВЫБРАТЬ
	|	Товары.Номенклатура КАК Номенклатура,
	|	Товары.Количество КАК Количество,
	|	Товары.Цена КАК Цена,
	|	Товары.Сумма КАК Сумма,
	|	РасходТовара.Дата КАК Период,
	|	РасходТовара.Контрагент КАК Контрагент
	|ИЗ
	|	Документ.РасходТовара.Товары КАК Товары
	|		ЛЕВОЕ СОЕДИНЕНИЕ Документ.РасходТовара КАК РасходТовара
	|		ПО Товары.Ссылка = РасходТовара.Ссылка
	|ГДЕ
	|	Товары.Ссылка = &ДокументСсылка"";
	
	Запрос.УстановитьПараметр(""ДокументСсылка"", ДокументСсылка);
	
	Результат = Запрос.Выполнить();
	Выборка = Результат.Выбрать();
	
	// Записываем новые движения
	НаборЗаписей = РегистрыНакопления.Продажи.СоздатьНаборЗаписей();
	НаборЗаписей.Отбор.Регистратор.Установить(ДокументСсылка);
	
	Пока Выборка.Следующий() Цикл
		Движение = НаборЗаписей.Добавить();
		Движение.Период = Выборка.Период;
		Движение.Регистратор = ДокументСсылка;
		Движение.Номенклатура = Выборка.Номенклатура;
		Движение.Количество = Выборка.Количество;
		Движение.Цена = Выборка.Цена;
		Движение.Сумма = Выборка.Сумма;
		Движение.Контрагент = Выборка.Контрагент;
	КонецЦикла;
	
	НаборЗаписей.Записать();
	
КонецПроцедуры"
"Создай функцию ЗаменитьНоменклатуру(НоменклатураИсточник, НоменклатураЗамены, ДатаС, ДатаПо), которая находит документы ""Заказ"" в заданном интервале и в табличной части ""Товары"" 
заменяет номенклатуру НоменклатураИсточник на НоменклатураЗамены, оставляяя все прочие реквизиты низменными. Если в документе была хоть одна замена, и джокумент был проведен, документ перепроводится. 
Если документ помечен на удаление, пропускаем его. ","{
  ""Documents"": [
    {
      ""id"": ""Заказ"",
      ""properties"": [
        ""Номер"": ""string"",
        ""Дата"": ""date"",
        ""Клиент"": ""Ref.Контрагенты"",
        ""Склад"": ""Ref.Склады"",
      ],
      ""tabularSections"": [
        {
          ""Товары"": [
            ""Товар"": ""Ref.Товары"",
            ""Количество"": ""number"",
            ""Цена"": ""number"",
            ""Сумма"": ""number""
          ]
        }
      ]
    }
  ]
}",task_012,server,low,,"Процедура ЗаменитьНоменклатуру(НоменклатураИсточник, НоменклатураЗамены, ДатаС, ДатаПо)
	
	Запрос = Новый Запрос;
	Запрос.Текст = 
	""ВЫБРАТЬ
	|	Заказ.Ссылка КАК Ссылка,
	|	Заказ.Проведен КАК Проведен
	|ИЗ
	|	Документ.Заказ КАК Заказ
	|ГДЕ
	|	Заказ.Дата >= &ДатаС
	|	И Заказ.Дата <= &ДатаПо
	|	И Заказ.ПометкаУдаления = ЛОЖЬ
	|	И Заказ.Ссылка В
	|		(ВЫБРАТЬ
	|			ЗаказТовары.Ссылка
	|		ИЗ
	|			Документ.Заказ.Товары КАК ЗаказТовары
	|		ГДЕ
	|			ЗаказТовары.Товар = &НоменклатураИсточник)"";
	
	Запрос.УстановитьПараметр(""ДатаС"", ДатаС);
	Запрос.УстановитьПараметр(""ДатаПо"", ДатаПо);
	Запрос.УстановитьПараметр(""НоменклатураИсточник"", НоменклатураИсточник);
	
	Результат = Запрос.Выполнить();
	Выборка = Результат.Выбрать();
	
	Пока Выборка.Следующий() Цикл
		
		ДокументОбъект = Выборка.Ссылка.ПолучитьОбъект();
		
		БылаЗамена = Ложь;
		
		Для Каждого СтрокаТовары Из ДокументОбъект.Товары Цикл
			Если СтрокаТовары.Товар = НоменклатураИсточник Тогда
				СтрокаТовары.Товар = НоменклатураЗамены;
				БылаЗамена = Истина;
			КонецЕсли;
		КонецЦикла;
		
		Если БылаЗамена Тогда
			Если Выборка.Проведен Тогда
				ДокументОбъект.Записать(РежимЗаписиДокумента.Проведение);
			Иначе
				ДокументОбъект.Записать(РежимЗаписиДокумента.Запись);
			КонецЕсли;
		КонецЕсли;
		
	КонецЦикла;
	
КонецПроцедуры"
"Создай функцию РасчетКомиссииМенеджера(ТаблицаКомиссий, Процент, ДатаС, ДатаПо), которая находит документы ""Заказ"" в заданном интервале и вычисляет комиссию менеджера исходя из сумм в табличной части Товары
1) Смотрим только проведенные заказы
2) Сумма заказа - это сумма всех строк по реквизиту Сумма
3) Комиссия менеджера - сумма всех заказов менеджера (реквизит Автор) в периоде, умноженная на Процент
Функция должна заполнить таблицу ТаблицаКомиссий, где должно быть три колонки: Менеджер (из реквизита Автор), СуммаЗаказов, Комиссия. Менеджер в таблице должен быть уникальным, один менеджер - одна строка ","{
  ""Documents"": [
    {
      ""id"": ""Заказ"",
      ""properties"": [
        ""Номер"": ""string"",
        ""Дата"": ""date"",
        ""Клиент"": ""Ref.Контрагенты"",
        ""Склад"": ""Ref.Склады"",
        ""Автор"": ""Ref.Пользователи"",
      ],
      ""tabularSections"": [
        {
          ""Товары"": [
            ""Товар"": ""Ref.Товары"",
            ""Количество"": ""number"",
            ""Цена"": ""number"",
            ""Сумма"": ""number""
          ]
        }
      ]
    }
  ]
}",task_013,server,mid,,"Функция РасчетКомиссииМенеджера(ТаблицаКомиссий, Процент, ДатаС, ДатаПо)
	
	ТаблицаКомиссий = Новый ТаблицаЗначений;
	ТаблицаКомиссий.Колонки.Добавить(""Менеджер"");
	ТаблицаКомиссий.Колонки.Добавить(""СуммаЗаказов"");
	ТаблицаКомиссий.Колонки.Добавить(""Комиссия"");
	
	Запрос = Новый Запрос;
	Запрос.Текст = 
	""ВЫБРАТЬ
	|	Заказ.Автор КАК Менеджер,
	|	СУММА(ЗаказТовары.Сумма) КАК СуммаЗаказов
	|ИЗ
	|	Документ.Заказ.Товары КАК ЗаказТовары
	|		ВНУТРЕННЕЕ СОЕДИНЕНИЕ Документ.Заказ КАК Заказ
	|		ПО ЗаказТовары.Ссылка = Заказ.Ссылка
	|ГДЕ
	|	Заказ.Проведен = ИСТИНА
	|	И Заказ.Дата >= &ДатаС
	|	И Заказ.Дата <= &ДатаПо
	|СГРУППИРОВАТЬ ПО
	|	Заказ.Автор"";
	
	Запрос.УстановитьПараметр(""ДатаС"", ДатаС);
	Запрос.УстановитьПараметр(""ДатаПо"", ДатаПо);
	
	Результат = Запрос.Выполнить();
	Выборка = Результат.Выбрать();
	
	Пока Выборка.Следующий() Цикл
		НоваяСтрока = ТаблицаКомиссий.Добавить();
		НоваяСтрока.Менеджер = Выборка.Менеджер;
		НоваяСтрока.СуммаЗаказов = Выборка.СуммаЗаказов;
		НоваяСтрока.Комиссия = Выборка.СуммаЗаказов * Процент / 100;
	КонецЦикла;
	
	Возврат ТаблицаКомиссий;
	
КонецФункции"
"Создай функцию ПолучитьШиринуВысотуКартинкиИзФайлаJPEG(ИмяФайла), которая считывает jpeg файл и возвращает структуру с данными 
{ ""Высота"": <высота картинки в пикселах>, ""Ширина"": <ширина картинки в пикселах>} ",,task_014,server,high,,"Функция ПолучитьШиринуВысотуКартинкиИзФайлаJPEG(ИмяФайла)
	
	Результат = Новый Структура(""Ширина, Высота"", 0, 0);
	
	Файл = Новый Файл(ИмяФайла);
	Если НЕ Файл.Существует() Тогда
		Возврат Результат;
	КонецЕсли;
	
	Чтение = Новый ЧтениеДанных(ИмяФайла);
	
	Попытка
		// Читаем маркер начала JPEG (FFD8)
		Маркер = Чтение.ПрочитатьЦелое16(ПорядокБайтов.BigEndian);
		Если Маркер <> 65496 Тогда // 0xFFD8
			Чтение.Закрыть();
			Возврат Результат;
		КонецЕсли;
		
		// Ищем маркер SOF (Start of Frame)
		Пока Истина Цикл
			// Читаем маркер сегмента
			Байт1 = Чтение.ПрочитатьБайт();
			Если Байт1 = Неопределено Тогда
				Прервать;
			КонецЕсли;
			
			// Маркеры начинаются с 0xFF
			Если Байт1 <> 255 Тогда // 0xFF
				Продолжить;
			КонецЕсли;
			
			Байт2 = Чтение.ПрочитатьБайт();
			Если Байт2 = Неопределено Тогда
				Прервать;
			КонецЕсли;
			
			// Пропускаем заполняющие байты FF
			Если Байт2 = 255 ИЛИ Байт2 = 0 Тогда
				Продолжить;
			КонецЕсли;
			
			// Проверяем маркеры SOF0-SOF15 (0xC0-0xCF), кроме DHT (0xC4) и DAC (0xCC)
			Если (Байт2 >= 192 И Байт2 <= 207) И Байт2 <> 196 И Байт2 <> 200 И Байт2 <> 204 Тогда
				// Нашли маркер SOF
				// Читаем длину сегмента (2 байта)
				ДлинаСегмента = Чтение.ПрочитатьЦелое16(ПорядокБайтов.BigEndian);
				// Читаем точность (1 байт)
				Точность = Чтение.ПрочитатьБайт();
				// Читаем высоту (2 байта)
				Высота = Чтение.ПрочитатьЦелое16(ПорядокБайтов.BigEndian);
				// Читаем ширину (2 байта)
				Ширина = Чтение.ПрочитатьЦелое16(ПорядокБайтов.BigEndian);
				
				Результат.Высота = Высота;
				Результат.Ширина = Ширина;
				Прервать;
			Иначе
				// Пропускаем сегмент
				// Маркеры без данных (например, RST)
				Если (Байт2 >= 208 И Байт2 <= 215) ИЛИ Байт2 = 217 Тогда // RST0-RST7, EOI
					Продолжить;
				КонецЕсли;
				
				ДлинаСегмента = Чтение.ПрочитатьЦелое16(ПорядокБайтов.BigEndian);
				Если ДлинаСегмента = Неопределено Тогда
					Прервать;
				КонецЕсли;
				// Пропускаем содержимое сегмента (длина включает 2 байта самой длины)
				Чтение.Пропустить(ДлинаСегмента - 2);
			КонецЕсли;
		КонецЦикла;
		
		Чтение.Закрыть();
	Исключение
		Попытка
			Чтение.Закрыть();
		Исключение
		КонецПопытки;
	КонецПопытки;
	
	Возврат Результат;
	
КонецФункции"
"Создай функцию ИзвлечьПартииФИФО(ТаблицаПартий, Сумма), которая возвращает таблицу партий на заданную сумму.
1) ТаблицаПартий имеет колонки ""Партия"", ""Дата"" типа Дата+Время, ""Сумма"" типа Число(14, 2)      
2) Нужно вернуть таблицу с аналогичными колонками, в которой будет список партий, идущих во времени первыми, которые в сумме дают Сумма
3) Если сумма накопленныех партий превышают требуемую, сумму последней по времени партии нужно подогнать, чтобы общаяя сумма сошлась с требуемым значением",,task_015,server,mid,,"Функция ИзвлечьПартииФИФО(ТаблицаПартий, Сумма)
	
	// Создаем результирующую таблицу с аналогичной структурой
	Результат = Новый ТаблицаЗначений;
	Результат.Колонки.Добавить(""Партия"");
	Результат.Колонки.Добавить(""Дата"");
	Результат.Колонки.Добавить(""Сумма"");
	
	// Если требуемая сумма равна 0, возвращаем пустую таблицу
	Если Сумма = 0 Тогда
		Возврат Результат;
	КонецЕсли;
	
	// Копируем исходную таблицу и сортируем по дате (ФИФО - первые по времени)
	ОтсортированнаяТаблица = ТаблицаПартий.Скопировать();
	ОтсортированнаяТаблица.Сортировать(""Дата"");
	
	// Накапливаем сумму партий
	НакопленнаяСумма = 0;
	
	Для Каждого СтрокаПартии Из ОтсортированнаяТаблица Цикл
		
		Если НакопленнаяСумма + СтрокаПартии.Сумма <= Сумма Тогда
			// Партия полностью укладывается в требуемую сумму
			НоваяСтрока = Результат.Добавить();
			НоваяСтрока.Партия = СтрокаПартии.Партия;
			НоваяСтрока.Дата = СтрокаПартии.Дата;
			НоваяСтрока.Сумма = СтрокаПартии.Сумма;
			
			НакопленнаяСумма = НакопленнаяСумма + СтрокаПартии.Сумма;
			
			// Если набрали точную сумму - выходим
			Если НакопленнаяСумма = Сумма Тогда
				Прервать;
			КонецЕсли;
		Иначе
			// Партия превышает остаток - подгоняем сумму последней партии
			ОстатокСуммы = Сумма - НакопленнаяСумма;
			
			НоваяСтрока = Результат.Добавить();
			НоваяСтрока.Партия = СтрокаПартии.Партия;
			НоваяСтрока.Дата = СтрокаПартии.Дата;
			НоваяСтрока.Сумма = ОстатокСуммы;
			
			Прервать;
		КонецЕсли;
		
	КонецЦикла;
	
	Возврат Результат;
	
КонецФункции"
"Создай функцию ДополнитьТаблицуЗначениямиИзВторой(Таблица1, Таблица2, КолонкаУникальности), которая добавляет в начало первой ТЗ значения из второй ТЗ с обеспечением уникальности значения в колонке КолонкаУникальности
1) колонки обеих ТЗ совпадают   
2) Значения в КолонкаУникальности заполнены в обеих таблицах
",,task_016,server,mid,,"Процедура ДополнитьТаблицуЗначениямиИзВторой(Таблица1, Таблица2, КолонкаУникальности)
	
	// Собираем существующие значения колонки уникальности из первой таблицы
	СуществующиеЗначения = Новый Соответствие;
	Для Каждого СтрокаТаблицы Из Таблица1 Цикл
		ЗначениеКлюча = СтрокаТаблицы[КолонкаУникальности];
		СуществующиеЗначения.Вставить(ЗначениеКлюча, Истина);
	КонецЦикла;
	
	// Определяем строки из второй таблицы, которые нужно добавить (уникальные)
	СтрокиДляДобавления = Новый Массив;
	Для Каждого СтрокаТаблицы Из Таблица2 Цикл
		ЗначениеКлюча = СтрокаТаблицы[КолонкаУникальности];
		Если СуществующиеЗначения.Получить(ЗначениеКлюча) = Неопределено Тогда
			СтрокиДляДобавления.Добавить(СтрокаТаблицы);
			СуществующиеЗначения.Вставить(ЗначениеКлюча, Истина);
		КонецЕсли;
	КонецЦикла;
	
	// Вставляем строки из второй таблицы в начало первой таблицы
	Индекс = 0;
	Для Каждого СтрокаИсточник Из СтрокиДляДобавления Цикл
		НоваяСтрока = Таблица1.Вставить(Индекс);
		Для Каждого Колонка Из Таблица1.Колонки Цикл
			НоваяСтрока[Колонка.Имя] = СтрокаИсточник[Колонка.Имя];
		КонецЦикла;
		Индекс = Индекс + 1;
	КонецЦикла;
	
КонецПроцедуры"
"Создай функцию ОбъектВСтруктуру(ОбъектДанных) принимает на вход объект и возвращает структуру с данными полученными из этого объекта 
1) Если у объекта есть табличные части, реквизиты и значения каждой табличной части должны быть представлены как массив со структурами
2) Стандартные реквизиты (Код, Наименование, Дата, и т.д.) тоже должный быть в структуре ответа
3) Общий вид выходной структуры 
{ ""Реквизит1"": ЗначениеРеквизита1, 
...    
""РеквизитN"": ЗначениеРеквизитаN,
""ТабличныеЧасти"": [  
	{ 
		""ИмяТабличнойЧасти1"": [ 
			{
				""Реквизит1ТабличнойЧасти1"": ЗначениеРеквизита1ВСтроке1,     
				""Реквизит2ТабличнойЧасти1"": ЗначениеРеквизита2ВСтроке1,  
				...
			},
			{
				""Реквизит1ТабличнойЧасти1"": ЗначениеРеквизита1ВСтроке2,     
				""Реквизит2ТабличнойЧасти1"": ЗначениеРеквизита2ВСтроке2,  
				...
			},	
		]
	}
]
}",,task_017,server,high,,"Функция ОбъектВСтруктуру(ОбъектДанных) Экспорт
	
	Результат = Новый Структура;
	
	// Получаем метаданные объекта
	МетаданныеОбъекта = ОбъектДанных.Метаданные();
	
	// Обрабатываем стандартные реквизиты
	Для Каждого СтандартныйРеквизит Из МетаданныеОбъекта.СтандартныеРеквизиты Цикл
		ИмяРеквизита = СтандартныйРеквизит.Имя;
		Попытка
			ЗначениеРеквизита = ОбъектДанных[ИмяРеквизита];
			Результат.Вставить(ИмяРеквизита, ЗначениеРеквизита);
		Исключение
			// Пропускаем реквизиты, которые невозможно прочитать
		КонецПопытки;
	КонецЦикла;
	
	// Обрабатываем реквизиты объекта
	Для Каждого Реквизит Из МетаданныеОбъекта.Реквизиты Цикл
		ИмяРеквизита = Реквизит.Имя;
		ЗначениеРеквизита = ОбъектДанных[ИмяРеквизита];
		Результат.Вставить(ИмяРеквизита, ЗначениеРеквизита);
	КонецЦикла;
	
	// Обрабатываем табличные части
	КоллекцияТабличныхЧастей = МетаданныеОбъекта.ТабличныеЧасти;
	
	Если КоллекцияТабличныхЧастей.Количество() > 0 Тогда
		
		МассивТабличныхЧастей = Новый Массив;
		
		Для Каждого МетаданныеТЧ Из КоллекцияТабличныхЧастей Цикл
			
			ИмяТабличнойЧасти = МетаданныеТЧ.Имя;
			ТабличнаяЧасть = ОбъектДанных[ИмяТабличнойЧасти];
			
			МассивСтрокТЧ = Новый Массив;
			
			Для Каждого СтрокаТЧ Из ТабличнаяЧасть Цикл
				
				СтруктураСтроки = Новый Структура;
				
				// Стандартные реквизиты табличной части (НомерСтроки)
				Для Каждого СтандартныйРеквизитТЧ Из МетаданныеТЧ.СтандартныеРеквизиты Цикл
					ИмяРеквизитаТЧ = СтандартныйРеквизитТЧ.Имя;
					Попытка
						СтруктураСтроки.Вставить(ИмяРеквизитаТЧ, СтрокаТЧ[ИмяРеквизитаТЧ]);
					Исключение
					КонецПопытки;
				КонецЦикла;
				
				// Реквизиты табличной части
				Для Каждого РеквизитТЧ Из МетаданныеТЧ.Реквизиты Цикл
					ИмяРеквизитаТЧ = РеквизитТЧ.Имя;
					СтруктураСтроки.Вставить(ИмяРеквизитаТЧ, СтрокаТЧ[ИмяРеквизитаТЧ]);
				КонецЦикла;
				
				МассивСтрокТЧ.Добавить(СтруктураСтроки);
				
			КонецЦикла;
			
			СтруктураТЧ = Новый Структура;
			СтруктураТЧ.Вставить(ИмяТабличнойЧасти, МассивСтрокТЧ);
			
			МассивТабличныхЧастей.Добавить(СтруктураТЧ);
			
		КонецЦикла;
		
		Результат.Вставить(""ТабличныеЧасти"", МассивТабличныхЧастей);
		
	КонецЕсли;
	
	Возврат Результат;
	
КонецФункции"
"Создай функцию СкачкиЦен(Процент) Которая возвращает таблицу значений с колонками Товар, ЦенаБыла, ЦенаСтала, ДатаИзменения. 
В таблицу помещаются все ситуации, когда рост цен от одной записи к другой по одному товару больше чем Процент. Использовать запрос","{
  ""InformationRegisters"": [
    {
      ""id"": ""ЦеныТоваров"",
      ""name"": ""Цены товаров"",
      ""InformationRegisterPeriodicity"": ""Day"",
      ""WriteMode"": ""Independent"",
      ""Dimensions"": [
        {
          ""id"": ""Товар"",
          ""name"": ""Товар"",
          ""types"": [
            {
              ""type"": ""Ref"",
              ""id"": ""Справочник.Товары""
            }
          ]
        },
        {
          ""id"": ""ВидЦен"",
          ""name"": ""Вид цен"",
          ""types"": [
            {
              ""type"": ""Ref"",
              ""id"": ""Справочник.ВидыЦен""
            }
          ]
        }
      ],
      ""Resources"": [
        {
          ""id"": ""Цена"",
          ""name"": ""Цена"",
          ""types"": [
            {
              ""type"": ""Number"",
              ""NumberQualifiers"": ""10.2""
            }
          ]
        }
      ]
    }
  ]
}",task_018,server,mid,,"Функция СкачкиЦен(Процент)
	
	Запрос = Новый Запрос;
	Запрос.Текст = 
	""ВЫБРАТЬ
	|	Цены.Период КАК Период,
	|	Цены.Товар КАК Товар,
	|	Цены.ВидЦен КАК ВидЦен,
	|	Цены.Цена КАК Цена
	|ПОМЕСТИТЬ ВсеЦены
	|ИЗ
	|	РегистрСведений.ЦеныТоваров КАК Цены
	|
	|УПОРЯДОЧИТЬ ПО
	|	Товар,
	|	ВидЦен,
	|	Период
	|;
	|
	|ВЫБРАТЬ
	|	Текущая.Товар КАК Товар,
	|	Предыдущая.Цена КАК ЦенаБыла,
	|	Текущая.Цена КАК ЦенаСтала,
	|	Текущая.Период КАК ДатаИзменения
	|ИЗ
	|	ВсеЦены КАК Текущая
	|		ВНУТРЕННЕЕ СОЕДИНЕНИЕ ВсеЦены КАК Предыдущая
	|		ПО Текущая.Товар = Предыдущая.Товар
	|			И Текущая.ВидЦен = Предыдущая.ВидЦен
	|			И Текущая.Период > Предыдущая.Период
	|			И НЕ ЕСТЬ NULL((ВЫБРАТЬ
	|				МАКСИМУМ(Промежуточная.Период)
	|			ИЗ
	|				ВсеЦены КАК Промежуточная
	|			ГДЕ
	|				Промежуточная.Товар = Текущая.Товар
	|				И Промежуточная.ВидЦен = Текущая.ВидЦен
	|				И Промежуточная.Период > Предыдущая.Период
	|				И Промежуточная.Период < Текущая.Период), ДАТАВРЕМЯ(1, 1, 1)) > ДАТАВРЕМЯ(1, 1, 1)
	|ГДЕ
	|	Предыдущая.Цена > 0
	|	И (Текущая.Цена - Предыдущая.Цена) / Предыдущая.Цена * 100 > &Процент"";
	
	Запрос.УстановитьПараметр(""Процент"", Процент);
	
	Результат = Запрос.Выполнить();
	
	ТаблицаРезультат = Новый ТаблицаЗначений;
	ТаблицаРезультат.Колонки.Добавить(""Товар"");
	ТаблицаРезультат.Колонки.Добавить(""ЦенаБыла"");
	ТаблицаРезультат.Колонки.Добавить(""ЦенаСтала"");
	ТаблицаРезультат.Колонки.Добавить(""ДатаИзменения"");
	
	Выборка = Результат.Выбрать();
	Пока Выборка.Следующий() Цикл
		НоваяСтрока = ТаблицаРезультат.Добавить();
		НоваяСтрока.Товар = Выборка.Товар;
		НоваяСтрока.ЦенаБыла = Выборка.ЦенаБыла;
		НоваяСтрока.ЦенаСтала = Выборка.ЦенаСтала;
		НоваяСтрока.ДатаИзменения = Выборка.ДатаИзменения;
	КонецЦикла;
	
	Возврат ТаблицаРезультат;
	
КонецФункции"
"Создай функцию ПересеченияРемонтов() которая возвращает пересечения периода ремонтов разных складов из регистра сведений ПериодыРемонтаСкладов
Возвращает таблицу значений с колонками Склад1, Склад2, НачалоПериода, КонецПериода. 
Где Склад1 и Склад2 - значения двух складов, периоды которых пересекаются, 
НачалоПериода и КонецПериода - начало и конец периодов пересечения.
Пример 
""Склад новый"" - ремонт с 12.08.2025 по 24.08.2025  
""Склад старый"" - ремонт с 22.08.2025 по 04.09.2025 

Результат: 
Склад1: ""Склад новый""
Склад2: ""Склад старый""   
НачалоПериода: 22.08.2025 
КонецПериода: 24.08.2025    

Результирующую таблицу отсортировать по возрастанию НачалоПериода                             

","{
  ""InformationRegisters"": [
    {
      ""id"": ""ПериодыРемонтаСкладов"",
      ""name"": ""Периоды ремонта складов"",
      ""InformationRegisterPeriodicity"": null,
      ""WriteMode"": ""Independent"",
      ""Dimensions"": [
        {
          ""id"": ""Склад"",
          ""name"": ""Склад"",
          ""types"": [
            {
              ""type"": ""Ref"",
              ""id"": ""Справочник.Склады""
            }
          ]
        },
        {
          ""id"": ""Начало"",
          ""name"": ""Начало"",
          ""types"": [
            {
              ""type"": ""Date""
            }
          ]
        },
        {
          ""id"": ""Окончание"",
          ""name"": ""Окончание"",
          ""types"": [
            {
              ""type"": ""Date""
            }
          ]
        }

      ],
      ""Resources"": []
    }
  ]
}
 
",task_019,server,mid,,"Функция ПересеченияРемонтов()
	
	Запрос = Новый Запрос;
	Запрос.Текст = 
	""ВЫБРАТЬ
	|	Т1.Склад КАК Склад1,
	|	Т2.Склад КАК Склад2,
	|	ВЫБОР
	|		КОГДА Т1.Начало > Т2.Начало
	|			ТОГДА Т1.Начало
	|		ИНАЧЕ Т2.Начало
	|	КОНЕЦ КАК НачалоПериода,
	|	ВЫБОР
	|		КОГДА Т1.Окончание < Т2.Окончание
	|			ТОГДА Т1.Окончание
	|		ИНАЧЕ Т2.Окончание
	|	КОНЕЦ КАК КонецПериода
	|ИЗ
	|	РегистрСведений.ПериодыРемонтаСкладов КАК Т1
	|		ВНУТРЕННЕЕ СОЕДИНЕНИЕ РегистрСведений.ПериодыРемонтаСкладов КАК Т2
	|		ПО Т1.Склад < Т2.Склад
	|			И Т1.Начало <= Т2.Окончание
	|			И Т2.Начало <= Т1.Окончание
	|УПОРЯДОЧИТЬ ПО
	|	НачалоПериода ВОЗР"";
	
	Результат = Запрос.Выполнить().Выгрузить();
	
	Возврат Результат;
	
КонецФункции"
"Создай функцию СформироватьОтчетПолучитьОстаток(Склад, Товар, Строка, Колонка) которая формирует отчет на сервере ""ОстаткиТоваровНаСкладах"" с отбором по складу и товару, 
и возвращает числовое значение из указанной ячейки табличного документа.  

Отчет ОстаткиТоваровНаСкладах сделан на СКД, основная схема которого имеет поля Склад и Товар для отбора.

Параметры функции:
- Склад - ссылка на элемент справочника Склады для отбора
- Товар - ссылка на элемент справочника Товары для отбора
- Строка - номер строки в табличном документе
- Колонка - номер колонки в табличном документе

Возвращаемое значение: целое число из указанной ячейки табличного документа.                           

",,task_020,server,high,,"&НаСервере
Функция СформироватьОтчетПолучитьОстаток(Склад, Товар, Строка, Колонка)
	
	// Создаем отчет
	Отчет = Отчеты.ОстаткиТоваровНаСкладах.Создать();
	
	// Получаем схему компоновки данных
	СхемаКомпоновкиДанных = Отчет.СхемаКомпоновкиДанных;
	
	// Получаем настройки по умолчанию
	Настройки = СхемаКомпоновкиДанных.НастройкиПоУмолчанию;
	
	// Устанавливаем отбор по складу
	ЭлементОтбора = Настройки.Отбор.Элементы.Добавить(Тип(""ЭлементОтбораКомпоновкиДанных""));
	ЭлементОтбора.ЛевоеЗначение = Новый ПолеКомпоновкиДанных(""Склад"");
	ЭлементОтбора.ВидСравнения = ВидСравненияКомпоновкиДанных.Равно;
	ЭлементОтбора.ПравоеЗначение = Склад;
	ЭлементОтбора.Использование = Истина;
	
	// Устанавливаем отбор по товару
	ЭлементОтбора = Настройки.Отбор.Элементы.Добавить(Тип(""ЭлементОтбораКомпоновкиДанных""));
	ЭлементОтбора.ЛевоеЗначение = Новый ПолеКомпоновкиДанных(""Товар"");
	ЭлементОтбора.ВидСравнения = ВидСравненияКомпоновкиДанных.Равно;
	ЭлементОтбора.ПравоеЗначение = Товар;
	ЭлементОтбора.Использование = Истина;
	
	// Формируем табличный документ
	ТабличныйДокумент = Новый ТабличныйДокумент;
	
	// Компонуем данные
	КомпоновщикМакета = Новый КомпоновщикМакетаКомпоновкиДанных;
	МакетКомпоновки = КомпоновщикМакета.Выполнить(СхемаКомпоновкиДанных, Настройки, , , Тип(""ГенераторМакетаКомпоновкиДанных""));
	
	ПроцессорКомпоновки = Новый ПроцессорКомпоновкиДанных;
	ПроцессорКомпоновки.Инициализировать(МакетКомпоновки);
	
	ПроцессорВывода = Новый ПроцессорВыводаРезультатаКомпоновкиДанныхВТабличныйДокумент;
	ПроцессорВывода.УстановитьДокумент(ТабличныйДокумент);
	ПроцессорВывода.Вывести(ПроцессорКомпоновки);
	
	// Получаем значение из указанной ячейки
	Область = ТабличныйДокумент.Область(Строка, Колонка);
	Результат = Число(Область.Текст);
	
	Возврат Результат;
	
КонецФункции"
"Написать функция ЗаполнитьТабличнуюЧастьЗаказаЦенами(Заказ,ВидЦен).

Где параметры:

- Заказ - ДокументСсылка Заказ
- ВидЦен - СправочникСсылка ВидыЦен

Необходимо для каждой строки табличной части Товары документа Заказ:
- получить актуальную цену товара на дату документа Заказ из регистра сведений ЦеныТоваров по переданному виду цен;
- заполнить поле Цена.
- функция должна вернуть ссылку на заказ

Требования:
- Использовать запрос к СрезПоследних регистра сведений ЦеныТоваров.
- Не выполнять отдельный запрос на каждую строку (получение должно выполняться одним запросом).
- Заполнять только строки, где указан Товар. Если попались строки с пустым товаром - цену и сумму обнулить.
- Сохранить исходную сортировку табличной части
- Если к Товару цена не найдена, но при этом заполнена в табличной части - такую цену не обнулять, оставить исходную
- Пересчитать и заполнить сумму по каждой строке как Количество * Цена
- Все расчеты выполнить одним запросом","{""Documents"": [{""id"": ""Заказ"", ""name"": ""Заказ"", ""Attributes"": [{""id"": ""Покупатель"", ""name"": ""Покупатель"", ""types"": [{""type"": ""Ref"", ""id"": ""Справочник.Контрагенты""}]}, {""id"": ""Склад"", ""name"": ""Склад"", ""types"": [{""type"": ""Ref"", ""id"": ""Справочник.Склады""}]}, {""id"": ""Валюта"", ""name"": ""Валюта взаиморасчетов"", ""types"": [{""type"": ""Ref"", ""id"": ""Справочник.Валюты""}]}, {""id"": ""ВидЦен"", ""name"": ""Вид цен"", ""types"": [{""type"": ""Ref"", ""id"": ""Справочник.ВидыЦен""}]}, {""id"": ""Организация"", ""name"": ""Организация"", ""types"": [{""type"": ""Ref"", ""id"": ""Справочник.Организации""}]}, {""id"": ""СостояниеЗаказа"", ""name"": ""Состояние заказа"", ""types"": [{""type"": ""Ref"", ""id"": ""Перечисление.СостоянияЗаказов""}]}, {""id"": ""Автор"", ""name"": ""Автор"", ""types"": [{""type"": ""Ref"", ""id"": ""Справочник.Пользователи""}]}, {""id"": ""Сумма"", ""name"": ""Сумма"", ""types"": [{""type"": ""Number"", ""NumberQualifiers"": ""10.2""}]}], ""TabularSections"": [{""id"": ""Товары"", ""name"": ""Товары"", ""Attributes"": [{""id"": ""Товар"", ""name"": ""Товар"", ""types"": [{""type"": ""Ref"", ""id"": ""Справочник.Товары""}]}, {""id"": ""Цена"", ""name"": ""Цена"", ""types"": [{""type"": ""Number"", ""NumberQualifiers"": ""10.2""}]}, {""id"": ""Количество"", ""name"": ""Количество"", ""types"": [{""type"": ""Number"", ""NumberQualifiers"": ""10.0""}]}, {""id"": ""Сумма"", ""name"": ""Сумма"", ""types"": [{""type"": ""Number"", ""NumberQualifiers"": ""10.2""}]}]}]}], ""InformationRegisters"": [{""id"": ""ЦеныТоваров"", ""name"": ""Цены товаров"", ""InformationRegisterPeriodicity"": ""Day"", ""WriteMode"": ""Independent"", ""Dimensions"": [{""id"": ""Товар"", ""name"": ""Товар"", ""types"": [{""type"": ""Ref"", ""id"": ""Справочник.Товары""}]}, {""id"": ""ВидЦен"", ""name"": ""Вид цен"", ""types"": [{""type"": ""Ref"", ""id"": ""Справочник.ВидыЦен""}]}], ""Resources"": [{""id"": ""Цена"", ""name"": ""Цена"", ""types"": [{""type"": ""Number"", ""NumberQualifiers"": ""10.2""}]}]}], ""Catalogs"": [{""id"": ""ВидыЦен"", ""name"": ""Виды цен"", ""Attributes"": []}, {""id"": ""Товары"", ""name"": ""Товары"", ""Attributes"": [{""id"": ""Артикул"", ""name"": ""Артикул"", ""types"": [{""type"": ""String"", ""StringQualifiers"": ""15""}]}, {""id"": ""Поставщик"", ""name"": ""Поставщик"", ""types"": [{""type"": ""Ref"", ""id"": ""Справочник.Контрагенты""}]}, {""id"": ""ФайлКартинки"", ""name"": ""Картинка"", ""types"": [{""type"": ""Ref"", ""id"": ""Справочник.ХранимыеФайлы""}]}, {""id"": ""Вид"", ""name"": ""Вид"", ""types"": []}, {""id"": ""Штрихкод"", ""name"": ""Штрихкод"", ""types"": [{""type"": ""String"", ""StringQualifiers"": ""20""}]}, {""id"": ""Описание"", ""name"": ""Описание"", ""types"": [{""type"": ""String"", ""StringQualifiers"": ""0""}]}]}]}",task_021,server,high,Task2_Коробов_Сложная.epf,"Функция ЗаполнитьТабличнуюЧастьЗаказаЦенами(Заказ, ВидЦен)
	
	Запрос = Новый Запрос;
	Запрос.Текст = 
	""ВЫБРАТЬ
	|	ТоварыЗаказа.НомерСтроки КАК НомерСтроки,
	|	ТоварыЗаказа.Товар КАК Товар,
	|	ТоварыЗаказа.Количество КАК Количество,
	|	ТоварыЗаказа.Цена КАК ЦенаИсходная,
	|	ВЫБОР
	|		КОГДА ТоварыЗаказа.Товар = ЗНАЧЕНИЕ(Справочник.Товары.ПустаяСсылка)
	|			ТОГДА 0
	|		КОГДА ЦеныТоваров.Цена ЕСТЬ NULL
	|			ТОГДА ТоварыЗаказа.Цена
	|		ИНАЧЕ ЦеныТоваров.Цена
	|	КОНЕЦ КАК Цена,
	|	ВЫБОР
	|		КОГДА ТоварыЗаказа.Товар = ЗНАЧЕНИЕ(Справочник.Товары.ПустаяСсылка)
	|			ТОГДА 0
	|		КОГДА ЦеныТоваров.Цена ЕСТЬ NULL
	|			ТОГДА ТоварыЗаказа.Количество * ТоварыЗаказа.Цена
	|		ИНАЧЕ ТоварыЗаказа.Количество * ЦеныТоваров.Цена
	|	КОНЕЦ КАК Сумма
	|ИЗ
	|	Документ.Заказ.Товары КАК ТоварыЗаказа
	|		ЛЕВОЕ СОЕДИНЕНИЕ РегистрСведений.ЦеныТоваров.СрезПоследних(
	|			&Дата,
	|			ВидЦен = &ВидЦен
	|				И Товар В
	|					(ВЫБРАТЬ
	|						Т.Товар
	|					ИЗ
	|						Документ.Заказ.Товары КАК Т
	|					ГДЕ
	|						Т.Ссылка = &Заказ
	|						И Т.Товар <> ЗНАЧЕНИЕ(Справочник.Товары.ПустаяСсылка))) КАК ЦеныТоваров
	|		ПО ТоварыЗаказа.Товар = ЦеныТоваров.Товар
	|ГДЕ
	|	ТоварыЗаказа.Ссылка = &Заказ
	|УПОРЯДОЧИТЬ ПО
	|	ТоварыЗаказа.НомерСтроки"";
	
	Запрос.УстановитьПараметр(""Заказ"", Заказ);
	Запрос.УстановитьПараметр(""ВидЦен"", ВидЦен);
	Запрос.УстановитьПараметр(""Дата"", Заказ.Дата);
	
	Результат = Запрос.Выполнить().Выгрузить();
	
	ЗаказОбъект = Заказ.ПолучитьОбъект();
	ЗаказОбъект.Товары.Очистить();
	
	Для Каждого СтрокаРезультата Из Результат Цикл
		НоваяСтрока = ЗаказОбъект.Товары.Добавить();
		НоваяСтрока.Товар = СтрокаРезультата.Товар;
		НоваяСтрока.Количество = СтрокаРезультата.Количество;
		НоваяСтрока.Цена = СтрокаРезультата.Цена;
		НоваяСтрока.Сумма = СтрокаРезультата.Сумма;
	КонецЦикла;
	
	ЗаказОбъект.Записать();
	
	Возврат ЗаказОбъект.Ссылка;
	
КонецФункции"
"Написать функцию ПолучитьСреднююЦенуПоНоменклатуре(ТаблицаПродаж). Функция принимает Таблицу значений.

Таблица значений содержит колонки:
- Номенклатура (Строка)
- Количество (Число)
- СуммаПродажи (Число)

Таблица может содержать несколько строк с одинаковой Номенклатурой.

Необходимо вернуть новую Таблицу значений с колонками:
- Номенклатура (Строка)
- Количество (Число)
- СуммаПродажи (Число)
- СредняяЦенаПродажи (Число)

Для каждой Номенклатуры должна остаться одна строка. Количество и Сумма должны быть суммой по всем исходным строкам.
СредняяЦена = Сумма / Количество. Если Количество = 0, то СредняяЦена = 0.

Требования:
- Использовать язык запросов.
- Не изменять входную ТаблицуЗначений.
- В возвращаемой таблице строки должны быть отсортированы по Номенклатуре по возрастанию.
- СредняяЦенаПродажи должна быть округлена до 15 знаков целочисленной части и до 2 знаков после запятой.",{},task_022,server,mid,Task2_Коробов_Средняя.epf,"Функция ПолучитьСреднююЦенуПоНоменклатуре(ТаблицаПродаж)
	
	Запрос = Новый Запрос;
	Запрос.Текст = 
	""ВЫБРАТЬ
	|	Продажи.Номенклатура КАК Номенклатура,
	|	Продажи.Количество КАК Количество,
	|	Продажи.СуммаПродажи КАК СуммаПродажи
	|ПОМЕСТИТЬ ВТ_Продажи
	|ИЗ
	|	&ТаблицаПродаж КАК Продажи
	|;
	|ВЫБРАТЬ
	|	ВТ_Продажи.Номенклатура КАК Номенклатура,
	|	СУММА(ВТ_Продажи.Количество) КАК Количество,
	|	СУММА(ВТ_Продажи.СуммаПродажи) КАК СуммаПродажи,
	|	ВЫБОР
	|		КОГДА СУММА(ВТ_Продажи.Количество) = 0
	|			ТОГДА 0
	|		ИНАЧЕ ВЫРАЗИТЬ(СУММА(ВТ_Продажи.СуммаПродажи) / СУММА(ВТ_Продажи.Количество) КАК ЧИСЛО(15, 2))
	|	КОНЕЦ КАК СредняяЦенаПродажи
	|ИЗ
	|	ВТ_Продажи КАК ВТ_Продажи
	|СГРУППИРОВАТЬ ПО
	|	ВТ_Продажи.Номенклатура
	|УПОРЯДОЧИТЬ ПО
	|	Номенклатура"";
	
	Запрос.УстановитьПараметр(""ТаблицаПродаж"", ТаблицаПродаж);
	
	Результат = Запрос.Выполнить().Выгрузить();
	
	Возврат Результат;
	
КонецФункции"
"Написать функцию ПолучитьОстатокНоменклатуры(Номенклатура, Склад, Дата).

Необходимо получить остаток указанной номенклатуры на указанном складе на указанную дату включительно. Остаток взять из регистра накопления ТоварныеЗапасы.

Функция должна вернуть число — остаток на дату.

Требования:
- Использовать запрос к виртуальной таблице Остатки регистра накопления.
- Если записи отсутствуют — вернуть 0.","{""AccumulationRegisters"": [{""id"": ""ТоварныеЗапасы"", ""name"": ""Товарные запасы"", ""RegisterType"": ""Balance"", ""Dimensions"": [{""id"": ""Товар"", ""name"": ""Товар"", ""types"": [{""type"": ""Ref"", ""id"": ""Справочник.Товары""}]}, {""id"": ""Склад"", ""name"": ""Склад"", ""types"": [{""type"": ""Ref"", ""id"": ""Справочник.Склады""}]}], ""Resources"": [{""id"": ""Количество"", ""name"": ""Количество"", ""types"": [{""type"": ""Number"", ""NumberQualifiers"": ""10.2""}]}]}]}",task_023,server,mid,Task3_Коробов_Средняя.epf,"Функция ПолучитьОстатокНоменклатуры(Номенклатура, Склад, Дата)
	
	Запрос = Новый Запрос;
	Запрос.Текст = 
	""ВЫБРАТЬ
	|	ТоварныеЗапасыОстатки.КоличествоОстаток КАК КоличествоОстаток
	|ИЗ
	|	РегистрНакопления.ТоварныеЗапасы.Остатки(&МоментВремени, Товар = &Номенклатура И Склад = &Склад) КАК ТоварныеЗапасыОстатки"";
	
	Запрос.УстановитьПараметр(""МоментВремени"", КонецДня(Дата));
	Запрос.УстановитьПараметр(""Номенклатура"", Номенклатура);
	Запрос.УстановитьПараметр(""Склад"", Склад);
	
	Результат = Запрос.Выполнить();
	
	Если Результат.Пустой() Тогда
		Возврат 0;
	КонецЕсли;
	
	Выборка = Результат.Выбрать();
	Выборка.Следующий();
	
	Возврат Выборка.КоличествоОстаток;
	
КонецФункции"
"Реализовать функцию импорта прайс-листа из CSV ЗагрузитьПрайсЛистИзCSV(ПутьКФайлу,ВидЦен).

Файл csv содержит 3 колонки
- Артикул
- Наименование
- Цена

Необходимо:
1) Прочитать файл.
2) Найти товар. Поиск должен быть осуществлен сначала по артикулу и наименованию. Если товар не найден - искать по артикулу. Если не найден - только по наименованию
3) Обновить цены в регистре сведений ЦеныТоваров по виду цен и найденной номенклатуре на начало текущего дня.

Функция должна вернуть структуру, содержащую:

- КоличествоОбработанныхСтрок - количество успешно обработанных строк
- ТаблицаОшибок - таблица с информацией, об ошибочно обработанных строках. В таблице две колонки: НомерСтроки - номер строки файла, Причина - описание ошибки.","{""InformationRegisters"": [{""id"": ""ЦеныТоваров"", ""name"": ""Цены товаров"", ""InformationRegisterPeriodicity"": ""Day"", ""WriteMode"": ""Independent"", ""Dimensions"": [{""id"": ""Товар"", ""name"": ""Товар"", ""types"": [{""type"": ""Ref"", ""id"": ""Справочник.Товары""}]}, {""id"": ""ВидЦен"", ""name"": ""Вид цен"", ""types"": [{""type"": ""Ref"", ""id"": ""Справочник.ВидыЦен""}]}], ""Resources"": [{""id"": ""Цена"", ""name"": ""Цена"", ""types"": [{""type"": ""Number"", ""NumberQualifiers"": ""10.2""}]}]}], ""Catalogs"": [{""id"": ""ВидыЦен"", ""name"": ""Виды цен"", ""Attributes"": []}, {""id"": ""Товары"", ""name"": ""Товары"", ""Attributes"": [{""id"": ""Артикул"", ""name"": ""Артикул"", ""types"": [{""type"": ""String"", ""StringQualifiers"": ""15""}]}, {""id"": ""Поставщик"", ""name"": ""Поставщик"", ""types"": [{""type"": ""Ref"", ""id"": ""Справочник.Контрагенты""}]}, {""id"": ""ФайлКартинки"", ""name"": ""Картинка"", ""types"": [{""type"": ""Ref"", ""id"": ""Справочник.ХранимыеФайлы""}]}, {""id"": ""Вид"", ""name"": ""Вид"", ""types"": []}, {""id"": ""Штрихкод"", ""name"": ""Штрихкод"", ""types"": [{""type"": ""String"", ""StringQualifiers"": ""20""}]}, {""id"": ""Описание"", ""name"": ""Описание"", ""types"": [{""type"": ""String"", ""StringQualifiers"": ""0""}]}]}]}",task_024,server,high,Task4_Коробов_Сложная.epf,"Функция ЗагрузитьПрайсЛистИзCSV(ПутьКФайлу, ВидЦен)
	
	КоличествоОбработанныхСтрок = 0;
	
	ТаблицаОшибок = Новый ТаблицаЗначений;
	ТаблицаОшибок.Колонки.Добавить(""НомерСтроки"", Новый ОписаниеТипов(""Число""));
	ТаблицаОшибок.Колонки.Добавить(""Причина"", Новый ОписаниеТипов(""Строка""));
	
	// Чтение файла
	ЧтениеТекста = Новый ЧтениеТекста(ПутьКФайлу, КодировкаТекста.UTF8);
	
	// Загрузка данных из CSV в таблицу значений
	ТаблицаДанных = Новый ТаблицаЗначений;
	ТаблицаДанных.Колонки.Добавить(""НомерСтроки"", Новый ОписаниеТипов(""Число""));
	ТаблицаДанных.Колонки.Добавить(""Артикул"", Новый ОписаниеТипов(""Строка""));
	ТаблицаДанных.Колонки.Добавить(""Наименование"", Новый ОписаниеТипов(""Строка""));
	ТаблицаДанных.Колонки.Добавить(""Цена"", Новый ОписаниеТипов(""Число""));
	
	НомерСтроки = 0;
	Строка = ЧтениеТекста.ПрочитатьСтроку();
	Пока Строка <> Неопределено Цикл
		НомерСтроки = НомерСтроки + 1;
		
		Части = СтрРазделить(Строка, "";"");
		Если Части.Количество() < 3 Тогда
			// Попробуем разделитель запятая
			Части = СтрРазделить(Строка, "","");
		КонецЕсли;
		
		Если Части.Количество() < 3 Тогда
			СтрокаОшибки = ТаблицаОшибок.Добавить();
			СтрокаОшибки.НомерСтроки = НомерСтроки;
			СтрокаОшибки.Причина = ""Неверный формат строки: ожидается 3 колонки"";
			Строка = ЧтениеТекста.ПрочитатьСтроку();
			Продолжить;
		КонецЕсли;
		
		Артикул = СокрЛП(Части[0]);
		Наименование = СокрЛП(Части[1]);
		ЦенаСтрока = СокрЛП(Части[2]);
		
		Попытка
			ЦенаЧисло = Число(ЦенаСтрока);
		Исключение
			СтрокаОшибки = ТаблицаОшибок.Добавить();
			СтрокаОшибки.НомерСтроки = НомерСтроки;
			СтрокаОшибки.Причина = ""Неверный формат цены: """""" + ЦенаСтрока + """""""";
			Строка = ЧтениеТекста.ПрочитатьСтроку();
			Продолжить;
		КонецПопытки;
		
		НоваяСтрока = ТаблицаДанных.Добавить();
		НоваяСтрока.НомерСтроки = НомерСтроки;
		НоваяСтрока.Артикул = Артикул;
		НоваяСтрока.Наименование = Наименование;
		НоваяСтрока.Цена = ЦенаЧисло;
		
		Строка = ЧтениеТекста.ПрочитатьСтроку();
	КонецЦикла;
	
	ЧтениеТекста.Закрыть();
	
	// Обработка каждой строки данных
	НачалоДня = НачалоДня(ТекущаяДата());
	
	Для Каждого СтрокаДанных Из ТаблицаДанных Цикл
		
		Артикул = СтрокаДанных.Артикул;
		Наименование = СтрокаДанных.Наименование;
		
		// 1. Поиск по артикулу И наименованию
		Запрос = Новый Запрос;
		Запрос.Текст = 
		""ВЫБРАТЬ ПЕРВЫЕ 1
		|	Товары.Ссылка КАК Ссылка
		|ИЗ
		|	Справочник.Товары КАК Товары
		|ГДЕ
		|	Товары.Артикул = &Артикул
		|	И Товары.Наименование = &Наименование
		|	И НЕ Товары.ПометкаУдаления"";
		Запрос.УстановитьПараметр(""Артикул"", Артикул);
		Запрос.УстановитьПараметр(""Наименование"", Наименование);
		
		Результат = Запрос.Выполнить();
		
		Если Результат.Пустой() Тогда
			// 2. Поиск только по артикулу
			Запрос = Новый Запрос;
			Запрос.Текст = 
			""ВЫБРАТЬ ПЕРВЫЕ 1
			|	Товары.Ссылка КАК Ссылка
			|ИЗ
			|	Справочник.Товары КАК Товары
			|ГДЕ
			|	Товары.Артикул = &Артикул
			|	И НЕ Товары.ПометкаУдаления"";
			Запрос.УстановитьПараметр(""Артикул"", Артикул);
			
			Результат = Запрос.Выполнить();
		КонецЕсли;
		
		Если Результат.Пустой() Тогда
			// 3. Поиск только по наименованию
			Запрос = Новый Запрос;
			Запрос.Текст = 
			""ВЫБРАТЬ ПЕРВЫЕ 1
			|	Товары.Ссылка КАК Ссылка
			|ИЗ
			|	Справочник.Товары КАК Товары
			|ГДЕ
			|	Товары.Наименование = &Наименование
			|	И НЕ Товары.ПометкаУдаления"";
			Запрос.УстановитьПараметр(""Наименование"", Наименование);
			
			Результат = Запрос.Выполнить();
		КонецЕсли;
		
		Если Результат.Пустой() Тогда
			СтрокаОшибки = ТаблицаОшибок.Добавить();
			СтрокаОшибки.НомерСтроки = СтрокаДанных.НомерСтроки;
			СтрокаОшибки.Причина = ""Товар не найден по артикулу """""" + Артикул + """""" и наименованию """""" + Наименование + """""""";
			Продолжить;
		КонецЕсли;
		
		Выборка = Результат.Выбрать();
		Выборка.Следующий();
		ТоварСсылка = Выборка.Ссылка;
		
		// Запись цены в регистр сведений
		Попытка
			НаборЗаписей = РегистрыСведений.ЦеныТоваров.СоздатьНаборЗаписей();
			НаборЗаписей.Отбор.Период.Установить(НачалоДня);
			НаборЗаписей.Отбор.Товар.Установить(ТоварСсылка);
			НаборЗаписей.Отбор.ВидЦен.Установить(ВидЦен);
			
			НоваяЗапись = НаборЗаписей.Добавить();
			НоваяЗапись.Период = НачалоДня;
			НоваяЗапись.Товар = ТоварСсылка;
			НоваяЗапись.ВидЦен = ВидЦен;
			НоваяЗапись.Цена = СтрокаДанных.Цена;
			
			НаборЗаписей.Записать(Истина);
			
			КоличествоОбработанныхСтрок = КоличествоОбработанныхСтрок + 1;
		Исключение
			СтрокаОшибки = ТаблицаОшибок.Добавить();
			СтрокаОшибки.НомерСтроки = СтрокаДанных.НомерСтроки;
			СтрокаОшибки.Причина = ""Ошибка записи цены: "" + ОписаниеОшибки();
		КонецПопытки;
		
	КонецЦикла;
	
	// Формирование результата
	Результат = Новый Структура;
	Результат.Вставить(""КоличествоОбработанныхСтрок"", КоличествоОбработанныхСтрок);
	Результат.Вставить(""ТаблицаОшибок"", ТаблицаОшибок);
	
	Возврат Результат;
	
КонецФункции"
"Написать функцию ПолучитьАктуальнуюЦену(Товар, ВидЦен, Дата).

Необходимо получить цену указанного товара по переданному виду цен на дату из регистра сведений ЦеныТоваров.

Функция должна вернуть число — цену.

Требования:
- Использовать запрос к СрезПоследних.
- Если цена не найдена — вернуть 0.","{""InformationRegisters"": [{""id"": ""ЦеныТоваров"", ""name"": ""Цены товаров"", ""InformationRegisterPeriodicity"": ""Day"", ""WriteMode"": ""Independent"", ""Dimensions"": [{""id"": ""Товар"", ""name"": ""Товар"", ""types"": [{""type"": ""Ref"", ""id"": ""Справочник.Товары""}]}, {""id"": ""ВидЦен"", ""name"": ""Вид цен"", ""types"": [{""type"": ""Ref"", ""id"": ""Справочник.ВидыЦен""}]}], ""Resources"": [{""id"": ""Цена"", ""name"": ""Цена"", ""types"": [{""type"": ""Number"", ""NumberQualifiers"": ""10.2""}]}]}]}",task_025,server,mid,Task4_Коробов_Средняя.epf,"Функция ПолучитьАктуальнуюЦену(Товар, ВидЦен, Дата)
	
	Запрос = Новый Запрос;
	Запрос.Текст = 
	""ВЫБРАТЬ
	|	ЦеныТоваровСрезПоследних.Цена КАК Цена
	|ИЗ
	|	РегистрСведений.ЦеныТоваров.СрезПоследних(&Дата, Товар = &Товар И ВидЦен = &ВидЦен) КАК ЦеныТоваровСрезПоследних"";
	
	Запрос.УстановитьПараметр(""Дата"", Дата);
	Запрос.УстановитьПараметр(""Товар"", Товар);
	Запрос.УстановитьПараметр(""ВидЦен"", ВидЦен);
	
	Результат = Запрос.Выполнить();
	
	Если Результат.Пустой() Тогда
		Возврат 0;
	КонецЕсли;
	
	Выборка = Результат.Выбрать();
	Выборка.Следующий();
	
	Возврат Выборка.Цена;
	
КонецФункции"
"Написать функцию ВыгрузитьТаблицуВCSV(ТаблицаДанных, ПутьФайла).

Функция должна:
1) Записать данные ТаблицаЗначений в CSV-файл по указанному пути.
2) Первая строка файла должна содержать заголовки колонок.
3) Вернуть строку — путь к созданному файлу.

Требования:
- Использовать файлы записи.
- Не изменять входную ТаблицуЗначений.
- Разделитель — "";"".
- Файл сохранить в каталог временных файлов",{},task_026,server,mid,Task5_Коробов_Средняя.epf,"Функция ВыгрузитьТаблицуВCSV(ТаблицаДанных, ПутьФайла)
	
	ПолныйПуть = КаталогВременныхФайлов() + ПутьФайла;
	
	Разделитель = "";"";
	
	ЗаписьТекста = Новый ЗаписьТекста(ПолныйПуть, КодировкаТекста.UTF8);
	
	// Формируем строку заголовков
	МассивЗаголовков = Новый Массив;
	Для Каждого Колонка Из ТаблицаДанных.Колонки Цикл
		МассивЗаголовков.Добавить(Колонка.Имя);
	КонецЦикла;
	
	СтрокаЗаголовков = СтрСоединить(МассивЗаголовков, Разделитель);
	ЗаписьТекста.ЗаписатьСтроку(СтрокаЗаголовков);
	
	// Записываем данные строк таблицы
	Для Каждого СтрокаТаблицы Из ТаблицаДанных Цикл
		МассивЗначений = Новый Массив;
		Для Каждого Колонка Из ТаблицаДанных.Колонки Цикл
			Значение = СтрокаТаблицы[Колонка.Имя];
			МассивЗначений.Добавить(Строка(?(Значение = Неопределено, """", Значение)));
		КонецЦикла;
		СтрокаДанных = СтрСоединить(МассивЗначений, Разделитель);
		ЗаписьТекста.ЗаписатьСтроку(СтрокаДанных);
	КонецЦикла;
	
	ЗаписьТекста.Закрыть();
	
	Возврат ПолныйПуть;
	
КонецФункции"
"Написать функцию СвернутьДубли(ТаблицаДанных).
ТаблицаЗначений содержит колонки:
- КлючСтроки (Строка длина 100)
- Значение (Число)

Таблица может содержать несколько строк с одинаковым значением поля Ключ.

Необходимо вернуть новую ТаблицуЗначений:
- КлючСтроки
- Значение

Для каждого значения Ключ должна остаться одна строка.
Значение должно быть суммой всех строк с одинаковым Ключ.

Требования:
- Использовать язык запросов.
- Не изменять входную таблицу.
- Результат отсортировать по Ключ.",{},task_027,server,mid,Task6_Коробов_Средняя.epf,"Функция СвернутьДубли(ТаблицаДанных)
	
	Запрос = Новый Запрос;
	Запрос.Текст = 
	""ВЫБРАТЬ
	|	Т.КлючСтроки КАК КлючСтроки,
	|	СУММА(Т.Значение) КАК Значение
	|ИЗ
	|	&ТаблицаДанных КАК Т
	|СГРУППИРОВАТЬ ПО
	|	Т.КлючСтроки
	|УПОРЯДОЧИТЬ ПО
	|	КлючСтроки"";
	
	Запрос.УстановитьПараметр(""ТаблицаДанных"", ТаблицаДанных);
	
	Результат = Запрос.Выполнить().Выгрузить();
	
	Возврат Результат;
	
КонецФункции"
"Написать функцию ПолучитьСреднийКурс(Валюта, ДатаНачала,ДатаОкончания).

Необходимо получить средний курс валюты из регистра сведений КурсыВалют за указанный период с точностью до 4 знаков после запятой

Функция должна вернуть число — средний курс валюты.

Требования:
- Использовать запрос к СрезПоследних регистра сведений КурсыВалют.
- Если курс отсутствует — вернуть Неопределено.","{""InformationRegisters"": [{""id"": ""КурсыВалют"", ""name"": ""Курсы валют"", ""InformationRegisterPeriodicity"": ""Day"", ""WriteMode"": ""Independent"", ""Dimensions"": [{""id"": ""Валюта"", ""name"": ""Валюта"", ""types"": [{""type"": ""Ref"", ""id"": ""Справочник.Валюты""}]}], ""Resources"": [{""id"": ""Курс"", ""name"": ""Курс"", ""types"": [{""type"": ""Number"", ""NumberQualifiers"": ""10.2""}]}]}]}",task_028,server,mid,Task7_Коробов_Средняя.epf,"Функция ПолучитьСреднийКурс(Валюта, ДатаНачала, ДатаОкончания) Экспорт
	
	Запрос = Новый Запрос;
	Запрос.Текст = 
	""ВЫБРАТЬ
	|	СРЕДНЕЕ(КурсыВалютСрезПоследних.Курс) КАК СреднийКурс
	|ИЗ
	|	РегистрСведений.КурсыВалют.СрезПоследних(
	|		&ДатаОкончания,
	|		Валюта = &Валюта) КАК КурсыВалютСрезПоследних
	|ГДЕ
	|	КурсыВалютСрезПоследних.Период >= &ДатаНачала"";
	
	Запрос.УстановитьПараметр(""Валюта"", Валюта);
	Запрос.УстановитьПараметр(""ДатаНачала"", ДатаНачала);
	Запрос.УстановитьПараметр(""ДатаОкончания"", ДатаОкончания);
	
	Результат = Запрос.Выполнить();
	
	Если Результат.Пустой() Тогда
		Возврат Неопределено;
	КонецЕсли;
	
	Выборка = Результат.Выбрать();
	Выборка.Следующий();
	
	Если Выборка.СреднийКурс = NULL Тогда
		Возврат Неопределено;
	КонецЕсли;
	
	Возврат Окр(Выборка.СреднийКурс, 4);
	
КонецФункции"
"Написать функцию ДобавитьХарактиристикуТовара(Товар, ВидХарактеристики, Значение, Замещать), которая добавляет характеристику товара и присваивает заданное значение характеристики.
Функция добавляет запись в регистр сведений ""Характеристики"". 

В случае, когда запись с заданными полями ""Товар"", ""ВидХарактеристики"" не существует, тогда функция добавляет новую запись в регистр.
Иначе, если:
  
1.Параметр функции ""Замещать"" = Ложь. Тогда если количество существующих записей равно 1, новая запись не добавлется.   
2.Параметр функции ""Замещать"" = Истина. Тогда если количество существующих записей равно 1, новая запись замещает существующую. 

В иных случаях новая запись добавляется и измерение ""Номер"" увеличивается на единицу.

Параметры функции:
Товар (тип: СправочникСсылка.Товар) - товар.
ВидХарактеристики (тип: ПланВидовХарактеристикСсылка.ВидыХарактеристик.Товары) - вид характиристики.
Значение (тип: Характеристика.ВидыХарактеристик) - значение характеристики товара.
Замещать (тип: Булево) - флаг замещения записи.","{""InformationRegisters"": [{""id"": ""Характеристики"", ""name"": ""Характеристики"", ""InformationRegisterPeriodicity"": ""Nonperiodical"", ""WriteMode"": ""Independent"", ""Dimensions"": [{""id"": ""Объект"", ""name"": ""Объект"", ""types"": [{""type"": ""Ref"", ""id"": ""Справочник.Контрагенты""}]}, {""id"": ""ВидХарактеристики"", ""name"": ""Вид характеристики"", ""types"": []}, {""id"": ""Номер"", ""name"": ""Номер"", ""types"": [{""type"": ""Number"", ""NumberQualifiers"": ""10.0""}]}], ""Resources"": [{""id"": ""Значение"", ""name"": ""Значение"", ""types"": []}]}], ""Catalogs"": [{""id"": ""ЗначенияХарактеристик"", ""name"": ""Значения характеристик"", ""Attributes"": []}, {""id"": ""Товары"", ""name"": ""Товары"", ""Attributes"": [{""id"": ""Артикул"", ""name"": ""Артикул"", ""types"": [{""type"": ""String"", ""StringQualifiers"": ""15""}]}, {""id"": ""Поставщик"", ""name"": ""Поставщик"", ""types"": [{""type"": ""Ref"", ""id"": ""Справочник.Контрагенты""}]}, {""id"": ""ФайлКартинки"", ""name"": ""Картинка"", ""types"": [{""type"": ""Ref"", ""id"": ""Справочник.ХранимыеФайлы""}]}, {""id"": ""Вид"", ""name"": ""Вид"", ""types"": []}, {""id"": ""Штрихкод"", ""name"": ""Штрихкод"", ""types"": [{""type"": ""String"", ""StringQualifiers"": ""20""}]}, {""id"": ""Описание"", ""name"": ""Описание"", ""types"": [{""type"": ""String"", ""StringQualifiers"": ""0""}]}]}]}",task_029,server,,task1_Куликова_v1.epf,"Функция ДобавитьХарактиристикуТовара(Товар, ВидХарактеристики, Значение, Замещать)
	
	Запрос = Новый Запрос;
	Запрос.Текст = 
	""ВЫБРАТЬ
	|	Характеристики.Объект КАК Объект,
	|	Характеристики.ВидХарактеристики КАК ВидХарактеристики,
	|	Характеристики.Номер КАК Номер,
	|	Характеристики.Значение КАК Значение
	|ИЗ
	|	РегистрСведений.Характеристики КАК Характеристики
	|ГДЕ
	|	Характеристики.Объект = &Товар
	|	И Характеристики.ВидХарактеристики = &ВидХарактеристики
	|УПОРЯДОЧИТЬ ПО
	|	Номер"";
	
	Запрос.УстановитьПараметр(""Товар"", Товар);
	Запрос.УстановитьПараметр(""ВидХарактеристики"", ВидХарактеристики);
	
	Результат = Запрос.Выполнить();
	Выборка = Результат.Выбрать();
	
	КоличествоЗаписей = Выборка.Количество();
	
	Если КоличествоЗаписей = 0 Тогда
		// Записи не существует - добавляем новую
		НаборЗаписей = РегистрыСведений.Характеристики.СоздатьНаборЗаписей();
		НаборЗаписей.Отбор.Объект.Установить(Товар);
		НаборЗаписей.Отбор.ВидХарактеристики.Установить(ВидХарактеристики);
		НаборЗаписей.Отбор.Номер.Установить(1);
		
		НоваяЗапись = НаборЗаписей.Добавить();
		НоваяЗапись.Объект = Товар;
		НоваяЗапись.ВидХарактеристики = ВидХарактеристики;
		НоваяЗапись.Номер = 1;
		НоваяЗапись.Значение = Значение;
		
		НаборЗаписей.Записать();
		
	ИначеЕсли КоличествоЗаписей = 1 Тогда
		
		Если Замещать Тогда
			// Замещаем существующую запись
			Выборка.Следующий();
			
			НаборЗаписей = РегистрыСведений.Характеристики.СоздатьНаборЗаписей();
			НаборЗаписей.Отбор.Объект.Установить(Товар);
			НаборЗаписей.Отбор.ВидХарактеристики.Установить(ВидХарактеристики);
			НаборЗаписей.Отбор.Номер.Установить(Выборка.Номер);
			
			НоваяЗапись = НаборЗаписей.Добавить();
			НоваяЗапись.Объект = Товар;
			НоваяЗапись.ВидХарактеристики = ВидХарактеристики;
			НоваяЗапись.Номер = Выборка.Номер;
			НоваяЗапись.Значение = Значение;
			
			НаборЗаписей.Записать();
		КонецЕсли;
		// Если Замещать = Ложь, ничего не делаем
		
	Иначе
		// Записей больше одной - добавляем новую с увеличенным номером
		МаксНомер = 0;
		Пока Выборка.Следующий() Цикл
			Если Выборка.Номер > МаксНомер Тогда
				МаксНомер = Выборка.Номер;
			КонецЕсли;
		КонецЦикла;
		
		НовыйНомер = МаксНомер + 1;
		
		НаборЗаписей = РегистрыСведений.Характеристики.СоздатьНаборЗаписей();
		НаборЗаписей.Отбор.Объект.Установить(Товар);
		НаборЗаписей.Отбор.ВидХарактеристики.Установить(ВидХарактеристики);
		НаборЗаписей.Отбор.Номер.Установить(НовыйНомер);
		
		НоваяЗапись = НаборЗаписей.Добавить();
		НоваяЗапись.Объект = Товар;
		НоваяЗапись.ВидХарактеристики = ВидХарактеристики;
		НоваяЗапись.Номер = НовыйНомер;
		НоваяЗапись.Значение = Значение;
		
		НаборЗаписей.Записать();
		
	КонецЕсли;
	
КонецФункции"
"Написать функцию НайтиГруппировкуПоИмени(Структура, Имя) ищет в структуре настроек отчета группировку по имени элемента.
Возвращаемое значение функции имеет тип: ""ГруппировкаКомпоновкиДанных"" или ""ТаблицаКомпоновкиДанных"". Может быть Неопределено, если группировка не найдена.  

Параметры:
Структура (тип: КоллекцияЭлементовСтруктурыНастроекКомпоновкиДанных) - набор группировок данного уровня настроек.
Имя (тип: Строка) - имя искомого элемента структуры отчета.",{},task_030,server,high,task1_слож_Куликова_v1.epf,"Функция НайтиГруппировкуПоИмени(Структура, Имя)
	
	Для Каждого Элемент Из Структура Цикл
		
		Если Элемент.Имя = Имя Тогда
			Возврат Элемент;
		КонецЕсли;
		
		Если ТипЗнч(Элемент) = Тип(""ГруппировкаКомпоновкиДанных"") Тогда
			Результат = НайтиГруппировкуПоИмени(Элемент.Структура, Имя);
			Если Результат <> Неопределено Тогда
				Возврат Результат;
			КонецЕсли;
		ИначеЕсли ТипЗнч(Элемент) = Тип(""ТаблицаКомпоновкиДанных"") Тогда
			Результат = НайтиГруппировкуПоИмени(Элемент.Строки, Имя);
			Если Результат <> Неопределено Тогда
				Возврат Результат;
			КонецЕсли;
			Результат = НайтиГруппировкуПоИмени(Элемент.Колонки, Имя);
			Если Результат <> Неопределено Тогда
				Возврат Результат;
			КонецЕсли;
		КонецЕсли;
		
	КонецЦикла;
	
	Возврат Неопределено;
	
КонецФункции"
"Написать функцию ЗначенияРеквизитовОбъекта(Ссылка, Реквизиты), которая возвращает структуру, содержащую значения реквизитов, прочитанные из информационной базы по ссылке на объект.
Параметры:
Ссылка (тип: ЛюбаяСсылка) - объект, значения реквизитов которого необходимо получить.
Реквизиты (тип: Строка) - имена реквизитов, перечисленные через запятую в формате требований к свойствам структуры.             
          (тип: Структура)
          (тип:ФиксированнаяСтруктура) - в качестве ключа передается
                       псевдоним поля для возвращаемой структуры с результатом, а в качестве
                       значения (опционально) фактическое имя поля в таблице.
                       Если ключ задан, а значение не определено, то имя поля берется из ключа.
                       Допускается указание имени поля через точку
           (тип Массив из Строка)
           (тип ФиксированныйМассив из Строка) - имена реквизитов в формате требований к свойствам структуры.
Функция возвращает структуру, которая содержит имена(ключи) и значения требуемых реквизитов.

Если в параметр ""Реквизиты"" передана пустая строка, то возвращается пустая структура.
Если в параметр ""Ссылка"" передана пустая ссылка, то возвращается структура, соответствующуя именам реквизитов со значениями Неопределено.
Если в параметр ""Ссылка"" передана битая ссылка, то возвращается структура, соответствующуя именам реквизитов со значениями Неопределено. 
Если в параметр ""Реквизиты"" передано имя табличной части, то возвращается результат запроса.",{},task_031,server,high,task2_cложн_Куликова_v1.epf,"Функция ЗначенияРеквизитовОбъекта(Ссылка, Знач Реквизиты)
	
	// Если ссылка не задана, вернем пустую структуру или структуру с Неопределено
	ПустаяСсылка = НЕ ЗначениеЗаполнено(Ссылка);
	
	// Формируем структуру имен реквизитов
	СтруктураРеквизитов = Новый Структура;
	
	Если ТипЗнч(Реквизиты) = Тип(""Строка"") Тогда
		Если ПустаяСтрока(Реквизиты) Тогда
			Возврат Новый Структура;
		КонецЕсли;
		// Разбираем строку с именами реквизитов
		МассивИмен = СтрРазделить(Реквизиты, "","", Ложь);
		Для Каждого ИмяРеквизита Из МассивИмен Цикл
			ИмяОчищенное = СокрЛП(ИмяРеквизита);
			Псевдоним = СтрЗаменить(ИмяОчищенное, ""."", """");
			СтруктураРеквизитов.Вставить(Псевдоним, ИмяОчищенное);
		КонецЦикла;
	ИначеЕсли ТипЗнч(Реквизиты) = Тип(""Структура"") 
		ИЛИ ТипЗнч(Реквизиты) = Тип(""ФиксированнаяСтруктура"") Тогда
		Для Каждого КлючИЗначение Из Реквизиты Цикл
			ИмяПоля = КлючИЗначение.Значение;
			Если НЕ ЗначениеЗаполнено(ИмяПоля) Тогда
				ИмяПоля = КлючИЗначение.Ключ;
			КонецЕсли;
			СтруктураРеквизитов.Вставить(КлючИЗначение.Ключ, ИмяПоля);
		КонецЦикла;
	ИначеЕсли ТипЗнч(Реквизиты) = Тип(""Массив"") 
		ИЛИ ТипЗнч(Реквизиты) = Тип(""ФиксированныйМассив"") Тогда
		Для Каждого ИмяРеквизита Из Реквизиты Цикл
			ИмяОчищенное = СокрЛП(ИмяРеквизита);
			Псевдоним = СтрЗаменить(ИмяОчищенное, ""."", """");
			СтруктураРеквизитов.Вставить(Псевдоним, ИмяОчищенное);
		КонецЦикла;
	КонецЕсли;
	
	// Если структура реквизитов пуста, возвращаем пустую структуру
	Если СтруктураРеквизитов.Количество() = 0 Тогда
		Возврат Новый Структура;
	КонецЕсли;
	
	// Если ссылка пустая, возвращаем структуру со значениями Неопределено
	Если ПустаяСсылка Тогда
		Результат = Новый Структура;
		Для Каждого КлючИЗначение Из СтруктураРеквизитов Цикл
			Результат.Вставить(КлючИЗначение.Ключ, Неопределено);
		КонецЦикла;
		Возврат Результат;
	КонецЕсли;
	
	// Определяем имя таблицы по ссылке
	МетаданныеОбъекта = Ссылка.Метаданные();
	ИмяТаблицы = МетаданныеОбъекта.ПолноеИмя();
	
	// Проверяем, есть ли среди реквизитов табличные части
	ИменаТабличныхЧастей = Новый Массив;
	СтруктураОбычныхРеквизитов = Новый Структура;
	
	Для Каждого КлючИЗначение Из СтруктураРеквизитов Цикл
		ИмяПоля = КлючИЗначение.Значение;
		// Проверяем, является ли это табличной частью
		ЭтоТабличнаяЧасть = Ложь;
		Для Каждого ТабличнаяЧасть Из МетаданныеОбъекта.ТабличныеЧасти Цикл
			Если ВРег(ТабличнаяЧасть.Имя) = ВРег(ИмяПоля) Тогда
				ЭтоТабличнаяЧасть = Истина;
				ИменаТабличныхЧастей.Добавить(КлючИЗначение);
				Прервать;
			КонецЕсли;
		КонецЦикла;
		Если НЕ ЭтоТабличнаяЧасть Тогда
			СтруктураОбычныхРеквизитов.Вставить(КлючИЗначение.Ключ, КлючИЗначение.Значение);
		КонецЕсли;
	КонецЦикла;
	
	Результат = Новый Структура;
	
	// Получаем обычные реквизиты запросом
	Если СтруктураОбычныхРеквизитов.Количество() > 0 Тогда
		ТекстПолей = """";
		Для Каждого КлючИЗначение Из СтруктураОбычныхРеквизитов Цикл
			Если НЕ ПустаяСтрока(ТекстПолей) Тогда
				ТекстПолей = ТекстПолей + "","" + Символы.ПС + ""|	"";
			КонецЕсли;
			Если КлючИЗначение.Ключ = СтрЗаменить(КлючИЗначение.Значение, ""."", """") Тогда
				// Псевдоним совпадает с именем поля (без точек)
				ТекстПолей = ТекстПолей + ""Т."" + КлючИЗначение.Значение + "" КАК "" + КлючИЗначение.Ключ;
			Иначе
				ТекстПолей = ТекстПолей + ""Т."" + КлючИЗначение.Значение + "" КАК "" + КлючИЗначение.Ключ;
			КонецЕсли;
		КонецЦикла;
		
		Запрос = Новый Запрос;
		Запрос.Текст = 
		""ВЫБРАТЬ
		|	"" + ТекстПолей + ""
		|ИЗ
		|	"" + ИмяТаблицы + "" КАК Т
		|ГДЕ
		|	Т.Ссылка = &Ссылка"";
		Запрос.УстановитьПараметр(""Ссылка"", Ссылка);
		
		РезультатЗапроса = Запрос.Выполнить();
		
		Если РезультатЗапроса.Пустой() Тогда
			// Битая ссылка - возвращаем Неопределено
			Для Каждого КлючИЗначение Из СтруктураОбычныхРеквизитов Цикл
				Результат.Вставить(КлючИЗначение.Ключ, Неопределено);
			КонецЦикла;
		Иначе
			Выборка = РезультатЗапроса.Выбрать();
			Выборка.Следующий();
			Для Каждого КлючИЗначение Из СтруктураОбычныхРеквизитов Цикл
				Результат.Вставить(КлючИЗначение.Ключ, Выборка[КлючИЗначение.Ключ]);
			КонецЦикла;
		КонецЕсли;
	КонецЕсли;
	
	// Получаем табличные части
	Для Каждого ОписаниеТЧ Из ИменаТабличныхЧастей Цикл
		ИмяТЧ = ОписаниеТЧ.Значение;
		
		Запрос = Новый Запрос;
		Запрос.Текст = 
		""ВЫБРАТЬ
		|	Т.*
		|ИЗ
		|	"" + ИмяТаблицы + ""."" + ИмяТЧ + "" КАК Т
		|ГДЕ
		|	Т.Ссылка = &Ссылка"";
		Запрос.УстановитьПараметр(""Ссылка"", Ссылка);
		
		РезультатЗапроса = Запрос.Выполнить();
		Результат.Вставить(ОписаниеТЧ.Ключ, РезультатЗапроса);
	КонецЦикла;
	
	Возврат Результат;
	
КонецФункции"
"Написать функцию ПодставитьПараметрыВСтроку(ШаблонСтроки, Параметр1, Параметр2, Параметр3, Параметр4, Параметр5), которая подставляет параметры в строку. 
Параметры в строке задаются как %<номер параметра>. Нумерация параметров начинается с единицы.
Возвращает строку с подставленными параметрами. 

Параметры функции:
ШаблонСтроки (тип : Строка) - шаблон строки с параметрами (вхождениями вида ""%<номер параметра>"").
Параметр1 (тип : Строка) - значение подставляемого параметра.
Параметр2 (тип : Строка) - значение подставляемого параметра.
Параметр3 (тип : Строка) - значение подставляемого параметра. 
Параметр4 (тип : Строка) - значение подставляемого параметра.
Параметр5 (тип : Строка) - значение подставляемого параметра.",{},task_032,server,,task2_Куликова_v1.epf,"Функция ПодставитьПараметрыВСтроку(ШаблонСтроки, Параметр1 = """", Параметр2 = """", Параметр3 = """", Параметр4 = """", Параметр5 = """")
	
	Результат = ШаблонСтроки;
	
	Результат = СтрЗаменить(Результат, ""%1"", Параметр1);
	Результат = СтрЗаменить(Результат, ""%2"", Параметр2);
	Результат = СтрЗаменить(Результат, ""%3"", Параметр3);
	Результат = СтрЗаменить(Результат, ""%4"", Параметр4);
	Результат = СтрЗаменить(Результат, ""%5"", Параметр5);
	
	Возврат Результат;
	
КонецФункции"
"Написать функцию СформироватьРеестрРеализаций(),
которая формирует реестр документов реализации товаров в виде таблицы значений.
Реестр должен включать только проведенные документы «РасходТовара».
Данные выбираются из документа РасходТовара с отбором по признаку Проведен = Истина.
Результат должен представлять таблицу значений (ТаблицаЗначений), где каждая строка соответствует одному документу реализации.
Таблица должна содержать следующие поля:
Дата — дата документа реализации (в формате ДД.ММ.ГГГГ)
Покупатель — ссылка на контрагента (реквизит Покупатель документа РасходТовара)
Склад — склад, с которого произведена отгрузка (реквизит Склад)
Валюта — валюта документа (реквизит Валюта)
ВидЦен — вид цен, используемый в документе (реквизит ВидЦен)","{""Documents"": [{""id"": ""РасходТовара"", ""name"": ""Расход товара"", ""Attributes"": [{""id"": ""Покупатель"", ""name"": ""Покупатель"", ""types"": [{""type"": ""Ref"", ""id"": ""Справочник.Контрагенты""}]}, {""id"": ""Склад"", ""name"": ""Склад"", ""types"": [{""type"": ""Ref"", ""id"": ""Справочник.Склады""}]}, {""id"": ""Валюта"", ""name"": ""Валюта взиморасчетов"", ""types"": [{""type"": ""Ref"", ""id"": ""Справочник.Валюты""}]}, {""id"": ""ВидЦен"", ""name"": ""Вид цен"", ""types"": [{""type"": ""Ref"", ""id"": ""Справочник.ВидыЦен""}]}, {""id"": ""ОбоснованиеОтгрузки"", ""name"": ""Обоснование отгрузки"", ""types"": [{""type"": ""String"", ""StringQualifiers"": ""0""}]}, {""id"": ""Организация"", ""name"": ""Организация"", ""types"": [{""type"": ""Ref"", ""id"": ""Справочник.Организации""}]}], ""TabularSections"": [{""id"": ""Товары"", ""name"": ""Товары"", ""Attributes"": [{""id"": ""Товар"", ""name"": ""Товар"", ""types"": [{""type"": ""Ref"", ""id"": ""Справочник.Товары""}]}, {""id"": ""Цена"", ""name"": ""Цена"", ""types"": [{""type"": ""Number"", ""NumberQualifiers"": ""10.2""}]}, {""id"": ""Количество"", ""name"": ""Количество"", ""types"": [{""type"": ""Number"", ""NumberQualifiers"": ""10.2""}]}, {""id"": ""Сумма"", ""name"": ""Сумма"", ""types"": [{""type"": ""Number"", ""NumberQualifiers"": ""10.2""}]}]}]}], ""Catalogs"": [{""id"": ""Валюты"", ""name"": ""Валюты"", ""Attributes"": [{""id"": ""НаименованиеОсновнойВалюты"", ""name"": ""Наименование основной валюты"", ""types"": [{""type"": ""String"", ""StringQualifiers"": ""0""}]}, {""id"": ""НаименованиеРазменнойВалюты"", ""name"": ""Наименование разменной валюты"", ""types"": [{""type"": ""String"", ""StringQualifiers"": ""0""}]}]}, {""id"": ""ВидыЦен"", ""name"": ""Виды цен"", ""Attributes"": []}, {""id"": ""Контрагенты"", ""name"": ""Контрагенты"", ""Attributes"": [{""id"": ""Регион"", ""name"": ""Регион"", ""types"": [{""type"": ""Ref"", ""id"": ""Справочник.Регионы""}]}, {""id"": ""Индекс"", ""name"": ""Индекс"", ""types"": [{""type"": ""String"", ""StringQualifiers"": ""10""}]}, {""id"": ""Страна"", ""name"": ""Страна"", ""types"": [{""type"": ""String"", ""StringQualifiers"": ""0""}]}, {""id"": ""Город"", ""name"": ""Город"", ""types"": [{""type"": ""String"", ""StringQualifiers"": ""0""}]}, {""id"": ""Улица"", ""name"": ""Улица"", ""types"": [{""type"": ""String"", ""StringQualifiers"": ""0""}]}, {""id"": ""Дом"", ""name"": ""Дом"", ""types"": [{""type"": ""String"", ""StringQualifiers"": ""15""}]}, {""id"": ""Телефон"", ""name"": ""Телефон"", ""types"": [{""type"": ""String"", ""StringQualifiers"": ""16""}]}, {""id"": ""ЭлектроннаяПочта"", ""name"": ""Электронная почта"", ""types"": [{""type"": ""String"", ""StringQualifiers"": ""40""}]}, {""id"": ""Факс"", ""name"": ""Факс"", ""types"": [{""type"": ""String"", ""StringQualifiers"": ""16""}]}, {""id"": ""ВебСайт"", ""name"": ""Веб сайт"", ""types"": [{""type"": ""String"", ""StringQualifiers"": ""40""}]}, {""id"": ""ВидЦен"", ""name"": ""Вид цен"", ""types"": [{""type"": ""Ref"", ""id"": ""Справочник.ВидыЦен""}]}, {""id"": ""ДополнительнаяИнформация"", ""name"": ""Дополнительная информация"", ""types"": [{""type"": ""String"", ""StringQualifiers"": ""0""}]}, {""id"": ""КонтактноеЛицо"", ""name"": ""Контактное лицо"", ""types"": [{""type"": ""String"", ""StringQualifiers"": ""100""}]}, {""id"": ""Широта"", ""name"": ""Широта"", ""types"": [{""type"": ""Number"", ""NumberQualifiers"": ""10.6""}]}, {""id"": ""Долгота"", ""name"": ""Долгота"", ""types"": [{""type"": ""Number"", ""NumberQualifiers"": ""10.6""}]}]}, {""id"": ""Склады"", ""name"": ""Склады"", ""Attributes"": [{""id"": ""НеИспользовать"", ""name"": ""Не использовать"", ""types"": [{""type"": ""Boolean""}]}]}]}",task_033,server,mid,task2_Средняя_СформироватьРеестрРеализацийБезСФ_v2.epf,"Функция СформироватьРеестрРеализаций()
	
	Запрос = Новый Запрос;
	Запрос.Текст = 
	""ВЫБРАТЬ
	|	РасходТовара.Дата КАК Дата,
	|	РасходТовара.Покупатель КАК Покупатель,
	|	РасходТовара.Склад КАК Склад,
	|	РасходТовара.Валюта КАК Валюта,
	|	РасходТовара.ВидЦен КАК ВидЦен
	|ИЗ
	|	Документ.РасходТовара КАК РасходТовара
	|ГДЕ
	|	РасходТовара.Проведен = ИСТИНА"";
	
	Результат = Запрос.Выполнить();
	
	ТаблицаРеестра = Результат.Выгрузить();
	
	Для Каждого СтрокаТаблицы Из ТаблицаРеестра Цикл
		СтрокаТаблицы.Дата = Формат(СтрокаТаблицы.Дата, ""ДФ=dd.MM.yyyy"");
	КонецЦикла;
	
	Возврат ТаблицаРеестра;
	
КонецФункции"
"Написать функцию ПолучитьТаблицуЗаказовПоКурсуВалют(ДатаНачала, ДатаОкончания), формирующая таблицу заказов за определенный период. 
Сумму документа пересчитать с учетом курса валют. Данные курсов валют следует брать из регистра сведений ""КурсыВалют"".
Функция должна выбирать только заказы непомеченные на удаления. 

Параметры функции:
ДатаНачала (тип: Дата) - дата начала периода.
ДатаОкончания (тип: Дата) - дата окончания периода. 
  
Если в качестве параметра ДатаНачала передана пустая дата, тогда отбирать документы, дата которых меньше параметра ДатаОкончания.
Если в качестве параметра ДатаОкончания передана пустая дата, тогда отбирать документы, дата которых больше параметра ДатаНачала.
Если в качестве параметров ДатаНачала и ДатаОкончания переданы пустые даты, тогда возвращаются все документы.
 
Вернуть таблицу с колонками:
Дата (тип: Число) - дата документа
Заказ (тип: ДокументСсылка.Заказ) - документ заказа.
Сумма (тип: Число) - сумма документа. 
Покупатель (тип: СправочникСсылка.Контаргент) - покупатель.

Строки таблицы отсортировать по убыванию Дата.","{""Documents"": [{""id"": ""Заказ"", ""name"": ""Заказ"", ""Attributes"": [{""id"": ""Покупатель"", ""name"": ""Покупатель"", ""types"": [{""type"": ""Ref"", ""id"": ""Справочник.Контрагенты""}]}, {""id"": ""Склад"", ""name"": ""Склад"", ""types"": [{""type"": ""Ref"", ""id"": ""Справочник.Склады""}]}, {""id"": ""Валюта"", ""name"": ""Валюта взаиморасчетов"", ""types"": [{""type"": ""Ref"", ""id"": ""Справочник.Валюты""}]}, {""id"": ""ВидЦен"", ""name"": ""Вид цен"", ""types"": [{""type"": ""Ref"", ""id"": ""Справочник.ВидыЦен""}]}, {""id"": ""Организация"", ""name"": ""Организация"", ""types"": [{""type"": ""Ref"", ""id"": ""Справочник.Организации""}]}, {""id"": ""СостояниеЗаказа"", ""name"": ""Состояние заказа"", ""types"": [{""type"": ""Ref"", ""id"": ""Перечисление.СостоянияЗаказов""}]}, {""id"": ""Автор"", ""name"": ""Автор"", ""types"": [{""type"": ""Ref"", ""id"": ""Справочник.Пользователи""}]}, {""id"": ""Сумма"", ""name"": ""Сумма"", ""types"": [{""type"": ""Number"", ""NumberQualifiers"": ""10.2""}]}], ""TabularSections"": [{""id"": ""Товары"", ""name"": ""Товары"", ""Attributes"": [{""id"": ""Товар"", ""name"": ""Товар"", ""types"": [{""type"": ""Ref"", ""id"": ""Справочник.Товары""}]}, {""id"": ""Цена"", ""name"": ""Цена"", ""types"": [{""type"": ""Number"", ""NumberQualifiers"": ""10.2""}]}, {""id"": ""Количество"", ""name"": ""Количество"", ""types"": [{""type"": ""Number"", ""NumberQualifiers"": ""10.0""}]}, {""id"": ""Сумма"", ""name"": ""Сумма"", ""types"": [{""type"": ""Number"", ""NumberQualifiers"": ""10.2""}]}]}]}], ""InformationRegisters"": [{""id"": ""КурсыВалют"", ""name"": ""Курсы валют"", ""InformationRegisterPeriodicity"": ""Day"", ""WriteMode"": ""Independent"", ""Dimensions"": [{""id"": ""Валюта"", ""name"": ""Валюта"", ""types"": [{""type"": ""Ref"", ""id"": ""Справочник.Валюты""}]}], ""Resources"": [{""id"": ""Курс"", ""name"": ""Курс"", ""types"": [{""type"": ""Number"", ""NumberQualifiers"": ""10.2""}]}]}], ""Catalogs"": [{""id"": ""Контрагенты"", ""name"": ""Контрагенты"", ""Attributes"": [{""id"": ""Регион"", ""name"": ""Регион"", ""types"": [{""type"": ""Ref"", ""id"": ""Справочник.Регионы""}]}, {""id"": ""Индекс"", ""name"": ""Индекс"", ""types"": [{""type"": ""String"", ""StringQualifiers"": ""10""}]}, {""id"": ""Страна"", ""name"": ""Страна"", ""types"": [{""type"": ""String"", ""StringQualifiers"": ""0""}]}, {""id"": ""Город"", ""name"": ""Город"", ""types"": [{""type"": ""String"", ""StringQualifiers"": ""0""}]}, {""id"": ""Улица"", ""name"": ""Улица"", ""types"": [{""type"": ""String"", ""StringQualifiers"": ""0""}]}, {""id"": ""Дом"", ""name"": ""Дом"", ""types"": [{""type"": ""String"", ""StringQualifiers"": ""15""}]}, {""id"": ""Телефон"", ""name"": ""Телефон"", ""types"": [{""type"": ""String"", ""StringQualifiers"": ""16""}]}, {""id"": ""ЭлектроннаяПочта"", ""name"": ""Электронная почта"", ""types"": [{""type"": ""String"", ""StringQualifiers"": ""40""}]}, {""id"": ""Факс"", ""name"": ""Факс"", ""types"": [{""type"": ""String"", ""StringQualifiers"": ""16""}]}, {""id"": ""ВебСайт"", ""name"": ""Веб сайт"", ""types"": [{""type"": ""String"", ""StringQualifiers"": ""40""}]}, {""id"": ""ВидЦен"", ""name"": ""Вид цен"", ""types"": [{""type"": ""Ref"", ""id"": ""Справочник.ВидыЦен""}]}, {""id"": ""ДополнительнаяИнформация"", ""name"": ""Дополнительная информация"", ""types"": [{""type"": ""String"", ""StringQualifiers"": ""0""}]}, {""id"": ""КонтактноеЛицо"", ""name"": ""Контактное лицо"", ""types"": [{""type"": ""String"", ""StringQualifiers"": ""100""}]}, {""id"": ""Широта"", ""name"": ""Широта"", ""types"": [{""type"": ""Number"", ""NumberQualifiers"": ""10.6""}]}, {""id"": ""Долгота"", ""name"": ""Долгота"", ""types"": [{""type"": ""Number"", ""NumberQualifiers"": ""10.6""}]}]}]}",task_034,server,,task3_Куликова_v2.epf,"Функция ПолучитьТаблицуЗаказовПоКурсуВалют(ДатаНачала, ДатаОкончания)
	
	Запрос = Новый Запрос;
	Запрос.Текст = 
	""ВЫБРАТЬ
	|	Заказ.Дата КАК Дата,
	|	Заказ.Ссылка КАК Заказ,
	|	Заказ.Сумма * ЕСТЬNULL(КурсыВалют.Курс, 1) КАК Сумма,
	|	Заказ.Покупатель КАК Покупатель
	|ИЗ
	|	Документ.Заказ КАК Заказ
	|		ЛЕВОЕ СОЕДИНЕНИЕ РегистрСведений.КурсыВалют.СрезПоследних(&ДатаОкончанияКурса) КАК КурсыВалют
	|		ПО Заказ.Валюта = КурсыВалют.Валюта
	|ГДЕ
	|	НЕ Заказ.ПометкаУдаления
	|	И &УсловиеДатаНачала
	|	И &УсловиеДатаОкончания
	|УПОРЯДОЧИТЬ ПО
	|	Дата УБЫВ"";
	
	// Формирование условий по датам
	Если НЕ ЗначениеЗаполнено(ДатаНачала) И НЕ ЗначениеЗаполнено(ДатаОкончания) Тогда
		Запрос.Текст = СтрЗаменить(Запрос.Текст, ""И &УсловиеДатаНачала"", """");
		Запрос.Текст = СтрЗаменить(Запрос.Текст, ""И &УсловиеДатаОкончания"", """");
	ИначеЕсли НЕ ЗначениеЗаполнено(ДатаНачала) Тогда
		Запрос.Текст = СтрЗаменить(Запрос.Текст, ""И &УсловиеДатаНачала"", """");
		Запрос.Текст = СтрЗаменить(Запрос.Текст, ""&УсловиеДатаОкончания"", ""Заказ.Дата <= &ДатаОкончания"");
		Запрос.УстановитьПараметр(""ДатаОкончания"", ДатаОкончания);
	ИначеЕсли НЕ ЗначениеЗаполнено(ДатаОкончания) Тогда
		Запрос.Текст = СтрЗаменить(Запрос.Текст, ""&УсловиеДатаНачала"", ""Заказ.Дата >= &ДатаНачала"");
		Запрос.Текст = СтрЗаменить(Запрос.Текст, ""И &УсловиеДатаОкончания"", """");
		Запрос.УстановитьПараметр(""ДатаНачала"", ДатаНачала);
	Иначе
		Запрос.Текст = СтрЗаменить(Запрос.Текст, ""&УсловиеДатаНачала"", ""Заказ.Дата >= &ДатаНачала"");
		Запрос.Текст = СтрЗаменить(Запрос.Текст, ""&УсловиеДатаОкончания"", ""Заказ.Дата <= &ДатаОкончания"");
		Запрос.УстановитьПараметр(""ДатаНачала"", ДатаНачала);
		Запрос.УстановитьПараметр(""ДатаОкончания"", ДатаОкончания);
	КонецЕсли;
	
	// Параметр для среза последних курсов валют
	Если ЗначениеЗаполнено(ДатаОкончания) Тогда
		Запрос.УстановитьПараметр(""ДатаОкончанияКурса"", ДатаОкончания);
	Иначе
		Запрос.УстановитьПараметр(""ДатаОкончанияКурса"", ТекущаяДата());
	КонецЕсли;
	
	Результат = Запрос.Выполнить();
	
	Возврат Результат.Выгрузить();
	
КонецФункции"
"Написать функцию СформироватьОтчетЗадолженностьКонтрагентов(ДатаНачала, ДатаОкончания, Валюта) которая формирует отчет на сервере ""ОтчетПоВзаиморасчетам""  на заданный период с отбором по Валюте и по СуммаКонечныйОстаток, где СуммаКонечныйОстаток < 0. 
Функция должна программно сформировать отчет ""ОтчетПоВзаиморасчетам"", вариант отчета ""Основной"". 
Настройки отчета:
	Параметры отчета: Период. 
	    Значения парамета: Период.ДатаНачала = ДатаНачала, Период.ДатаОкончания = ДатаОкончания. 
	Структура отчета: Таблица
	                     *cтроки: Контргант.    
	                     *столбцы: Валюта.
	Выбранные поля: СуммаКонечныйОстаток, Контрагент.
	Отбор: СуммаКонечныйОстаток < 0, Валюта = Валюта.
	Параметры вывода: ВыводитьПараметрыДанных = Не выводить,
	                  ВыводитьОтбор = Не выводить. 
	УсловноеОформление: 
	                 Оформление - Формат = ""ЧЦ=10; ЧДЦ=2; ЧО=1"".  
	                 Оформляемые поля - СуммаКонечныйОстаток
Параметры функции:  
ДатаНачала (тип: Дата) - начало периода.
ДатаОкончания (тип: Дата) - окончание периода.
Валюта (тип: СправочникСсылка.Валюты) - валюта.

Возвращаемое значение: ТабличныйДокумент.","{""Catalogs"": [{""id"": ""Валюты"", ""name"": ""Валюты"", ""Attributes"": [{""id"": ""НаименованиеОсновнойВалюты"", ""name"": ""Наименование основной валюты"", ""types"": [{""type"": ""String"", ""StringQualifiers"": ""0""}]}, {""id"": ""НаименованиеРазменнойВалюты"", ""name"": ""Наименование разменной валюты"", ""types"": [{""type"": ""String"", ""StringQualifiers"": ""0""}]}]}]}",task_035,server,high,task3_сложн_Куликова_v1.epf,"Функция СформироватьОтчетЗадолженностьКонтрагентов(ДатаНачала, ДатаОкончания, Валюта)
	
	ТабличныйДокумент = Новый ТабличныйДокумент;
	
	СхемаКомпоновки = Отчеты.ОтчетПоВзаиморасчетам.ПолучитьМакет(""ОсновнаяСхемаКомпоновкиДанных"");
	
	НастройкиКомпоновки = СхемаКомпоновки.НастройкиПоУмолчанию;
	
	// Очищаем настройки
	НастройкиКомпоновки.Структура.Очистить();
	НастройкиКомпоновки.Выбор.Элементы.Очистить();
	НастройкиКомпоновки.Отбор.Элементы.Очистить();
	НастройкиКомпоновки.УсловноеОформление.Элементы.Очистить();
	НастройкиКомпоновки.ПараметрыВывода.Элементы.Очистить();
	
	// Установка параметров отчета - Период
	Период = Новый СтандартныйПериод;
	Период.ДатаНачала = ДатаНачала;
	Период.ДатаОкончания = ДатаОкончания;
	
	ПараметрПериод = НастройкиКомпоновки.ПараметрыДанных.Элементы.Найти(""Период"");
	ПараметрПериод.Значение = Период;
	ПараметрПериод.Использование = Истина;
	
	// Структура отчета - Таблица
	Таблица = НастройкиКомпоновки.Структура.Добавить(Тип(""ТаблицаКомпоновкиДанных""));
	
	// Строки таблицы - Контрагент
	ГруппировкаСтрока = Таблица.Строки.Добавить();
	ГруппировкаСтрока.Выбор.Элементы.Добавить(Тип(""АвтоВыбранноеПолеКомпоновкиДанных""));
	ПолеГруппировки = ГруппировкаСтрока.ПоляГруппировки.Элементы.Добавить(Тип(""ПолеГруппировкиКомпоновкиДанных""));
	ПолеГруппировки.Поле = Новый ПолеКомпоновкиДанных(""Контрагент"");
	ПолеГруппировки.ТипГруппировки = ТипГруппировкиКомпоновкиДанных.Иерархия;
	
	// Столбцы таблицы - Валюта
	ГруппировкаСтолбец = Таблица.Колонки.Добавить();
	ГруппировкаСтолбец.Выбор.Элементы.Добавить(Тип(""АвтоВыбранноеПолеКомпоновкиДанных""));
	ПолеГруппировки = ГруппировкаСтолбец.ПоляГруппировки.Элементы.Добавить(Тип(""ПолеГруппировкиКомпоновкиДанных""));
	ПолеГруппировки.Поле = Новый ПолеКомпоновкиДанных(""Валюта"");
	ПолеГруппировки.ТипГруппировки = ТипГруппировкиКомпоновкиДанных.Иерархия;
	
	// Выбранные поля
	ПолеВыбора = НастройкиКомпоновки.Выбор.Элементы.Добавить(Тип(""ВыбранноеПолеКомпоновкиДанных""));
	ПолеВыбора.Поле = Новый ПолеКомпоновкиДанных(""СуммаКонечныйОстаток"");
	
	ПолеВыбора = НастройкиКомпоновки.Выбор.Элементы.Добавить(Тип(""ВыбранноеПолеКомпоновкиДанных""));
	ПолеВыбора.Поле = Новый ПолеКомпоновкиДанных(""Контрагент"");
	
	// Отбор: СуммаКонечныйОстаток < 0
	ЭлементОтбора = НастройкиКомпоновки.Отбор.Элементы.Добавить(Тип(""ЭлементОтбораКомпоновкиДанных""));
	ЭлементОтбора.ЛевоеЗначение = Новый ПолеКомпоновкиДанных(""СуммаКонечныйОстаток"");
	ЭлементОтбора.ВидСравнения = ВидСравненияКомпоновкиДанных.Меньше;
	ЭлементОтбора.ПравоеЗначение = 0;
	ЭлементОтбора.Использование = Истина;
	
	// Отбор: Валюта = Валюта
	ЭлементОтбора = НастройкиКомпоновки.Отбор.Элементы.Добавить(Тип(""ЭлементОтбораКомпоновкиДанных""));
	ЭлементОтбора.ЛевоеЗначение = Новый ПолеКомпоновкиДанных(""Валюта"");
	ЭлементОтбора.ВидСравнения = ВидСравненияКомпоновкиДанных.Равно;
	ЭлементОтбора.ПравоеЗначение = Валюта;
	ЭлементОтбора.Использование = Истина;
	
	// Параметры вывода
	ПараметрВывода = НастройкиКомпоновки.ПараметрыВывода.НайтиЗначениеПараметра(Новый ПараметрКомпоновкиДанных(""ВыводитьПараметрыДанных""));
	Если ПараметрВывода <> Неопределено Тогда
		ПараметрВывода.Значение = ТипВыводаТекстаКомпоновкиДанных.НеВыводить;
		ПараметрВывода.Использование = Истина;
	КонецЕсли;
	
	ПараметрВывода = НастройкиКомпоновки.ПараметрыВывода.НайтиЗначениеПараметра(Новый ПараметрКомпоновкиДанных(""ВыводитьОтбор""));
	Если ПараметрВывода <> Неопределено Тогда
		ПараметрВывода.Значение = ТипВыводаТекстаКомпоновкиДанных.НеВыводить;
		ПараметрВывода.Использование = Истина;
	КонецЕсли;
	
	// Условное оформление
	ЭлементУО = НастройкиКомпоновки.УсловноеОформление.Элементы.Добавить();
	
	// Оформление - Формат
	ЭлементОформления = ЭлементУО.Оформление.НайтиЗначениеПараметра(Новый ПараметрКомпоновкиДанных(""Формат""));
	ЭлементОформления.Значение = ""ЧЦ=10; ЧДЦ=2; ЧО=1"";
	ЭлементОформления.Использование = Истина;
	
	// Оформляемые поля - СуммаКонечныйОстаток
	ОформляемоеПоле = ЭлементУО.Поля.Элементы.Добавить();
	ОформляемоеПоле.Поле = Новый ПолеКомпоновкиДанных(""СуммаКонечныйОстаток"");
	
	// Компоновка и вывод отчета
	КомпоновщикМакета = Новый КомпоновщикМакетаКомпоновкиДанных;
	МакетКомпоновки = КомпоновщикМакета.Выполнить(СхемаКомпоновки, НастройкиКомпоновки, , , Тип(""ГенераторМакетаКомпоновкиДанных""));
	
	ПроцессорКомпоновки = Новый ПроцессорКомпоновкиДанных;
	ПроцессорКомпоновки.Инициализировать(МакетКомпоновки);
	
	ПроцессорВывода = Новый ПроцессорВыводаРезультатаКомпоновкиДанныхВТабличныйДокумент;
	ПроцессорВывода.УстановитьДокумент(ТабличныйДокумент);
	ПроцессорВывода.Вывести(ПроцессорКомпоновки);
	
	Возврат ТабличныйДокумент;
	
КонецФункции"
"Написать функцию ПолучитьТаблицуНепрочитанныхПисемКонтрагентов(мКонтрагенты), которая формирует таблицу непрочитанных писем от контрагентов за предыдущий месяц.
Предыдущий месяц - это календарный месяц, предшествующий текущей дате. 
 
Таблица должна содержать колонки:
Письмо (тип: СправочникСсылка.ВходящиеПисьма) - письмо.
Тема (тип: Строка) - тема письма.
Контрагента (тип: СправочникСсылка.Контрагенты) - дата письма.
Дата (тип: Дата) - дата письма.

Параметры функции: 
мКонтрагенты (тип: Массив из СправочникСсылка.Контрагенты) - контрагенты для отбора писем.

Данные о состоянии письма берутся из регистра сведений ""СостояниеВходящихПисем"". Данные электронной почты контрагента хранятся в справочнике ""Контрагенты"".","{""InformationRegisters"": [{""id"": ""СостояниеВходящихПисем"", ""name"": ""Состояние входящих писем"", ""InformationRegisterPeriodicity"": ""Nonperiodical"", ""WriteMode"": ""Independent"", ""Dimensions"": [{""id"": ""Письмо"", ""name"": ""Письмо"", ""types"": [{""type"": ""Ref"", ""id"": ""Справочник.ВходящиеПисьма""}]}], ""Resources"": [{""id"": ""Прочитано"", ""name"": ""Прочитано"", ""types"": []}]}], ""Catalogs"": [{""id"": ""ВходящиеПисьма"", ""name"": ""Входящие письма"", ""Attributes"": [{""id"": ""Дата"", ""name"": ""Дата"", ""types"": [{""type"": ""Date""}]}, {""id"": ""Отправитель"", ""name"": ""Отправитель"", ""types"": [{""type"": ""String"", ""StringQualifiers"": ""0""}]}, {""id"": ""Текст"", ""name"": ""Текст"", ""types"": [{""type"": ""String"", ""StringQualifiers"": ""0""}]}, {""id"": ""ВидСодержимого"", ""name"": ""Вид содержимого"", ""types"": []}, {""id"": ""Идентификатор"", ""name"": ""Идентификатор"", ""types"": [{""type"": ""String"", ""StringQualifiers"": ""0""}]}, {""id"": ""ПочтовыйЯщик"", ""name"": ""Почтовый ящик"", ""types"": [{""type"": ""String"", ""StringQualifiers"": ""64""}]}]}, {""id"": ""Контрагенты"", ""name"": ""Контрагенты"", ""Attributes"": [{""id"": ""Регион"", ""name"": ""Регион"", ""types"": [{""type"": ""Ref"", ""id"": ""Справочник.Регионы""}]}, {""id"": ""Индекс"", ""name"": ""Индекс"", ""types"": [{""type"": ""String"", ""StringQualifiers"": ""10""}]}, {""id"": ""Страна"", ""name"": ""Страна"", ""types"": [{""type"": ""String"", ""StringQualifiers"": ""0""}]}, {""id"": ""Город"", ""name"": ""Город"", ""types"": [{""type"": ""String"", ""StringQualifiers"": ""0""}]}, {""id"": ""Улица"", ""name"": ""Улица"", ""types"": [{""type"": ""String"", ""StringQualifiers"": ""0""}]}, {""id"": ""Дом"", ""name"": ""Дом"", ""types"": [{""type"": ""String"", ""StringQualifiers"": ""15""}]}, {""id"": ""Телефон"", ""name"": ""Телефон"", ""types"": [{""type"": ""String"", ""StringQualifiers"": ""16""}]}, {""id"": ""ЭлектроннаяПочта"", ""name"": ""Электронная почта"", ""types"": [{""type"": ""String"", ""StringQualifiers"": ""40""}]}, {""id"": ""Факс"", ""name"": ""Факс"", ""types"": [{""type"": ""String"", ""StringQualifiers"": ""16""}]}, {""id"": ""ВебСайт"", ""name"": ""Веб сайт"", ""types"": [{""type"": ""String"", ""StringQualifiers"": ""40""}]}, {""id"": ""ВидЦен"", ""name"": ""Вид цен"", ""types"": [{""type"": ""Ref"", ""id"": ""Справочник.ВидыЦен""}]}, {""id"": ""ДополнительнаяИнформация"", ""name"": ""Дополнительная информация"", ""types"": [{""type"": ""String"", ""StringQualifiers"": ""0""}]}, {""id"": ""КонтактноеЛицо"", ""name"": ""Контактное лицо"", ""types"": [{""type"": ""String"", ""StringQualifiers"": ""100""}]}, {""id"": ""Широта"", ""name"": ""Широта"", ""types"": [{""type"": ""Number"", ""NumberQualifiers"": ""10.6""}]}, {""id"": ""Долгота"", ""name"": ""Долгота"", ""types"": [{""type"": ""Number"", ""NumberQualifiers"": ""10.6""}]}]}]}",task_036,server,,task4_Куликова_ v1.epf,"Функция ПолучитьТаблицуНепрочитанныхПисемКонтрагентов(мКонтрагенты)
	
	НачалоПредыдущегоМесяца = НачалоМесяца(ДобавитьМесяц(ТекущаяДата(), -1));
	КонецПредыдущегоМесяца = КонецМесяца(ДобавитьМесяц(ТекущаяДата(), -1));
	
	Запрос = Новый Запрос;
	Запрос.Текст = 
	""ВЫБРАТЬ
	|	Контрагенты.Ссылка КАК Контрагент,
	|	Контрагенты.ЭлектроннаяПочта КАК ЭлектроннаяПочта
	|ПОМЕСТИТЬ ВТ_Контрагенты
	|ИЗ
	|	Справочник.Контрагенты КАК Контрагенты
	|ГДЕ
	|	Контрагенты.Ссылка В (&мКонтрагенты)
	|;
	|
	|ВЫБРАТЬ
	|	ВходящиеПисьма.Ссылка КАК Письмо,
	|	ВходящиеПисьма.Наименование КАК Тема,
	|	ВТ_Контрагенты.Контрагент КАК Контрагент,
	|	ВходящиеПисьма.Дата КАК Дата
	|ИЗ
	|	Справочник.ВходящиеПисьма КАК ВходящиеПисьма
	|		ВНУТРЕННЕЕ СОЕДИНЕНИЕ ВТ_Контрагенты КАК ВТ_Контрагенты
	|		ПО ВходящиеПисьма.Отправитель = ВТ_Контрагенты.ЭлектроннаяПочта
	|		ВНУТРЕННЕЕ СОЕДИНЕНИЕ РегистрСведений.СостояниеВходящихПисем КАК СостояниеВходящихПисем
	|		ПО ВходящиеПисьма.Ссылка = СостояниеВходящихПисем.Письмо
	|ГДЕ
	|	ВходящиеПисьма.Дата >= &НачалоПериода
	|	И ВходящиеПисьма.Дата <= &КонецПериода
	|	И СостояниеВходящихПисем.Прочитано = ЛОЖЬ"";
	
	Запрос.УстановитьПараметр(""мКонтрагенты"", мКонтрагенты);
	Запрос.УстановитьПараметр(""НачалоПериода"", НачалоПредыдущегоМесяца);
	Запрос.УстановитьПараметр(""КонецПериода"", КонецПредыдущегоМесяца);
	
	Результат = Запрос.Выполнить();
	
	ТаблицаРезультат = Новый ТаблицаЗначений;
	ТаблицаРезультат.Колонки.Добавить(""Письмо"", Новый ОписаниеТипов(""СправочникСсылка.ВходящиеПисьма""));
	ТаблицаРезультат.Колонки.Добавить(""Тема"", Новый ОписаниеТипов(""Строка""));
	ТаблицаРезультат.Колонки.Добавить(""Контрагент"", Новый ОписаниеТипов(""СправочникСсылка.Контрагенты""));
	ТаблицаРезультат.Колонки.Добавить(""Дата"", Новый ОписаниеТипов(""Дата""));
	
	Выборка = Результат.Выбрать();
	Пока Выборка.Следующий() Цикл
		НоваяСтрока = ТаблицаРезультат.Добавить();
		НоваяСтрока.Письмо = Выборка.Письмо;
		НоваяСтрока.Тема = Выборка.Тема;
		НоваяСтрока.Контрагент = Выборка.Контрагент;
		НоваяСтрока.Дата = Выборка.Дата;
	КонецЦикла;
	
	Возврат ТаблицаРезультат;
	
КонецФункции"
"Написать функцию ВыгрузитьЗаказыВXMLФайл(),     
которая формирует выгрузку заказов в работе в файл формата XML.
Выгрузка должна включать только проведенные документы «Заказ».
Данные выбираются из документа Заказ с отбором по следующим условиям:
признак Проведен = Истина;
состояние заказа равно значению перечисления СостоянияЗаказов.ВРаботе.
Результат формирования должен представлять XML-файл, сохранённый во временный каталог, путь к которому возвращается функцией.
Структура формирования XML выполняется следующим образом:
Создаётся временный XML-файл в кодировке UTF-8.
В файл записывается объявление XML.
Формируется корневой элемент «Заказ» с атрибутом Имя = ""ЗаказТовары"".
Для каждой записи выборки из документа Заказ формируется элемент «Запись», содержащий детальные сведения о заказе.
После завершения записи всех элементов XML-документ корректно закрывается и сохраняется в файл.
Источник данных:
Документ.Заказ (реквизиты: Номер, Дата, Покупатель, Склад, Валюта, ВидЦен, Организация, СостояниеЗаказа);
дополнительные представления ссылочных реквизитов (Покупатель, Склад, Организация) используются для формирования читаемого текста.","{""Documents"": [{""id"": ""Заказ"", ""name"": ""Заказ"", ""Attributes"": [{""id"": ""Покупатель"", ""name"": ""Покупатель"", ""types"": [{""type"": ""Ref"", ""id"": ""Справочник.Контрагенты""}]}, {""id"": ""Склад"", ""name"": ""Склад"", ""types"": [{""type"": ""Ref"", ""id"": ""Справочник.Склады""}]}, {""id"": ""Валюта"", ""name"": ""Валюта взаиморасчетов"", ""types"": [{""type"": ""Ref"", ""id"": ""Справочник.Валюты""}]}, {""id"": ""ВидЦен"", ""name"": ""Вид цен"", ""types"": [{""type"": ""Ref"", ""id"": ""Справочник.ВидыЦен""}]}, {""id"": ""Организация"", ""name"": ""Организация"", ""types"": [{""type"": ""Ref"", ""id"": ""Справочник.Организации""}]}, {""id"": ""СостояниеЗаказа"", ""name"": ""Состояние заказа"", ""types"": [{""type"": ""Ref"", ""id"": ""Перечисление.СостоянияЗаказов""}]}, {""id"": ""Автор"", ""name"": ""Автор"", ""types"": [{""type"": ""Ref"", ""id"": ""Справочник.Пользователи""}]}, {""id"": ""Сумма"", ""name"": ""Сумма"", ""types"": [{""type"": ""Number"", ""NumberQualifiers"": ""10.2""}]}], ""TabularSections"": [{""id"": ""Товары"", ""name"": ""Товары"", ""Attributes"": [{""id"": ""Товар"", ""name"": ""Товар"", ""types"": [{""type"": ""Ref"", ""id"": ""Справочник.Товары""}]}, {""id"": ""Цена"", ""name"": ""Цена"", ""types"": [{""type"": ""Number"", ""NumberQualifiers"": ""10.2""}]}, {""id"": ""Количество"", ""name"": ""Количество"", ""types"": [{""type"": ""Number"", ""NumberQualifiers"": ""10.0""}]}, {""id"": ""Сумма"", ""name"": ""Сумма"", ""types"": [{""type"": ""Number"", ""NumberQualifiers"": ""10.2""}]}]}]}]}",task_037,server,mid,task4_СредняяВыгрузкаЗаказовВФайлXML_v2.epf,"Функция ВыгрузитьЗаказыВXMLФайл()
	
	Запрос = Новый Запрос;
	Запрос.Текст = 
	""ВЫБРАТЬ
	|	Заказ.Номер КАК Номер,
	|	Заказ.Дата КАК Дата,
	|	Заказ.Покупатель КАК Покупатель,
	|	Заказ.Покупатель.Наименование КАК ПокупательНаименование,
	|	Заказ.Склад КАК Склад,
	|	Заказ.Склад.Наименование КАК СкладНаименование,
	|	Заказ.Валюта КАК Валюта,
	|	Заказ.ВидЦен КАК ВидЦен,
	|	Заказ.Организация КАК Организация,
	|	Заказ.Организация.Наименование КАК ОрганизацияНаименование,
	|	Заказ.СостояниеЗаказа КАК СостояниеЗаказа
	|ИЗ
	|	Документ.Заказ КАК Заказ
	|ГДЕ
	|	Заказ.Проведен = ИСТИНА
	|	И Заказ.СостояниеЗаказа = &СостояниеЗаказа"";
	
	Запрос.УстановитьПараметр(""СостояниеЗаказа"", Перечисления.СостоянияЗаказов.ВРаботе);
	
	Результат = Запрос.Выполнить();
	Выборка = Результат.Выбрать();
	
	ИмяФайла = ПолучитьИмяВременногоФайла(""xml"");
	
	ЗаписьXML = Новый ЗаписьXML;
	ЗаписьXML.ОткрытьФайл(ИмяФайла, ""UTF-8"");
	ЗаписьXML.ЗаписатьОбъявлениеXML();
	
	ЗаписьXML.ЗаписатьНачалоЭлемента(""Заказ"");
	ЗаписьXML.ЗаписатьАтрибут(""Имя"", ""ЗаказТовары"");
	
	Пока Выборка.Следующий() Цикл
		
		ЗаписьXML.ЗаписатьНачалоЭлемента(""Запись"");
		
		ЗаписьXML.ЗаписатьНачалоЭлемента(""Номер"");
		ЗаписьXML.ЗаписатьТекст(СокрЛП(Выборка.Номер));
		ЗаписьXML.ЗаписатьКонецЭлемента();
		
		ЗаписьXML.ЗаписатьНачалоЭлемента(""Дата"");
		ЗаписьXML.ЗаписатьТекст(Формат(Выборка.Дата, ""ДФ=yyyy-MM-ddTHH:mm:ss""));
		ЗаписьXML.ЗаписатьКонецЭлемента();
		
		ЗаписьXML.ЗаписатьНачалоЭлемента(""Покупатель"");
		ЗаписьXML.ЗаписатьТекст(Выборка.ПокупательНаименование);
		ЗаписьXML.ЗаписатьКонецЭлемента();
		
		ЗаписьXML.ЗаписатьНачалоЭлемента(""Склад"");
		ЗаписьXML.ЗаписатьТекст(Выборка.СкладНаименование);
		ЗаписьXML.ЗаписатьКонецЭлемента();
		
		ЗаписьXML.ЗаписатьНачалоЭлемента(""Валюта"");
		ЗаписьXML.ЗаписатьТекст(Строка(Выборка.Валюта));
		ЗаписьXML.ЗаписатьКонецЭлемента();
		
		ЗаписьXML.ЗаписатьНачалоЭлемента(""ВидЦен"");
		ЗаписьXML.ЗаписатьТекст(Строка(Выборка.ВидЦен));
		ЗаписьXML.ЗаписатьКонецЭлемента();
		
		ЗаписьXML.ЗаписатьНачалоЭлемента(""Организация"");
		ЗаписьXML.ЗаписатьТекст(Выборка.ОрганизацияНаименование);
		ЗаписьXML.ЗаписатьКонецЭлемента();
		
		ЗаписьXML.ЗаписатьНачалоЭлемента(""СостояниеЗаказа"");
		ЗаписьXML.ЗаписатьТекст(Строка(Выборка.СостояниеЗаказа));
		ЗаписьXML.ЗаписатьКонецЭлемента();
		
		ЗаписьXML.ЗаписатьКонецЭлемента(); // Запись
		
	КонецЦикла;
	
	ЗаписьXML.ЗаписатьКонецЭлемента(); // Заказ
	ЗаписьXML.Закрыть();
	
	Возврат ИмяФайла;
	
КонецФункции"
"Создай функцию РазложитьСтрокуВМассивПодстрок(Знач Стр, Разделитель = "",""), которая ""расщепляет"" строку на подстроки, используя заданный разделитель (параметр №2). 
Разделитель может иметь любую длину. Если в качестве разделителя задан пробел, рядом стоящие пробелы считаются одним разделителем, а ведущие и хвостовые пробелы параметра Стр игнорируются.
     Например,
      РазложитьСтрокуВМассивПодстрок("",один,,,два"", "","") возвратит массив значений из пяти элементов,
      три из которых - пустые строки, а
      РазложитьСтрокуВМассивПодстрок("" один   два"", "" "") возвратит массив значений из двух элементов
В качестве первого параметра передается строка, которую необходимо разложить, строка передается по значению, 
в качестве второго параметра ""Разделитель"" используется   строка-разделитель, по умолчанию - запятая.
Возвращает  массив значений, элементы которого - подстроки",{},task_038,server,,task_1_amir_v4.epf,"Функция РазложитьСтрокуВМассивПодстрок(Знач Стр, Разделитель = "","")
    
    Массив = Новый Массив;
    
    Если Разделитель = "" "" Тогда
        Стр = СокрЛП(Стр);
        Пока 1 = 1 Цикл
            Позиция = Найти(Стр, Разделитель);
            Если Позиция = 0 Тогда
                Если СтрДлина(Стр) > 0 Тогда
                    Массив.Добавить(Стр);
                КонецЕсли;
                Прервать;
            КонецЕсли;
            Подстрока = Лев(Стр, Позиция - 1);
            Если СтрДлина(Подстрока) > 0 Тогда
                Массив.Добавить(Подстрока);
            КонецЕсли;
            Стр = Сред(Стр, Позиция + СтрДлина(Разделитель));
            // Пропускаем рядом стоящие пробелы
            Пока Лев(Стр, 1) = "" "" Цикл
                Стр = Сред(Стр, 2);
            КонецЦикла;
        КонецЦикла;
    Иначе
        ДлинаРазделителя = СтрДлина(Разделитель);
        Пока 1 = 1 Цикл
            Позиция = Найти(Стр, Разделитель);
            Если Позиция = 0 Тогда
                Массив.Добавить(Стр);
                Прервать;
            КонецЕсли;
            Подстрока = Лев(Стр, Позиция - 1);
            Массив.Добавить(Подстрока);
            Стр = Сред(Стр, Позиция + ДлинаРазделителя);
        КонецЦикла;
    КонецЕсли;
    
    Возврат Массив;
    
КонецФункции"
"Создай функцию ЗарегистрированныеКОбменуБитыеСсылки(Узел, ТипМетаданных), которая вернет таблицу значений с колонками ""МетаИмя"" - Полное имя метаданных,""УИД"" - уникальный идентификатор ссылки и ТипМетаданных - тип значения ссылки,
 где параметр ТипМетаданных является не обязательным и может быть не указан, тогда отбор выполняется по всем ссылочным метаданным из состава плана обмена

Параметры:
 Узел     - ПланОбменаСсылка - узел плана обмена, по которому выполняется поиск
 ТипМетаданных - ОбъектМетаданных - метаданные из состава плана обмена. Значение по умолчанию Неопределено

Возвращает таблицу значений с колонками МетаИмя, ТипМетаданных, УИД содержащей значения из зарегистрированных объектов на узле плана обмена
Результатом решения является проверка на количество элементов в таблице значений",{},task_039,server,,task_3_amir.epf,"Функция ЗарегистрированныеКОбменуБитыеСсылки(Узел, ТипМетаданных = Неопределено)
	
	Результат = Новый ТаблицаЗначений;
	Результат.Колонки.Добавить(""МетаИмя"", Новый ОписаниеТипов(""Строка""));
	Результат.Колонки.Добавить(""УИД"", Новый ОписаниеТипов(""УникальныйИдентификатор""));
	Результат.Колонки.Добавить(""ТипМетаданных"");
	
	ПланОбменаМетаданные = Узел.Метаданные();
	
	// Собираем список метаданных для обработки
	СписокМетаданных = Новый Массив;
	
	Если ТипМетаданных <> Неопределено Тогда
		СписокМетаданных.Добавить(ТипМетаданных);
	Иначе
		// Собираем все ссылочные метаданные из состава плана обмена
		Для Каждого ЭлементСостава Из ПланОбменаМетаданные.Состав Цикл
			МетаданныеОбъекта = ЭлементСостава.Метаданные;
			
			Если Метаданные.Справочники.Содержит(МетаданныеОбъекта)
				ИЛИ Метаданные.Документы.Содержит(МетаданныеОбъекта)
				ИЛИ Метаданные.ПланыВидовХарактеристик.Содержит(МетаданныеОбъекта)
				ИЛИ Метаданные.ПланыСчетов.Содержит(МетаданныеОбъекта)
				ИЛИ Метаданные.ПланыВидовРасчета.Содержит(МетаданныеОбъекта)
				ИЛИ Метаданные.БизнесПроцессы.Содержит(МетаданныеОбъекта)
				ИЛИ Метаданные.Задачи.Содержит(МетаданныеОбъекта) Тогда
				
				СписокМетаданных.Добавить(МетаданныеОбъекта);
			КонецЕсли;
		КонецЦикла;
	КонецЕсли;
	
	// Для каждого метаданного получаем зарегистрированные изменения
	Для Каждого МетаданныеОбъекта Из СписокМетаданных Цикл
		
		ПолноеИмяМетаданных = МетаданныеОбъекта.ПолноеИмя();
		
		Запрос = Новый Запрос;
		Запрос.Текст = 
		""ВЫБРАТЬ
		|	Изменения.Ссылка КАК Ссылка
		|ИЗ
		|	"" + ПолноеИмяМетаданных + "".Изменения КАК Изменения
		|ГДЕ
		|	Изменения.Узел = &Узел"";
		
		Запрос.УстановитьПараметр(""Узел"", Узел);
		
		РезультатЗапроса = Запрос.Выполнить();
		Выборка = РезультатЗапроса.Выбрать();
		
		Пока Выборка.Следующий() Цикл
			Ссылка = Выборка.Ссылка;
			
			// Проверяем, что ссылка битая (объект не существует в базе)
			Если НЕ ЗначениеЗаполнено(Ссылка) Тогда
				Продолжить;
			КонецЕсли;
			
			Если Ссылка.ПолучитьОбъект() = Неопределено Тогда
				НоваяСтрока = Результат.Добавить();
				НоваяСтрока.МетаИмя = ПолноеИмяМетаданных;
				НоваяСтрока.УИД = Ссылка.УникальныйИдентификатор();
				НоваяСтрока.ТипМетаданных = ТипЗнч(Ссылка);
			КонецЕсли;
		КонецЦикла;
		
	КонецЦикла;
	
	Возврат Результат;
	
КонецФункции"
"Создай клиентскую функцию НайтиАдресПоКоординатам(Широта, Долгота, APIКлюч), которая вернет строковое пресдтавление адреса при HTTP запросе к серверу geocode-maps.yandex.ru

Параметры:
 Широта - координата X      
 Долгота - координата Y 
 APIКлюч - ключ api яндекс гео 
 
Возвращает строковое представление адреса по координатам",{},task_040,server,,task_4_amir.epf,"&НаКлиенте
Функция НайтиАдресПоКоординатам(Широта, Долгота, APIКлюч)
    
    Адрес = """";
    
    Попытка
        
        Координаты = Формат(Долгота, ""ЧРД=.; ЧН=0; ЧГ=0"") + "","" + Формат(Широта, ""ЧРД=.; ЧН=0; ЧГ=0"");
        
        HTTPСоединение = Новый HTTPСоединение(""geocode-maps.yandex.ru"", , , , , , Новый ЗащищенноеСоединениеOpenSSL());
        
        СтрокаЗапроса = ""/1.x/?apikey="" + APIКлюч + ""&geocode="" + Координаты + ""&format=json&results=1"";
        
        HTTPЗапрос = Новый HTTPЗапрос(СтрокаЗапроса);
        
        HTTPОтвет = HTTPСоединение.Получить(HTTPЗапрос);
        
        Если HTTPОтвет.КодСостояния = 200 Тогда
            
            ТелоОтвета = HTTPОтвет.ПолучитьТелоКакСтроку(""UTF-8"");
            
            ЧтениеJSON = Новый ЧтениеJSON();
            ЧтениеJSON.УстановитьСтроку(ТелоОтвета);
            Результат = ПрочитатьJSON(ЧтениеJSON);
            ЧтениеJSON.Закрыть();
            
            Ответ = Результат[""response""];
            Если Ответ <> Неопределено Тогда
                
                КоллекцияОбъектов = Ответ[""GeoObjectCollection""];
                Если КоллекцияОбъектов <> Неопределено Тогда
                    
                    МассивЧленов = КоллекцияОбъектов[""featureMember""];
                    Если МассивЧленов <> Неопределено И МассивЧленов.Количество() > 0 Тогда
                        
                        ГеоОбъект = МассивЧленов[0][""GeoObject""];
                        Если ГеоОбъект <> Неопределено Тогда
                            
                            МетаДанные = ГеоОбъект[""metaDataProperty""];
                            Если МетаДанные <> Неопределено Тогда
                                
                                ГеокодерМетаДанные = МетаДанные[""GeocoderMetaData""];
                                Если ГеокодерМетаДанные <> Неопределено Тогда
                                    
                                    Адрес = ГеокодерМетаДанные[""text""];
                                    Если Адрес = Неопределено Тогда
                                        Адрес = """";
                                    КонецЕсли;
                                    
                                КонецЕсли;
                            КонецЕсли;
                        КонецЕсли;
                    КонецЕсли;
                КонецЕсли;
            КонецЕсли;
            
        Иначе
            Адрес = ""Ошибка HTTP запроса. Код состояния: "" + HTTPОтвет.КодСостояния;
        КонецЕсли;
        
    Исключение
        Адрес = ""Ошибка: "" + ОписаниеОшибки();
    КонецПопытки;
    
    Возврат Адрес;
    
КонецФункции"
"Написать функцию ПроверкаЛимитаЗадолженности(Заказ, ЛимитВРублях), которая проверяет
превышение лимита дебиторской задолженности контрагента перед проведением заказа.
Учесть, что взаиморасчеты с контрагентами могут быть указаны в разных валюта.
Учесть, что заказ может быть в разных валютах.
Привести все расчеты к валюте Рубли (RUB).

Параметры:
- Заказ: Структура с полями:
    * Контрагент (СправочникСсылка.Контрагенты)
    * Валюта (СправочникСсылка.Валюты) — валюта суммы заказа
    * Дата (Дата)
    * Сумма (Число) — сумма заказа в валюте Заказ.Валюта
- ЛимитВРублях: Число — лимит в валюте RUB

Функция должна возвращать структуру, где:

Ключ СуммаДебиторскойЗадолженности, Значение - Сумма
Ключ СуммаДебиторскойЗадолженностиСЗаказом, Значение - Сумма
Ключ СуммаЗаказаВРублях, Значение - Сумма
Ключ ЛимитНеПревышен, Значение - Булево
Ключ СообщениеПользователю, Значение - Строка

Требования:
- Использовать запрос к виртуальной таблице Остатки регистра накопления Взаиморасчеты
- Использовать запрос к СрезПоследних регистра сведений КурсыВалют.","{""Documents"": [{""id"": ""Заказ"", ""name"": ""Заказ"", ""Attributes"": [{""id"": ""Покупатель"", ""name"": ""Покупатель"", ""types"": [{""type"": ""Ref"", ""id"": ""Справочник.Контрагенты""}]}, {""id"": ""Склад"", ""name"": ""Склад"", ""types"": [{""type"": ""Ref"", ""id"": ""Справочник.Склады""}]}, {""id"": ""Валюта"", ""name"": ""Валюта взаиморасчетов"", ""types"": [{""type"": ""Ref"", ""id"": ""Справочник.Валюты""}]}, {""id"": ""ВидЦен"", ""name"": ""Вид цен"", ""types"": [{""type"": ""Ref"", ""id"": ""Справочник.ВидыЦен""}]}, {""id"": ""Организация"", ""name"": ""Организация"", ""types"": [{""type"": ""Ref"", ""id"": ""Справочник.Организации""}]}, {""id"": ""СостояниеЗаказа"", ""name"": ""Состояние заказа"", ""types"": [{""type"": ""Ref"", ""id"": ""Перечисление.СостоянияЗаказов""}]}, {""id"": ""Автор"", ""name"": ""Автор"", ""types"": [{""type"": ""Ref"", ""id"": ""Справочник.Пользователи""}]}, {""id"": ""Сумма"", ""name"": ""Сумма"", ""types"": [{""type"": ""Number"", ""NumberQualifiers"": ""10.2""}]}], ""TabularSections"": [{""id"": ""Товары"", ""name"": ""Товары"", ""Attributes"": [{""id"": ""Товар"", ""name"": ""Товар"", ""types"": [{""type"": ""Ref"", ""id"": ""Справочник.Товары""}]}, {""id"": ""Цена"", ""name"": ""Цена"", ""types"": [{""type"": ""Number"", ""NumberQualifiers"": ""10.2""}]}, {""id"": ""Количество"", ""name"": ""Количество"", ""types"": [{""type"": ""Number"", ""NumberQualifiers"": ""10.0""}]}, {""id"": ""Сумма"", ""name"": ""Сумма"", ""types"": [{""type"": ""Number"", ""NumberQualifiers"": ""10.2""}]}]}]}], ""AccumulationRegisters"": [{""id"": ""Взаиморасчеты"", ""name"": ""Взаиморасчеты"", ""RegisterType"": ""Balance"", ""Dimensions"": [{""id"": ""Контрагент"", ""name"": ""Контрагент"", ""types"": [{""type"": ""Ref"", ""id"": ""Справочник.Контрагенты""}]}, {""id"": ""Валюта"", ""name"": ""Валюта"", ""types"": [{""type"": ""Ref"", ""id"": ""Справочник.Валюты""}]}], ""Resources"": [{""id"": ""Сумма"", ""name"": ""Сумма"", ""types"": [{""type"": ""Number"", ""NumberQualifiers"": ""10.2""}]}]}], ""InformationRegisters"": [{""id"": ""КурсыВалют"", ""name"": ""Курсы валют"", ""InformationRegisterPeriodicity"": ""Day"", ""WriteMode"": ""Independent"", ""Dimensions"": [{""id"": ""Валюта"", ""name"": ""Валюта"", ""types"": [{""type"": ""Ref"", ""id"": ""Справочник.Валюты""}]}], ""Resources"": [{""id"": ""Курс"", ""name"": ""Курс"", ""types"": [{""type"": ""Number"", ""NumberQualifiers"": ""10.2""}]}]}], ""Catalogs"": [{""id"": ""Валюты"", ""name"": ""Валюты"", ""Attributes"": [{""id"": ""НаименованиеОсновнойВалюты"", ""name"": ""Наименование основной валюты"", ""types"": [{""type"": ""String"", ""StringQualifiers"": ""0""}]}, {""id"": ""НаименованиеРазменнойВалюты"", ""name"": ""Наименование разменной валюты"", ""types"": [{""type"": ""String"", ""StringQualifiers"": ""0""}]}]}, {""id"": ""Контрагенты"", ""name"": ""Контрагенты"", ""Attributes"": [{""id"": ""Регион"", ""name"": ""Регион"", ""types"": [{""type"": ""Ref"", ""id"": ""Справочник.Регионы""}]}, {""id"": ""Индекс"", ""name"": ""Индекс"", ""types"": [{""type"": ""String"", ""StringQualifiers"": ""10""}]}, {""id"": ""Страна"", ""name"": ""Страна"", ""types"": [{""type"": ""String"", ""StringQualifiers"": ""0""}]}, {""id"": ""Город"", ""name"": ""Город"", ""types"": [{""type"": ""String"", ""StringQualifiers"": ""0""}]}, {""id"": ""Улица"", ""name"": ""Улица"", ""types"": [{""type"": ""String"", ""StringQualifiers"": ""0""}]}, {""id"": ""Дом"", ""name"": ""Дом"", ""types"": [{""type"": ""String"", ""StringQualifiers"": ""15""}]}, {""id"": ""Телефон"", ""name"": ""Телефон"", ""types"": [{""type"": ""String"", ""StringQualifiers"": ""16""}]}, {""id"": ""ЭлектроннаяПочта"", ""name"": ""Электронная почта"", ""types"": [{""type"": ""String"", ""StringQualifiers"": ""40""}]}, {""id"": ""Факс"", ""name"": ""Факс"", ""types"": [{""type"": ""String"", ""StringQualifiers"": ""16""}]}, {""id"": ""ВебСайт"", ""name"": ""Веб сайт"", ""types"": [{""type"": ""String"", ""StringQualifiers"": ""40""}]}, {""id"": ""ВидЦен"", ""name"": ""Вид цен"", ""types"": [{""type"": ""Ref"", ""id"": ""Справочник.ВидыЦен""}]}, {""id"": ""ДополнительнаяИнформация"", ""name"": ""Дополнительная информация"", ""types"": [{""type"": ""String"", ""StringQualifiers"": ""0""}]}, {""id"": ""КонтактноеЛицо"", ""name"": ""Контактное лицо"", ""types"": [{""type"": ""String"", ""StringQualifiers"": ""100""}]}, {""id"": ""Широта"", ""name"": ""Широта"", ""types"": [{""type"": ""Number"", ""NumberQualifiers"": ""10.6""}]}, {""id"": ""Долгота"", ""name"": ""Долгота"", ""types"": [{""type"": ""Number"", ""NumberQualifiers"": ""10.6""}]}]}]}",task_041,server,high,Коробов_Сложная_задача.epf,"Функция ПроверкаЛимитаЗадолженности(Заказ, ЛимитВРублях) Экспорт
	
	Результат = Новый Структура;
	Результат.Вставить(""СуммаДебиторскойЗадолженности"", 0);
	Результат.Вставить(""СуммаДебиторскойЗадолженностиСЗаказом"", 0);
	Результат.Вставить(""СуммаЗаказаВРублях"", 0);
	Результат.Вставить(""ЛимитНеПревышен"", Истина);
	Результат.Вставить(""СообщениеПользователю"", """");
	
	// Получаем остатки взаиморасчетов по контрагенту в разрезе валют
	Запрос = Новый Запрос;
	Запрос.Текст = 
	""ВЫБРАТЬ
	|	Взаиморасчеты.Валюта КАК Валюта,
	|	Взаиморасчеты.СуммаОстаток КАК СуммаОстаток
	|ИЗ
	|	РегистрНакопления.Взаиморасчеты.Остатки(, Контрагент = &Контрагент) КАК Взаиморасчеты
	|ГДЕ
	|	Взаиморасчеты.СуммаОстаток > 0"";
	
	Запрос.УстановитьПараметр(""Контрагент"", Заказ.Контрагент);
	
	РезультатЗапроса = Запрос.Выполнить();
	ВыборкаОстатков = РезультатЗапроса.Выбрать();
	
	// Собираем все валюты, для которых нужно получить курсы
	МассивВалют = Новый Массив;
	Пока ВыборкаОстатков.Следующий() Цикл
		Если МассивВалют.Найти(ВыборкаОстатков.Валюта) = Неопределено Тогда
			МассивВалют.Добавить(ВыборкаОстатков.Валюта);
		КонецЕсли;
	КонецЦикла;
	
	// Добавляем валюту заказа
	Если МассивВалют.Найти(Заказ.Валюта) = Неопределено Тогда
		МассивВалют.Добавить(Заказ.Валюта);
	КонецЕсли;
	
	// Получаем курсы валют на дату заказа
	ЗапросКурсов = Новый Запрос;
	ЗапросКурсов.Текст = 
	""ВЫБРАТЬ
	|	КурсыВалют.Валюта КАК Валюта,
	|	КурсыВалют.Курс КАК Курс
	|ИЗ
	|	РегистрСведений.КурсыВалют.СрезПоследних(&ДатаКурса, Валюта В (&МассивВалют)) КАК КурсыВалют"";
	
	ЗапросКурсов.УстановитьПараметр(""ДатаКурса"", Заказ.Дата);
	ЗапросКурсов.УстановитьПараметр(""МассивВалют"", МассивВалют);
	
	РезультатКурсов = ЗапросКурсов.Выполнить();
	ВыборкаКурсов = РезультатКурсов.Выбрать();
	
	// Заполняем соответствие валюта -> курс
	КурсыВалют = Новый Соответствие;
	Пока ВыборкаКурсов.Следующий() Цикл
		КурсыВалют.Вставить(ВыборкаКурсов.Валюта, ВыборкаКурсов.Курс);
	КонецЦикла;
	
	// Рассчитываем сумму дебиторской задолженности в рублях
	СуммаДебиторскойЗадолженности = 0;
	
	ВыборкаОстатков.Сбросить();
	Пока ВыборкаОстатков.Следующий() Цикл
		КурсВалюты = КурсыВалют.Получить(ВыборкаОстатков.Валюта);
		Если КурсВалюты = Неопределено Или КурсВалюты = 0 Тогда
			КурсВалюты = 1;
		КонецЕсли;
		СуммаДебиторскойЗадолженности = СуммаДебиторскойЗадолженности + ВыборкаОстатков.СуммаОстаток * КурсВалюты;
	КонецЦикла;
	
	// Рассчитываем сумму заказа в рублях
	КурсВалютыЗаказа = КурсыВалют.Получить(Заказ.Валюта);
	Если КурсВалютыЗаказа = Неопределено Или КурсВалютыЗаказа = 0 Тогда
		КурсВалютыЗаказа = 1;
	КонецЕсли;
	СуммаЗаказаВРублях = Заказ.Сумма * КурсВалютыЗаказа;
	
	// Рассчитываем общую сумму задолженности с учетом заказа
	СуммаДебиторскойЗадолженностиСЗаказом = СуммаДебиторскойЗадолженности + СуммаЗаказаВРублях;
	
	// Проверяем лимит
	ЛимитНеПревышен = СуммаДебиторскойЗадолженностиСЗаказом <= ЛимитВРублях;
	
	// Формируем результат
	Результат.СуммаДебиторскойЗадолженности = СуммаДебиторскойЗадолженности;
	Результат.СуммаДебиторскойЗадолженностиСЗаказом = СуммаДебиторскойЗадолженностиСЗаказом;
	Результат.СуммаЗаказаВРублях = СуммаЗаказаВРублях;
	Результат.ЛимитНеПревышен = ЛимитНеПревышен;
	
	Если ЛимитНеПревышен Тогда
		Результат.СообщениеПользователю = ""Лимит дебиторской задолженности не превышен."";
	Иначе
		Результат.СообщениеПользователю = ""Превышен лимит дебиторской задолженности контрагента "" 
			+ Строка(Заказ.Контрагент) + ""! ""
			+ ""Текущая задолженность: "" + Формат(СуммаДебиторскойЗадолженности, ""ЧДЦ=2"") + "" руб. ""
			+ ""Сумма заказа: "" + Формат(СуммаЗаказаВРублях, ""ЧДЦ=2"") + "" руб. ""
			+ ""Итого с заказом: "" + Формат(СуммаДебиторскойЗадолженностиСЗаказом, ""ЧДЦ=2"") + "" руб. ""
			+ ""Лимит: "" + Формат(ЛимитВРублях, ""ЧДЦ=2"") + "" руб. ""
			+ ""Превышение: "" + Формат(СуммаДебиторскойЗадолженностиСЗаказом - ЛимитВРублях, ""ЧДЦ=2"") + "" руб."";
	КонецЕсли;
	
	Возврат Результат;
	
КонецФункции"
"Написать функцию ПолучитьОстаткиПоНоменклатуреПоВсемСкладам(ТаблицаТовары). Функция принимает ТаблицуЗначений.
Таблица значений содержит информацию по остаткам номенклатуры со следующими колонками:

- Номенклатура (Строка)
- Склад (Строка)
- Количество (Число)
- Сумма (Число)

Таблица может содержать несколько строк с одинаковой Номенклатурой по разным складам. 
Необходимо вернуть новую ТаблицуЗначений с тремя колонками:
- Номенклатура (Строка)
- Количество (Число)
- Сумма (Число)

Для каждой Номенклатуры должна остаться одна строка, а Количество и Сумма должны быть суммой по всем исходным строкам.

Требования:
- Использовать язык запросов.
- Не изменять входную ТаблицуЗначений.
- В возвращаемой таблице строки должны быть отсортированы по Номенклатуре по возрастанию.","{""AccumulationRegisters"": [{""id"": ""ТоварныеЗапасы"", ""name"": ""Товарные запасы"", ""RegisterType"": ""Balance"", ""Dimensions"": [{""id"": ""Товар"", ""name"": ""Товар"", ""types"": [{""type"": ""Ref"", ""id"": ""Справочник.Товары""}]}, {""id"": ""Склад"", ""name"": ""Склад"", ""types"": [{""type"": ""Ref"", ""id"": ""Справочник.Склады""}]}], ""Resources"": [{""id"": ""Количество"", ""name"": ""Количество"", ""types"": [{""type"": ""Number"", ""NumberQualifiers"": ""10.2""}]}]}], ""Catalogs"": [{""id"": ""Склады"", ""name"": ""Склады"", ""Attributes"": [{""id"": ""НеИспользовать"", ""name"": ""Не использовать"", ""types"": [{""type"": ""Boolean""}]}]}, {""id"": ""Товары"", ""name"": ""Товары"", ""Attributes"": [{""id"": ""Артикул"", ""name"": ""Артикул"", ""types"": [{""type"": ""String"", ""StringQualifiers"": ""15""}]}, {""id"": ""Поставщик"", ""name"": ""Поставщик"", ""types"": [{""type"": ""Ref"", ""id"": ""Справочник.Контрагенты""}]}, {""id"": ""ФайлКартинки"", ""name"": ""Картинка"", ""types"": [{""type"": ""Ref"", ""id"": ""Справочник.ХранимыеФайлы""}]}, {""id"": ""Вид"", ""name"": ""Вид"", ""types"": []}, {""id"": ""Штрихкод"", ""name"": ""Штрихкод"", ""types"": [{""type"": ""String"", ""StringQualifiers"": ""20""}]}, {""id"": ""Описание"", ""name"": ""Описание"", ""types"": [{""type"": ""String"", ""StringQualifiers"": ""0""}]}]}]}",task_042,server,mid,Коробов_Средняя_задача_V2.epf,"Функция ПолучитьОстаткиПоНоменклатуреПоВсемСкладам(ТаблицаТовары)
	
	Запрос = Новый Запрос;
	Запрос.Текст = 
	""ВЫБРАТЬ
	|	Товары.Номенклатура КАК Номенклатура,
	|	Товары.Количество КАК Количество,
	|	Товары.Сумма КАК Сумма
	|ПОМЕСТИТЬ ВТ_Товары
	|ИЗ
	|	&ТаблицаТовары КАК Товары
	|;
	|
	|ВЫБРАТЬ
	|	ВТ_Товары.Номенклатура КАК Номенклатура,
	|	СУММА(ВТ_Товары.Количество) КАК Количество,
	|	СУММА(ВТ_Товары.Сумма) КАК Сумма
	|ИЗ
	|	ВТ_Товары КАК ВТ_Товары
	|СГРУППИРОВАТЬ ПО
	|	ВТ_Товары.Номенклатура
	|УПОРЯДОЧИТЬ ПО
	|	Номенклатура ВОЗР"";
	
	Запрос.УстановитьПараметр(""ТаблицаТовары"", ТаблицаТовары);
	
	Результат = Запрос.Выполнить().Выгрузить();
	
	Возврат Результат;
	
КонецФункции"
"Написать функцию ПолучитьТаблицуАнализаПродаж(НачалоПериода, ОкончаниеПериода, НормаПродаж), которая формирует таблицу, анализирующую продажи товара за указанный период.
Таблица должна содержать колонки:
Товар (тип: СправочникСсылка.Товары) - проданный товар.
КоличествоДнейМин (тип: Число) - количество дней за период, когда товар не продавался(продажи = 0).
КоличествоДнейМакс - (тип: Число) - количество дней за период, когда продажи товара были максимальными.
КоличествоДнейНорма - (тип: Число) - количество дней за период, когда продажи товара превышали норму. 
СуммаВсего - (тип: Число) - сумма продаж за период.
ОстатокНаКонецПериода - (тип: Число) - остаток товара на конец периода.

Параметры функции: 
НачалоПериода (тип: Дата) - начало периода.
ОкончаниеПериода (тип: Дата) - окончание периода.
НормаПродаж (тип: Число) - норма, с которой сверяются продажи товара.

Данные продаж товаров берутся из регистра накопления ""Продажи"". Данные остатков по товарам берутся из регистра накопления ""ТоварныеЗапасы"".","{""AccumulationRegisters"": [{""id"": ""Продажи"", ""name"": ""Продажи"", ""RegisterType"": ""Turnovers"", ""Dimensions"": [{""id"": ""Покупатель"", ""name"": ""Покупатель"", ""types"": [{""type"": ""Ref"", ""id"": ""Справочник.Контрагенты""}]}, {""id"": ""Товар"", ""name"": ""Товар"", ""types"": [{""type"": ""Ref"", ""id"": ""Справочник.Товары""}]}], ""Resources"": [{""id"": ""Количество"", ""name"": ""Количество"", ""types"": [{""type"": ""Number"", ""NumberQualifiers"": ""10.2""}]}, {""id"": ""Сумма"", ""name"": ""Сумма"", ""types"": [{""type"": ""Number"", ""NumberQualifiers"": ""10.2""}]}]}, {""id"": ""ТоварныеЗапасы"", ""name"": ""Товарные запасы"", ""RegisterType"": ""Balance"", ""Dimensions"": [{""id"": ""Товар"", ""name"": ""Товар"", ""types"": [{""type"": ""Ref"", ""id"": ""Справочник.Товары""}]}, {""id"": ""Склад"", ""name"": ""Склад"", ""types"": [{""type"": ""Ref"", ""id"": ""Справочник.Склады""}]}], ""Resources"": [{""id"": ""Количество"", ""name"": ""Количество"", ""types"": [{""type"": ""Number"", ""NumberQualifiers"": ""10.2""}]}]}], ""Catalogs"": [{""id"": ""Товары"", ""name"": ""Товары"", ""Attributes"": [{""id"": ""Артикул"", ""name"": ""Артикул"", ""types"": [{""type"": ""String"", ""StringQualifiers"": ""15""}]}, {""id"": ""Поставщик"", ""name"": ""Поставщик"", ""types"": [{""type"": ""Ref"", ""id"": ""Справочник.Контрагенты""}]}, {""id"": ""ФайлКартинки"", ""name"": ""Картинка"", ""types"": [{""type"": ""Ref"", ""id"": ""Справочник.ХранимыеФайлы""}]}, {""id"": ""Вид"", ""name"": ""Вид"", ""types"": []}, {""id"": ""Штрихкод"", ""name"": ""Штрихкод"", ""types"": [{""type"": ""String"", ""StringQualifiers"": ""20""}]}, {""id"": ""Описание"", ""name"": ""Описание"", ""types"": [{""type"": ""String"", ""StringQualifiers"": ""0""}]}]}]}",task_043,server,high,Куликова_Сложная_задача.epf,"Функция ПолучитьТаблицуАнализаПродаж(НачалоПериода, ОкончаниеПериода, НормаПродаж)
	
	// Формируем таблицу результата
	ТаблицаРезультат = Новый ТаблицаЗначений;
	ТаблицаРезультат.Колонки.Добавить(""Товар"", Новый ОписаниеТипов(""СправочникСсылка.Товары""));
	ТаблицаРезультат.Колонки.Добавить(""КоличествоДнейМин"", Новый ОписаниеТипов(""Число""));
	ТаблицаРезультат.Колонки.Добавить(""КоличествоДнейМакс"", Новый ОписаниеТипов(""Число""));
	ТаблицаРезультат.Колонки.Добавить(""КоличествоДнейНорма"", Новый ОписаниеТипов(""Число""));
	ТаблицаРезультат.Колонки.Добавить(""СуммаВсего"", Новый ОписаниеТипов(""Число""));
	ТаблицаРезультат.Колонки.Добавить(""ОстатокНаКонецПериода"", Новый ОписаниеТипов(""Число""));
	
	// Получаем данные о продажах по дням
	Запрос = Новый Запрос;
	Запрос.Текст = 
	""ВЫБРАТЬ
	|	ПродажиОбороты.Товар КАК Товар,
	|	НАЧАЛОПЕРИОДА(ПродажиОбороты.Период, ДЕНЬ) КАК День,
	|	СУММА(ПродажиОбороты.КоличествоОборот) КАК КоличествоЗаДень,
	|	СУММА(ПродажиОбороты.СуммаОборот) КАК СуммаЗаДень
	|ИЗ
	|	РегистрНакопления.Продажи.Обороты(&НачалоПериода, &ОкончаниеПериода, День, ) КАК ПродажиОбороты
	|СГРУППИРОВАТЬ ПО
	|	ПродажиОбороты.Товар,
	|	НАЧАЛОПЕРИОДА(ПродажиОбороты.Период, ДЕНЬ)"";
	
	Запрос.УстановитьПараметр(""НачалоПериода"", НачалоПериода);
	Запрос.УстановитьПараметр(""ОкончаниеПериода"", ОкончаниеПериода);
	
	РезультатЗапроса = Запрос.Выполнить();
	ВыборкаПродажи = РезультатЗапроса.Выгрузить();
	
	// Получаем остатки на конец периода
	ЗапросОстатки = Новый Запрос;
	ЗапросОстатки.Текст = 
	""ВЫБРАТЬ
	|	ТоварныеЗапасыОстатки.Товар КАК Товар,
	|	СУММА(ТоварныеЗапасыОстатки.КоличествоОстаток) КАК КоличествоОстаток
	|ИЗ
	|	РегистрНакопления.ТоварныеЗапасы.Остатки(&ДатаОстатков, ) КАК ТоварныеЗапасыОстатки
	|СГРУППИРОВАТЬ ПО
	|	ТоварныеЗапасыОстатки.Товар"";
	
	ЗапросОстатки.УстановитьПараметр(""ДатаОстатков"", КонецДня(ОкончаниеПериода));
	
	ТаблицаОстатков = ЗапросОстатки.Выполнить().Выгрузить();
	
	// Определяем общее количество дней в периоде
	КоличествоДнейВПериоде = (КонецДня(ОкончаниеПериода) - НачалоДня(НачалоПериода)) / 86400 + 1;
	
	// Получаем уникальные товары
	ТаблицаТоваров = ВыборкаПродажи.Скопировать(, ""Товар"");
	ТаблицаТоваров.Свернуть(""Товар"");
	
	// Обрабатываем каждый товар
	Для Каждого СтрокаТовар Из ТаблицаТоваров Цикл
		
		Товар = СтрокаТовар.Товар;
		
		// Отбираем продажи по текущему товару
		СтруктураОтбора = Новый Структура(""Товар"", Товар);
		СтрокиТовара = ВыборкаПродажи.НайтиСтроки(СтруктураОтбора);
		
		// Определяем максимальные продажи за день для данного товара
		МаксПродажЗаДень = 0;
		СуммаВсего = 0;
		КоличествоДнейСПродажами = 0;
		КоличествоДнейНорма = 0;
		
		Для Каждого СтрокаДня Из СтрокиТовара Цикл
			Если СтрокаДня.КоличествоЗаДень > МаксПродажЗаДень Тогда
				МаксПродажЗаДень = СтрокаДня.КоличествоЗаДень;
			КонецЕсли;
			СуммаВсего = СуммаВсего + СтрокаДня.СуммаЗаДень;
			Если СтрокаДня.КоличествоЗаДень > 0 Тогда
				КоличествоДнейСПродажами = КоличествоДнейСПродажами + 1;
			КонецЕсли;
			Если СтрокаДня.КоличествоЗаДень > НормаПродаж Тогда
				КоличествоДнейНорма = КоличествоДнейНорма + 1;
			КонецЕсли;
		КонецЦикла;
		
		// Количество дней без продаж
		КоличествоДнейМин = КоличествоДнейВПериоде - КоличествоДнейСПродажами;
		
		// Количество дней с максимальными продажами
		КоличествоДнейМакс = 0;
		Для Каждого СтрокаДня Из СтрокиТовара Цикл
			Если СтрокаДня.КоличествоЗаДень = МаксПродажЗаДень Тогда
				КоличествоДнейМакс = КоличествоДнейМакс + 1;
			КонецЕсли;
		КонецЦикла;
		
		// Остаток на конец периода
		ОстатокНаКонецПериода = 0;
		СтрокаОстатка = ТаблицаОстатков.Найти(Товар, ""Товар"");
		Если СтрокаОстатка <> Неопределено Тогда
			ОстатокНаКонецПериода = СтрокаОстатка.КоличествоОстаток;
		КонецЕсли;
		
		// Заполняем результат
		НоваяСтрока = ТаблицаРезультат.Добавить();
		НоваяСтрока.Товар = Товар;
		НоваяСтрока.КоличествоДнейМин = КоличествоДнейМин;
		НоваяСтрока.КоличествоДнейМакс = КоличествоДнейМакс;
		НоваяСтрока.КоличествоДнейНорма = КоличествоДнейНорма;
		НоваяСтрока.СуммаВсего = СуммаВсего;
		НоваяСтрока.ОстатокНаКонецПериода = ОстатокНаКонецПериода;
		
	КонецЦикла;
	
	Возврат ТаблицаРезультат;
	
КонецФункции"
"Создай функцию ЗаполнитьТабличныйДокумент(ТабДокумент, Макет, Дата, ВидЦен) которая выводит в табличный документ актуальные цены товаров на заданную дату.
 
Параметры функции:
ТабДокумент (тип: ТабличныйДокумент) - результирующий табличный документ. 
Макет - (тип: ТабличныйДокумент). Шаблон, по которому заполняется табличный документ. В макете есть области Шапка, ШапкаТаблицы и Строка. 
В области Шапка есть параметр ""НаДату"", в области Строка есть параметры ""Товар"", ""Артикул"", ""ВидЦен"", ""Цена"". 
Дата (тип: Дата) - дата, на которую нужно получить цены товаров. 
ВидЦен - (тип: СправочникСсылка.ВидыЦен) - вид используемых цен товаров. Параметр может быть не задан, тогда выводятся цены товаров с учетом различных видов цен. 

Данные цен товаров хранятся в регистре сведений ""ЦеныТоваров"".","{""InformationRegisters"": [{""id"": ""ЦеныТоваров"", ""name"": ""Цены товаров"", ""InformationRegisterPeriodicity"": ""Day"", ""WriteMode"": ""Independent"", ""Dimensions"": [{""id"": ""Товар"", ""name"": ""Товар"", ""types"": [{""type"": ""Ref"", ""id"": ""Справочник.Товары""}]}, {""id"": ""ВидЦен"", ""name"": ""Вид цен"", ""types"": [{""type"": ""Ref"", ""id"": ""Справочник.ВидыЦен""}]}], ""Resources"": [{""id"": ""Цена"", ""name"": ""Цена"", ""types"": [{""type"": ""Number"", ""NumberQualifiers"": ""10.2""}]}]}], ""Catalogs"": [{""id"": ""ВидыЦен"", ""name"": ""Виды цен"", ""Attributes"": []}, {""id"": ""Товары"", ""name"": ""Товары"", ""Attributes"": [{""id"": ""Артикул"", ""name"": ""Артикул"", ""types"": [{""type"": ""String"", ""StringQualifiers"": ""15""}]}, {""id"": ""Поставщик"", ""name"": ""Поставщик"", ""types"": [{""type"": ""Ref"", ""id"": ""Справочник.Контрагенты""}]}, {""id"": ""ФайлКартинки"", ""name"": ""Картинка"", ""types"": [{""type"": ""Ref"", ""id"": ""Справочник.ХранимыеФайлы""}]}, {""id"": ""Вид"", ""name"": ""Вид"", ""types"": []}, {""id"": ""Штрихкод"", ""name"": ""Штрихкод"", ""types"": [{""type"": ""String"", ""StringQualifiers"": ""20""}]}, {""id"": ""Описание"", ""name"": ""Описание"", ""types"": [{""type"": ""String"", ""StringQualifiers"": ""0""}]}]}]}",task_044,server,mid,Куликова_Средняя_задача.epf,"Процедура ЗаполнитьТабличныйДокумент(ТабДокумент, Макет, Дата, ВидЦен = Неопределено)
	
	ТабДокумент.Очистить();
	
	// Вывод шапки
	ОбластьШапка = Макет.ПолучитьОбласть(""Шапка"");
	ОбластьШапка.Параметры.НаДату = Дата;
	ТабДокумент.Вывести(ОбластьШапка);
	
	// Вывод шапки таблицы
	ОбластьШапкаТаблицы = Макет.ПолучитьОбласть(""ШапкаТаблицы"");
	ТабДокумент.Вывести(ОбластьШапкаТаблицы);
	
	// Получение данных из регистра сведений
	Запрос = Новый Запрос;
	Запрос.Текст = 
	""ВЫБРАТЬ
	|	ЦеныТоваровСрезПоследних.Товар КАК Товар,
	|	ЦеныТоваровСрезПоследних.Товар.Артикул КАК Артикул,
	|	ЦеныТоваровСрезПоследних.ВидЦен КАК ВидЦен,
	|	ЦеныТоваровСрезПоследних.Цена КАК Цена
	|ИЗ
	|	РегистрСведений.ЦеныТоваров.СрезПоследних(&Дата, &Условие) КАК ЦеныТоваровСрезПоследних
	|УПОРЯДОЧИТЬ ПО
	|	Товар,
	|	ВидЦен"";
	
	Запрос.УстановитьПараметр(""Дата"", Дата);
	
	Если ЗначениеЗаполнено(ВидЦен) Тогда
		Запрос.Текст = СтрЗаменить(Запрос.Текст, ""&Условие"", ""ВидЦен = &ВидЦен"");
		Запрос.УстановитьПараметр(""ВидЦен"", ВидЦен);
	Иначе
		Запрос.Текст = СтрЗаменить(Запрос.Текст, "", &Условие"", """");
	КонецЕсли;
	
	Результат = Запрос.Выполнить();
	Выборка = Результат.Выбрать();
	
	// Вывод строк
	ОбластьСтрока = Макет.ПолучитьОбласть(""Строка"");
	
	Пока Выборка.Следующий() Цикл
		ОбластьСтрока.Параметры.Товар = Выборка.Товар;
		ОбластьСтрока.Параметры.Артикул = Выборка.Артикул;
		ОбластьСтрока.Параметры.ВидЦен = Выборка.ВидЦен;
		ОбластьСтрока.Параметры.Цена = Выборка.Цена;
		ТабДокумент.Вывести(ОбластьСтрока);
	КонецЦикла;
	
КонецПроцедуры"
"Написать функцию НайтиКонтрагентовПоКонтактнойИнформации(СтрокаКонтактнойИнформации), 
которая возвращает стуктуру со ссылками на найденных контрагентов вида:
	Ключ: ""КонтактнаяИнформация"",			Значение: тип Строка - переданное значение ""СтрокаКонтактнойИнформации""
	Ключ: ""Количество"",						Значение: тип Число - количество найденных соответствий
	Ключ: ""КоличествоПолныхСоответствий"",	Значение: тип Число - количество полных соответствий
	Ключ: ""Контрагенты"",					Значение: тип ТаблицаЗначений - с колонками 
		""Контрагент""				- тип СправочникСсылка.Контрагенты 
		""ТипКонтактнойИнформации""	- тип Строка, принимающая одно из значений ""Телефон"", ""Факс"", ""ЭлектроннаяПочта"", ""ВебСайт"" и равно имени поля, где найдено соответствие
		""Значение"" 					- тип Строка, найденное значение
		""ПолноеСоответствие""		- тип Булево, 
			""Истина""	- содержимое полей ""Телефон"",""Факс"" равно ""СтрокаКонтактнойИнформации"" после удаления всех символов кроме цифр в сравниваемых значениях
						или содержимое полей ""ЭлектроннаяПочта"", ""ВебСайт"" равно ""СтрокаКонтактнойИнформации"" после удаления пробелов в началах и концах строк;
			""Ложь""		- в противном случае 
		таблица значений должна быть отсортирована так, чтобы сначала выводились контрагенты, имеющие ""ПолноеСоответствие""е
Параметры функции: 
	""СтрокаКонтактнойИнформации"" - тип Строка, номер телефона, адрес e-mail или web-сайта, может быть передана только часть искомого значения (например ""5289621"", ""528-96-"", ""@techno.ru"" и т.п.)
								Если передана пустая строка, то возвращается структура со значениями ключей = ""Неопределено""
	
Данные контрагентов хранятся в справочнике ""Контрагенты""","{""Catalogs"": [{""id"": ""Контрагенты"", ""name"": ""Контрагенты"", ""Attributes"": [{""id"": ""Регион"", ""name"": ""Регион"", ""types"": [{""type"": ""Ref"", ""id"": ""Справочник.Регионы""}]}, {""id"": ""Индекс"", ""name"": ""Индекс"", ""types"": [{""type"": ""String"", ""StringQualifiers"": ""10""}]}, {""id"": ""Страна"", ""name"": ""Страна"", ""types"": [{""type"": ""String"", ""StringQualifiers"": ""0""}]}, {""id"": ""Город"", ""name"": ""Город"", ""types"": [{""type"": ""String"", ""StringQualifiers"": ""0""}]}, {""id"": ""Улица"", ""name"": ""Улица"", ""types"": [{""type"": ""String"", ""StringQualifiers"": ""0""}]}, {""id"": ""Дом"", ""name"": ""Дом"", ""types"": [{""type"": ""String"", ""StringQualifiers"": ""15""}]}, {""id"": ""Телефон"", ""name"": ""Телефон"", ""types"": [{""type"": ""String"", ""StringQualifiers"": ""16""}]}, {""id"": ""ЭлектроннаяПочта"", ""name"": ""Электронная почта"", ""types"": [{""type"": ""String"", ""StringQualifiers"": ""40""}]}, {""id"": ""Факс"", ""name"": ""Факс"", ""types"": [{""type"": ""String"", ""StringQualifiers"": ""16""}]}, {""id"": ""ВебСайт"", ""name"": ""Веб сайт"", ""types"": [{""type"": ""String"", ""StringQualifiers"": ""40""}]}, {""id"": ""ВидЦен"", ""name"": ""Вид цен"", ""types"": [{""type"": ""Ref"", ""id"": ""Справочник.ВидыЦен""}]}, {""id"": ""ДополнительнаяИнформация"", ""name"": ""Дополнительная информация"", ""types"": [{""type"": ""String"", ""StringQualifiers"": ""0""}]}, {""id"": ""КонтактноеЛицо"", ""name"": ""Контактное лицо"", ""types"": [{""type"": ""String"", ""StringQualifiers"": ""100""}]}, {""id"": ""Широта"", ""name"": ""Широта"", ""types"": [{""type"": ""Number"", ""NumberQualifiers"": ""10.6""}]}, {""id"": ""Долгота"", ""name"": ""Долгота"", ""types"": [{""type"": ""Number"", ""NumberQualifiers"": ""10.6""}]}]}]}",task_045,server,high,Петров_Сложная_Задача.epf,"Функция НайтиКонтрагентовПоКонтактнойИнформации(СтрокаКонтактнойИнформации)
	
	Результат = Новый Структура;
	Результат.Вставить(""КонтактнаяИнформация"", Неопределено);
	Результат.Вставить(""Количество"", Неопределено);
	Результат.Вставить(""КоличествоПолныхСоответствий"", Неопределено);
	Результат.Вставить(""Контрагенты"", Неопределено);
	
	Если НЕ ЗначениеЗаполнено(СтрокаКонтактнойИнформации) Тогда
		Возврат Результат;
	КонецЕсли;
	
	// Подготовка строки поиска
	СтрокаПоиска = СтрокаКонтактнойИнформации;
	
	// Строка только из цифр для поиска по телефону/факсу
	СтрокаЦифры = ОставитьТолькоЦифры(СтрокаКонтактнойИнформации);
	
	// Строка без пробелов по краям для поиска по email/сайту
	СтрокаБезПробелов = СокрЛП(СтрокаКонтактнойИнформации);
	
	// Выполняем запрос к справочнику Контрагенты
	Запрос = Новый Запрос;
	Запрос.Текст = 
	""ВЫБРАТЬ
	|	Контрагенты.Ссылка КАК Контрагент,
	|	Контрагенты.Телефон КАК Телефон,
	|	Контрагенты.Факс КАК Факс,
	|	Контрагенты.ЭлектроннаяПочта КАК ЭлектроннаяПочта,
	|	Контрагенты.ВебСайт КАК ВебСайт
	|ИЗ
	|	Справочник.Контрагенты КАК Контрагенты
	|ГДЕ
	|	(Контрагенты.Телефон ПОДОБНО &ШаблонПоиска
	|	ИЛИ Контрагенты.Факс ПОДОБНО &ШаблонПоиска
	|	ИЛИ Контрагенты.ЭлектроннаяПочта ПОДОБНО &ШаблонПоиска
	|	ИЛИ Контрагенты.ВебСайт ПОДОБНО &ШаблонПоиска)"";
	
	Запрос.УстановитьПараметр(""ШаблонПоиска"", ""%"" + СтрокаПоиска + ""%"");
	
	РезультатЗапроса = Запрос.Выполнить();
	Выборка = РезультатЗапроса.Выбрать();
	
	// Создаем таблицу значений для результата
	ТаблицаКонтрагентов = Новый ТаблицаЗначений;
	ТаблицаКонтрагентов.Колонки.Добавить(""Контрагент"");
	ТаблицаКонтрагентов.Колонки.Добавить(""ТипКонтактнойИнформации"");
	ТаблицаКонтрагентов.Колонки.Добавить(""Значение"");
	ТаблицаКонтрагентов.Колонки.Добавить(""ПолноеСоответствие"");
	
	КоличествоПолныхСоответствий = 0;
	
	Пока Выборка.Следующий() Цикл
		
		// Проверяем Телефон
		Если Найти(Выборка.Телефон, СтрокаПоиска) > 0 Тогда
			НоваяСтрока = ТаблицаКонтрагентов.Добавить();
			НоваяСтрока.Контрагент = Выборка.Контрагент;
			НоваяСтрока.ТипКонтактнойИнформации = ""Телефон"";
			НоваяСтрока.Значение = Выборка.Телефон;
			НоваяСтрока.ПолноеСоответствие = (ОставитьТолькоЦифры(Выборка.Телефон) = СтрокаЦифры) И ЗначениеЗаполнено(СтрокаЦифры);
			Если НоваяСтрока.ПолноеСоответствие Тогда
				КоличествоПолныхСоответствий = КоличествоПолныхСоответствий + 1;
			КонецЕсли;
		КонецЕсли;
		
		// Проверяем Факс
		Если Найти(Выборка.Факс, СтрокаПоиска) > 0 Тогда
			НоваяСтрока = ТаблицаКонтрагентов.Добавить();
			НоваяСтрока.Контрагент = Выборка.Контрагент;
			НоваяСтрока.ТипКонтактнойИнформации = ""Факс"";
			НоваяСтрока.Значение = Выборка.Факс;
			НоваяСтрока.ПолноеСоответствие = (ОставитьТолькоЦифры(Выборка.Факс) = СтрокаЦифры) И ЗначениеЗаполнено(СтрокаЦифры);
			Если НоваяСтрока.ПолноеСоответствие Тогда
				КоличествоПолныхСоответствий = КоличествоПолныхСоответствий + 1;
			КонецЕсли;
		КонецЕсли;
		
		// Проверяем ЭлектроннаяПочта
		Если Найти(Выборка.ЭлектроннаяПочта, СтрокаПоиска) > 0 Тогда
			НоваяСтрока = ТаблицаКонтрагентов.Добавить();
			НоваяСтрока.Контрагент = Выборка.Контрагент;
			НоваяСтрока.ТипКонтактнойИнформации = ""ЭлектроннаяПочта"";
			НоваяСтрока.Значение = Выборка.ЭлектроннаяПочта;
			НоваяСтрока.ПолноеСоответствие = (СокрЛП(Выборка.ЭлектроннаяПочта) = СтрокаБезПробелов);
			Если НоваяСтрока.ПолноеСоответствие Тогда
				КоличествоПолныхСоответствий = КоличествоПолныхСоответствий + 1;
			КонецЕсли;
		КонецЕсли;
		
		// Проверяем ВебСайт
		Если Найти(Выборка.ВебСайт, СтрокаПоиска) > 0 Тогда
			НоваяСтрока = ТаблицаКонтрагентов.Добавить();
			НоваяСтрока.Контрагент = Выборка.Контрагент;
			НоваяСтрока.ТипКонтактнойИнформации = ""ВебСайт"";
			НоваяСтрока.Значение = Выборка.ВебСайт;
			НоваяСтрока.ПолноеСоответствие = (СокрЛП(Выборка.ВебСайт) = СтрокаБезПробелов);
			Если НоваяСтрока.ПолноеСоответствие Тогда
				КоличествоПолныхСоответствий = КоличествоПолныхСоответствий + 1;
			КонецЕсли;
		КонецЕсли;
		
	КонецЦикла;
	
	// Сортировка: сначала полные соответствия
	ТаблицаКонтрагентов.Сортировать(""ПолноеСоответствие УБЫВ"");
	
	// Заполняем результат
	Результат.КонтактнаяИнформация = СтрокаКонтактнойИнформации;
	Результат.Количество = ТаблицаКонтрагентов.Количество();
	Результат.КоличествоПолныхСоответствий = КоличествоПолныхСоответствий;
	Результат.Контрагенты = ТаблицаКонтрагентов;
	
	Возврат Результат;
	
КонецФункции

Функция ОставитьТолькоЦифры(Знач Строка)
	
	Результат = """";
	Для Индекс = 1 По СтрДлина(Строка) Цикл
		Символ = Сред(Строка, Индекс, 1);
		Если Символ >= ""0"" И Символ <= ""9"" Тогда
			Результат = Результат + Символ;
		КонецЕсли;
	КонецЦикла;
	
	Возврат Результат;
	
КонецФункции"
"Написать функцию ВыполнитьABCАнализПродаж(ДатаНач, ДатаКон),
которая выполняет ABC-анализ продаж товаров за указанный период и возвращает таблицу с результатами анализа.
ДатаНачала (тип: Дата) — начало периода анализа
ДатаОкончания (тип: Дата) — окончание периода анализа
Источник данных
Данные берутся из регистра накопления Продажи.
Используются:
измерение Товар
ресурс Сумма
В анализ включаются обороты за период между ДатаНачала и ДатаОкончания.
Определить категорию:
A — товары, формирующие первые 80% оборота
B — следующие 15% оборота (до 95%)
C — оставшиеся 5%
Проценты должны рассчитываться динамически от фактической общей суммы продаж.
Требования к результату
Функция должна возвращать ТаблицуЗначений, содержащую поля:
Товар — ссылка на товар
НаименованиеТовара — представление товара
СуммаПродаж — сумма продаж за период
ДоляПроцентов — процент вклада в общий оборот
НакопительныйПроцент — накопительный процент
КатегорияABC — строка: ""A"", ""B"" или ""C""","{""AccumulationRegisters"": [{""id"": ""Продажи"", ""name"": ""Продажи"", ""RegisterType"": ""Turnovers"", ""Dimensions"": [{""id"": ""Покупатель"", ""name"": ""Покупатель"", ""types"": [{""type"": ""Ref"", ""id"": ""Справочник.Контрагенты""}]}, {""id"": ""Товар"", ""name"": ""Товар"", ""types"": [{""type"": ""Ref"", ""id"": ""Справочник.Товары""}]}], ""Resources"": [{""id"": ""Количество"", ""name"": ""Количество"", ""types"": [{""type"": ""Number"", ""NumberQualifiers"": ""10.2""}]}, {""id"": ""Сумма"", ""name"": ""Сумма"", ""types"": [{""type"": ""Number"", ""NumberQualifiers"": ""10.2""}]}]}], ""Catalogs"": [{""id"": ""Товары"", ""name"": ""Товары"", ""Attributes"": [{""id"": ""Артикул"", ""name"": ""Артикул"", ""types"": [{""type"": ""String"", ""StringQualifiers"": ""15""}]}, {""id"": ""Поставщик"", ""name"": ""Поставщик"", ""types"": [{""type"": ""Ref"", ""id"": ""Справочник.Контрагенты""}]}, {""id"": ""ФайлКартинки"", ""name"": ""Картинка"", ""types"": [{""type"": ""Ref"", ""id"": ""Справочник.ХранимыеФайлы""}]}, {""id"": ""Вид"", ""name"": ""Вид"", ""types"": []}, {""id"": ""Штрихкод"", ""name"": ""Штрихкод"", ""types"": [{""type"": ""String"", ""StringQualifiers"": ""20""}]}, {""id"": ""Описание"", ""name"": ""Описание"", ""types"": [{""type"": ""String"", ""StringQualifiers"": ""0""}]}]}]}",task_046,server,high,Попков_Сложная_задача.epf,"Функция ВыполнитьABCАнализПродаж(ДатаНач, ДатаКон) Экспорт
	
	// Получаем обороты продаж по товарам за период
	Запрос = Новый Запрос;
	Запрос.Текст = 
	""ВЫБРАТЬ
	|	ПродажиОбороты.Товар КАК Товар,
	|	ПродажиОбороты.Товар.Наименование КАК НаименованиеТовара,
	|	ПродажиОбороты.СуммаОборот КАК СуммаПродаж
	|ИЗ
	|	РегистрНакопления.Продажи.Обороты(&ДатаНач, &ДатаКон, , ) КАК ПродажиОбороты
	|ГДЕ
	|	ПродажиОбороты.СуммаОборот > 0
	|УПОРЯДОЧИТЬ ПО
	|	СуммаПродаж УБЫВ"";
	
	Запрос.УстановитьПараметр(""ДатаНач"", ДатаНач);
	Запрос.УстановитьПараметр(""ДатаКон"", ДатаКон);
	
	РезультатЗапроса = Запрос.Выполнить();
	ТаблицаПродаж = РезультатЗапроса.Выгрузить();
	
	// Формируем результирующую таблицу значений
	Результат = Новый ТаблицаЗначений;
	Результат.Колонки.Добавить(""Товар"");
	Результат.Колонки.Добавить(""НаименованиеТовара"", Новый ОписаниеТипов(""Строка""));
	Результат.Колонки.Добавить(""СуммаПродаж"", Новый ОписаниеТипов(""Число""));
	Результат.Колонки.Добавить(""ДоляПроцентов"", Новый ОписаниеТипов(""Число""));
	Результат.Колонки.Добавить(""НакопительныйПроцент"", Новый ОписаниеТипов(""Число""));
	Результат.Колонки.Добавить(""КатегорияABC"", Новый ОписаниеТипов(""Строка""));
	
	// Вычисляем общую сумму продаж
	ОбщаяСумма = ТаблицаПродаж.Итог(""СуммаПродаж"");
	
	Если ОбщаяСумма = 0 Тогда
		Возврат Результат;
	КонецЕсли;
	
	// Заполняем результирующую таблицу с расчётом долей и категорий
	НакопительныйПроцент = 0;
	
	Для Каждого СтрокаПродаж Из ТаблицаПродаж Цикл
		
		НоваяСтрока = Результат.Добавить();
		НоваяСтрока.Товар = СтрокаПродаж.Товар;
		НоваяСтрока.НаименованиеТовара = СтрокаПродаж.НаименованиеТовара;
		НоваяСтрока.СуммаПродаж = СтрокаПродаж.СуммаПродаж;
		
		ДоляПроцентов = СтрокаПродаж.СуммаПродаж / ОбщаяСумма * 100;
		НоваяСтрока.ДоляПроцентов = Окр(ДоляПроцентов, 2);
		
		НакопительныйПроцент = НакопительныйПроцент + ДоляПроцентов;
		НоваяСтрока.НакопительныйПроцент = Окр(НакопительныйПроцент, 2);
		
		// Определяем категорию ABC
		Если НакопительныйПроцент <= 80 Тогда
			НоваяСтрока.КатегорияABC = ""A"";
		ИначеЕсли НакопительныйПроцент <= 95 Тогда
			НоваяСтрока.КатегорияABC = ""B"";
		Иначе
			НоваяСтрока.КатегорияABC = ""C"";
		КонецЕсли;
		
	КонецЦикла;
	
	Возврат Результат;
	
КонецФункции"
"Написать функцию ВыгрузитьЗадолженностьВФайлJSON(),
которая выгружает текущую дебиторскую и кредиторскую задолженность контрагентов во временный файл формата JSON.
Файл должен представлять массив записей, каждая запись должна содержать поля:
Контрагент — наименование контрагента
КодКонтрагента — код контрагента (реквизит Код справочника Контрагенты)
СуммаОстаток — сумма задолженности
ВидЗадолженности — строковое значение:
""Дебиторская"" — если сумма остатка больше 0
""Кредиторская"" — если сумма остатка меньше 0
Данные о задолженности берутся из регистра накопления Взаиморасчеты (используются текущие остатки).
Функция должна возвращать путь к получившемуся файлу.","{""AccumulationRegisters"": [{""id"": ""Взаиморасчеты"", ""name"": ""Взаиморасчеты"", ""RegisterType"": ""Balance"", ""Dimensions"": [{""id"": ""Контрагент"", ""name"": ""Контрагент"", ""types"": [{""type"": ""Ref"", ""id"": ""Справочник.Контрагенты""}]}, {""id"": ""Валюта"", ""name"": ""Валюта"", ""types"": [{""type"": ""Ref"", ""id"": ""Справочник.Валюты""}]}], ""Resources"": [{""id"": ""Сумма"", ""name"": ""Сумма"", ""types"": [{""type"": ""Number"", ""NumberQualifiers"": ""10.2""}]}]}], ""Catalogs"": [{""id"": ""Контрагенты"", ""name"": ""Контрагенты"", ""Attributes"": [{""id"": ""Регион"", ""name"": ""Регион"", ""types"": [{""type"": ""Ref"", ""id"": ""Справочник.Регионы""}]}, {""id"": ""Индекс"", ""name"": ""Индекс"", ""types"": [{""type"": ""String"", ""StringQualifiers"": ""10""}]}, {""id"": ""Страна"", ""name"": ""Страна"", ""types"": [{""type"": ""String"", ""StringQualifiers"": ""0""}]}, {""id"": ""Город"", ""name"": ""Город"", ""types"": [{""type"": ""String"", ""StringQualifiers"": ""0""}]}, {""id"": ""Улица"", ""name"": ""Улица"", ""types"": [{""type"": ""String"", ""StringQualifiers"": ""0""}]}, {""id"": ""Дом"", ""name"": ""Дом"", ""types"": [{""type"": ""String"", ""StringQualifiers"": ""15""}]}, {""id"": ""Телефон"", ""name"": ""Телефон"", ""types"": [{""type"": ""String"", ""StringQualifiers"": ""16""}]}, {""id"": ""ЭлектроннаяПочта"", ""name"": ""Электронная почта"", ""types"": [{""type"": ""String"", ""StringQualifiers"": ""40""}]}, {""id"": ""Факс"", ""name"": ""Факс"", ""types"": [{""type"": ""String"", ""StringQualifiers"": ""16""}]}, {""id"": ""ВебСайт"", ""name"": ""Веб сайт"", ""types"": [{""type"": ""String"", ""StringQualifiers"": ""40""}]}, {""id"": ""ВидЦен"", ""name"": ""Вид цен"", ""types"": [{""type"": ""Ref"", ""id"": ""Справочник.ВидыЦен""}]}, {""id"": ""ДополнительнаяИнформация"", ""name"": ""Дополнительная информация"", ""types"": [{""type"": ""String"", ""StringQualifiers"": ""0""}]}, {""id"": ""КонтактноеЛицо"", ""name"": ""Контактное лицо"", ""types"": [{""type"": ""String"", ""StringQualifiers"": ""100""}]}, {""id"": ""Широта"", ""name"": ""Широта"", ""types"": [{""type"": ""Number"", ""NumberQualifiers"": ""10.6""}]}, {""id"": ""Долгота"", ""name"": ""Долгота"", ""types"": [{""type"": ""Number"", ""NumberQualifiers"": ""10.6""}]}]}]}",task_047,server,mid,Попков_Средняя_задача.epf,"Функция ВыгрузитьЗадолженностьВФайлJSON() Экспорт
	
	Запрос = Новый Запрос;
	Запрос.Текст = 
	""ВЫБРАТЬ
	|	Взаиморасчеты.Контрагент КАК Контрагент,
	|	Взаиморасчеты.Контрагент.Код КАК КодКонтрагента,
	|	Взаиморасчеты.СуммаОстаток КАК СуммаОстаток
	|ИЗ
	|	РегистрНакопления.Взаиморасчеты.Остатки КАК Взаиморасчеты
	|ГДЕ
	|	Взаиморасчеты.СуммаОстаток <> 0"";
	
	Результат = Запрос.Выполнить();
	Выборка = Результат.Выбрать();
	
	МассивЗаписей = Новый Массив;
	
	Пока Выборка.Следующий() Цикл
		
		Запись = Новый Структура;
		Запись.Вставить(""Контрагент"", Строка(Выборка.Контрагент));
		Запись.Вставить(""КодКонтрагента"", Выборка.КодКонтрагента);
		Запись.Вставить(""СуммаОстаток"", Выборка.СуммаОстаток);
		
		Если Выборка.СуммаОстаток > 0 Тогда
			Запись.Вставить(""ВидЗадолженности"", ""Дебиторская"");
		Иначе
			Запись.Вставить(""ВидЗадолженности"", ""Кредиторская"");
		КонецЕсли;
		
		МассивЗаписей.Добавить(Запись);
		
	КонецЦикла;
	
	ЗаписьJSON = Новый ЗаписьJSON;
	ИмяФайла = ПолучитьИмяВременногоФайла(""json"");
	ЗаписьJSON.ОткрытьФайл(ИмяФайла, ""UTF-8"");
	
	ЗаписатьJSON(ЗаписьJSON, МассивЗаписей);
	
	ЗаписьJSON.Закрыть();
	
	Возврат ИмяФайла;
	
КонецФункции"
"Написать функцию ПериодыУстановленныхКурсовВалют() возвращающую таблицу значений с курсами валют по периодам.
Колонки таблицы:
Валюта - Ссылка на справочник Валюты
НачалоПериода - Дата с которой установлен курс
КонецПериода - Дата по которую курс действут
Курс - значение курса валюты
Строки таблицы значений должны быть упорядочены по валюте (в алфавитном порядке) и началу периода.
Последовательные периоды с одним курсом должны быть объединены в 1 период.
Таблица должнв быть получена запросом и возвращена методом Запрос.Выполнить().Выгрузить().
Для текущих курсов КонецПериода должен быть '39991231235959'","{""InformationRegisters"": [{""id"": ""КурсыВалют"", ""name"": ""Курсы валют"", ""InformationRegisterPeriodicity"": ""Day"", ""WriteMode"": ""Independent"", ""Dimensions"": [{""id"": ""Валюта"", ""name"": ""Валюта"", ""types"": [{""type"": ""Ref"", ""id"": ""Справочник.Валюты""}]}], ""Resources"": [{""id"": ""Курс"", ""name"": ""Курс"", ""types"": [{""type"": ""Number"", ""NumberQualifiers"": ""10.2""}]}]}], ""Catalogs"": [{""id"": ""Валюты"", ""name"": ""Валюты"", ""Attributes"": [{""id"": ""НаименованиеОсновнойВалюты"", ""name"": ""Наименование основной валюты"", ""types"": [{""type"": ""String"", ""StringQualifiers"": ""0""}]}, {""id"": ""НаименованиеРазменнойВалюты"", ""name"": ""Наименование разменной валюты"", ""types"": [{""type"": ""String"", ""StringQualifiers"": ""0""}]}]}]}",task_048,server,mid,Чудородов_Средняя_задача.epf,"Функция ПериодыУстановленныхКурсовВалют()
	
	Запрос = Новый Запрос;
	Запрос.Текст = 
	""ВЫБРАТЬ
	|	КурсыВалют.Валюта КАК Валюта,
	|	КурсыВалют.Период КАК Период,
	|	КурсыВалют.Курс КАК Курс
	|ПОМЕСТИТЬ ВсеКурсы
	|ИЗ
	|	РегистрСведений.КурсыВалют КАК КурсыВалют
	|УПОРЯДОЧИТЬ ПО
	|	Валюта,
	|	Период
	|;
	|
	|////////////////////////////////////////////////////////////////////////////////
	|ВЫБРАТЬ
	|	ВсеКурсы.Валюта КАК Валюта,
	|	ВсеКурсы.Период КАК Период,
	|	ВсеКурсы.Курс КАК Курс,
	|	МИНИМУМ(СледующиеКурсы.Период) КАК СледующийПериод
	|ПОМЕСТИТЬ КурсыСоСледующим
	|ИЗ
	|	ВсеКурсы КАК ВсеКурсы
	|		ЛЕВОЕ СОЕДИНЕНИЕ ВсеКурсы КАК СледующиеКурсы
	|		ПО ВсеКурсы.Валюта = СледующиеКурсы.Валюта
	|			И ВсеКурсы.Период < СледующиеКурсы.Период
	|СГРУППИРОВАТЬ ПО
	|	ВсеКурсы.Валюта,
	|	ВсеКурсы.Период,
	|	ВсеКурсы.Курс
	|;
	|
	|////////////////////////////////////////////////////////////////////////////////
	|ВЫБРАТЬ
	|	КурсыСоСледующим.Валюта КАК Валюта,
	|	КурсыСоСледующим.Период КАК Период,
	|	КурсыСоСледующим.Курс КАК Курс,
	|	КурсыСоСледующим.СледующийПериод КАК СледующийПериод,
	|	МАКСИМУМ(ПредыдущиеСДругимКурсом.Период) КАК ПериодПредыдущегоДругогоКурса
	|ПОМЕСТИТЬ КурсыСГраницей
	|ИЗ
	|	КурсыСоСледующим КАК КурсыСоСледующим
	|		ЛЕВОЕ СОЕДИНЕНИЕ КурсыСоСледующим КАК ПредыдущиеСДругимКурсом
	|		ПО КурсыСоСледующим.Валюта = ПредыдущиеСДругимКурсом.Валюта
	|			И КурсыСоСледующим.Период > ПредыдущиеСДругимКурсом.Период
	|			И КурсыСоСледующим.Курс <> ПредыдущиеСДругимКурсом.Курс
	|СГРУППИРОВАТЬ ПО
	|	КурсыСоСледующим.Валюта,
	|	КурсыСоСледующим.Период,
	|	КурсыСоСледующим.Курс,
	|	КурсыСоСледующим.СледующийПериод
	|;
	|
	|////////////////////////////////////////////////////////////////////////////////
	|ВЫБРАТЬ
	|	КурсыСГраницей.Валюта КАК Валюта,
	|	КурсыСГраницей.Период КАК НачалоПериода,
	|	ЕСТЬNULL(КурсыСГраницей.СледующийПериод, ДАТАВРЕМЯ(3999, 12, 31, 23, 59, 59)) КАК КонецПериода,
	|	КурсыСГраницей.Курс КАК Курс,
	|	КурсыСГраницей.ПериодПредыдущегоДругогоКурса КАК ПериодПредыдущегоДругогоКурса
	|ПОМЕСТИТЬ КурсыРасширенные
	|ИЗ
	|	КурсыСГраницей КАК КурсыСГраницей
	|;
	|
	|////////////////////////////////////////////////////////////////////////////////
	|ВЫБРАТЬ
	|	КурсыРасширенные.Валюта КАК Валюта,
	|	МИНИМУМ(КурсыРасширенные.НачалоПериода) КАК НачалоПериода,
	|	МАКСИМУМ(КурсыРасширенные.КонецПериода) КАК КонецПериода,
	|	КурсыРасширенные.Курс КАК Курс
	|ИЗ
	|	КурсыРасширенные КАК КурсыРасширенные
	|СГРУППИРОВАТЬ ПО
	|	КурсыРасширенные.Валюта,
	|	КурсыРасширенные.Курс,
	|	КурсыРасширенные.ПериодПредыдущегоДругогоКурса
	|
	|УПОРЯДОЧИТЬ ПО
	|	КурсыРасширенные.Валюта.Наименование,
	|	НачалоПериода"";
	
	Результат = Запрос.Выполнить().Выгрузить();
	
	// Удаляем служебную колонку если она есть
	Если Результат.Колонки.Найти(""ПериодПредыдущегоДругогоКурса"") <> Неопределено Тогда
		Результат.Колонки.Удалить(""ПериодПредыдущегоДругогоКурса"");
	КонецЕсли;
	
	Возврат Результат;
	
КонецФункции"
"Реализовать целевую функцию СформироватьОтчетОстаткиПоНоменклатуре(ДатаОтчета, МассивТоваров, Склад)

Где
- ДатаОтчета - Дата
- МассивТоваров - массив товар для отбора в запросе. Может быть не передан, тогда отчет формируется без отбора по номенклатуре
- Склад - отбор по складу в запросе

Отчет должен содержать:
- Заголовок ""Остатки номенклатуры""
- Номенклатуру
- Остаток
- Итоги

Результат вывести в ТабличныйДокумент.

Требования:
- Получение данных через запрос.
- Запрос выполнять к виртуальной таблице Остатки регистра ТоварныеЗапасы","{""AccumulationRegisters"": [{""id"": ""ТоварныеЗапасы"", ""name"": ""Товарные запасы"", ""RegisterType"": ""Balance"", ""Dimensions"": [{""id"": ""Товар"", ""name"": ""Товар"", ""types"": [{""type"": ""Ref"", ""id"": ""Справочник.Товары""}]}, {""id"": ""Склад"", ""name"": ""Склад"", ""types"": [{""type"": ""Ref"", ""id"": ""Справочник.Склады""}]}], ""Resources"": [{""id"": ""Количество"", ""name"": ""Количество"", ""types"": [{""type"": ""Number"", ""NumberQualifiers"": ""10.2""}]}]}], ""Catalogs"": [{""id"": ""Склады"", ""name"": ""Склады"", ""Attributes"": [{""id"": ""НеИспользовать"", ""name"": ""Не использовать"", ""types"": [{""type"": ""Boolean""}]}]}, {""id"": ""Товары"", ""name"": ""Товары"", ""Attributes"": [{""id"": ""Артикул"", ""name"": ""Артикул"", ""types"": [{""type"": ""String"", ""StringQualifiers"": ""15""}]}, {""id"": ""Поставщик"", ""name"": ""Поставщик"", ""types"": [{""type"": ""Ref"", ""id"": ""Справочник.Контрагенты""}]}, {""id"": ""ФайлКартинки"", ""name"": ""Картинка"", ""types"": [{""type"": ""Ref"", ""id"": ""Справочник.ХранимыеФайлы""}]}, {""id"": ""Вид"", ""name"": ""Вид"", ""types"": []}, {""id"": ""Штрихкод"", ""name"": ""Штрихкод"", ""types"": [{""type"": ""String"", ""StringQualifiers"": ""20""}]}, {""id"": ""Описание"", ""name"": ""Описание"", ""types"": [{""type"": ""String"", ""StringQualifiers"": ""0""}]}]}]}",task_049,server,high,Task10_Коробов_Сложная_ОстаткиНоменклатуры.epf,"Функция СформироватьОтчетОстаткиПоНоменклатуре(ДатаОтчета, МассивТоваров = Неопределено, Склад)
	
	Запрос = Новый Запрос;
	Запрос.Текст = 
	""ВЫБРАТЬ
	|	ТоварныеЗапасыОстатки.Товар КАК Номенклатура,
	|	ТоварныеЗапасыОстатки.КоличествоОстаток КАК Остаток
	|ИЗ
	|	РегистрНакопления.ТоварныеЗапасы.Остатки(&ДатаОтчета,
	|		Склад = &Склад
	|		"" + ?(МассивТоваров <> Неопределено, ""И Товар В (&МассивТоваров)"", """") + ""
	|	) КАК ТоварныеЗапасыОстатки
	|ИТОГИ
	|	СУММА(Остаток)
	|ПО
	|	ОБЩИЕ"";
	
	Запрос.УстановитьПараметр(""ДатаОтчета"", ДатаОтчета);
	Запрос.УстановитьПараметр(""Склад"", Склад);
	
	Если МассивТоваров <> Неопределено Тогда
		Запрос.УстановитьПараметр(""МассивТоваров"", МассивТоваров);
	КонецЕсли;
	
	РезультатЗапроса = Запрос.Выполнить();
	
	// Формирование табличного документа
	ТабДок = Новый ТабличныйДокумент;
	
	// Заголовок
	ОбластьЗаголовок = ТабДок.Область(1, 1, 1, 2);
	ТабДок.Область(1, 1).Текст = ""Остатки номенклатуры"";
	ТабДок.Область(1, 1).Шрифт = Новый Шрифт(, 12, Истина);
	ТабДок.Область(1, 1, 1, 2).Объединить();
	
	// Шапка таблицы
	НомерСтроки = 3;
	ТабДок.Область(НомерСтроки, 1).Текст = ""Номенклатура"";
	ТабДок.Область(НомерСтроки, 1).Шрифт = Новый Шрифт(, , Истина);
	ТабДок.Область(НомерСтроки, 2).Текст = ""Остаток"";
	ТабДок.Область(НомерСтроки, 2).Шрифт = Новый Шрифт(, , Истина);
	
	// Данные
	ВыборкаОбщие = РезультатЗапроса.Выбрать(ОбходРезультатаЗапроса.ПоГруппировкам);
	
	Если ВыборкаОбщие.Следующий() Тогда
		
		ИтогоОстаток = ВыборкаОбщие.Остаток;
		
		ВыборкаДетали = ВыборкаОбщие.Выбрать();
		Пока ВыборкаДетали.Следующий() Цикл
			НомерСтроки = НомерСтроки + 1;
			ТабДок.Область(НомерСтроки, 1).Текст = Строка(ВыборкаДетали.Номенклатура);
			ТабДок.Область(НомерСтроки, 2).Текст = Строка(ВыборкаДетали.Остаток);
		КонецЦикла;
		
		// Итоги
		НомерСтроки = НомерСтроки + 1;
		ТабДок.Область(НомерСтроки, 1).Текст = ""Итого:"";
		ТабДок.Область(НомерСтроки, 1).Шрифт = Новый Шрифт(, , Истина);
		ТабДок.Область(НомерСтроки, 2).Текст = Строка(ИтогоОстаток);
		ТабДок.Область(НомерСтроки, 2).Шрифт = Новый Шрифт(, , Истина);
		
	КонецЕсли;
	
	Возврат ТабДок;
	
КонецФункции"
"Реализовать функцию РассчитатьОборачиваемость(Товар, Склад, ДатаНачала, ДатаОкончания).

Оборачиваемость = Оборот за период / Средний остаток за период.

Необходимо:
1) Получить обороты по товару и складу за период из виртуальной таблицы Обороты.
2) Получить остаток на начало и конец периода из виртуальной таблицы Остатки.
3) Рассчитать средний остаток: (ОстатокНачало + ОстатокКонец) / 2.
4) Рассчитать оборачиваемость. Если средний остаток = 0 — вернуть 0.

Требования:
- Использовать виртуальные таблицы Остатки и Обороты регистра накопления ТоварныеЗапасы.
- Не использовать циклы по дням/периодам.
- Результат — число.","{""AccumulationRegisters"": [{""id"": ""ТоварныеЗапасы"", ""name"": ""Товарные запасы"", ""RegisterType"": ""Balance"", ""Dimensions"": [{""id"": ""Товар"", ""name"": ""Товар"", ""types"": [{""type"": ""Ref"", ""id"": ""Справочник.Товары""}]}, {""id"": ""Склад"", ""name"": ""Склад"", ""types"": [{""type"": ""Ref"", ""id"": ""Справочник.Склады""}]}], ""Resources"": [{""id"": ""Количество"", ""name"": ""Количество"", ""types"": [{""type"": ""Number"", ""NumberQualifiers"": ""10.2""}]}]}]}",task_050,server,high,Task9_Коробов_Сложная_Оборачиваемость.epf,"Функция РассчитатьОборачиваемость(Товар, Склад, ДатаНачала, ДатаОкончания)
	
	// Получаем остаток на начало периода
	Запрос = Новый Запрос;
	Запрос.Текст = 
	""ВЫБРАТЬ
	|	ЕСТЬNULL(ОстаткиНаНачало.КоличествоОстаток, 0) КАК ОстатокНаНачало,
	|	ЕСТЬNULL(ОстаткиНаКонец.КоличествоОстаток, 0) КАК ОстатокНаКонец,
	|	ЕСТЬNULL(Обороты.КоличествоРасход, 0) КАК Оборот
	|ИЗ
	|	(ВЫБРАТЬ 1 КАК Поле) КАК Т
	|		ЛЕВОЕ СОЕДИНЕНИЕ РегистрНакопления.ТоварныеЗапасы.Остатки(
	|			&ДатаНачала,
	|			Товар = &Товар И Склад = &Склад) КАК ОстаткиНаНачало
	|		ПО ИСТИНА
	|		ЛЕВОЕ СОЕДИНЕНИЕ РегистрНакопления.ТоварныеЗапасы.Остатки(
	|			&ДатаОкончания,
	|			Товар = &Товар И Склад = &Склад) КАК ОстаткиНаКонец
	|		ПО ИСТИНА
	|		ЛЕВОЕ СОЕДИНЕНИЕ РегистрНакопления.ТоварныеЗапасы.Обороты(
	|			&ДатаНачала,
	|			&ДатаОкончания,
	|			,
	|			Товар = &Товар И Склад = &Склад) КАК Обороты
	|		ПО ИСТИНА"";
	
	Запрос.УстановитьПараметр(""Товар"", Товар);
	Запрос.УстановитьПараметр(""Склад"", Склад);
	Запрос.УстановитьПараметр(""ДатаНачала"", ДатаНачала);
	Запрос.УстановитьПараметр(""ДатаОкончания"", ДатаОкончания);
	
	Результат = Запрос.Выполнить();
	
	Если Результат.Пустой() Тогда
		Возврат 0;
	КонецЕсли;
	
	Выборка = Результат.Выбрать();
	Выборка.Следующий();
	
	ОстатокНаНачало = Выборка.ОстатокНаНачало;
	ОстатокНаКонец = Выборка.ОстатокНаКонец;
	Оборот = Выборка.Оборот;
	
	// Рассчитываем средний остаток
	СреднийОстаток = (ОстатокНаНачало + ОстатокНаКонец) / 2;
	
	// Рассчитываем оборачиваемость
	Если СреднийОстаток = 0 Тогда
		Возврат 0;
	КонецЕсли;
	
	Оборачиваемость = Оборот / СреднийОстаток;
	
	Возврат Оборачиваемость;
	
КонецФункции"
"Написать функцию СформироватьПрайсТоваровНаСкладе(Дата = Неопределено),
которая формирует прайс товаров, имеющихся в наличии на складе, на указанную дату.
Формирование прайса должно выполняться на основании данных регистра накопления «ТоварныеЗапасы» и регистра сведений «ЦеныТоваров».
Если параметр Дата не передан, в качестве даты формирования прайса используется конец текущего дня (КонецДня(ТекущаяДата())).
Алгоритм формирования данных выполняется следующим образом:
Сначала выполняется запрос к регистру накопления РегистрНакопления.ТоварныеЗапасы.Остатки, где:
отбираются только товары с положительным остатком (КоличествоОстаток > 0);
данные агрегируются по товару;
результат помещается во временную таблицу (ВременнаяТаблица), содержащую:
Товар;
КоличествоОстаток (суммарный остаток по товару).
Далее выполняется основной запрос, в котором:
используются актуальные цены из регистра сведений РегистрСведений.ЦеныТоваров (СрезПоследних);
выполняется внутреннее соединение с временной таблицей остатков по полю Товар;
рассчитываются итоговые показатели:
Цена — актуальная цена товара;
Остаток — количество товара на складе;
СуммаОстатков — произведение остатка на цену (стоимость складского запаса).
Результат запроса выгружается в таблицу значений.
На основании полученных данных формируется итоговая таблица (ТаблицаЗначений) со следующей структурой колонок:
Товар (СправочникСсылка.Товары);
Наименование (строковое представление товара);
Остаток (число);
Цена (число);
СуммаОстатков (число).
Для каждой строки выборки:
создаётся новая строка в таблице значений;
заполняются поля Товар, Остаток, Цена и СуммаОстатков.
После заполнения таблица сортируется по наименованию товара по возрастанию, что обеспечивает удобный вид прайса для анализа и печати.
Функция возвращает таблицу значений, содержащую прайс товаров на складе с актуальными остатками и ценами на указанную дату.
Функция ЗадачаРешена(ТабДок) предназначена для проверки корректности сформированного прайса и выполняет следующие проверки:
результат является типом ТаблицаЗначений;
таблица содержит обязательные колонки: Товар, Цена, Остаток;
таблица не пустая;
у каждой строки заполнен товар;
остаток товара не является отрицательным.
Если все проверки выполняются успешно, функция возвращает Истина, что подтверждает корректное формирование прайса товаров на складе.","{""AccumulationRegisters"": [{""id"": ""ТоварныеЗапасы"", ""name"": ""Товарные запасы"", ""RegisterType"": ""Balance"", ""Dimensions"": [{""id"": ""Товар"", ""name"": ""Товар"", ""types"": [{""type"": ""Ref"", ""id"": ""Справочник.Товары""}]}, {""id"": ""Склад"", ""name"": ""Склад"", ""types"": [{""type"": ""Ref"", ""id"": ""Справочник.Склады""}]}], ""Resources"": [{""id"": ""Количество"", ""name"": ""Количество"", ""types"": [{""type"": ""Number"", ""NumberQualifiers"": ""10.2""}]}]}], ""InformationRegisters"": [{""id"": ""ЦеныТоваров"", ""name"": ""Цены товаров"", ""InformationRegisterPeriodicity"": ""Day"", ""WriteMode"": ""Independent"", ""Dimensions"": [{""id"": ""Товар"", ""name"": ""Товар"", ""types"": [{""type"": ""Ref"", ""id"": ""Справочник.Товары""}]}, {""id"": ""ВидЦен"", ""name"": ""Вид цен"", ""types"": [{""type"": ""Ref"", ""id"": ""Справочник.ВидыЦен""}]}], ""Resources"": [{""id"": ""Цена"", ""name"": ""Цена"", ""types"": [{""type"": ""Number"", ""NumberQualifiers"": ""10.2""}]}]}], ""Catalogs"": [{""id"": ""Товары"", ""name"": ""Товары"", ""Attributes"": [{""id"": ""Артикул"", ""name"": ""Артикул"", ""types"": [{""type"": ""String"", ""StringQualifiers"": ""15""}]}, {""id"": ""Поставщик"", ""name"": ""Поставщик"", ""types"": [{""type"": ""Ref"", ""id"": ""Справочник.Контрагенты""}]}, {""id"": ""ФайлКартинки"", ""name"": ""Картинка"", ""types"": [{""type"": ""Ref"", ""id"": ""Справочник.ХранимыеФайлы""}]}, {""id"": ""Вид"", ""name"": ""Вид"", ""types"": []}, {""id"": ""Штрихкод"", ""name"": ""Штрихкод"", ""types"": [{""type"": ""String"", ""StringQualifiers"": ""20""}]}, {""id"": ""Описание"", ""name"": ""Описание"", ""types"": [{""type"": ""String"", ""StringQualifiers"": ""0""}]}]}]}",task_051,server,mid,task10_СредняяФормированиеПрайсаПоОстаткамТовара_v3.epf,"Функция СформироватьПрайсТоваровНаСкладе(Дата = Неопределено) Экспорт
	
	Если Дата = Неопределено Тогда
		Дата = КонецДня(ТекущаяДата());
	КонецЕсли;
	
	Запрос = Новый Запрос;
	Запрос.Текст = 
	""ВЫБРАТЬ
	|	ТоварныеЗапасыОстатки.Товар КАК Товар,
	|	ТоварныеЗапасыОстатки.КоличествоОстаток КАК КоличествоОстаток
	|ПОМЕСТИТЬ ВременнаяТаблица
	|ИЗ
	|	РегистрНакопления.ТоварныеЗапасы.Остатки(&Дата) КАК ТоварныеЗапасыОстатки
	|ГДЕ
	|	ТоварныеЗапасыОстатки.КоличествоОстаток > 0
	|;
	|
	|////////////////////////////////////////////////////////////////////////////////
	|ВЫБРАТЬ
	|	ВременнаяТаблица.Товар КАК Товар,
	|	ВременнаяТаблица.КоличествоОстаток КАК Остаток,
	|	ЦеныТоваровСрезПоследних.Цена КАК Цена,
	|	ВременнаяТаблица.КоличествоОстаток * ЦеныТоваровСрезПоследних.Цена КАК СуммаОстатков
	|ИЗ
	|	ВременнаяТаблица КАК ВременнаяТаблица
	|		ВНУТРЕННЕЕ СОЕДИНЕНИЕ РегистрСведений.ЦеныТоваров.СрезПоследних(&Дата) КАК ЦеныТоваровСрезПоследних
	|		ПО ВременнаяТаблица.Товар = ЦеныТоваровСрезПоследних.Товар"";
	
	Запрос.УстановитьПараметр(""Дата"", Дата);
	
	РезультатЗапроса = Запрос.Выполнить();
	Выборка = РезультатЗапроса.Выбрать();
	
	ТаблицаЗначений = Новый ТаблицаЗначений;
	ТаблицаЗначений.Колонки.Добавить(""Товар"");
	ТаблицаЗначений.Колонки.Добавить(""Наименование"");
	ТаблицаЗначений.Колонки.Добавить(""Остаток"");
	ТаблицаЗначений.Колонки.Добавить(""Цена"");
	ТаблицаЗначений.Колонки.Добавить(""СуммаОстатков"");
	
	Пока Выборка.Следующий() Цикл
		НоваяСтрока = ТаблицаЗначений.Добавить();
		НоваяСтрока.Товар = Выборка.Товар;
		НоваяСтрока.Наименование = Строка(Выборка.Товар);
		НоваяСтрока.Остаток = Выборка.Остаток;
		НоваяСтрока.Цена = Выборка.Цена;
		НоваяСтрока.СуммаОстатков = Выборка.СуммаОстатков;
	КонецЦикла;
	
	ТаблицаЗначений.Сортировать(""Наименование Возр"");
	
	Возврат ТаблицаЗначений;
	
КонецФункции

Функция ЗадачаРешена(ТабДок) Экспорт
	
	Если ТипЗнч(ТабДок) <> Тип(""ТаблицаЗначений"") Тогда
		Возврат Ложь;
	КонецЕсли;
	
	Если ТабДок.Колонки.Найти(""Товар"") = Неопределено Тогда
		Возврат Ложь;
	КонецЕсли;
	
	Если ТабДок.Колонки.Найти(""Цена"") = Неопределено Тогда
		Возврат Ложь;
	КонецЕсли;
	
	Если ТабДок.Колонки.Найти(""Остаток"") = Неопределено Тогда
		Возврат Ложь;
	КонецЕсли;
	
	Если ТабДок.Количество() = 0 Тогда
		Возврат Ложь;
	КонецЕсли;
	
	Для Каждого Строка Из ТабДок Цикл
		Если НЕ ЗначениеЗаполнено(Строка.Товар) Тогда
			Возврат Ложь;
		КонецЕсли;
		Если Строка.Остаток < 0 Тогда
			Возврат Ложь;
		КонецЕсли;
	КонецЦикла;
	
	Возврат Истина;
	
КонецФункции"
"Написать функцию СформироватьОтчетДинамикаПродажТовара(ДатаНачала, ДатаОкончания, Товар), которая формирует отчет на сервере ""ДинамикаПродаж"" на заданный период с отбором по ""Товар"" 
и подменяет стандартную структуру отчета(диаграмма) на группировку по полю ""Период"".

Функция должна программно сформировать отчет ""ДинамикаПродаж"", вариант отчета ""СуммаИКоличество"". 
Настройки отчета:   
    Структура отчета: Группировка
	                     ""Период"" ТипГруппировки = Элементы, ТипДополнения = БезДополнения.
	    Параметры отчета: Период 
	    Значения параметов: Период.ДатаНачала = ДатаНачала, Период.ДатаОкончания = ДатаОкончания.
	Параметры вывода: ВыводитьПараметрыДанных = Не выводить,
	                  ВыводитьОтбор = Не выводить. 
	Отбор : Товар = Товар.
	                  
Параметры функции:  
ДатаНачала (тип: Дата) - начало периода.
ДатаОкончания (тип: Дата) - окончание периода.
Товар (тип: СправочникСсылка.Товары) - товар.

Возвращаемое значение: ТабличныйДокумент.","{""Catalogs"": [{""id"": ""Товары"", ""name"": ""Товары"", ""Attributes"": [{""id"": ""Артикул"", ""name"": ""Артикул"", ""types"": [{""type"": ""String"", ""StringQualifiers"": ""15""}]}, {""id"": ""Поставщик"", ""name"": ""Поставщик"", ""types"": [{""type"": ""Ref"", ""id"": ""Справочник.Контрагенты""}]}, {""id"": ""ФайлКартинки"", ""name"": ""Картинка"", ""types"": [{""type"": ""Ref"", ""id"": ""Справочник.ХранимыеФайлы""}]}, {""id"": ""Вид"", ""name"": ""Вид"", ""types"": []}, {""id"": ""Штрихкод"", ""name"": ""Штрихкод"", ""types"": [{""type"": ""String"", ""StringQualifiers"": ""20""}]}, {""id"": ""Описание"", ""name"": ""Описание"", ""types"": [{""type"": ""String"", ""StringQualifiers"": ""0""}]}]}]}",task_052,server,high,task10_сложн_Куликова_v1.epf,"Функция СформироватьОтчетДинамикаПродажТовара(ДатаНачала, ДатаОкончания, Товар)
	
	ТабДок = Новый ТабличныйДокумент;
	
	СхемаКомпоновки = Отчеты.ДинамикаПродаж.ПолучитьМакет(""СуммаИКоличество"");
	
	КомпоновщикНастроек = Новый КомпоновщикНастроекКомпоновкиДанных;
	КомпоновщикНастроек.Инициализировать(Новый ИсточникДоступныхНастроекКомпоновкиДанных(СхемаКомпоновки));
	КомпоновщикНастроек.ЗагрузитьНастройки(СхемаКомпоновки.НастройкиПоУмолчанию);
	
	Настройки = КомпоновщикНастроек.Настройки;
	
	// Очищаем структуру отчета и добавляем группировку по полю ""Период""
	Настройки.Структура.Очистить();
	
	ГруппировкаПериод = Настройки.Структура.Добавить(Тип(""ГруппировкаКомпоновкиДанных""));
	ГруппировкаПериод.Использование = Истина;
	
	ПолеГруппировки = ГруппировкаПериод.ПоляГруппировки.Элементы.Добавить(Тип(""ПолеГруппировкиКомпоновкиДанных""));
	ПолеГруппировки.Использование = Истина;
	ПолеГруппировки.Поле = Новый ПолеКомпоновкиДанных(""Период"");
	ПолеГруппировки.ТипГруппировки = ТипГруппировкиКомпоновкиДанных.Элементы;
	ПолеГруппировки.ТипДополнения = ТипДополненияПериодаКомпоновкиДанных.БезДополнения;
	
	// Установка параметров данных
	Для Каждого ПараметрДанных Из Настройки.ПараметрыДанных.Элементы Цикл
		Если ПараметрДанных.Параметр = Новый ПараметрКомпоновкиДанных(""Период"") Тогда
			ПараметрДанных.Использование = Истина;
			ПараметрДанных.Значение = Новый СтандартныйПериод(ДатаНачала, ДатаОкончания);
		КонецЕсли;
	КонецЦикла;
	
	// Параметры вывода
	Для Каждого ПараметрВывода Из Настройки.ПараметрыВывода.Элементы Цикл
		Если ПараметрВывода.Параметр = Новый ПараметрКомпоновкиДанных(""ВыводитьПараметрыДанных"") Тогда
			ПараметрВывода.Использование = Истина;
			ПараметрВывода.Значение = ТипВыводаТекстаКомпоновкиДанных.НеВыводить;
		ИначеЕсли ПараметрВывода.Параметр = Новый ПараметрКомпоновкиДанных(""ВыводитьОтбор"") Тогда
			ПараметрВывода.Использование = Истина;
			ПараметрВывода.Значение = ТипВыводаТекстаКомпоновкиДанных.НеВыводить;
		КонецЕсли;
	КонецЦикла;
	
	// Отбор по товару
	ЭлементОтбора = Настройки.Отбор.Элементы.Добавить(Тип(""ЭлементОтбораКомпоновкиДанных""));
	ЭлементОтбора.ЛевоеЗначение = Новый ПолеКомпоновкиДанных(""Товар"");
	ЭлементОтбора.ВидСравнения = ВидСравненияКомпоновкиДанных.Равно;
	ЭлементОтбора.ПравоеЗначение = Товар;
	ЭлементОтбора.Использование = Истина;
	
	// Формирование отчета
	КомпоновщикМакета = Новый КомпоновщикМакетаКомпоновкиДанных;
	МакетКомпоновки = КомпоновщикМакета.Выполнить(СхемаКомпоновки, Настройки, , , Тип(""ГенераторМакетаКомпоновкиДанных""));
	
	ПроцессорКомпоновки = Новый ПроцессорКомпоновкиДанных;
	ПроцессорКомпоновки.Инициализировать(МакетКомпоновки);
	
	ПроцессорВывода = Новый ПроцессорВыводаРезультатаКомпоновкиДанныхВТабличныйДокумент;
	ПроцессорВывода.УстановитьДокумент(ТабДок);
	ПроцессорВывода.Вывести(ПроцессорКомпоновки);
	
	Возврат ТабДок;
	
КонецФункции"
"Написать функцию СформироватьПереоценкуТоваровНаСкладе(Дата, ПроцентПереоценки),
которая формирует расчет переоценки товаров на складе и выводит прайс с учетом увеличения цены на заданный процент (по умолчанию 10%).
Расчет должен выполняться на основании остатков товаров на складе и актуальных цен номенклатуры.
В обработку должны попадать только те товары, по которым есть положительные остатки на складе.
Если параметр Дата не задан, используется текущая дата (конец дня).
Если процент переоценки не задан, используется значение 10%.
Источник данных:
Регистр накопления ТоварныеЗапасы (остатки товаров на складе);
Регистр сведений ЦеныТоваров (актуальные цены товаров, срез последних на дату).
Логика формирования данных:
Из регистра накопления ТоварныеЗапасы.Остатки выбираются товары с положительным количеством остатка на указанную дату.
Данные агрегируются по измерению Товар с расчетом:
Остаток — суммарное количество товара на складе.
К полученным остаткам выполняется присоединение регистра сведений ЦеныТоваров.СрезПоследних на ту же дату для получения актуальной цены.
Рассчитываются показатели переоценки:
СтараяЦена — текущая цена из регистра цен;
НоваяЦена — цена с учетом переоценки (СтараяЦена * (1 + ПроцентПереоценки / 100));
СуммаПереоценки — общий эффект переоценки по складу (разница цены * остаток товара).
Результат формирования должен представлять таблицу значений (ТаблицаЗначений), содержащую следующие колонки:
Товар (СправочникСсылка.Товары);
Наименование (представление товара);
Остаток (число);
СтараяЦена (число);
НоваяЦена (число);
СуммаПереоценки (число).
В итоговую таблицу включаются только товары, имеющие цену и положительные остатки.
Наименование товара заполняется через представление ссылочного поля номенклатуры для удобства анализа.
После заполнения данных выполняется сортировка таблицы по убыванию суммы переоценки, что позволяет в первую очередь анализировать товары с наибольшим финансовым эффектом от изменения цены.
Функция должна возвращать сформированную таблицу значений, пригодную для:
анализа розничной переоценки;
формирования прайса после изменения цен;
оценки влияния переоценки на стоимость складских остатков;
использования в управленческих отчетах по складу и рознице.","{""AccumulationRegisters"": [{""id"": ""ТоварныеЗапасы"", ""name"": ""Товарные запасы"", ""RegisterType"": ""Balance"", ""Dimensions"": [{""id"": ""Товар"", ""name"": ""Товар"", ""types"": [{""type"": ""Ref"", ""id"": ""Справочник.Товары""}]}, {""id"": ""Склад"", ""name"": ""Склад"", ""types"": [{""type"": ""Ref"", ""id"": ""Справочник.Склады""}]}], ""Resources"": [{""id"": ""Количество"", ""name"": ""Количество"", ""types"": [{""type"": ""Number"", ""NumberQualifiers"": ""10.2""}]}]}], ""InformationRegisters"": [{""id"": ""ЦеныТоваров"", ""name"": ""Цены товаров"", ""InformationRegisterPeriodicity"": ""Day"", ""WriteMode"": ""Independent"", ""Dimensions"": [{""id"": ""Товар"", ""name"": ""Товар"", ""types"": [{""type"": ""Ref"", ""id"": ""Справочник.Товары""}]}, {""id"": ""ВидЦен"", ""name"": ""Вид цен"", ""types"": [{""type"": ""Ref"", ""id"": ""Справочник.ВидыЦен""}]}], ""Resources"": [{""id"": ""Цена"", ""name"": ""Цена"", ""types"": [{""type"": ""Number"", ""NumberQualifiers"": ""10.2""}]}]}], ""Catalogs"": [{""id"": ""Товары"", ""name"": ""Товары"", ""Attributes"": [{""id"": ""Артикул"", ""name"": ""Артикул"", ""types"": [{""type"": ""String"", ""StringQualifiers"": ""15""}]}, {""id"": ""Поставщик"", ""name"": ""Поставщик"", ""types"": [{""type"": ""Ref"", ""id"": ""Справочник.Контрагенты""}]}, {""id"": ""ФайлКартинки"", ""name"": ""Картинка"", ""types"": [{""type"": ""Ref"", ""id"": ""Справочник.ХранимыеФайлы""}]}, {""id"": ""Вид"", ""name"": ""Вид"", ""types"": []}, {""id"": ""Штрихкод"", ""name"": ""Штрихкод"", ""types"": [{""type"": ""String"", ""StringQualifiers"": ""20""}]}, {""id"": ""Описание"", ""name"": ""Описание"", ""types"": [{""type"": ""String"", ""StringQualifiers"": ""0""}]}]}]}",task_053,server,mid,task11_СредняяСформироватьПереоценкуТоваровНаСкладе_v3.epf,"Функция СформироватьПереоценкуТоваровНаСкладе(Дата = Неопределено, ПроцентПереоценки = 10) Экспорт
	
	Если Дата = Неопределено Тогда
		ДатаРасчета = КонецДня(ТекущаяДата());
	Иначе
		ДатаРасчета = КонецДня(Дата);
	КонецЕсли;
	
	Если ПроцентПереоценки = 0 Тогда
		ПроцентПереоценки = 10;
	КонецЕсли;
	
	Запрос = Новый Запрос;
	Запрос.Текст = 
	""ВЫБРАТЬ
	|	Остатки.Товар КАК Товар,
	|	Остатки.Товар.Наименование КАК Наименование,
	|	Остатки.КоличествоОстаток КАК Остаток,
	|	ЕСТЬNULL(Цены.Цена, 0) КАК СтараяЦена
	|ИЗ
	|	РегистрНакопления.ТоварныеЗапасы.Остатки(&ДатаРасчета) КАК Остатки
	|		ЛЕВОЕ СОЕДИНЕНИЕ РегистрСведений.ЦеныТоваров.СрезПоследних(&ДатаРасчета) КАК Цены
	|		ПО Остатки.Товар = Цены.Товар
	|ГДЕ
	|	Остатки.КоличествоОстаток > 0
	|	И ЕСТЬNULL(Цены.Цена, 0) > 0"";
	
	Запрос.УстановитьПараметр(""ДатаРасчета"", ДатаРасчета);
	
	РезультатЗапроса = Запрос.Выполнить();
	
	ТаблицаПереоценки = Новый ТаблицаЗначений;
	ТаблицаПереоценки.Колонки.Добавить(""Товар"");
	ТаблицаПереоценки.Колонки.Добавить(""Наименование"");
	ТаблицаПереоценки.Колонки.Добавить(""Остаток"");
	ТаблицаПереоценки.Колонки.Добавить(""СтараяЦена"");
	ТаблицаПереоценки.Колонки.Добавить(""НоваяЦена"");
	ТаблицаПереоценки.Колонки.Добавить(""СуммаПереоценки"");
	
	Выборка = РезультатЗапроса.Выбрать();
	
	Пока Выборка.Следующий() Цикл
		
		НоваяСтрока = ТаблицаПереоценки.Добавить();
		НоваяСтрока.Товар = Выборка.Товар;
		НоваяСтрока.Наименование = Выборка.Наименование;
		НоваяСтрока.Остаток = Выборка.Остаток;
		НоваяСтрока.СтараяЦена = Выборка.СтараяЦена;
		НоваяСтрока.НоваяЦена = Окр(Выборка.СтараяЦена * (1 + ПроцентПереоценки / 100), 2);
		НоваяСтрока.СуммаПереоценки = Окр((НоваяСтрока.НоваяЦена - НоваяСтрока.СтараяЦена) * НоваяСтрока.Остаток, 2);
		
	КонецЦикла;
	
	ТаблицаПереоценки.Сортировать(""СуммаПереоценки Убыв"");
	
	Возврат ТаблицаПереоценки;
	
КонецФункции"
"Написать функцию СформироватьОтчетДинамикаПродажКонтрольВТаблице(ДатаНачала, ДатаОкончания, СуммаКонтроль, ТипКонтроля), которая формирует отчет на сервере ""ДинамикаПродаж"" на заданный период с отбором по ""СуммаОборот"" 
и подменяет стандартную структуру отчета(диаграмма) на группировку по полю ""Период"".

Функция должна программно сформировать отчет ""ДинамикаПродаж"", вариант отчета ""ДиаграммаПоПериодам"". 
Настройки отчета:   
    Структура отчета: Группировка
	                     ""Период"" ТипГруппировки = Элементы, ТипДополнения = БезДополнения.
	Параметры отчета: Период 
	    Значения параметов: Период.ДатаНачала = ДатаНачала, Период.ДатаОкончания = ДатаОкончания.    
	Параметры вывода: ВыводитьПараметрыДанных = Не выводить,
	                  ВыводитьОтбор = Не выводить. 
	Отбор : В зависимости от параметра ТипКонтроля, применятется отбор к полю Сумма.
	Если ТипКонтроля = Равно, тогда отбор:  СуммаОборот = СуммаКонтроль.
	Если ТипКонтроля = БольшеИлиРавно, тогда отбор:  ССуммаОборот >= СуммаКонтроль.
	Если ТипКонтроля = МеньшеИлиРавно, тогда отбор:  СуммаОборот <= СуммаКонтроль.
	Если ТипКонтроля = Больше, тогда отбор:  СуммаОборот > СуммаКонтроль.
	Если ТипКонтроля = Меньше, тогда отбор:  СуммаОборот < СуммаКонтроль. 
    Для других значений ТипКонтроля формирование отчета не поддерживается.
	                 
Параметры функции:  
ДатаНачала (тип: Дата) - начало периода.
ДатаОкончания (тип: Дата) - окончание периода.
СуммаКонтроль (тип: Число) - значение для отбора по СуммаОборот.
ТипКонтроля (тип: ВидСравненияКомпоновкиДанных) - вид сравнения для отбора по СуммаОборот.

Возвращаемое значение: ТабличныйДокумент.",{},task_054,server,high,task11_сложн_Куликова_v1.epf,"Функция СформироватьОтчетДинамикаПродажКонтрольВТаблице(ДатаНачала, ДатаОкончания, СуммаКонтроль, ТипКонтроля)
	
	// Проверка поддерживаемых типов контроля
	Если ТипКонтроля <> ВидСравненияКомпоновкиДанных.Равно
		И ТипКонтроля <> ВидСравненияКомпоновкиДанных.БольшеИлиРавно
		И ТипКонтроля <> ВидСравненияКомпоновкиДанных.МеньшеИлиРавно
		И ТипКонтроля <> ВидСравненияКомпоновкиДанных.Больше
		И ТипКонтроля <> ВидСравненияКомпоновкиДанных.Меньше Тогда
		Возврат Новый ТабличныйДокумент;
	КонецЕсли;
	
	// Получаем схему компоновки данных отчета
	СхемаКомпоновки = Отчеты.ДинамикаПродаж.ПолучитьМакет(""ОсновнаяСхемаКомпоновкиДанных"");
	
	// Находим вариант настроек ""ДиаграммаПоПериодам""
	Настройки = Неопределено;
	Для Каждого ВариантНастроек Из СхемаКомпоновки.ВариантыНастроек Цикл
		Если ВариантНастроек.Имя = ""ДиаграммаПоПериодам"" Тогда
			Настройки = ВариантНастроек.Настройки;
			Прервать;
		КонецЕсли;
	КонецЦикла;
	
	Если Настройки = Неопределено Тогда
		Возврат Новый ТабличныйДокумент;
	КонецЕсли;
	
	// Очищаем структуру отчета и добавляем группировку по полю ""Период""
	Настройки.Структура.Очистить();
	
	ГруппировкаПериод = Настройки.Структура.Добавить(Тип(""ГруппировкаКомпоновкиДанных""));
	ПолеГруппировки = ГруппировкаПериод.ПоляГруппировки.Элементы.Добавить(Тип(""ПолеГруппировкиКомпоновкиДанных""));
	ПолеГруппировки.Поле = Новый ПолеКомпоновкиДанных(""Период"");
	ПолеГруппировки.ТипГруппировки = ТипГруппировкиКомпоновкиДанных.Элементы;
	ПолеГруппировки.ТипДополнения = ТипДополненияПериодаКомпоновкиДанных.БезДополнения;
	
	// Устанавливаем параметры отчета - Период
	Для Каждого ПараметрДанных Из Настройки.ПараметрыДанных.Элементы Цикл
		Если ПараметрДанных.Параметр = Новый ПараметрКомпоновкиДанных(""Период"") Тогда
			ПараметрДанных.Значение = Новый СтандартныйПериод(ДатаНачала, ДатаОкончания);
			ПараметрДанных.Использование = Истина;
		КонецЕсли;
	КонецЦикла;
	
	// Устанавливаем параметры вывода
	Для Каждого ПараметрВывода Из Настройки.ПараметрыВывода.Элементы Цикл
		Если ПараметрВывода.Параметр = Новый ПараметрКомпоновкиДанных(""ВыводитьПараметрыДанных"") Тогда
			ПараметрВывода.Значение = ТипВыводаТекстаКомпоновкиДанных.НеВыводить;
			ПараметрВывода.Использование = Истина;
		ИначеЕсли ПараметрВывода.Параметр = Новый ПараметрКомпоновкиДанных(""ВыводитьОтбор"") Тогда
			ПараметрВывода.Значение = ТипВыводаТекстаКомпоновкиДанных.НеВыводить;
			ПараметрВывода.Использование = Истина;
		КонецЕсли;
	КонецЦикла;
	
	// Устанавливаем отбор по СуммаОборот
	ЭлементОтбора = Настройки.Отбор.Элементы.Добавить(Тип(""ЭлементОтбораКомпоновкиДанных""));
	ЭлементОтбора.ЛевоеЗначение = Новый ПолеКомпоновкиДанных(""СуммаОборот"");
	ЭлементОтбора.ВидСравнения = ТипКонтроля;
	ЭлементОтбора.ПравоеЗначение = СуммаКонтроль;
	ЭлементОтбора.Использование = Истина;
	
	// Формируем отчет
	КомпоновщикМакета = Новый КомпоновщикМакетаКомпоновкиДанных;
	МакетКомпоновки = КомпоновщикМакета.Выполнить(СхемаКомпоновки, Настройки, , , Тип(""ГенераторМакетаКомпоновкиДанных""));
	
	ПроцессорКомпоновки = Новый ПроцессорКомпоновкиДанных;
	ПроцессорКомпоновки.Инициализировать(МакетКомпоновки);
	
	ТабличныйДокумент = Новый ТабличныйДокумент;
	
	ПроцессорВывода = Новый ПроцессорВыводаРезультатаКомпоновкиДанныхВТабличныйДокумент;
	ПроцессорВывода.УстановитьДокумент(ТабличныйДокумент);
	ПроцессорВывода.Вывести(ПроцессорКомпоновки);
	
	Возврат ТабличныйДокумент;
	
КонецФункции"
"Написать функцию СформироватьРезервированиеТоваровПодЗаказы(Дата = Неопределено),
которая формирует отчет по резервированию товаров на складе под заказы клиентов в виде таблицы значений.
Отчет должен показывать, какое количество товара уже заказано клиентами, какой остаток есть на складе и хватает ли его для обеспечения заказов.
Если дата не передана в параметрах, расчет должен выполняться на конец текущего дня (КонецДня(ТекущаяДата())).
Данные для формирования отчета выбираются из следующих источников метаданных:
Документ.Заказ (табличная часть Товары);
РегистрНакопления.ТоварныеЗапасы.Остатки.
Отбор заказов выполняется по следующим условиям:
документ Заказ проведен (Проведен = Истина);
состояние заказа равно значению перечисления СостоянияЗаказов.ВРаботе.
Алгоритм формирования отчета выполняется следующим образом:
Выполняется запрос к табличной части Документ.Заказ.Товары, где:
данные агрегируются по номенклатуре (Товар);
рассчитывается суммарное количество товара в активных заказах клиентов (КоличествоВЗаказах).
Полученные данные помещаются во временную таблицу.
Далее выполняется запрос к регистру накопления ТоварныеЗапасы.Остатки на указанную дату:
определяется остаток товара на складе (КоличествоОстаток);
выполняется левое соединение с временной таблицей заказов.
Рассчитываются итоговые показатели:
ОстатокНаСкладе — текущий складской остаток товара;
КоличествоВЗаказах — общее количество товара в заказах клиентов;
ДоступныйОстаток — разница между остатком и количеством в заказах;
РезервКОбеспечению — дефицит товара (если заказов больше, чем остатка).
Результат работы функции должен представлять ТаблицаЗначений, где каждая строка соответствует одному товару.
Таблица должна содержать следующие колонки:
Товар — ссылка на элемент справочника Товары;
Наименование — наименование номенклатуры;
ОстатокНаСкладе — текущий остаток товара на складе;
КоличествоВЗаказах — суммарное количество товара в активных заказах клиентов;
ДоступныйОстаток — доступный остаток с учетом резервирования;
РезервКОбеспечению — количество товара, которого не хватает для обеспечения заказов.
В итоговую таблицу включаются только товары, по которым есть остатки или заказы клиентов.
После формирования данных таблица сортируется по полю РезервКОбеспечению в порядке убывания, что позволяет в первую очередь видеть наиболее дефицитные позиции.
Функция ЗадачаРешена(ТабДок) должна выполнять проверку корректности результата:
результат должен быть типа ТаблицаЗначений;
таблица должна содержать обязательные колонки (Товар, ОстатокНаСкладе, КоличествоВЗаказах, РезервКОбеспечению);
у всех строк должен быть заполнен товар;
значение резерва не должно быть отрицательным.
Если структура данных корректна, функция возвращает Истина, в противном случае — Ложь.","{""Documents"": [{""id"": ""Заказ"", ""name"": ""Заказ"", ""Attributes"": [{""id"": ""Покупатель"", ""name"": ""Покупатель"", ""types"": [{""type"": ""Ref"", ""id"": ""Справочник.Контрагенты""}]}, {""id"": ""Склад"", ""name"": ""Склад"", ""types"": [{""type"": ""Ref"", ""id"": ""Справочник.Склады""}]}, {""id"": ""Валюта"", ""name"": ""Валюта взаиморасчетов"", ""types"": [{""type"": ""Ref"", ""id"": ""Справочник.Валюты""}]}, {""id"": ""ВидЦен"", ""name"": ""Вид цен"", ""types"": [{""type"": ""Ref"", ""id"": ""Справочник.ВидыЦен""}]}, {""id"": ""Организация"", ""name"": ""Организация"", ""types"": [{""type"": ""Ref"", ""id"": ""Справочник.Организации""}]}, {""id"": ""СостояниеЗаказа"", ""name"": ""Состояние заказа"", ""types"": [{""type"": ""Ref"", ""id"": ""Перечисление.СостоянияЗаказов""}]}, {""id"": ""Автор"", ""name"": ""Автор"", ""types"": [{""type"": ""Ref"", ""id"": ""Справочник.Пользователи""}]}, {""id"": ""Сумма"", ""name"": ""Сумма"", ""types"": [{""type"": ""Number"", ""NumberQualifiers"": ""10.2""}]}], ""TabularSections"": [{""id"": ""Товары"", ""name"": ""Товары"", ""Attributes"": [{""id"": ""Товар"", ""name"": ""Товар"", ""types"": [{""type"": ""Ref"", ""id"": ""Справочник.Товары""}]}, {""id"": ""Цена"", ""name"": ""Цена"", ""types"": [{""type"": ""Number"", ""NumberQualifiers"": ""10.2""}]}, {""id"": ""Количество"", ""name"": ""Количество"", ""types"": [{""type"": ""Number"", ""NumberQualifiers"": ""10.0""}]}, {""id"": ""Сумма"", ""name"": ""Сумма"", ""types"": [{""type"": ""Number"", ""NumberQualifiers"": ""10.2""}]}]}]}], ""AccumulationRegisters"": [{""id"": ""ТоварныеЗапасы"", ""name"": ""Товарные запасы"", ""RegisterType"": ""Balance"", ""Dimensions"": [{""id"": ""Товар"", ""name"": ""Товар"", ""types"": [{""type"": ""Ref"", ""id"": ""Справочник.Товары""}]}, {""id"": ""Склад"", ""name"": ""Склад"", ""types"": [{""type"": ""Ref"", ""id"": ""Справочник.Склады""}]}], ""Resources"": [{""id"": ""Количество"", ""name"": ""Количество"", ""types"": [{""type"": ""Number"", ""NumberQualifiers"": ""10.2""}]}]}], ""Catalogs"": [{""id"": ""Товары"", ""name"": ""Товары"", ""Attributes"": [{""id"": ""Артикул"", ""name"": ""Артикул"", ""types"": [{""type"": ""String"", ""StringQualifiers"": ""15""}]}, {""id"": ""Поставщик"", ""name"": ""Поставщик"", ""types"": [{""type"": ""Ref"", ""id"": ""Справочник.Контрагенты""}]}, {""id"": ""ФайлКартинки"", ""name"": ""Картинка"", ""types"": [{""type"": ""Ref"", ""id"": ""Справочник.ХранимыеФайлы""}]}, {""id"": ""Вид"", ""name"": ""Вид"", ""types"": []}, {""id"": ""Штрихкод"", ""name"": ""Штрихкод"", ""types"": [{""type"": ""String"", ""StringQualifiers"": ""20""}]}, {""id"": ""Описание"", ""name"": ""Описание"", ""types"": [{""type"": ""String"", ""StringQualifiers"": ""0""}]}]}]}",task_055,server,mid,task12_СредняяРезервированиеТоваровПодЗаказыКлиентов_v3.epf,"Функция СформироватьРезервированиеТоваровПодЗаказы(Дата = Неопределено) Экспорт
	
	Если Дата = Неопределено Тогда
		Дата = КонецДня(ТекущаяДата());
	КонецЕсли;
	
	Запрос = Новый Запрос;
	Запрос.Текст = 
	""ВЫБРАТЬ
	|	ЗаказТовары.Товар КАК Товар,
	|	СУММА(ЗаказТовары.Количество) КАК КоличествоВЗаказах
	|ПОМЕСТИТЬ ВТ_Заказы
	|ИЗ
	|	Документ.Заказ.Товары КАК ЗаказТовары
	|ГДЕ
	|	ЗаказТовары.Ссылка.Проведен = ИСТИНА
	|	И ЗаказТовары.Ссылка.СостояниеЗаказа = &СостояниеВРаботе
	|СГРУППИРОВАТЬ ПО
	|	ЗаказТовары.Товар
	|;
	|
	|////////////////////////////////////////////////////////////////////////////////
	|ВЫБРАТЬ
	|	ЕСТЬNULL(Остатки.Товар, Заказы.Товар) КАК Товар,
	|	ЕСТЬNULL(Остатки.Товар.Наименование, Заказы.Товар.Наименование) КАК Наименование,
	|	ЕСТЬNULL(Остатки.КоличествоОстаток, 0) КАК ОстатокНаСкладе,
	|	ЕСТЬNULL(Заказы.КоличествоВЗаказах, 0) КАК КоличествоВЗаказах,
	|	ЕСТЬNULL(Остатки.КоличествоОстаток, 0) - ЕСТЬNULL(Заказы.КоличествоВЗаказах, 0) КАК ДоступныйОстаток,
	|	ВЫБОР
	|		КОГДА ЕСТЬNULL(Заказы.КоличествоВЗаказах, 0) - ЕСТЬNULL(Остатки.КоличествоОстаток, 0) > 0
	|			ТОГДА ЕСТЬNULL(Заказы.КоличествоВЗаказах, 0) - ЕСТЬNULL(Остатки.КоличествоОстаток, 0)
	|		ИНАЧЕ 0
	|	КОНЕЦ КАК РезервКОбеспечению
	|ИЗ
	|	(ВЫБРАТЬ
	|		Запасы.Товар КАК Товар,
	|		СУММА(Запасы.КоличествоОстаток) КАК КоличествоОстаток
	|	ИЗ
	|		РегистрНакопления.ТоварныеЗапасы.Остатки(&Дата) КАК Запасы
	|	СГРУППИРОВАТЬ ПО
	|		Запасы.Товар) КАК Остатки
	|		ПОЛНОЕ СОЕДИНЕНИЕ ВТ_Заказы КАК Заказы
	|		ПО Остатки.Товар = Заказы.Товар
	|ГДЕ
	|	НЕ ЕСТЬNULL(Остатки.Товар, Заказы.Товар) = ЗНАЧЕНИЕ(Справочник.Товары.ПустаяСсылка)"";
	
	Запрос.УстановитьПараметр(""Дата"", Дата);
	Запрос.УстановитьПараметр(""СостояниеВРаботе"", Перечисления.СостоянияЗаказов.ВРаботе);
	
	Результат = Запрос.Выполнить();
	
	ТаблицаРезультат = Результат.Выгрузить();
	
	ТаблицаРезультат.Сортировать(""РезервКОбеспечению Убыв"");
	
	Возврат ТаблицаРезультат;
	
КонецФункции

Функция ЗадачаРешена(ТабДок) Экспорт
	
	Если ТипЗнч(ТабДок) <> Тип(""ТаблицаЗначений"") Тогда
		Возврат Ложь;
	КонецЕсли;
	
	// Проверка наличия обязательных колонок
	Если ТабДок.Колонки.Найти(""Товар"") = Неопределено Тогда
		Возврат Ложь;
	КонецЕсли;
	Если ТабДок.Колонки.Найти(""ОстатокНаСкладе"") = Неопределено Тогда
		Возврат Ложь;
	КонецЕсли;
	Если ТабДок.Колонки.Найти(""КоличествоВЗаказах"") = Неопределено Тогда
		Возврат Ложь;
	КонецЕсли;
	Если ТабДок.Колонки.Найти(""РезервКОбеспечению"") = Неопределено Тогда
		Возврат Ложь;
	КонецЕсли;
	
	// Проверка данных в строках
	Для Каждого Строка Из ТабДок Цикл
		Если НЕ ЗначениеЗаполнено(Строка.Товар) Тогда
			Возврат Ложь;
		КонецЕсли;
		Если Строка.РезервКОбеспечению < 0 Тогда
			Возврат Ложь;
		КонецЕсли;
	КонецЦикла;
	
	Возврат Истина;
	
КонецФункции"
"Написать функцию СформироватьОтчетДниПродажВышеНормы(ДатаНачала, ДатаОкончания, КоличествоНорма), которая формирует отчет на сервере ""ДинамикаПродаж"" на заданный период с отбором по ""КоличествоОборот"" 
и подменяет стандартную структуру отчета(диаграмма) на группировку по полю ""Период"".

Функция должна программно сформировать отчет ""ДинамикаПродаж"", вариант отчета ""СуммаИКоличество"". 
Настройки отчета:   
    Структура отчета: Группировка
	                     ""Период"" ТипГруппировки = Элементы, ТипДополнения = БезДополнения.
	    Параметры отчета: Период 
	    Значения параметов: Период.ДатаНачала = ДатаНачала, Период.ДатаОкончания = ДатаОкончания.
	Параметры вывода: ВыводитьПараметрыДанных = Не выводить,
	                  ВыводитьОтбор = Не выводить. 
	Отбор : КоличествоОборот >= КоличествоНорма.
	                  
Параметры функции:  
ДатаНачала (тип: Дата) - начало периода.
ДатаОкончания (тип: Дата) - окончание периода.
КоличествоНорма (тип: Число) - норма количества продаж.

Возвращаемое значение: ТабличныйДокумент.",{},task_056,server,high,task12_сложн_Куликова_v1.epf,"Функция СформироватьОтчетДниПродажВышеНормы(ДатаНачала, ДатаОкончания, КоличествоНорма)
	
	// Создаем схему компоновки данных из отчета
	СхемаКомпоновки = Отчеты.ДинамикаПродаж.ПолучитьМакет(""ОсновнаяСхемаКомпоновкиДанных"");
	
	// Получаем вариант настроек ""СуммаИКоличество""
	НастройкиОтчета = СхемаКомпоновки.ВариантыНастроек.Найти(""СуммаИКоличество"").Настройки;
	
	// Очищаем структуру отчета (удаляем диаграмму и прочее)
	НастройкиОтчета.Структура.Очистить();
	
	// Добавляем группировку по полю ""Период""
	ГруппировкаПериод = НастройкиОтчета.Структура.Добавить(Тип(""ГруппировкаКомпоновкиДанных""));
	ПолеГруппировки = ГруппировкаПериод.ПоляГруппировки.Элементы.Добавить(Тип(""ПолеГруппировкиКомпоновкиДанных""));
	ПолеГруппировки.Поле = Новый ПолеКомпоновкиДанных(""Период"");
	ПолеГруппировки.ТипГруппировки = ТипГруппировкиКомпоновкиДанных.Элементы;
	ПолеГруппировки.ТипДополнения = ТипДополненияПериодаКомпоновкиДанных.БезДополнения;
	
	// Настраиваем параметры данных - Период
	Для Каждого ЭлементПараметра Из НастройкиОтчета.ПараметрыДанных.Элементы Цикл
		Если ЭлементПараметра.Параметр = Новый ПараметрКомпоновкиДанных(""Период"") Тогда
			ЭлементПараметра.Значение = Новый СтандартныйПериод(ДатаНачала, ДатаОкончания);
			ЭлементПараметра.Использование = Истина;
		КонецЕсли;
	КонецЦикла;
	
	// Настраиваем параметры вывода
	ЭлементВыводаПараметров = НастройкиОтчета.ПараметрыВывода.НайтиЗначениеПараметра(
		Новый ПараметрКомпоновкиДанных(""ВыводитьПараметрыДанных""));
	Если ЭлементВыводаПараметров <> Неопределено Тогда
		ЭлементВыводаПараметров.Значение = ТипВыводаТекстаКомпоновкиДанных.НеВыводить;
		ЭлементВыводаПараметров.Использование = Истина;
	КонецЕсли;
	
	ЭлементВыводаОтбора = НастройкиОтчета.ПараметрыВывода.НайтиЗначениеПараметра(
		Новый ПараметрКомпоновкиДанных(""ВыводитьОтбор""));
	Если ЭлементВыводаОтбора <> Неопределено Тогда
		ЭлементВыводаОтбора.Значение = ТипВыводаТекстаКомпоновкиДанных.НеВыводить;
		ЭлементВыводаОтбора.Использование = Истина;
	КонецЕсли;
	
	// Настраиваем отбор: КоличествоОборот >= КоличествоНорма
	ЭлементОтбора = НастройкиОтчета.Отбор.Элементы.Добавить(Тип(""ЭлементОтбораКомпоновкиДанных""));
	ЭлементОтбора.ЛевоеЗначение = Новый ПолеКомпоновкиДанных(""КоличествоОборот"");
	ЭлементОтбора.ВидСравнения = ВидСравненияКомпоновкиДанных.БольшеИлиРавно;
	ЭлементОтбора.ПравоеЗначение = КоличествоНорма;
	ЭлементОтбора.Использование = Истина;
	
	// Формируем отчет
	КомпоновщикМакета = Новый КомпоновщикМакетаКомпоновкиДанных;
	МакетКомпоновки = КомпоновщикМакета.Выполнить(СхемаКомпоновки, НастройкиОтчета, , , Тип(""ГенераторМакетаКомпоновкиДанных""));
	
	ПроцессорКомпоновки = Новый ПроцессорКомпоновкиДанных;
	ПроцессорКомпоновки.Инициализировать(МакетКомпоновки);
	
	ТабличныйДокумент = Новый ТабличныйДокумент;
	
	ПроцессорВывода = Новый ПроцессорВыводаРезультатаКомпоновкиДанныхВТабличныйДокумент;
	ПроцессорВывода.УстановитьДокумент(ТабличныйДокумент);
	ПроцессорВывода.Вывести(ПроцессорКомпоновки);
	
	Возврат ТабличныйДокумент;
	
КонецФункции"
"Написать функцию СформироватьАнализТоваровВПутиНаличие(Дата),
которая формирует анализ наличия товаров с учетом заказов клиентов в работе в виде таблицы значений.
Анализ должен выполняться на основании данных:
регистра накопления «ТоварныеЗапасы» (остатки товаров на складе);
документа «Заказ» (табличная часть «Товары»), находящегося в состоянии ВРаботе.
Если параметр Дата не задан, в качестве даты анализа используется текущая дата (КонецДня(ТекущаяДата())).
Формирование анализа выполняется в два этапа:
На первом этапе формируется временная таблица, содержащая суммарное количество товаров по заказам клиентов, находящимся в работе.
Данные выбираются из табличной части Документ.Заказ.Товары с отбором по условию:
состояние заказа равно значению перечисления СостоянияЗаказов.ВРаботе.
Данные группируются по полю Товар, рассчитывается суммарное количество заказанного товара (Количество).
На втором этапе выполняется объединение остатков товаров на складе с временной таблицей заказов:
остатки берутся из регистра накопления РегистрНакопления.ТоварныеЗапасы.Остатки на указанную дату;
соединение выполняется по полю Товар;
рассчитываются итоговые показатели:
ОстатокНаСкладе — суммарный остаток товара на складе;
КоличествоВПути — суммарное количество товара в заказах (резерв под заказы клиентов);
НаличиеДляЗаказа — доступное количество товара с учетом заказов, вычисляемое как:
ОстатокНаСкладе − КоличествоВПути.
Результат должен представлять таблицу значений (ТаблицаЗначений), где каждая строка соответствует одному товару, участвующему в заказах клиентов.
Таблица должна содержать следующие поля:
Товар — ссылка на элемент справочника Товары;
ОстатокНаСкладе — текущий остаток товара на складе на дату анализа;
КоличествоВПути — суммарное количество товара в активных заказах клиентов (в работе);
НаличиеДляЗаказа — доступное количество товара после учета заказов;
НедостачаТовара — булево значение, принимающее Истина, если доступное наличие меньше нуля (дефицит товара), и Ложь в противном случае.
В процессе формирования результата:
для каждой строки выборки создается новая строка таблицы значений;
заполняются поля Товар, ОстатокНаСкладе, КоличествоВПути и НаличиеДляЗаказа;
признак НедостачаТовара устанавливается в Истина, если НаличиеДляЗаказа < 0, что позволяет выявить товары с недостатком запасов под текущие заказы клиентов.
После формирования всех строк функция возвращает заполненную таблицу значений, предназначенную для анализа обеспеченности заказов и выявления дефицита товаров на складе","{""Documents"": [{""id"": ""Заказ"", ""name"": ""Заказ"", ""Attributes"": [{""id"": ""Покупатель"", ""name"": ""Покупатель"", ""types"": [{""type"": ""Ref"", ""id"": ""Справочник.Контрагенты""}]}, {""id"": ""Склад"", ""name"": ""Склад"", ""types"": [{""type"": ""Ref"", ""id"": ""Справочник.Склады""}]}, {""id"": ""Валюта"", ""name"": ""Валюта взаиморасчетов"", ""types"": [{""type"": ""Ref"", ""id"": ""Справочник.Валюты""}]}, {""id"": ""ВидЦен"", ""name"": ""Вид цен"", ""types"": [{""type"": ""Ref"", ""id"": ""Справочник.ВидыЦен""}]}, {""id"": ""Организация"", ""name"": ""Организация"", ""types"": [{""type"": ""Ref"", ""id"": ""Справочник.Организации""}]}, {""id"": ""СостояниеЗаказа"", ""name"": ""Состояние заказа"", ""types"": [{""type"": ""Ref"", ""id"": ""Перечисление.СостоянияЗаказов""}]}, {""id"": ""Автор"", ""name"": ""Автор"", ""types"": [{""type"": ""Ref"", ""id"": ""Справочник.Пользователи""}]}, {""id"": ""Сумма"", ""name"": ""Сумма"", ""types"": [{""type"": ""Number"", ""NumberQualifiers"": ""10.2""}]}], ""TabularSections"": [{""id"": ""Товары"", ""name"": ""Товары"", ""Attributes"": [{""id"": ""Товар"", ""name"": ""Товар"", ""types"": [{""type"": ""Ref"", ""id"": ""Справочник.Товары""}]}, {""id"": ""Цена"", ""name"": ""Цена"", ""types"": [{""type"": ""Number"", ""NumberQualifiers"": ""10.2""}]}, {""id"": ""Количество"", ""name"": ""Количество"", ""types"": [{""type"": ""Number"", ""NumberQualifiers"": ""10.0""}]}, {""id"": ""Сумма"", ""name"": ""Сумма"", ""types"": [{""type"": ""Number"", ""NumberQualifiers"": ""10.2""}]}]}]}], ""AccumulationRegisters"": [{""id"": ""ТоварныеЗапасы"", ""name"": ""Товарные запасы"", ""RegisterType"": ""Balance"", ""Dimensions"": [{""id"": ""Товар"", ""name"": ""Товар"", ""types"": [{""type"": ""Ref"", ""id"": ""Справочник.Товары""}]}, {""id"": ""Склад"", ""name"": ""Склад"", ""types"": [{""type"": ""Ref"", ""id"": ""Справочник.Склады""}]}], ""Resources"": [{""id"": ""Количество"", ""name"": ""Количество"", ""types"": [{""type"": ""Number"", ""NumberQualifiers"": ""10.2""}]}]}], ""Catalogs"": [{""id"": ""Товары"", ""name"": ""Товары"", ""Attributes"": [{""id"": ""Артикул"", ""name"": ""Артикул"", ""types"": [{""type"": ""String"", ""StringQualifiers"": ""15""}]}, {""id"": ""Поставщик"", ""name"": ""Поставщик"", ""types"": [{""type"": ""Ref"", ""id"": ""Справочник.Контрагенты""}]}, {""id"": ""ФайлКартинки"", ""name"": ""Картинка"", ""types"": [{""type"": ""Ref"", ""id"": ""Справочник.ХранимыеФайлы""}]}, {""id"": ""Вид"", ""name"": ""Вид"", ""types"": []}, {""id"": ""Штрихкод"", ""name"": ""Штрихкод"", ""types"": [{""type"": ""String"", ""StringQualifiers"": ""20""}]}, {""id"": ""Описание"", ""name"": ""Описание"", ""types"": [{""type"": ""String"", ""StringQualifiers"": ""0""}]}]}]}",task_057,server,mid,task13_СредняяАнализНаличияТоваровВпути_v3.epf,"Функция СформироватьАнализТоваровВПутиНаличие(Дата = Неопределено) Экспорт
	
	Если Дата = Неопределено Тогда
		ДатаАнализа = КонецДня(ТекущаяДата());
	Иначе
		ДатаАнализа = Дата;
	КонецЕсли;
	
	Запрос = Новый Запрос;
	Запрос.Текст = 
	""ВЫБРАТЬ
	|	ЗаказТовары.Товар КАК Товар,
	|	СУММА(ЗаказТовары.Количество) КАК Количество
	|ПОМЕСТИТЬ ВТ_ЗаказыВРаботе
	|ИЗ
	|	Документ.Заказ.Товары КАК ЗаказТовары
	|ГДЕ
	|	ЗаказТовары.Ссылка.СостояниеЗаказа = ЗНАЧЕНИЕ(Перечисление.СостоянияЗаказов.ВРаботе)
	|СГРУППИРОВАТЬ ПО
	|	ЗаказТовары.Товар
	|;
	|
	|////////////////////////////////////////////////////////////////////////////////
	|ВЫБРАТЬ
	|	ЗаказыВРаботе.Товар КАК Товар,
	|	ЕСТЬNULL(ТоварныеЗапасыОстатки.КоличествоОстаток, 0) КАК ОстатокНаСкладе,
	|	ЗаказыВРаботе.Количество КАК КоличествоВПути,
	|	ЕСТЬNULL(ТоварныеЗапасыОстатки.КоличествоОстаток, 0) - ЗаказыВРаботе.Количество КАК НаличиеДляЗаказа
	|ИЗ
	|	ВТ_ЗаказыВРаботе КАК ЗаказыВРаботе
	|		ЛЕВОЕ СОЕДИНЕНИЕ РегистрНакопления.ТоварныеЗапасы.Остатки(&ДатаАнализа, ) КАК ТоварныеЗапасыОстатки
	|		ПО ЗаказыВРаботе.Товар = ТоварныеЗапасыОстатки.Товар"";
	
	Запрос.УстановитьПараметр(""ДатаАнализа"", ДатаАнализа);
	
	Результат = Запрос.Выполнить();
	Выборка = Результат.Выбрать();
	
	ТаблицаРезультат = Новый ТаблицаЗначений;
	ТаблицаРезультат.Колонки.Добавить(""Товар"");
	ТаблицаРезультат.Колонки.Добавить(""ОстатокНаСкладе"");
	ТаблицаРезультат.Колонки.Добавить(""КоличествоВПути"");
	ТаблицаРезультат.Колонки.Добавить(""НаличиеДляЗаказа"");
	ТаблицаРезультат.Колонки.Добавить(""НедостачаТовара"");
	
	Пока Выборка.Следующий() Цикл
		НоваяСтрока = ТаблицаРезультат.Добавить();
		НоваяСтрока.Товар = Выборка.Товар;
		НоваяСтрока.ОстатокНаСкладе = Выборка.ОстатокНаСкладе;
		НоваяСтрока.КоличествоВПути = Выборка.КоличествоВПути;
		НоваяСтрока.НаличиеДляЗаказа = Выборка.НаличиеДляЗаказа;
		НоваяСтрока.НедостачаТовара = (Выборка.НаличиеДляЗаказа < 0);
	КонецЦикла;
	
	Возврат ТаблицаРезультат;
	
КонецФункции"
"Написать функцию СформироватьОтчетПродажиПоПокупателям(ДатаНачала, ДатаОкончания), которая формирует отчет на сервере ""ДинамикаПродаж"" на заданный период.
Функция должна программно сформировать отчет ""ДинамикаПродаж"", вариант отчета ""ПродажиТоваровПоПокупателям"". Стандартную группировку (Товар, Покупатель) подменить на новую группировку (Покупатель, Товар).
Настройки отчета: 
   Структура отчета: Группировка:
	                     ""Покупатель"": ТипГруппировки = Элементы, ТипДополнения = БезДополнения.
	                         ""Товар"":  ТипГруппировки = Элементы, ТипДополнения = БезДополнения.
	Параметры отчета: Период 
	    Значения параметов: Период.ДатаНачала = ДатаНачала, Период.ДатаОкончания = ДатаОкончания.
	Параметры вывода: ВыводитьПараметрыДанных = Не выводить,
	                  ВыводитьОтбор = Не выводить.
	                  
Параметры функции:  
ДатаНачала (тип: Дата) - начало периода.
ДатаОкончания (тип: Дата) - окончание периода.

Возвращаемое значение: ТабличныйДокумент.",{},task_058,server,high,task13_сложн_Куликова_v1.epf,"Функция СформироватьОтчетПродажиПоПокупателям(ДатаНачала, ДатаОкончания)
	
	// Создаем схему компоновки данных из отчета
	СхемаКомпоновки = Отчеты.ДинамикаПродаж.ПолучитьМакет(""ОсновнаяСхемаКомпоновкиДанных"");
	
	// Получаем настройки варианта отчета ""ПродажиТоваровПоПокупателям""
	НастройкиОтчета = СхемаКомпоновки.НастройкиПоУмолчанию;
	
	// Ищем вариант настроек ""ПродажиТоваровПоПокупателям""
	Для Каждого ВариантНастроек Из СхемаКомпоновки.ВариантыНастроек Цикл
		Если ВариантНастроек.Имя = ""ПродажиТоваровПоПокупателям"" Тогда
			НастройкиОтчета = ВариантНастроек.Настройки;
			Прервать;
		КонецЕсли;
	КонецЦикла;
	
	// Очищаем структуру группировок
	НастройкиОтчета.Структура.Очистить();
	
	// Добавляем группировку ""Покупатель""
	ГруппировкаПокупатель = НастройкиОтчета.Структура.Добавить(Тип(""ГруппировкаКомпоновкиДанных""));
	ГруппировкаПокупатель.Использование = Истина;
	
	ПолеПокупатель = ГруппировкаПокупатель.ПоляГруппировки.Элементы.Добавить(Тип(""ПолеГруппировкиКомпоновкиДанных""));
	ПолеПокупатель.Использование = Истина;
	ПолеПокупатель.Поле = Новый ПолеКомпоновкиДанных(""Покупатель"");
	ПолеПокупатель.ТипГруппировки = ТипГруппировкиКомпоновкиДанных.Элементы;
	ПолеПокупатель.ТипДополнения = ТипДополненияПериодаКомпоновкиДанных.БезДополнения;
	
	// Добавляем вложенную группировку ""Товар""
	ГруппировкаТовар = ГруппировкаПокупатель.Структура.Добавить(Тип(""ГруппировкаКомпоновкиДанных""));
	ГруппировкаТовар.Использование = Истина;
	
	ПолеТовар = ГруппировкаТовар.ПоляГруппировки.Элементы.Добавить(Тип(""ПолеГруппировкиКомпоновкиДанных""));
	ПолеТовар.Использование = Истина;
	ПолеТовар.Поле = Новый ПолеКомпоновкиДанных(""Товар"");
	ПолеТовар.ТипГруппировки = ТипГруппировкиКомпоновкиДанных.Элементы;
	ПолеТовар.ТипДополнения = ТипДополненияПериодаКомпоновкиДанных.БезДополнения;
	
	// Устанавливаем параметры отчета - Период
	Для Каждого ПараметрДанных Из НастройкиОтчета.ПараметрыДанных.Элементы Цикл
		Если ПараметрДанных.Параметр = Новый ПараметрКомпоновкиДанных(""Период"") Тогда
			ПараметрДанных.Использование = Истина;
			ПараметрДанных.Значение = Новый СтандартныйПериод(ДатаНачала, ДатаОкончания);
			Прервать;
		КонецЕсли;
	КонецЦикла;
	
	// Настройки параметров вывода
	Для Каждого ПараметрВывода Из НастройкиОтчета.ПараметрыВывода.Элементы Цикл
		Если ПараметрВывода.Параметр = Новый ПараметрКомпоновкиДанных(""ВыводитьПараметрыДанных"") Тогда
			ПараметрВывода.Использование = Истина;
			ПараметрВывода.Значение = ТипВыводаТекстаКомпоновкиДанных.НеВыводить;
		ИначеЕсли ПараметрВывода.Параметр = Новый ПараметрКомпоновкиДанных(""ВыводитьОтбор"") Тогда
			ПараметрВывода.Использование = Истина;
			ПараметрВывода.Значение = ТипВыводаТекстаКомпоновкиДанных.НеВыводить;
		КонецЕсли;
	КонецЦикла;
	
	// Формируем отчет
	КомпоновщикМакета = Новый КомпоновщикМакетаКомпоновкиДанных;
	МакетКомпоновки = КомпоновщикМакета.Выполнить(СхемаКомпоновки, НастройкиОтчета);
	
	ПроцессорКомпоновки = Новый ПроцессорКомпоновкиДанных;
	ПроцессорКомпоновки.Инициализировать(МакетКомпоновки);
	
	ТабличныйДокумент = Новый ТабличныйДокумент;
	
	ПроцессорВывода = Новый ПроцессорВыводаРезультатаКомпоновкиДанныхВТабличныйДокумент;
	ПроцессорВывода.УстановитьДокумент(ТабличныйДокумент);
	ПроцессорВывода.Вывести(ПроцессорКомпоновки);
	
	Возврат ТабличныйДокумент;
	
КонецФункции"
"Написать функцию СформироватьОтчетПоОплатамПоставшика(ПоставщикФильтр, ВидСравненияКД), которая формирует отчет на сервере ""ДокументыОплата"" с отбором по поставщику.
Функция должна программно сформировать отчет ""ДокументыОплата"", вариант отчета ""Основной"".
Настройки отчета: 
	Параметры вывода: ВыводитьПараметрыДанных = Не выводить,
	                  ВыводитьОтбор = Не выводить.
	Отбор : добавляется отбор по полю ""Поставщик"", где ПравоеЗначение = ПоставщикФильтр, ВидСравнения = ВидСравненияКД.                
Параметры функции:  
ПоставщикФильтр (тип: СправочникСсылка.Контрагенты, Массив, СписокЗначений) - фильтр по поставшику.
ВидСравненияКД (тип: ВидСравненияКомпоновкиДанных) - вид сравнения для отбора по Поставщик.
Допускаются значения: ВидСравненияКомпоновкиДанных.Равно, ВидСравненияКомпоновкиДанных.НеРавно, ВидСравненияКомпоновкиДанных.Заполнено, ВидСравненияКомпоновкиДанных.НеЗаполнено,
                      ВидСравненияКомпоновкиДанных.ВГруппе, ВидСравненияКомпоновкиДанных.ВСписке, ВидСравненияКомпоновкиДанных.НеВГруппе, ВидСравненияКомпоновкиДанных.НеВСписке,
                      ВидСравненияКомпоновкиДанных.ВИерархии, ВидСравненияКомпоновкиДанных.НеВИерархии, ВидСравненияКомпоновкиДанных.ВСпискеПоИерархии, ВидСравнения = ВидСравненияКомпоновкиДанных.НеВСпискеПоИерархии.
Возвращаемое значение: ТабличныйДокумент.","{""Catalogs"": [{""id"": ""Контрагенты"", ""name"": ""Контрагенты"", ""Attributes"": [{""id"": ""Регион"", ""name"": ""Регион"", ""types"": [{""type"": ""Ref"", ""id"": ""Справочник.Регионы""}]}, {""id"": ""Индекс"", ""name"": ""Индекс"", ""types"": [{""type"": ""String"", ""StringQualifiers"": ""10""}]}, {""id"": ""Страна"", ""name"": ""Страна"", ""types"": [{""type"": ""String"", ""StringQualifiers"": ""0""}]}, {""id"": ""Город"", ""name"": ""Город"", ""types"": [{""type"": ""String"", ""StringQualifiers"": ""0""}]}, {""id"": ""Улица"", ""name"": ""Улица"", ""types"": [{""type"": ""String"", ""StringQualifiers"": ""0""}]}, {""id"": ""Дом"", ""name"": ""Дом"", ""types"": [{""type"": ""String"", ""StringQualifiers"": ""15""}]}, {""id"": ""Телефон"", ""name"": ""Телефон"", ""types"": [{""type"": ""String"", ""StringQualifiers"": ""16""}]}, {""id"": ""ЭлектроннаяПочта"", ""name"": ""Электронная почта"", ""types"": [{""type"": ""String"", ""StringQualifiers"": ""40""}]}, {""id"": ""Факс"", ""name"": ""Факс"", ""types"": [{""type"": ""String"", ""StringQualifiers"": ""16""}]}, {""id"": ""ВебСайт"", ""name"": ""Веб сайт"", ""types"": [{""type"": ""String"", ""StringQualifiers"": ""40""}]}, {""id"": ""ВидЦен"", ""name"": ""Вид цен"", ""types"": [{""type"": ""Ref"", ""id"": ""Справочник.ВидыЦен""}]}, {""id"": ""ДополнительнаяИнформация"", ""name"": ""Дополнительная информация"", ""types"": [{""type"": ""String"", ""StringQualifiers"": ""0""}]}, {""id"": ""КонтактноеЛицо"", ""name"": ""Контактное лицо"", ""types"": [{""type"": ""String"", ""StringQualifiers"": ""100""}]}, {""id"": ""Широта"", ""name"": ""Широта"", ""types"": [{""type"": ""Number"", ""NumberQualifiers"": ""10.6""}]}, {""id"": ""Долгота"", ""name"": ""Долгота"", ""types"": [{""type"": ""Number"", ""NumberQualifiers"": ""10.6""}]}]}]}",task_059,server,high,task14_сложн_Куликова_v1.epf,"Функция СформироватьОтчетПоОплатамПоставшика(ПоставщикФильтр, ВидСравненияКД)
	
	ТабличныйДокумент = Новый ТабличныйДокумент;
	
	// Получаем схему компоновки данных отчета
	СхемаКомпоновки = Отчеты.ДокументыОплата.ПолучитьМакет(""ОсновнаяСхемаКомпоновкиДанных"");
	
	// Находим вариант настроек ""Основной""
	Настройки = СхемаКомпоновки.ВариантыНастроек.Найти(""Основной"").Настройки;
	
	// Настройка параметров вывода
	ПараметрВывода = Настройки.ПараметрыВывода.Найти(""ВыводитьПараметрыДанных"");
	Если ПараметрВывода <> Неопределено Тогда
		ПараметрВывода.Использование = Истина;
		ПараметрВывода.Значение = ТипВыводаТекстаКомпоновкиДанных.НеВыводить;
	КонецЕсли;
	
	ПараметрВывода = Настройки.ПараметрыВывода.Найти(""ВыводитьОтбор"");
	Если ПараметрВывода <> Неопределено Тогда
		ПараметрВывода.Использование = Истина;
		ПараметрВывода.Значение = ТипВыводаТекстаКомпоновкиДанных.НеВыводить;
	КонецЕсли;
	
	// Добавляем отбор по поставщику
	ЭлементОтбора = Настройки.Отбор.Элементы.Добавить(Тип(""ЭлементОтбораКомпоновкиДанных""));
	ЭлементОтбора.ЛевоеЗначение = Новый ПолеКомпоновкиДанных(""Поставщик"");
	ЭлементОтбора.ВидСравнения = ВидСравненияКД;
	ЭлементОтбора.Использование = Истина;
	
	// Устанавливаем правое значение в зависимости от вида сравнения
	Если ВидСравненияКД <> ВидСравненияКомпоновкиДанных.Заполнено
		И ВидСравненияКД <> ВидСравненияКомпоновкиДанных.НеЗаполнено Тогда
		ЭлементОтбора.ПравоеЗначение = ПоставщикФильтр;
	КонецЕсли;
	
	// Формируем отчет
	КомпоновщикМакета = Новый КомпоновщикМакетаКомпоновкиДанных;
	МакетКомпоновки = КомпоновщикМакета.Выполнить(СхемаКомпоновки, Настройки, , , Тип(""ГенераторМакетаКомпоновкиДанных""));
	
	ПроцессорКомпоновки = Новый ПроцессорКомпоновкиДанных;
	ПроцессорКомпоновки.Инициализировать(МакетКомпоновки);
	
	ПроцессорВывода = Новый ПроцессорВыводаРезультатаКомпоновкиДанныхВТабличныйДокумент;
	ПроцессорВывода.УстановитьДокумент(ТабличныйДокумент);
	ПроцессорВывода.Вывести(ПроцессорКомпоновки);
	
	Возврат ТабличныйДокумент;
	
КонецФункции"
"Написать функцию СформироватьАнализНеликвидныхТоваров(ДатаНач, ДатаКон),
которая формирует аналитический отчет по неликвидным товарам на складе за указанный период.
Отчет предназначен для выявления товаров, имеющих остатки на складе, но не имеющих продаж в выбранном периоде, на основании данных регистров накопления «Продажи» и «ТоварныеЗапасы».
Если параметры периода не заданы, функция должна автоматически:
устанавливать ДатаНач = текущая дата минус 30 дней (с начала дня);
устанавливать ДатаКон = текущая дата (конец дня).
Перед выполнением расчета должна выполняться проверка корректности периода:
если ДатаКон меньше ДатаНач — вызывается исключение.
Формирование отчета выполняется следующим образом:
Выполняется запрос к регистру накопления РегистрНакопления.Продажи:
данные отбираются по периоду между ДатаНач и ДатаКон (по дате регистратора);
выполняется группировка по полю Товар;
рассчитывается агрегированный показатель:
КоличествоПродаж — суммарное количество продаж товара за период;
результат помещается во временную таблицу ВТ_Продажи.
Далее выполняется основной запрос к регистру накопления
РегистрНакопления.ТоварныеЗапасы.Остатки на дату ДатаКон:
выбираются товары с положительными остатками на складе;
выполняется левое соединение с временной таблицей продаж;
дополнительно выполняется соединение со справочником Товары для получения наименования;
рассчитываются итоговые показатели:
ОстатокНаСкладе — суммарный остаток товара;
КоличествоПродаж — количество продаж за период (с использованием ЕСТЬNULL = 0 при отсутствии продаж).
На основании полученных данных формируется итоговая таблица значений (ТаблицаЗначений) со следующей структурой:
Товар (СправочникСсылка.Товары);
Наименование (Строка);
ОстатокНаСкладе (Число);
КоличествоПродаж (Число);
Неликвид (Булево).
Заполнение итоговой таблицы выполняется построчно:
в таблицу включаются только товары, у которых:
ОстатокНаСкладе > 0;
КоличествоПродаж = 0;
такие товары помечаются признаком Неликвид = Истина.
После формирования данных выполняется сортировка результата:
по полю ОстатокНаСкладе по убыванию,
что позволяет вывести наиболее критичные неликвидные остатки в верхней части отчета.
Функция должна возвращать объект типа ТаблицаЗначений, содержащий список неликвидных товаров с остатками на складе.
Дополнительно реализуется функция ЗадачаРешена(ТабДок), которая проверяет корректность результата:
тип возвращаемого значения — ТаблицаЗначений;
наличие обязательных колонок (Товар, ОстатокНаСкладе, КоличествоПродаж, Неликвид);
отсутствие отрицательных остатков и продаж;
заполненность ссылки на товар в каждой строке.
В случае отсутствия неликвидных товаров таблица может быть пустой, что считается корректным результатом выполнения задачи анализа.","{""AccumulationRegisters"": [{""id"": ""Продажи"", ""name"": ""Продажи"", ""RegisterType"": ""Turnovers"", ""Dimensions"": [{""id"": ""Покупатель"", ""name"": ""Покупатель"", ""types"": [{""type"": ""Ref"", ""id"": ""Справочник.Контрагенты""}]}, {""id"": ""Товар"", ""name"": ""Товар"", ""types"": [{""type"": ""Ref"", ""id"": ""Справочник.Товары""}]}], ""Resources"": [{""id"": ""Количество"", ""name"": ""Количество"", ""types"": [{""type"": ""Number"", ""NumberQualifiers"": ""10.2""}]}, {""id"": ""Сумма"", ""name"": ""Сумма"", ""types"": [{""type"": ""Number"", ""NumberQualifiers"": ""10.2""}]}]}, {""id"": ""ТоварныеЗапасы"", ""name"": ""Товарные запасы"", ""RegisterType"": ""Balance"", ""Dimensions"": [{""id"": ""Товар"", ""name"": ""Товар"", ""types"": [{""type"": ""Ref"", ""id"": ""Справочник.Товары""}]}, {""id"": ""Склад"", ""name"": ""Склад"", ""types"": [{""type"": ""Ref"", ""id"": ""Справочник.Склады""}]}], ""Resources"": [{""id"": ""Количество"", ""name"": ""Количество"", ""types"": [{""type"": ""Number"", ""NumberQualifiers"": ""10.2""}]}]}], ""Catalogs"": [{""id"": ""Товары"", ""name"": ""Товары"", ""Attributes"": [{""id"": ""Артикул"", ""name"": ""Артикул"", ""types"": [{""type"": ""String"", ""StringQualifiers"": ""15""}]}, {""id"": ""Поставщик"", ""name"": ""Поставщик"", ""types"": [{""type"": ""Ref"", ""id"": ""Справочник.Контрагенты""}]}, {""id"": ""ФайлКартинки"", ""name"": ""Картинка"", ""types"": [{""type"": ""Ref"", ""id"": ""Справочник.ХранимыеФайлы""}]}, {""id"": ""Вид"", ""name"": ""Вид"", ""types"": []}, {""id"": ""Штрихкод"", ""name"": ""Штрихкод"", ""types"": [{""type"": ""String"", ""StringQualifiers"": ""20""}]}, {""id"": ""Описание"", ""name"": ""Описание"", ""types"": [{""type"": ""String"", ""StringQualifiers"": ""0""}]}]}]}",task_060,server,mid,task15_СредняяАнализНеликвидныхТоваров_v3.epf,"Функция СформироватьАнализНеликвидныхТоваров(ДатаНач = Неопределено, ДатаКон = Неопределено) Экспорт
	
	// Установка значений по умолчанию
	Если ДатаНач = Неопределено Тогда
		ДатаНач = НачалоДня(ТекущаяДата() - 30 * 86400);
	КонецЕсли;
	
	Если ДатаКон = Неопределено Тогда
		ДатаКон = КонецДня(ТекущаяДата());
	КонецЕсли;
	
	// Проверка корректности периода
	Если ДатаКон < ДатаНач Тогда
		ВызватьИсключение ""Дата окончания периода не может быть меньше даты начала периода."";
	КонецЕсли;
	
	// Формирование запроса
	Запрос = Новый Запрос;
	Запрос.Текст = 
	""ВЫБРАТЬ
	|	Продажи.Товар КАК Товар,
	|	СУММА(Продажи.Количество) КАК КоличествоПродаж
	|ПОМЕСТИТЬ ВТ_Продажи
	|ИЗ
	|	РегистрНакопления.Продажи КАК Продажи
	|ГДЕ
	|	Продажи.Период МЕЖДУ &ДатаНач И &ДатаКон
	|СГРУППИРОВАТЬ ПО
	|	Продажи.Товар
	|;
	|
	|////////////////////////////////////////////////////////////////////////////////
	|ВЫБРАТЬ
	|	ТоварныеЗапасыОстатки.Товар КАК Товар,
	|	ТоварныеЗапасыОстатки.Товар.Наименование КАК Наименование,
	|	СУММА(ТоварныеЗапасыОстатки.КоличествоОстаток) КАК ОстатокНаСкладе,
	|	ЕСТЬNULL(СУММА(ВТ_Продажи.КоличествоПродаж), 0) КАК КоличествоПродаж
	|ИЗ
	|	РегистрНакопления.ТоварныеЗапасы.Остатки(&ДатаКон) КАК ТоварныеЗапасыОстатки
	|		ЛЕВОЕ СОЕДИНЕНИЕ ВТ_Продажи КАК ВТ_Продажи
	|		ПО ТоварныеЗапасыОстатки.Товар = ВТ_Продажи.Товар
	|ГДЕ
	|	ТоварныеЗапасыОстатки.КоличествоОстаток > 0
	|СГРУППИРОВАТЬ ПО
	|	ТоварныеЗапасыОстатки.Товар,
	|	ТоварныеЗапасыОстатки.Товар.Наименование,
	|	ВТ_Продажи.КоличествоПродаж"";
	
	Запрос.УстановитьПараметр(""ДатаНач"", ДатаНач);
	Запрос.УстановитьПараметр(""ДатаКон"", ДатаКон);
	
	РезультатЗапроса = Запрос.ВыполнитьПакет();
	Выборка = РезультатЗапроса[1].Выбрать();
	
	// Формирование итоговой таблицы значений
	ТаблицаНеликвидов = Новый ТаблицаЗначений;
	ТаблицаНеликвидов.Колонки.Добавить(""Товар"", Новый ОписаниеТипов(""СправочникСсылка.Товары""));
	ТаблицаНеликвидов.Колонки.Добавить(""Наименование"", Новый ОписаниеТипов(""Строка""));
	ТаблицаНеликвидов.Колонки.Добавить(""ОстатокНаСкладе"", Новый ОписаниеТипов(""Число""));
	ТаблицаНеликвидов.Колонки.Добавить(""КоличествоПродаж"", Новый ОписаниеТипов(""Число""));
	ТаблицаНеликвидов.Колонки.Добавить(""Неликвид"", Новый ОписаниеТипов(""Булево""));
	
	// Заполнение таблицы - только неликвидные товары
	Пока Выборка.Следующий() Цикл
		Если Выборка.ОстатокНаСкладе > 0 И Выборка.КоличествоПродаж = 0 Тогда
			НоваяСтрока = ТаблицаНеликвидов.Добавить();
			НоваяСтрока.Товар = Выборка.Товар;
			НоваяСтрока.Наименование = Выборка.Наименование;
			НоваяСтрока.ОстатокНаСкладе = Выборка.ОстатокНаСкладе;
			НоваяСтрока.КоличествоПродаж = Выборка.КоличествоПродаж;
			НоваяСтрока.Неликвид = Истина;
		КонецЕсли;
	КонецЦикла;
	
	// Сортировка по убыванию остатка
	ТаблицаНеликвидов.Сортировать(""ОстатокНаСкладе Убыв"");
	
	Возврат ТаблицаНеликвидов;
	
КонецФункции

Функция ЗадачаРешена(ТабДок) Экспорт
	
	// Проверка типа возвращаемого значения
	Если ТипЗнч(ТабДок) <> Тип(""ТаблицаЗначений"") Тогда
		Возврат Ложь;
	КонецЕсли;
	
	// Проверка наличия обязательных колонок
	Если ТабДок.Колонки.Найти(""Товар"") = Неопределено Тогда
		Возврат Ложь;
	КонецЕсли;
	
	Если ТабДок.Колонки.Найти(""ОстатокНаСкладе"") = Неопределено Тогда
		Возврат Ложь;
	КонецЕсли;
	
	Если ТабДок.Колонки.Найти(""КоличествоПродаж"") = Неопределено Тогда
		Возврат Ложь;
	КонецЕсли;
	
	Если ТабДок.Колонки.Найти(""Неликвид"") = Неопределено Тогда
		Возврат Ложь;
	КонецЕсли;
	
	// Проверка данных в строках
	Для Каждого Строка Из ТабДок Цикл
		
		// Проверка отсутствия отрицательных остатков
		Если Строка.ОстатокНаСкладе < 0 Тогда
			Возврат Ложь;
		КонецЕсли;
		
		// Проверка отсутствия отрицательных продаж
		Если Строка.КоличествоПродаж < 0 Тогда
			Возврат Ложь;
		КонецЕсли;
		
		// Проверка заполненности ссылки на товар
		Если НЕ ЗначениеЗаполнено(Строка.Товар) Тогда
			Возврат Ложь;
		КонецЕсли;
		
	КонецЦикла;
	
	Возврат Истина;
	
КонецФункции"
"Написать функцию СформироватьОтчетПоОплатамСГруппировкойПоПоставщикам(), которая формирует отчет на сервере ""ДокументыОплата"" с добавлением группировки по полю Поставщик.
Функция должна программно сформировать отчет ""ДокументыОплата"", вариант отчета ""Основной"". Стандартную структуру отчета подменить на структуру вида группировка(Поставщик, ДетальныеЗаписи). 
Настройки отчета:  
    Структура отчета: Группировка:
                         Поставщик : ТипГруппировки = Элементы, ТипДополнения = БезДополнения. 
                           ДетальныеЗаписи.
	Параметры вывода: ВыводитьПараметрыДанных = Не выводить,
	                  ВыводитьОтбор = Не выводить.                
Возвращаемое значение: ТабличныйДокумент.",{},task_061,server,high,task15_сложн_Куликова_v1.epf,"Функция СформироватьОтчетПоОплатамСГруппировкойПоПоставщикам()
	
	// Создаем схему компоновки данных из отчета
	СхемаКомпоновкиДанных = Отчеты.ДокументыОплата.ПолучитьМакет(""ОсновнаяСхемаКомпоновкиДанных"");
	
	// Находим вариант настроек ""Основной""
	НастройкиКомпоновки = СхемаКомпоновкиДанных.НастройкиПоУмолчанию;
	
	Для Каждого ВариантНастроек Из СхемаКомпоновкиДанных.ВариантыНастроек Цикл
		Если ВариантНастроек.Имя = ""Основной"" Тогда
			НастройкиКомпоновки = ВариантНастроек.Настройки;
			Прервать;
		КонецЕсли;
	КонецЦикла;
	
	// Очищаем структуру отчета
	НастройкиКомпоновки.Структура.Очистить();
	
	// Добавляем группировку по Поставщику
	ГруппировкаПоставщик = НастройкиКомпоновки.Структура.Добавить(Тип(""ГруппировкаКомпоновкиДанных""));
	ГруппировкаПоставщик.Использование = Истина;
	
	// Добавляем поле группировки Поставщик
	ПолеГруппировки = ГруппировкаПоставщик.ПоляГруппировки.Элементы.Добавить(Тип(""ПолеГруппировкиКомпоновкиДанных""));
	ПолеГруппировки.Использование = Истина;
	ПолеГруппировки.Поле = Новый ПолеКомпоновкиДанных(""Поставщик"");
	ПолеГруппировки.ТипГруппировки = ТипГруппировкиКомпоновкиДанных.Элементы;
	ПолеГруппировки.ТипДополнения = ТипДополненияПериодаКомпоновкиДанных.БезДополнения;
	
	// Добавляем детальные записи внутри группировки по Поставщику
	ДетальныеЗаписи = ГруппировкаПоставщик.Структура.Добавить(Тип(""ГруппировкаКомпоновкиДанных""));
	ДетальныеЗаписи.Использование = Истина;
	
	// Настраиваем параметры вывода
	// ВыводитьПараметрыДанных = Не выводить
	ЭлементПараметраВывода = НастройкиКомпоновки.ПараметрыВывода.НайтиЗначениеПараметра(
		Новый ПараметрКомпоновкиДанных(""ВыводитьПараметрыДанных""));
	Если ЭлементПараметраВывода <> Неопределено Тогда
		ЭлементПараметраВывода.Использование = Истина;
		ЭлементПараметраВывода.Значение = ТипВыводаТекстаКомпоновкиДанных.НеВыводить;
	КонецЕсли;
	
	// ВыводитьОтбор = Не выводить
	ЭлементПараметраВывода = НастройкиКомпоновки.ПараметрыВывода.НайтиЗначениеПараметра(
		Новый ПараметрКомпоновкиДанных(""ВыводитьОтбор""));
	Если ЭлементПараметраВывода <> Неопределено Тогда
		ЭлементПараметраВывода.Использование = Истина;
		ЭлементПараметраВывода.Значение = ТипВыводаТекстаКомпоновкиДанных.НеВыводить;
	КонецЕсли;
	
	// Формируем отчет
	КомпоновщикМакета = Новый КомпоновщикМакетаКомпоновкиДанных;
	МакетКомпоновки = КомпоновщикМакета.Выполнить(СхемаКомпоновкиДанных, НастройкиКомпоновки);
	
	ПроцессорКомпоновки = Новый ПроцессорКомпоновкиДанных;
	ПроцессорКомпоновки.Инициализировать(МакетКомпоновки);
	
	ПроцессорВывода = Новый ПроцессорВыводаРезультатаКомпоновкиДанныхВТабличныйДокумент;
	ТабличныйДокумент = Новый ТабличныйДокумент;
	ПроцессорВывода.УстановитьДокумент(ТабличныйДокумент);
	ПроцессорВывода.Вывести(ПроцессорКомпоновки);
	
	Возврат ТабличныйДокумент;
	
КонецФункции"
"Написать функцию ПолучитьПродажиСклада(ДатаНачала, ДатаОкончания),
которая формирует аналитический отчет по эффективности продаж склада за указанный период.

Отчет предназначен для анализа объема реализации товаров в разрезе складов на основании данных регистра накопления РегистрНакопления.
Продажи и позволяет оценить товарооборот, структуру продаж и эффективность складской реализации. 

Параметры функции
Функция принимает два параметра:
ДатаНачала — дата начала периода анализа;
ДатаОкончания — дата окончания периода анализа.


Значения по умолчанию
Если параметры периода не заданы, функция должна автоматически установить:
ДатаНачала = начало текущего месяца (с начала дня);
ДатаОкончания = текущая дата (конец дня).

Проверка параметров
Перед выполнением расчета необходимо выполнить проверку:
если ДатаОкончания < ДатаНачала — должно быть сгенерировано исключение.  

Источники данных
Расчет выполняется на основании регистра накопления:
РегистрНакопления.Продажи
Используются:
измерение: Регистратор.Склад;
измерение: Товар;
ресурсы: Количество, Сумма. 

Результат функции
Функция должна возвращать объект типа ТаблицаЗначений, содержащий:
РегистраторСклад — склад;
Товар — товар;
Количество — количество продаж;
Сумма — сумма продаж;
СредняяЦена — средняя цена. 

Позволяет анализировать эффективность продаж по складам и товарам, выявлять наиболее прибыльные направления и принимать управленческие решения на основе данных учета.","{""AccumulationRegisters"": [{""id"": ""Продажи"", ""name"": ""Продажи"", ""RegisterType"": ""Turnovers"", ""Dimensions"": [{""id"": ""Покупатель"", ""name"": ""Покупатель"", ""types"": [{""type"": ""Ref"", ""id"": ""Справочник.Контрагенты""}]}, {""id"": ""Товар"", ""name"": ""Товар"", ""types"": [{""type"": ""Ref"", ""id"": ""Справочник.Товары""}]}], ""Resources"": [{""id"": ""Количество"", ""name"": ""Количество"", ""types"": [{""type"": ""Number"", ""NumberQualifiers"": ""10.2""}]}, {""id"": ""Сумма"", ""name"": ""Сумма"", ""types"": [{""type"": ""Number"", ""NumberQualifiers"": ""10.2""}]}]}], ""Catalogs"": [{""id"": ""Склады"", ""name"": ""Склады"", ""Attributes"": [{""id"": ""НеИспользовать"", ""name"": ""Не использовать"", ""types"": [{""type"": ""Boolean""}]}]}, {""id"": ""Товары"", ""name"": ""Товары"", ""Attributes"": [{""id"": ""Артикул"", ""name"": ""Артикул"", ""types"": [{""type"": ""String"", ""StringQualifiers"": ""15""}]}, {""id"": ""Поставщик"", ""name"": ""Поставщик"", ""types"": [{""type"": ""Ref"", ""id"": ""Справочник.Контрагенты""}]}, {""id"": ""ФайлКартинки"", ""name"": ""Картинка"", ""types"": [{""type"": ""Ref"", ""id"": ""Справочник.ХранимыеФайлы""}]}, {""id"": ""Вид"", ""name"": ""Вид"", ""types"": []}, {""id"": ""Штрихкод"", ""name"": ""Штрихкод"", ""types"": [{""type"": ""String"", ""StringQualifiers"": ""20""}]}, {""id"": ""Описание"", ""name"": ""Описание"", ""types"": [{""type"": ""String"", ""StringQualifiers"": ""0""}]}]}]}",task_062,server,mid,task16_СредняяОтчетПоэффективностиРаботыСклада_v4.epf,"Функция ПолучитьПродажиСклада(ДатаНачала = Неопределено, ДатаОкончания = Неопределено) Экспорт
	
	// Установка значений по умолчанию
	Если ДатаНачала = Неопределено Тогда
		ДатаНачала = НачалоДня(НачалоМесяца(ТекущаяДата()));
	КонецЕсли;
	
	Если ДатаОкончания = Неопределено Тогда
		ДатаОкончания = КонецДня(ТекущаяДата());
	КонецЕсли;
	
	// Проверка корректности параметров
	Если ДатаОкончания < ДатаНачала Тогда
		ВызватьИсключение ""Дата окончания периода не может быть меньше даты начала периода."";
	КонецЕсли;
	
	// Формирование запроса
	Запрос = Новый Запрос;
	Запрос.Текст = 
	""ВЫБРАТЬ
	|	Продажи.Регистратор.Склад КАК РегистраторСклад,
	|	Продажи.Товар КАК Товар,
	|	СУММА(Продажи.Количество) КАК Количество,
	|	СУММА(Продажи.Сумма) КАК Сумма,
	|	ВЫБОР
	|		КОГДА СУММА(Продажи.Количество) <> 0
	|			ТОГДА СУММА(Продажи.Сумма) / СУММА(Продажи.Количество)
	|		ИНАЧЕ 0
	|	КОНЕЦ КАК СредняяЦена
	|ИЗ
	|	РегистрНакопления.Продажи КАК Продажи
	|ГДЕ
	|	Продажи.Период МЕЖДУ &ДатаНачала И &ДатаОкончания
	|СГРУППИРОВАТЬ ПО
	|	Продажи.Регистратор.Склад,
	|	Продажи.Товар"";
	
	Запрос.УстановитьПараметр(""ДатаНачала"", ДатаНачала);
	Запрос.УстановитьПараметр(""ДатаОкончания"", ДатаОкончания);
	
	Результат = Запрос.Выполнить().Выгрузить();
	
	Возврат Результат;
	
КонецФункции"
"Написать функцию СформироватьОтчетПоНеПроведеннымОплатамПоставщиков(), которая формирует отчет на сервере ""ДокументыОплата"" с отбором по непроведенным документам оплат.
Функция должна программно сформировать отчет ""ДокументыОплата"", вариант отчета ""Основной"".               
Поле компоновки данных называется ""Проведен""
Настройки отчета:  
   	Параметры вывода: ВыводитьПараметрыДанных = Не выводить,
	                  ВыводитьОтбор = Не выводить.                
Возвращаемое значение: ТабличныйДокумент.","{""Catalogs"": [{""id"": ""ХранилищеВариантовОтчетов"", ""name"": ""Варианты отчетов"", ""Attributes"": [{""id"": ""ВариантОтчета"", ""name"": ""Вариант отчета"", ""types"": []}, {""id"": ""КлючОбъекта"", ""name"": ""Ключ объекта"", ""types"": [{""type"": ""String"", ""StringQualifiers"": ""255""}]}]}]}",task_063,server,high,task16_сложн_Куликова_v1 .epf,"Функция СформироватьОтчетПоНеПроведеннымОплатамПоставщиков() Экспорт
	
	// Создаем схему компоновки данных из отчета
	ОтчетОбъект = Отчеты.ДокументыОплата.Создать();
	СхемаКомпоновкиДанных = ОтчетОбъект.СхемаКомпоновкиДанных;
	
	// Получаем настройки варианта ""Основной""
	Настройки = СхемаКомпоновкиДанных.НастройкиПоУмолчанию;
	
	// Ищем вариант ""Основной"" среди вариантов настроек
	Для Каждого ВариантНастроек Из СхемаКомпоновкиДанных.ВариантыНастроек Цикл
		Если ВариантНастроек.Имя = ""Основной"" Тогда
			Настройки = ВариантНастроек.Настройки;
			Прервать;
		КонецЕсли;
	КонецЦикла;
	
	// Добавляем отбор по полю ""Проведен"" = Ложь
	ЭлементОтбора = Настройки.Отбор.Элементы.Добавить(Тип(""ЭлементОтбораКомпоновкиДанных""));
	ЭлементОтбора.ЛевоеЗначение = Новый ПолеКомпоновкиДанных(""Проведен"");
	ЭлементОтбора.ВидСравнения = ВидСравненияКомпоновкиДанных.Равно;
	ЭлементОтбора.ПравоеЗначение = Ложь;
	ЭлементОтбора.Использование = Истина;
	
	// Настраиваем параметры вывода
	ПараметрВывода = Настройки.ПараметрыВывода.НайтиЗначениеПараметра(
		Новый ПараметрКомпоновкиДанных(""ВыводитьПараметрыДанных""));
	Если ПараметрВывода <> Неопределено Тогда
		ПараметрВывода.Значение = ТипВыводаТекстаКомпоновкиДанных.НеВыводить;
		ПараметрВывода.Использование = Истина;
	КонецЕсли;
	
	ПараметрВывода = Настройки.ПараметрыВывода.НайтиЗначениеПараметра(
		Новый ПараметрКомпоновкиДанных(""ВыводитьОтбор""));
	Если ПараметрВывода <> Неопределено Тогда
		ПараметрВывода.Значение = ТипВыводаТекстаКомпоновкиДанных.НеВыводить;
		ПараметрВывода.Использование = Истина;
	КонецЕсли;
	
	// Формируем отчет
	КомпоновщикМакета = Новый КомпоновщикМакетаКомпоновкиДанных;
	МакетКомпоновки = КомпоновщикМакета.Выполнить(СхемаКомпоновкиДанных, Настройки, , , Тип(""ГенераторМакетаКомпоновкиДанных""));
	
	ПроцессорКомпоновки = Новый ПроцессорКомпоновкиДанных;
	ПроцессорКомпоновки.Инициализировать(МакетКомпоновки);
	
	ТабличныйДокумент = Новый ТабличныйДокумент;
	
	ПроцессорВывода = Новый ПроцессорВыводаРезультатаКомпоновкиДанныхВТабличныйДокумент;
	ПроцессорВывода.УстановитьДокумент(ТабличныйДокумент);
	ПроцессорВывода.Вывести(ПроцессорКомпоновки);
	
	Возврат ТабличныйДокумент;
	
КонецФункции"
"Написать функцию СформироватьОтчетТоварыБезЦены(ВидЦен), которая формирует отчет на сервере ""ПрайсЛист"" по заданному виду цен и раскрашивает строки отечта, где цена не установлена.
Функция должна программно сформировать отчет ""ПрайсЛист"", вариант отчета ""Основной"".  
Настройки отчета:  
    Параметры отчета: ВидЦен 
	    Значения параметов: ВидЦен = ВидЦен.  
   	Параметры вывода: ВыводитьПараметрыДанных = Не выводить,
	                  ВыводитьОтбор = Не выводить. 
	УсловноеОформление: 
       Оформление: ЦветФона = Цвет(255, 236, 239);
       Условие: Цена НеЗаполнено                          
Возвращаемое значение: ТабличныйДокумент.","{""InformationRegisters"": [{""id"": ""ЦеныТоваров"", ""name"": ""Цены товаров"", ""InformationRegisterPeriodicity"": ""Day"", ""WriteMode"": ""Independent"", ""Dimensions"": [{""id"": ""Товар"", ""name"": ""Товар"", ""types"": [{""type"": ""Ref"", ""id"": ""Справочник.Товары""}]}, {""id"": ""ВидЦен"", ""name"": ""Вид цен"", ""types"": [{""type"": ""Ref"", ""id"": ""Справочник.ВидыЦен""}]}], ""Resources"": [{""id"": ""Цена"", ""name"": ""Цена"", ""types"": [{""type"": ""Number"", ""NumberQualifiers"": ""10.2""}]}]}], ""Catalogs"": [{""id"": ""ВидыЦен"", ""name"": ""Виды цен"", ""Attributes"": []}]}",task_064,server,high,task18_сложн_Куликова_v1.epf,"Функция СформироватьОтчетТоварыБезЦены(ВидЦен)
	
	СхемаКомпоновки = Отчеты.ПрайсЛист.ПолучитьМакет(""ОсновнаяСхемаКомпоновкиДанных"");
	
	КомпоновщикНастроек = Новый КомпоновщикНастроекКомпоновкиДанных;
	КомпоновщикНастроек.Инициализировать(Новый ИсточникДоступныхНастроекКомпоновкиДанных(СхемаКомпоновки));
	КомпоновщикНастроек.ЗагрузитьНастройки(СхемаКомпоновки.ВариантыНастроек.Найти(""Основной"").Настройки);
	
	Настройки = КомпоновщикНастроек.Настройки;
	
	// Установка параметра ВидЦен
	ПараметрВидЦен = Настройки.ПараметрыДанных.Элементы.Найти(""ВидЦен"");
	ПараметрВидЦен.Значение = ВидЦен;
	ПараметрВидЦен.Использование = Истина;
	
	// Параметры вывода
	ПараметрВывода = Настройки.ПараметрыВывода.Элементы.Найти(""ВыводитьПараметрыДанных"");
	ПараметрВывода.Значение = ТипВыводаТекстаКомпоновкиДанных.НеВыводить;
	ПараметрВывода.Использование = Истина;
	
	ПараметрВывода = Настройки.ПараметрыВывода.Элементы.Найти(""ВыводитьОтбор"");
	ПараметрВывода.Значение = ТипВыводаТекстаКомпоновкиДанных.НеВыводить;
	ПараметрВывода.Использование = Истина;
	
	// Условное оформление
	ЭлементУО = Настройки.УсловноеОформление.Элементы.Добавить();
	ЭлементУО.Использование = Истина;
	
	// Оформление - цвет фона
	ЭлементОформления = ЭлементУО.Оформление.Элементы.Найти(""ЦветФона"");
	ЭлементОформления.Значение = Новый Цвет(255, 236, 239);
	ЭлементОформления.Использование = Истина;
	
	// Условие - Цена не заполнено
	ЭлементОтбора = ЭлементУО.Отбор.Элементы.Добавить(Тип(""ЭлементОтбораКомпоновкиДанных""));
	ЭлементОтбора.ЛевоеЗначение = Новый ПолеКомпоновкиДанных(""Цена"");
	ЭлементОтбора.ВидСравнения = ВидСравненияКомпоновкиДанных.НеЗаполнено;
	ЭлементОтбора.Использование = Истина;
	
	// Формирование отчета
	КомпоновщикМакета = Новый КомпоновщикМакетаКомпоновкиДанных;
	МакетКомпоновки = КомпоновщикМакета.Выполнить(СхемаКомпоновки, Настройки);
	
	ПроцессорКомпоновки = Новый ПроцессорКомпоновкиДанных;
	ПроцессорКомпоновки.Инициализировать(МакетКомпоновки);
	
	ТабличныйДокумент = Новый ТабличныйДокумент;
	
	ПроцессорВывода = Новый ПроцессорВыводаРезультатаКомпоновкиДанныхВТабличныйДокумент;
	ПроцессорВывода.УстановитьДокумент(ТабличныйДокумент);
	ПроцессорВывода.Вывести(ПроцессорКомпоновки);
	
	Возврат ТабличныйДокумент;
	
КонецФункции"
"Написать функцию СформироватьРеестрПродажПоПокупателям(ДатаНач, ДатаКон),
которая формирует реестр продаж товаров по покупателям за указанный период в виде таблицы значений.
Реестр должен включать только проведенные документы «РасходТовара».
Данные выбираются из документа РасходТовара с отбором по следующим условиям:
признак Проведен = Истина;
дата документа находится в диапазоне между параметрами ДатаНач и ДатаКон (включительно).
Формирование реестра выполняется в два этапа:
Временная таблица содержит ссылки на документы РасходТовара и соответствующих покупателей за заданный период.
На основании временной таблицы выполняется соединение с табличной частью «Товары» документа РасходТовара для получения агрегированных данных о продажах.
Результат должен представлять таблицу значений (ТаблицаЗначений), где каждая строка соответствует сочетанию:
Покупатель + Товар.
Таблица должна содержать следующие поля:
Покупатель — ссылка на контрагента (реквизит Покупатель документа РасходТовара);
Товар — номенклатура из табличной части «Товары» документа РасходТовара;
Количество — суммарное количество проданных товаров по покупателю за период;
Сумма — суммарная сумма продаж по покупателю и товару за период.","{""Documents"": [{""id"": ""РасходТовара"", ""name"": ""Расход товара"", ""Attributes"": [{""id"": ""Покупатель"", ""name"": ""Покупатель"", ""types"": [{""type"": ""Ref"", ""id"": ""Справочник.Контрагенты""}]}, {""id"": ""Склад"", ""name"": ""Склад"", ""types"": [{""type"": ""Ref"", ""id"": ""Справочник.Склады""}]}, {""id"": ""Валюта"", ""name"": ""Валюта взиморасчетов"", ""types"": [{""type"": ""Ref"", ""id"": ""Справочник.Валюты""}]}, {""id"": ""ВидЦен"", ""name"": ""Вид цен"", ""types"": [{""type"": ""Ref"", ""id"": ""Справочник.ВидыЦен""}]}, {""id"": ""ОбоснованиеОтгрузки"", ""name"": ""Обоснование отгрузки"", ""types"": [{""type"": ""String"", ""StringQualifiers"": ""0""}]}, {""id"": ""Организация"", ""name"": ""Организация"", ""types"": [{""type"": ""Ref"", ""id"": ""Справочник.Организации""}]}], ""TabularSections"": [{""id"": ""Товары"", ""name"": ""Товары"", ""Attributes"": [{""id"": ""Товар"", ""name"": ""Товар"", ""types"": [{""type"": ""Ref"", ""id"": ""Справочник.Товары""}]}, {""id"": ""Цена"", ""name"": ""Цена"", ""types"": [{""type"": ""Number"", ""NumberQualifiers"": ""10.2""}]}, {""id"": ""Количество"", ""name"": ""Количество"", ""types"": [{""type"": ""Number"", ""NumberQualifiers"": ""10.2""}]}, {""id"": ""Сумма"", ""name"": ""Сумма"", ""types"": [{""type"": ""Number"", ""NumberQualifiers"": ""10.2""}]}]}]}], ""Catalogs"": [{""id"": ""Контрагенты"", ""name"": ""Контрагенты"", ""Attributes"": [{""id"": ""Регион"", ""name"": ""Регион"", ""types"": [{""type"": ""Ref"", ""id"": ""Справочник.Регионы""}]}, {""id"": ""Индекс"", ""name"": ""Индекс"", ""types"": [{""type"": ""String"", ""StringQualifiers"": ""10""}]}, {""id"": ""Страна"", ""name"": ""Страна"", ""types"": [{""type"": ""String"", ""StringQualifiers"": ""0""}]}, {""id"": ""Город"", ""name"": ""Город"", ""types"": [{""type"": ""String"", ""StringQualifiers"": ""0""}]}, {""id"": ""Улица"", ""name"": ""Улица"", ""types"": [{""type"": ""String"", ""StringQualifiers"": ""0""}]}, {""id"": ""Дом"", ""name"": ""Дом"", ""types"": [{""type"": ""String"", ""StringQualifiers"": ""15""}]}, {""id"": ""Телефон"", ""name"": ""Телефон"", ""types"": [{""type"": ""String"", ""StringQualifiers"": ""16""}]}, {""id"": ""ЭлектроннаяПочта"", ""name"": ""Электронная почта"", ""types"": [{""type"": ""String"", ""StringQualifiers"": ""40""}]}, {""id"": ""Факс"", ""name"": ""Факс"", ""types"": [{""type"": ""String"", ""StringQualifiers"": ""16""}]}, {""id"": ""ВебСайт"", ""name"": ""Веб сайт"", ""types"": [{""type"": ""String"", ""StringQualifiers"": ""40""}]}, {""id"": ""ВидЦен"", ""name"": ""Вид цен"", ""types"": [{""type"": ""Ref"", ""id"": ""Справочник.ВидыЦен""}]}, {""id"": ""ДополнительнаяИнформация"", ""name"": ""Дополнительная информация"", ""types"": [{""type"": ""String"", ""StringQualifiers"": ""0""}]}, {""id"": ""КонтактноеЛицо"", ""name"": ""Контактное лицо"", ""types"": [{""type"": ""String"", ""StringQualifiers"": ""100""}]}, {""id"": ""Широта"", ""name"": ""Широта"", ""types"": [{""type"": ""Number"", ""NumberQualifiers"": ""10.6""}]}, {""id"": ""Долгота"", ""name"": ""Долгота"", ""types"": [{""type"": ""Number"", ""NumberQualifiers"": ""10.6""}]}]}, {""id"": ""Товары"", ""name"": ""Товары"", ""Attributes"": [{""id"": ""Артикул"", ""name"": ""Артикул"", ""types"": [{""type"": ""String"", ""StringQualifiers"": ""15""}]}, {""id"": ""Поставщик"", ""name"": ""Поставщик"", ""types"": [{""type"": ""Ref"", ""id"": ""Справочник.Контрагенты""}]}, {""id"": ""ФайлКартинки"", ""name"": ""Картинка"", ""types"": [{""type"": ""Ref"", ""id"": ""Справочник.ХранимыеФайлы""}]}, {""id"": ""Вид"", ""name"": ""Вид"", ""types"": []}, {""id"": ""Штрихкод"", ""name"": ""Штрихкод"", ""types"": [{""type"": ""String"", ""StringQualifiers"": ""20""}]}, {""id"": ""Описание"", ""name"": ""Описание"", ""types"": [{""type"": ""String"", ""StringQualifiers"": ""0""}]}]}]}",task_065,server,high,task1_Сложная_СформироватьТаблицуПродажСгруппированнуюПоПокупателям_v3.epf,"Функция СформироватьРеестрПродажПоПокупателям(ДатаНач, ДатаКон) Экспорт
	
	Запрос = Новый Запрос;
	Запрос.Текст = 
	""ВЫБРАТЬ
	|	РасходТовара.Ссылка КАК Ссылка,
	|	РасходТовара.Покупатель КАК Покупатель
	|ПОМЕСТИТЬ ВТ_Документы
	|ИЗ
	|	Документ.РасходТовара КАК РасходТовара
	|ГДЕ
	|	РасходТовара.Проведен = ИСТИНА
	|	И РасходТовара.Дата >= &ДатаНач
	|	И РасходТовара.Дата <= &ДатаКон
	|;
	|
	|////////////////////////////////////////////////////////////////////////////////
	|ВЫБРАТЬ
	|	ВТ_Документы.Покупатель КАК Покупатель,
	|	Товары.Товар КАК Товар,
	|	СУММА(Товары.Количество) КАК Количество,
	|	СУММА(Товары.Сумма) КАК Сумма
	|ИЗ
	|	ВТ_Документы КАК ВТ_Документы
	|		ВНУТРЕННЕЕ СОЕДИНЕНИЕ Документ.РасходТовара.Товары КАК Товары
	|		ПО ВТ_Документы.Ссылка = Товары.Ссылка
	|СГРУППИРОВАТЬ ПО
	|	ВТ_Документы.Покупатель,
	|	Товары.Товар"";
	
	Запрос.УстановитьПараметр(""ДатаНач"", НачалоДня(ДатаНач));
	Запрос.УстановитьПараметр(""ДатаКон"", КонецДня(ДатаКон));
	
	Результат = Запрос.ВыполнитьПакет();
	
	ТаблицаЗначений = Результат[1].Выгрузить();
	
	Возврат ТаблицаЗначений;
	
КонецФункции"
"Написать функцию СформироватьАнализКурсовойРазницыПоОплатам(ДатаНач, ДатаКон),
которая анализирует документы Оплата и рассчитывает курсовую прибыль или убыток по платежам поставщикам, если расчеты выполнялись в иностранной валюте.
Задача предназначена для анализа влияния изменения курса валют на финансовые расчеты предприятия и может использоваться в финансовой аналитике и управленческой отчетности.
Если параметры периода не заданы, функция должна автоматически:
ДатаНач = начало дня 30 дней назад;
ДатаКон = конец текущего дня.
Перед выполнением расчета выполняется проверка параметров:
если ДатаКон < ДатаНач, генерируется исключение;
если даты не заданы — используются значения по умолчанию.
Расчет выполняется на основании следующих объектов конфигурации:
Документ.Оплата
Реквизиты:
Поставщик
Валюта
Сумма
Организация
Дата
РегистрСведений.КурсыВалют
Измерение:
Валюта
Ресурс:
Курс
На первом этапе выполняется запрос к документу Оплата:
выбираются проведенные документы;
выполняется отбор по дате;
извлекаются данные поставщика, валюты и суммы оплаты.
На втором этапе выполняется получение курса валюты:
курс выбирается из регистра КурсыВалют;
курс определяется на дату документа оплаты.
На третьем этапе выполняется расчет суммы оплаты в базовой валюте и расчет курсовой разницы.
Формулы расчета:
СуммаВБазовойВалюте = Сумма * Курс
КурсоваяРазница = СуммаВБазовойВалюте - Сумма
Если значение положительное — это курсовая прибыль,
если отрицательное — курсовый убыток.
Результат формируется в таблицу значений со следующими колонками:
Документ
Дата
Поставщик
Валюта
СуммаВВалюте
Курс
СуммаВБазовойВалюте
КурсоваяРазница
Далее выполняется сортировка по убыванию абсолютного значения курсовой разницы.","{""Documents"": [{""id"": ""Оплата"", ""name"": ""Оплата"", ""Attributes"": [{""id"": ""Поставщик"", ""name"": ""Поставщик"", ""types"": [{""type"": ""Ref"", ""id"": ""Справочник.Контрагенты""}]}, {""id"": ""РасчетныйСчетПоставщика"", ""name"": ""Расчетный счет поставщика"", ""types"": [{""type"": ""Ref"", ""id"": ""Справочник.РасчетныеСчетаКонтрагентов""}]}, {""id"": ""РасчетныйСчет"", ""name"": ""Расчетный счет"", ""types"": [{""type"": ""Ref"", ""id"": ""Справочник.РасчетныеСчета""}]}, {""id"": ""Валюта"", ""name"": ""Валюта"", ""types"": [{""type"": ""Ref"", ""id"": ""Справочник.Валюты""}]}, {""id"": ""Сумма"", ""name"": ""Сумма"", ""types"": [{""type"": ""Number"", ""NumberQualifiers"": ""10.2""}]}, {""id"": ""Организация"", ""name"": ""Организация"", ""types"": [{""type"": ""Ref"", ""id"": ""Справочник.Организации""}]}]}], ""InformationRegisters"": [{""id"": ""КурсыВалют"", ""name"": ""Курсы валют"", ""InformationRegisterPeriodicity"": ""Day"", ""WriteMode"": ""Independent"", ""Dimensions"": [{""id"": ""Валюта"", ""name"": ""Валюта"", ""types"": [{""type"": ""Ref"", ""id"": ""Справочник.Валюты""}]}], ""Resources"": [{""id"": ""Курс"", ""name"": ""Курс"", ""types"": [{""type"": ""Number"", ""NumberQualifiers"": ""10.2""}]}]}]}",task_066,server,,task22_СрВывестиКурсовуюРаздницуТовара_v2.epf,"Функция СформироватьАнализКурсовойРазницыПоОплатам(ДатаНач = Неопределено, ДатаКон = Неопределено) Экспорт
	
	// Установка значений по умолчанию
	Если ДатаНач = Неопределено Тогда
		ДатаНач = НачалоДня(ТекущаяДата() - 30 * 86400);
	КонецЕсли;
	
	Если ДатаКон = Неопределено Тогда
		ДатаКон = КонецДня(ТекущаяДата());
	КонецЕсли;
	
	// Проверка корректности параметров
	Если ДатаКон < ДатаНач Тогда
		ВызватьИсключение ""Дата окончания периода не может быть меньше даты начала периода."";
	КонецЕсли;
	
	// Этап 1: Запрос к документам оплаты
	Запрос = Новый Запрос;
	Запрос.Текст = 
	""ВЫБРАТЬ
	|	Оплата.Ссылка КАК Документ,
	|	Оплата.Дата КАК Дата,
	|	Оплата.Поставщик КАК Поставщик,
	|	Оплата.Валюта КАК Валюта,
	|	Оплата.Сумма КАК СуммаВВалюте
	|ИЗ
	|	Документ.Оплата КАК Оплата
	|ГДЕ
	|	Оплата.Дата МЕЖДУ &ДатаНач И &ДатаКон
	|	И Оплата.Проведен = ИСТИНА"";
	
	Запрос.УстановитьПараметр(""ДатаНач"", ДатаНач);
	Запрос.УстановитьПараметр(""ДатаКон"", ДатаКон);
	
	РезультатЗапроса = Запрос.Выполнить();
	Выборка = РезультатЗапроса.Выбрать();
	
	// Формирование таблицы результатов
	ТаблицаРезультатов = Новый ТаблицаЗначений;
	ТаблицаРезультатов.Колонки.Добавить(""Документ"");
	ТаблицаРезультатов.Колонки.Добавить(""Дата"");
	ТаблицаРезультатов.Колонки.Добавить(""Поставщик"");
	ТаблицаРезультатов.Колонки.Добавить(""Валюта"");
	ТаблицаРезультатов.Колонки.Добавить(""СуммаВВалюте"");
	ТаблицаРезультатов.Колонки.Добавить(""Курс"");
	ТаблицаРезультатов.Колонки.Добавить(""СуммаВБазовойВалюте"");
	ТаблицаРезультатов.Колонки.Добавить(""КурсоваяРазница"");
	
	Пока Выборка.Следующий() Цикл
		
		// Этап 2: Получение курса валюты на дату документа
		Курс = ПолучитьКурсВалюты(Выборка.Валюта, Выборка.Дата);
		
		// Этап 3: Расчет суммы в базовой валюте и курсовой разницы
		СуммаВБазовойВалюте = Выборка.СуммаВВалюте * Курс;
		КурсоваяРазница = СуммаВБазовойВалюте - Выборка.СуммаВВалюте;
		
		// Заполнение строки результата
		НоваяСтрока = ТаблицаРезультатов.Добавить();
		НоваяСтрока.Документ = Выборка.Документ;
		НоваяСтрока.Дата = Выборка.Дата;
		НоваяСтрока.Поставщик = Выборка.Поставщик;
		НоваяСтрока.Валюта = Выборка.Валюта;
		НоваяСтрока.СуммаВВалюте = Выборка.СуммаВВалюте;
		НоваяСтрока.Курс = Курс;
		НоваяСтрока.СуммаВБазовойВалюте = СуммаВБазовойВалюте;
		НоваяСтрока.КурсоваяРазница = КурсоваяРазница;
		
	КонецЦикла;
	
	// Сортировка по убыванию абсолютного значения курсовой разницы
	ТаблицаРезультатов.Колонки.Добавить(""АбсКурсоваяРазница"");
	Для Каждого Строка Из ТаблицаРезультатов Цикл
		Если Строка.КурсоваяРазница < 0 Тогда
			Строка.АбсКурсоваяРазница = -Строка.КурсоваяРазница;
		Иначе
			Строка.АбсКурсоваяРазница = Строка.КурсоваяРазница;
		КонецЕсли;
	КонецЦикла;
	
	ТаблицаРезультатов.Сортировать(""АбсКурсоваяРазница Убыв"");
	ТаблицаРезультатов.Колонки.Удалить(""АбсКурсоваяРазница"");
	
	Возврат ТаблицаРезультатов;
	
КонецФункции

Функция ПолучитьКурсВалюты(Валюта, ДатаКурса)
	
	Запрос = Новый Запрос;
	Запрос.Текст = 
	""ВЫБРАТЬ
	|	КурсыВалютСрезПоследних.Курс КАК Курс
	|ИЗ
	|	РегистрСведений.КурсыВалют.СрезПоследних(&ДатаКурса, Валюта = &Валюта) КАК КурсыВалютСрезПоследних"";
	
	Запрос.УстановитьПараметр(""ДатаКурса"", ДатаКурса);
	Запрос.УстановитьПараметр(""Валюта"", Валюта);
	
	РезультатЗапроса = Запрос.Выполнить();
	Выборка = РезультатЗапроса.Выбрать();
	
	Если Выборка.Следующий() Тогда
		Возврат Выборка.Курс;
	Иначе
		Возврат 1;
	КонецЕсли;
	
КонецФункции"
"Написать функцию СформироватьСреднийЧекПродаж(ДатаНач, ДатаКон),
которая рассчитывает средний чек продаж предприятия за выбранный период.Задача предназначена для анализа эффективности продаж и позволяет определить среднюю сумму одного чека.
Отчет может использоваться для оценки покупательской активности, анализа работы кассиров и планирования маркетинговых мероприятий, направленных на увеличение среднего чека.
Если параметры периода не заданы, функция должна автоматически установить значения:
ДатаНач = начало дня 30 дней назад
ДатаКон = конец текущего дня
Перед выполнением расчета выполняется проверка параметров:
если ДатаКон < ДатаНач, генерируется исключение;
если даты не заданы — используются значения по умолчанию.
Расчет выполняется на основании следующих объектов конфигурации.
Документ.РасходТовара
Реквизиты:
Дата
Покупатель
Склад
Валюта
Табличная часть Документ.РасходТовара.Товары
Поля:
Товар
Количество
Сумма
Данные объекты используются как основной источник информации о фактических продажах товаров и суммах чеков.
1.Выполняется запрос к документу РасходТовара и его табличной части Товары.
Запрос выполняет:
отбор только проведенных документов продаж;
отбор записей по периоду ДатаНач – ДатаКон;
группировку по документу продажи;
расчет суммы каждого чека как суммы строк табличной части.
В результате формируется агрегированный набор данных, содержащий сумму каждого чека продаж.
2.Полученные данные выгружаются в таблицу значений, в которой выполняется расчет итоговых показателей.
На этом этапе определяется:
КоличествоЧеков — количество документов продаж;
ОбщаяСуммаПродаж — сумма всех чеков за выбранный период.
3.После определения количества чеков и общей суммы продаж выполняется расчет среднего чека.
Формула расчета:
СреднийЧек = ОбщаяСуммаПродаж / КоличествоЧеков
Если количество чеков равно нулю, значение среднего чека устанавливается равным 0.
Формирование результата
Результат работы функции возвращается в виде таблицы значений со следующими колонками:
КоличествоЧеков
ОбщаяСуммаПродаж
СреднийЧек","{""Documents"": [{""id"": ""РасходТовара"", ""name"": ""Расход товара"", ""Attributes"": [{""id"": ""Покупатель"", ""name"": ""Покупатель"", ""types"": [{""type"": ""Ref"", ""id"": ""Справочник.Контрагенты""}]}, {""id"": ""Склад"", ""name"": ""Склад"", ""types"": [{""type"": ""Ref"", ""id"": ""Справочник.Склады""}]}, {""id"": ""Валюта"", ""name"": ""Валюта взиморасчетов"", ""types"": [{""type"": ""Ref"", ""id"": ""Справочник.Валюты""}]}, {""id"": ""ВидЦен"", ""name"": ""Вид цен"", ""types"": [{""type"": ""Ref"", ""id"": ""Справочник.ВидыЦен""}]}, {""id"": ""ОбоснованиеОтгрузки"", ""name"": ""Обоснование отгрузки"", ""types"": [{""type"": ""String"", ""StringQualifiers"": ""0""}]}, {""id"": ""Организация"", ""name"": ""Организация"", ""types"": [{""type"": ""Ref"", ""id"": ""Справочник.Организации""}]}], ""TabularSections"": [{""id"": ""Товары"", ""name"": ""Товары"", ""Attributes"": [{""id"": ""Товар"", ""name"": ""Товар"", ""types"": [{""type"": ""Ref"", ""id"": ""Справочник.Товары""}]}, {""id"": ""Цена"", ""name"": ""Цена"", ""types"": [{""type"": ""Number"", ""NumberQualifiers"": ""10.2""}]}, {""id"": ""Количество"", ""name"": ""Количество"", ""types"": [{""type"": ""Number"", ""NumberQualifiers"": ""10.2""}]}, {""id"": ""Сумма"", ""name"": ""Сумма"", ""types"": [{""type"": ""Number"", ""NumberQualifiers"": ""10.2""}]}]}]}]}",task_067,server,mid,task24_СредняяСреднийЧекПродаж_v1.epf,"Функция СформироватьСреднийЧекПродаж(ДатаНач = Неопределено, ДатаКон = Неопределено) Экспорт
	
	// Установка значений по умолчанию
	Если ДатаНач = Неопределено Или Не ЗначениеЗаполнено(ДатаНач) Тогда
		ДатаНач = НачалоДня(ТекущаяДата() - 30 * 86400);
	КонецЕсли;
	
	Если ДатаКон = Неопределено Или Не ЗначениеЗаполнено(ДатаКон) Тогда
		ДатаКон = КонецДня(ТекущаяДата());
	КонецЕсли;
	
	// Проверка корректности параметров
	Если ДатаКон < ДатаНач Тогда
		ВызватьИсключение ""Дата окончания периода не может быть меньше даты начала периода."";
	КонецЕсли;
	
	// Формирование запроса
	Запрос = Новый Запрос;
	Запрос.Текст = 
	""ВЫБРАТЬ
	|	РасходТовараТовары.Ссылка КАК Документ,
	|	СУММА(РасходТовараТовары.Сумма) КАК СуммаЧека
	|ИЗ
	|	Документ.РасходТовара.Товары КАК РасходТовараТовары
	|ГДЕ
	|	РасходТовараТовары.Ссылка.Проведен = ИСТИНА
	|	И РасходТовараТовары.Ссылка.Дата >= &ДатаНач
	|	И РасходТовараТовары.Ссылка.Дата <= &ДатаКон
	|СГРУППИРОВАТЬ ПО
	|	РасходТовараТовары.Ссылка"";
	
	Запрос.УстановитьПараметр(""ДатаНач"", ДатаНач);
	Запрос.УстановитьПараметр(""ДатаКон"", ДатаКон);
	
	РезультатЗапроса = Запрос.Выполнить();
	ТаблицаЧеков = РезультатЗапроса.Выгрузить();
	
	// Расчет итоговых показателей
	КоличествоЧеков = ТаблицаЧеков.Количество();
	ОбщаяСуммаПродаж = ТаблицаЧеков.Итог(""СуммаЧека"");
	
	// Расчет среднего чека
	Если КоличествоЧеков = 0 Тогда
		СреднийЧек = 0;
	Иначе
		СреднийЧек = ОбщаяСуммаПродаж / КоличествоЧеков;
	КонецЕсли;
	
	// Формирование результата
	Результат = Новый ТаблицаЗначений;
	Результат.Колонки.Добавить(""КоличествоЧеков"");
	Результат.Колонки.Добавить(""ОбщаяСуммаПродаж"");
	Результат.Колонки.Добавить(""СреднийЧек"");
	
	НоваяСтрока = Результат.Добавить();
	НоваяСтрока.КоличествоЧеков = КоличествоЧеков;
	НоваяСтрока.ОбщаяСуммаПродаж = ОбщаяСуммаПродаж;
	НоваяСтрока.СреднийЧек = СреднийЧек;
	
	Возврат Результат;
	
КонецФункции"
"Написать функцию СформироватьПродажиПоДням(ДатаНач, ДатаКон),
которая формирует отчет о продажах предприятия по дням за выбранный период.
Задача предназначена для анализа динамики продаж и позволяет определить объем продаж товаров по каждому дню.
Отчет может использоваться для анализа сезонности продаж, определения наиболее прибыльных дней, планирования загрузки персонала и оценки эффективности маркетинговых мероприятий.
Если параметры периода не заданы, функция должна автоматически установить значения:
ДатаНач = начало дня 30 дней назад
ДатаКон = конец текущего дня
Перед выполнением расчета выполняется проверка параметров:
если ДатаКон < ДатаНач, генерируется исключение;
если даты не заданы — используются значения по умолчанию.
Расчет выполняется на основании следующих объектов конфигурации.
Документ.РасходТовара
Реквизиты:
Дата
Покупатель
Склад
Валюта
Табличная часть Документ.РасходТовара.Товары
Поля:
Товар
Количество
Сумма
Данные объекты используются как основной источник информации о фактических продажах товаров и суммах продаж.
1. Выполняется запрос к документу РасходТовара и его табличной части Товары.
Запрос выполняет:
отбор только проведенных документов продаж;
отбор записей по периоду ДатаНач – ДатаКон;
группировку данных по дате документа;
расчет общего количества проданных товаров за день;
расчет общей суммы продаж за день.
В результате формируется агрегированный набор данных, содержащий суммарные продажи предприятия по каждому дню.
2. Полученные данные выгружаются в таблицу значений.
На этом этапе формируется структура таблицы результата со следующими полями:
Дата — дата продаж;
КоличествоПродаж — общее количество проданных товаров за день;
СуммаПродаж — общая сумма продаж за день.
Если дата не определена, такая строка исключается из результата.
3. После формирования таблицы выполняется аналитическая обработка данных.
Данные сортируются по дате в порядке возрастания, что позволяет получить последовательную динамику продаж предприятия.
Каждая строка таблицы отражает суммарные продажи предприятия за конкретный день.
Формирование результата
Результат работы функции возвращается в виде таблицы значений со следующими колонками:
Дата
КоличествоПродаж
СуммаПродаж
Такая структура позволяет использовать результат функции для построения отчетов, графиков продаж и аналитики динамики продаж предприятия.","{""Documents"": [{""id"": ""РасходТовара"", ""name"": ""Расход товара"", ""Attributes"": [{""id"": ""Покупатель"", ""name"": ""Покупатель"", ""types"": [{""type"": ""Ref"", ""id"": ""Справочник.Контрагенты""}]}, {""id"": ""Склад"", ""name"": ""Склад"", ""types"": [{""type"": ""Ref"", ""id"": ""Справочник.Склады""}]}, {""id"": ""Валюта"", ""name"": ""Валюта взиморасчетов"", ""types"": [{""type"": ""Ref"", ""id"": ""Справочник.Валюты""}]}, {""id"": ""ВидЦен"", ""name"": ""Вид цен"", ""types"": [{""type"": ""Ref"", ""id"": ""Справочник.ВидыЦен""}]}, {""id"": ""ОбоснованиеОтгрузки"", ""name"": ""Обоснование отгрузки"", ""types"": [{""type"": ""String"", ""StringQualifiers"": ""0""}]}, {""id"": ""Организация"", ""name"": ""Организация"", ""types"": [{""type"": ""Ref"", ""id"": ""Справочник.Организации""}]}], ""TabularSections"": [{""id"": ""Товары"", ""name"": ""Товары"", ""Attributes"": [{""id"": ""Товар"", ""name"": ""Товар"", ""types"": [{""type"": ""Ref"", ""id"": ""Справочник.Товары""}]}, {""id"": ""Цена"", ""name"": ""Цена"", ""types"": [{""type"": ""Number"", ""NumberQualifiers"": ""10.2""}]}, {""id"": ""Количество"", ""name"": ""Количество"", ""types"": [{""type"": ""Number"", ""NumberQualifiers"": ""10.2""}]}, {""id"": ""Сумма"", ""name"": ""Сумма"", ""types"": [{""type"": ""Number"", ""NumberQualifiers"": ""10.2""}]}]}]}]}",task_068,server,mid,task25_СредняяСформироватьПродажиПоДням_v1.epf,"Функция СформироватьПродажиПоДням(ДатаНач = Неопределено, ДатаКон = Неопределено) Экспорт
	
	// Установка значений по умолчанию
	Если ДатаНач = Неопределено Или Не ЗначениеЗаполнено(ДатаНач) Тогда
		ДатаНач = НачалоДня(ТекущаяДата() - 30 * 86400);
	КонецЕсли;
	
	Если ДатаКон = Неопределено Или Не ЗначениеЗаполнено(ДатаКон) Тогда
		ДатаКон = КонецДня(ТекущаяДата());
	КонецЕсли;
	
	// Проверка корректности параметров
	Если ДатаКон < ДатаНач Тогда
		ВызватьИсключение ""Дата окончания периода не может быть меньше даты начала периода."";
	КонецЕсли;
	
	// Формирование запроса
	Запрос = Новый Запрос;
	Запрос.Текст = 
	""ВЫБРАТЬ
	|	НАЧАЛОПЕРИОДА(РасходТовара.Дата, ДЕНЬ) КАК Дата,
	|	СУММА(РасходТовараТовары.Количество) КАК КоличествоПродаж,
	|	СУММА(РасходТовараТовары.Сумма) КАК СуммаПродаж
	|ИЗ
	|	Документ.РасходТовара.Товары КАК РасходТовараТовары
	|		ВНУТРЕННЕЕ СОЕДИНЕНИЕ Документ.РасходТовара КАК РасходТовара
	|		ПО РасходТовараТовары.Ссылка = РасходТовара.Ссылка
	|ГДЕ
	|	РасходТовара.Проведен = ИСТИНА
	|	И РасходТовара.Дата >= &ДатаНач
	|	И РасходТовара.Дата <= &ДатаКон
	|СГРУППИРОВАТЬ ПО
	|	НАЧАЛОПЕРИОДА(РасходТовара.Дата, ДЕНЬ)"";
	
	Запрос.УстановитьПараметр(""ДатаНач"", ДатаНач);
	Запрос.УстановитьПараметр(""ДатаКон"", ДатаКон);
	
	РезультатЗапроса = Запрос.Выполнить();
	
	// Выгрузка результата в таблицу значений
	ТаблицаПродаж = РезультатЗапроса.Выгрузить();
	
	// Исключение строк с незаполненной датой
	МассивУдаляемых = Новый Массив;
	Для Каждого СтрокаТаблицы Из ТаблицаПродаж Цикл
		Если Не ЗначениеЗаполнено(СтрокаТаблицы.Дата) Тогда
			МассивУдаляемых.Добавить(СтрокаТаблицы);
		КонецЕсли;
	КонецЦикла;
	
	Для Каждого УдаляемаяСтрока Из МассивУдаляемых Цикл
		ТаблицаПродаж.Удалить(УдаляемаяСтрока);
	КонецЦикла;
	
	// Сортировка по дате в порядке возрастания
	ТаблицаПродаж.Сортировать(""Дата Возр"");
	
	Возврат ТаблицаПродаж;
	
КонецФункции"
"Написать функцию СформироватьТоварыСОтрицательнымиОстатками(ДатаОстатков),
которая формирует отчет о товарах предприятия с отрицательными остатками на указанную дату.
Задача предназначена для контроля корректности учета товаров и позволяет выявить товары, по которым количество на складе стало отрицательным.
Отчет может использоваться для анализа ошибок учета, контроля корректности проведения документов движения товаров, выявления проблемных операций списания и предотвращения дальнейших ошибок складского учета.
Если параметр даты не задан, функция должна автоматически установить значение:
ДатаОстатков = конец текущего дня
Перед выполнением расчета выполняется проверка параметров:
если дата не задана — используется значение по умолчанию.
Расчет выполняется на основании следующих объектов конфигурации
Регистр накопления ТоварныеЗапасы
Измерения:
Товар
Склад
Ресурсы:
Количество
Данный регистр используется как основной источник информации о фактических остатках товаров на складах предприятия.
1. Выполняется запрос к регистру накопления ТоварныеЗапасы
Запрос выполняет:
получение остатков товаров на дату ДатаОстатков;
отбор товаров, у которых количество остатка меньше нуля;
упорядочивание данных по товару.
В результате формируется набор данных, содержащий список товаров, у которых остаток на складе стал отрицательным.
2. Полученные данные выгружаются в таблицу значений
На этом этапе формируется структура таблицы результата со следующими полями:
Товар — наименование товара;
КоличествоОстаток — количество товара на складе на выбранную дату.
Если товар не определен, такая строка исключается из результата.
3. После формирования таблицы выполняется аналитическая обработка данных
Данные сортируются по товару в порядке возрастания, что позволяет получить упорядоченный список товаров с отрицательными остатками.
Каждая строка таблицы отражает конкретный товар предприятия, по которому зафиксирован отрицательный остаток на выбранную дату.
Формирование результата
Результат работы функции возвращается в виде таблицы значений со следующими колонками:
Товар
КоличествоОстаток
Такая структура позволяет использовать результат функции для контроля складских остатков, анализа ошибок учета товаров, а также оперативного выявления проблемных позиций в системе учета предприятия.","{""AccumulationRegisters"": [{""id"": ""ТоварныеЗапасы"", ""name"": ""Товарные запасы"", ""RegisterType"": ""Balance"", ""Dimensions"": [{""id"": ""Товар"", ""name"": ""Товар"", ""types"": [{""type"": ""Ref"", ""id"": ""Справочник.Товары""}]}, {""id"": ""Склад"", ""name"": ""Склад"", ""types"": [{""type"": ""Ref"", ""id"": ""Справочник.Склады""}]}], ""Resources"": [{""id"": ""Количество"", ""name"": ""Количество"", ""types"": [{""type"": ""Number"", ""NumberQualifiers"": ""10.2""}]}]}], ""Catalogs"": [{""id"": ""Склады"", ""name"": ""Склады"", ""Attributes"": [{""id"": ""НеИспользовать"", ""name"": ""Не использовать"", ""types"": [{""type"": ""Boolean""}]}]}, {""id"": ""Товары"", ""name"": ""Товары"", ""Attributes"": [{""id"": ""Артикул"", ""name"": ""Артикул"", ""types"": [{""type"": ""String"", ""StringQualifiers"": ""15""}]}, {""id"": ""Поставщик"", ""name"": ""Поставщик"", ""types"": [{""type"": ""Ref"", ""id"": ""Справочник.Контрагенты""}]}, {""id"": ""ФайлКартинки"", ""name"": ""Картинка"", ""types"": [{""type"": ""Ref"", ""id"": ""Справочник.ХранимыеФайлы""}]}, {""id"": ""Вид"", ""name"": ""Вид"", ""types"": []}, {""id"": ""Штрихкод"", ""name"": ""Штрихкод"", ""types"": [{""type"": ""String"", ""StringQualifiers"": ""20""}]}, {""id"": ""Описание"", ""name"": ""Описание"", ""types"": [{""type"": ""String"", ""StringQualifiers"": ""0""}]}]}]}",task_069,server,mid,task27_СредняяТоварыСОтрицательнымиОстатками_v1.epf,"Функция СформироватьТоварыСОтрицательнымиОстатками(ДатаОстатков = Неопределено) Экспорт
	
	Если ДатаОстатков = Неопределено Или Не ЗначениеЗаполнено(ДатаОстатков) Тогда
		ДатаОстатков = КонецДня(ТекущаяДата());
	КонецЕсли;
	
	Запрос = Новый Запрос;
	Запрос.Текст = 
	""ВЫБРАТЬ
	|	ТоварныеЗапасыОстатки.Товар КАК Товар,
	|	ТоварныеЗапасыОстатки.КоличествоОстаток КАК КоличествоОстаток
	|ИЗ
	|	РегистрНакопления.ТоварныеЗапасы.Остатки(&ДатаОстатков) КАК ТоварныеЗапасыОстатки
	|ГДЕ
	|	ТоварныеЗапасыОстатки.КоличествоОстаток < 0
	|	И ТоварныеЗапасыОстатки.Товар <> ЗНАЧЕНИЕ(Справочник.Товары.ПустаяСсылка)
	|УПОРЯДОЧИТЬ ПО
	|	Товар"";
	
	Запрос.УстановитьПараметр(""ДатаОстатков"", ДатаОстатков);
	
	РезультатЗапроса = Запрос.Выполнить();
	
	ТаблицаРезультат = РезультатЗапроса.Выгрузить();
	
	ТаблицаРезультат.Сортировать(""Товар Возр"");
	
	Возврат ТаблицаРезультат;
	
КонецФункции"
"Написать функцию СформироватьТоварыБезЦены(ДатаЦен),
которая формирует отчет о товарах предприятия, для которых на указанную дату не установлена цена.
Задача предназначена для контроля корректности настройки цен номенклатуры и позволяет выявить товары, по которым отсутствуют записи о цене в системе учета.
Отчет может использоваться для анализа полноты заполнения справочников цен, подготовки прайс-листов, контроля корректности продаж и предотвращения ситуаций, когда товар продается без установленной цены.
Если параметр даты не задан, функция должна автоматически установить значение:
ДатаЦен = конец текущего дня
Перед выполнением расчета выполняется проверка параметров:
если дата не задана — используется значение по умолчанию.
Расчет выполняется на основании следующих объектов конфигурации.
Справочник Товары
Реквизиты:
Ссылка
Наименование
Данный справочник используется как основной источник информации о номенклатуре товаров предприятия.
Регистр сведений ЦеныТоваров
Измерения:
Товар
ВидЦен
Ресурсы:
Цена
Данный регистр используется как основной источник информации о текущих ценах товаров предприятия.
1. Выполняется запрос к справочнику Товары и регистру сведений ЦеныТоваров.
Запрос выполняет:
выбор всех товаров из справочника Товары;
левое соединение с регистром сведений ЦеныТоваров.СрезПоследних, которое позволяет получить актуальные цены товаров на указанную дату;
отбор товаров, для которых цена отсутствует (Цена ЕСТЬ NULL);
упорядочивание данных по товару.
В результате формируется набор данных, содержащий список товаров, для которых на выбранную дату не установлена цена.
2. Полученные данные выгружаются в таблицу значений.
На этом этапе формируется структура таблицы результата со следующим полем:
Товар — ссылка на номенклатуру товара.
Если товар не определен, такая строка исключается из результата.
3. После формирования таблицы выполняется аналитическая обработка данных.
Данные сортируются по товару в порядке возрастания, что позволяет получить упорядоченный список товаров, для которых отсутствует установленная цена.
Каждая строка таблицы отражает конкретный товар предприятия, для которого в системе учета отсутствует запись о цене на выбранную дату.
Формирование результата
Результат работы функции возвращается в виде таблицы значений со следующей колонкой:
Товар
Такая структура позволяет использовать результат функции для контроля заполнения цен номенклатуры, формирования отчетов о корректности настройки системы учета и своевременного выявления товаров, по которым отсутствуют установленные цены.","{""InformationRegisters"": [{""id"": ""ЦеныТоваров"", ""name"": ""Цены товаров"", ""InformationRegisterPeriodicity"": ""Day"", ""WriteMode"": ""Independent"", ""Dimensions"": [{""id"": ""Товар"", ""name"": ""Товар"", ""types"": [{""type"": ""Ref"", ""id"": ""Справочник.Товары""}]}, {""id"": ""ВидЦен"", ""name"": ""Вид цен"", ""types"": [{""type"": ""Ref"", ""id"": ""Справочник.ВидыЦен""}]}], ""Resources"": [{""id"": ""Цена"", ""name"": ""Цена"", ""types"": [{""type"": ""Number"", ""NumberQualifiers"": ""10.2""}]}]}], ""Catalogs"": [{""id"": ""Товары"", ""name"": ""Товары"", ""Attributes"": [{""id"": ""Артикул"", ""name"": ""Артикул"", ""types"": [{""type"": ""String"", ""StringQualifiers"": ""15""}]}, {""id"": ""Поставщик"", ""name"": ""Поставщик"", ""types"": [{""type"": ""Ref"", ""id"": ""Справочник.Контрагенты""}]}, {""id"": ""ФайлКартинки"", ""name"": ""Картинка"", ""types"": [{""type"": ""Ref"", ""id"": ""Справочник.ХранимыеФайлы""}]}, {""id"": ""Вид"", ""name"": ""Вид"", ""types"": []}, {""id"": ""Штрихкод"", ""name"": ""Штрихкод"", ""types"": [{""type"": ""String"", ""StringQualifiers"": ""20""}]}, {""id"": ""Описание"", ""name"": ""Описание"", ""types"": [{""type"": ""String"", ""StringQualifiers"": ""0""}]}]}]}",task_070,server,mid,task28_СредняяСформироватьТоварыБезЦены_v1.epf,"Функция СформироватьТоварыБезЦены(ДатаЦен = Неопределено) Экспорт
	
	Если НЕ ЗначениеЗаполнено(ДатаЦен) Тогда
		ДатаЦен = КонецДня(ТекущаяДата());
	КонецЕсли;
	
	Запрос = Новый Запрос;
	Запрос.Текст = 
	""ВЫБРАТЬ
	|	Товары.Ссылка КАК Товар
	|ИЗ
	|	Справочник.Товары КАК Товары
	|		ЛЕВОЕ СОЕДИНЕНИЕ РегистрСведений.ЦеныТоваров.СрезПоследних(&ДатаЦен, ) КАК ЦеныТоваровСрезПоследних
	|		ПО Товары.Ссылка = ЦеныТоваровСрезПоследних.Товар
	|ГДЕ
	|	ЦеныТоваровСрезПоследних.Цена ЕСТЬ NULL
	|УПОРЯДОЧИТЬ ПО
	|	Товар"";
	
	Запрос.УстановитьПараметр(""ДатаЦен"", ДатаЦен);
	
	РезультатЗапроса = Запрос.Выполнить();
	ТаблицаРезультат = РезультатЗапроса.Выгрузить();
	
	// Исключаем строки с незаполненным товаром
	Индекс = ТаблицаРезультат.Количество() - 1;
	Пока Индекс >= 0 Цикл
		Если НЕ ЗначениеЗаполнено(ТаблицаРезультат[Индекс].Товар) Тогда
			ТаблицаРезультат.Удалить(Индекс);
		КонецЕсли;
		Индекс = Индекс - 1;
	КонецЦикла;
	
	// Сортировка по товару
	ТаблицаРезультат.Сортировать(""Товар Возр"");
	
	Возврат ТаблицаРезультат;
	
КонецФункции"
"Написать функцию СформироватьСебестоимостьТоваровСредневзвеш(), 
которая формирует таблицу себестоимости остатков товаров на текущую дату в виде таблицы значений.
Расчет выполняется на основании:
регистра накопления «ТоварныеЗапасы» (текущие остатки товаров);
документов «ПриходТовара» (источник закупочной стоимости).
В выборку должны включаться только товары, имеющие положительный остаток на дату формирования отчета.
Дата расчета передается в запрос через параметр &Дата и устанавливается равной текущей дате.
Формирование себестоимости выполняется в один этап с использованием соединения:
Из регистра накопления ТоварныеЗапасы.Остатки выбираются остатки товаров (КоличествоОстаток) на заданную дату.
Выполняется левое соединение с подзапросом по табличной части документов ПриходТовара.Товары.
В подзапросе рассчитывается себестоимость единицы товара как отношение:
СУММА(Сумма) / СУММА(Количество),
с защитой от деления на ноль через конструкцию ВЫБОР.
В расчет включаются только проведенные документы «ПриходТовара» (Проведен = Истина).
Результат должен представлять таблицу значений (ТаблицаЗначений), где каждая строка соответствует одному товару с остатком на складе.
Таблица должна содержать следующие поля:
Товар — ссылка на номенклатуру (измерение регистра ТоварныеЗапасы);
КоличествоОстаток — текущий остаток товара на дату отчета;
СебестоимостьЕд — расчетная себестоимость единицы товара на основе суммарных приходов;
СебестоимостьОстатка — общая себестоимость остатка, рассчитываемая как произведение количества остатка на себестоимость единицы.","{""Documents"": [{""id"": ""ПриходТовара"", ""name"": ""Приход товара"", ""Attributes"": [{""id"": ""Поставщик"", ""name"": ""Поставщик"", ""types"": [{""type"": ""Ref"", ""id"": ""Справочник.Контрагенты""}]}, {""id"": ""Склад"", ""name"": ""Склад"", ""types"": [{""type"": ""Ref"", ""id"": ""Справочник.Склады""}]}, {""id"": ""Валюта"", ""name"": ""Валюта взаиморасчетов"", ""types"": [{""type"": ""Ref"", ""id"": ""Справочник.Валюты""}]}, {""id"": ""Организация"", ""name"": ""Организация"", ""types"": [{""type"": ""Ref"", ""id"": ""Справочник.Организации""}]}], ""TabularSections"": [{""id"": ""Товары"", ""name"": ""Товары"", ""Attributes"": [{""id"": ""Товар"", ""name"": ""Товар"", ""types"": [{""type"": ""Ref"", ""id"": ""Справочник.Товары""}]}, {""id"": ""Цена"", ""name"": ""Цена"", ""types"": [{""type"": ""Number"", ""NumberQualifiers"": ""10.2""}]}, {""id"": ""Количество"", ""name"": ""Количество"", ""types"": [{""type"": ""Number"", ""NumberQualifiers"": ""10.2""}]}, {""id"": ""Сумма"", ""name"": ""Сумма"", ""types"": [{""type"": ""Number"", ""NumberQualifiers"": ""10.2""}]}]}]}], ""AccumulationRegisters"": [{""id"": ""ТоварныеЗапасы"", ""name"": ""Товарные запасы"", ""RegisterType"": ""Balance"", ""Dimensions"": [{""id"": ""Товар"", ""name"": ""Товар"", ""types"": [{""type"": ""Ref"", ""id"": ""Справочник.Товары""}]}, {""id"": ""Склад"", ""name"": ""Склад"", ""types"": [{""type"": ""Ref"", ""id"": ""Справочник.Склады""}]}], ""Resources"": [{""id"": ""Количество"", ""name"": ""Количество"", ""types"": [{""type"": ""Number"", ""NumberQualifiers"": ""10.2""}]}]}], ""Catalogs"": [{""id"": ""Товары"", ""name"": ""Товары"", ""Attributes"": [{""id"": ""Артикул"", ""name"": ""Артикул"", ""types"": [{""type"": ""String"", ""StringQualifiers"": ""15""}]}, {""id"": ""Поставщик"", ""name"": ""Поставщик"", ""types"": [{""type"": ""Ref"", ""id"": ""Справочник.Контрагенты""}]}, {""id"": ""ФайлКартинки"", ""name"": ""Картинка"", ""types"": [{""type"": ""Ref"", ""id"": ""Справочник.ХранимыеФайлы""}]}, {""id"": ""Вид"", ""name"": ""Вид"", ""types"": []}, {""id"": ""Штрихкод"", ""name"": ""Штрихкод"", ""types"": [{""type"": ""String"", ""StringQualifiers"": ""20""}]}, {""id"": ""Описание"", ""name"": ""Описание"", ""types"": [{""type"": ""String"", ""StringQualifiers"": ""0""}]}]}]}",task_071,server,high,task3_СложнаяСформироватьСебестоимостьТоваров_v3.epf,"Функция СформироватьСебестоимостьТоваровСредневзвеш()
	
	Запрос = Новый Запрос;
	Запрос.Текст = 
	""ВЫБРАТЬ
	|	Остатки.Товар КАК Товар,
	|	Остатки.КоличествоОстаток КАК КоличествоОстаток,
	|	ЕСТЬNULL(Приходы.СебестоимостьЕд, 0) КАК СебестоимостьЕд,
	|	Остатки.КоличествоОстаток * ЕСТЬNULL(Приходы.СебестоимостьЕд, 0) КАК СебестоимостьОстатка
	|ИЗ
	|	РегистрНакопления.ТоварныеЗапасы.Остатки(&Дата, ) КАК Остатки
	|		ЛЕВОЕ СОЕДИНЕНИЕ (
	|			ВЫБРАТЬ
	|				ПриходТовараТовары.Товар КАК Товар,
	|				ВЫБОР
	|					КОГДА СУММА(ПриходТовараТовары.Количество) = 0
	|						ТОГДА 0
	|					ИНАЧЕ СУММА(ПриходТовараТовары.Сумма) / СУММА(ПриходТовараТовары.Количество)
	|				КОНЕЦ КАК СебестоимостьЕд
	|			ИЗ
	|				Документ.ПриходТовара.Товары КАК ПриходТовараТовары
	|			ГДЕ
	|				ПриходТовараТовары.Ссылка.Проведен = ИСТИНА
	|			СГРУППИРОВАТЬ ПО
	|				ПриходТовараТовары.Товар
	|		) КАК Приходы
	|		ПО Остатки.Товар = Приходы.Товар
	|ГДЕ
	|	Остатки.КоличествоОстаток > 0"";
	
	Запрос.УстановитьПараметр(""Дата"", ТекущаяДата());
	
	Результат = Запрос.Выполнить();
	
	ТаблицаЗначений = Результат.Выгрузить();
	
	Возврат ТаблицаЗначений;
	
КонецФункции"
"Написать функцию ВыгрузитьПродажиВXMLФайл(ДатаНач, ДатаКон),
которая формирует выгрузку данных о продажах по покупателям и товарам за указанный период в файл формата XML.
Выгрузка должна формироваться на основании регистра накопления «Продажи».
Данные выбираются из регистра РегистрНакопления.Продажи с отбором по периоду дат:
дата регистратора (Продажи.Регистратор.Дата) находится в диапазоне между параметрами ДатаНач и ДатаКон (включительно).
Результат формирования должен представлять XML-файл, сохранённый во временный каталог; функция должна возвращать строку — путь к сформированному файлу.
Структура формирования XML выполняется следующим образом:
Создаётся временный XML-файл в кодировке UTF-8.
В файл записывается объявление XML.
Формируется корневой элемент «Продажи» с атрибутами:
Имя = ""ПродажиПоПокупателямИТоварам"";
ДатаНач — дата начала периода (в формате yyyy-MM-dd);
ДатаКон — дата окончания периода (в формате yyyy-MM-dd).
Выполняется запрос к регистру накопления Продажи:
данные группируются по Покупателю и Товару;
рассчитываются итоговые показатели:
Количество — суммарное количество продаж;
Сумма — суммарная сумма продаж.
Для каждой строки выборки формируется элемент «Запись», содержащий данные по сочетанию Покупатель + Товар.
После завершения записи всех элементов XML-документ корректно закрывается и сохраняется в файл.","{""AccumulationRegisters"": [{""id"": ""Продажи"", ""name"": ""Продажи"", ""RegisterType"": ""Turnovers"", ""Dimensions"": [{""id"": ""Покупатель"", ""name"": ""Покупатель"", ""types"": [{""type"": ""Ref"", ""id"": ""Справочник.Контрагенты""}]}, {""id"": ""Товар"", ""name"": ""Товар"", ""types"": [{""type"": ""Ref"", ""id"": ""Справочник.Товары""}]}], ""Resources"": [{""id"": ""Количество"", ""name"": ""Количество"", ""types"": [{""type"": ""Number"", ""NumberQualifiers"": ""10.2""}]}, {""id"": ""Сумма"", ""name"": ""Сумма"", ""types"": [{""type"": ""Number"", ""NumberQualifiers"": ""10.2""}]}]}]}",task_072,server,mid,task5_СредняяВыгрузитьПродажиВФайлXML_v3.epf,"Функция ВыгрузитьПродажиВXMLФайл(ДатаНач, ДатаКон)
	
	// Формируем запрос к регистру накопления Продажи
	Запрос = Новый Запрос;
	Запрос.Текст = 
	""ВЫБРАТЬ
	|	Продажи.Покупатель КАК Покупатель,
	|	Продажи.Товар КАК Товар,
	|	СУММА(Продажи.Количество) КАК Количество,
	|	СУММА(Продажи.Сумма) КАК Сумма
	|ИЗ
	|	РегистрНакопления.Продажи КАК Продажи
	|ГДЕ
	|	Продажи.Регистратор.Дата >= &ДатаНач
	|	И Продажи.Регистратор.Дата <= &ДатаКон
	|СГРУППИРОВАТЬ ПО
	|	Продажи.Покупатель,
	|	Продажи.Товар"";
	
	Запрос.УстановитьПараметр(""ДатаНач"", ДатаНач);
	Запрос.УстановитьПараметр(""ДатаКон"", ДатаКон);
	
	Результат = Запрос.Выполнить();
	Выборка = Результат.Выбрать();
	
	// Формируем путь к временному файлу
	ИмяФайла = ПолучитьИмяВременногоФайла(""xml"");
	
	// Создаём запись XML
	ЗаписьXML = Новый ЗаписьXML;
	ЗаписьXML.ОткрытьФайл(ИмяФайла, ""UTF-8"");
	ЗаписьXML.ЗаписатьОбъявлениеXML();
	
	// Формируем корневой элемент ""Продажи"" с атрибутами
	ЗаписьXML.ЗаписатьНачалоЭлемента(""Продажи"");
	ЗаписьXML.ЗаписатьАтрибут(""Имя"", ""ПродажиПоПокупателямИТоварам"");
	ЗаписьXML.ЗаписатьАтрибут(""ДатаНач"", Формат(ДатаНач, ""ДФ=yyyy-MM-dd""));
	ЗаписьXML.ЗаписатьАтрибут(""ДатаКон"", Формат(ДатаКон, ""ДФ=yyyy-MM-dd""));
	
	// Записываем данные выборки
	Пока Выборка.Следующий() Цикл
		
		ЗаписьXML.ЗаписатьНачалоЭлемента(""Запись"");
		
		ЗаписьXML.ЗаписатьНачалоЭлемента(""Покупатель"");
		ЗаписьXML.ЗаписатьТекст(Строка(Выборка.Покупатель));
		ЗаписьXML.ЗаписатьКонецЭлемента();
		
		ЗаписьXML.ЗаписатьНачалоЭлемента(""Товар"");
		ЗаписьXML.ЗаписатьТекст(Строка(Выборка.Товар));
		ЗаписьXML.ЗаписатьКонецЭлемента();
		
		ЗаписьXML.ЗаписатьНачалоЭлемента(""Количество"");
		ЗаписьXML.ЗаписатьТекст(Строка(Выборка.Количество));
		ЗаписьXML.ЗаписатьКонецЭлемента();
		
		ЗаписьXML.ЗаписатьНачалоЭлемента(""Сумма"");
		ЗаписьXML.ЗаписатьТекст(Строка(Выборка.Сумма));
		ЗаписьXML.ЗаписатьКонецЭлемента();
		
		ЗаписьXML.ЗаписатьКонецЭлемента(); // Запись
		
	КонецЦикла;
	
	// Закрываем корневой элемент и файл
	ЗаписьXML.ЗаписатьКонецЭлемента(); // Продажи
	ЗаписьXML.Закрыть();
	
	Возврат ИмяФайла;
	
КонецФункции"
"Написать функцию ПолучитьДанныеФайла(ФайлСсылка), которая получает структуру с сведениями о переданном файле.
Параметры функции:
ФайлСсылка (тип: СправочникСсылка.ХранимыеФайлы) - ссылка на файл.

Возвращаемое значение:
Структура - данные о файле:
    * Ссылка (тип СправочникСсылка.ХранимыеФайлы) - ссылка на файл;
    * СсылкаНаДвоичныеДанныеФайла (тип Строка) - адрес во временном хранилище, по которому помещены данные файла.
    * Владелец (тип СправочникСсылка.Товары, СправочникСсылка.Контрагенты) - ссылка на объект-владелец файла;
    * ИмяФайла (тип Строка) - имя файла;
    * Наименование (тип Строка) наименование файла (в справочнике ХранимыеФайлы);   
    * Расширение (тип Строка) - расширение файла без точки;  
    * Подписан (тип Булево) - признак того, что файл подписан;
    * Зашифрован (тип Булево) - признак того, что файл зашифрован; 
    * Ширина (тип Число) - ширина файла, только для .png;
    * Высота (тип Число) - высота файла, только для .png;
    * Размер (тип Число) - размер файла в кб.","{""Catalogs"": [{""id"": ""Контрагенты"", ""name"": ""Контрагенты"", ""Attributes"": [{""id"": ""Регион"", ""name"": ""Регион"", ""types"": [{""type"": ""Ref"", ""id"": ""Справочник.Регионы""}]}, {""id"": ""Индекс"", ""name"": ""Индекс"", ""types"": [{""type"": ""String"", ""StringQualifiers"": ""10""}]}, {""id"": ""Страна"", ""name"": ""Страна"", ""types"": [{""type"": ""String"", ""StringQualifiers"": ""0""}]}, {""id"": ""Город"", ""name"": ""Город"", ""types"": [{""type"": ""String"", ""StringQualifiers"": ""0""}]}, {""id"": ""Улица"", ""name"": ""Улица"", ""types"": [{""type"": ""String"", ""StringQualifiers"": ""0""}]}, {""id"": ""Дом"", ""name"": ""Дом"", ""types"": [{""type"": ""String"", ""StringQualifiers"": ""15""}]}, {""id"": ""Телефон"", ""name"": ""Телефон"", ""types"": [{""type"": ""String"", ""StringQualifiers"": ""16""}]}, {""id"": ""ЭлектроннаяПочта"", ""name"": ""Электронная почта"", ""types"": [{""type"": ""String"", ""StringQualifiers"": ""40""}]}, {""id"": ""Факс"", ""name"": ""Факс"", ""types"": [{""type"": ""String"", ""StringQualifiers"": ""16""}]}, {""id"": ""ВебСайт"", ""name"": ""Веб сайт"", ""types"": [{""type"": ""String"", ""StringQualifiers"": ""40""}]}, {""id"": ""ВидЦен"", ""name"": ""Вид цен"", ""types"": [{""type"": ""Ref"", ""id"": ""Справочник.ВидыЦен""}]}, {""id"": ""ДополнительнаяИнформация"", ""name"": ""Дополнительная информация"", ""types"": [{""type"": ""String"", ""StringQualifiers"": ""0""}]}, {""id"": ""КонтактноеЛицо"", ""name"": ""Контактное лицо"", ""types"": [{""type"": ""String"", ""StringQualifiers"": ""100""}]}, {""id"": ""Широта"", ""name"": ""Широта"", ""types"": [{""type"": ""Number"", ""NumberQualifiers"": ""10.6""}]}, {""id"": ""Долгота"", ""name"": ""Долгота"", ""types"": [{""type"": ""Number"", ""NumberQualifiers"": ""10.6""}]}]}, {""id"": ""Товары"", ""name"": ""Товары"", ""Attributes"": [{""id"": ""Артикул"", ""name"": ""Артикул"", ""types"": [{""type"": ""String"", ""StringQualifiers"": ""15""}]}, {""id"": ""Поставщик"", ""name"": ""Поставщик"", ""types"": [{""type"": ""Ref"", ""id"": ""Справочник.Контрагенты""}]}, {""id"": ""ФайлКартинки"", ""name"": ""Картинка"", ""types"": [{""type"": ""Ref"", ""id"": ""Справочник.ХранимыеФайлы""}]}, {""id"": ""Вид"", ""name"": ""Вид"", ""types"": []}, {""id"": ""Штрихкод"", ""name"": ""Штрихкод"", ""types"": [{""type"": ""String"", ""StringQualifiers"": ""20""}]}, {""id"": ""Описание"", ""name"": ""Описание"", ""types"": [{""type"": ""String"", ""StringQualifiers"": ""0""}]}]}, {""id"": ""ХранимыеФайлы"", ""name"": ""Хранимые файлы"", ""Attributes"": [{""id"": ""ДанныеФайла"", ""name"": ""Данные файла"", ""types"": []}, {""id"": ""ИмяФайла"", ""name"": ""Имя файла"", ""types"": [{""type"": ""String"", ""StringQualifiers"": ""0""}]}, {""id"": ""Подпись"", ""name"": ""Подпись"", ""types"": []}, {""id"": ""Подписан"", ""name"": ""Подписан"", ""types"": [{""type"": ""Boolean""}]}, {""id"": ""Зашифрован"", ""name"": ""Зашифрован"", ""types"": [{""type"": ""Boolean""}]}, {""id"": ""ДляОписания"", ""name"": ""Для описания"", ""types"": [{""type"": ""Boolean""}]}]}]}",task_073,server,high,task5_сложн_Куликова_v1.epf,"Функция ПолучитьДанныеФайла(ФайлСсылка) Экспорт
	
	Запрос = Новый Запрос;
	Запрос.Текст = 
	""ВЫБРАТЬ
	|	ХранимыеФайлы.Ссылка КАК Ссылка,
	|	ХранимыеФайлы.Владелец КАК Владелец,
	|	ХранимыеФайлы.ИмяФайла КАК ИмяФайла,
	|	ХранимыеФайлы.Наименование КАК Наименование,
	|	ХранимыеФайлы.Подписан КАК Подписан,
	|	ХранимыеФайлы.Зашифрован КАК Зашифрован,
	|	ХранимыеФайлы.ДанныеФайла КАК ДанныеФайла
	|ИЗ
	|	Справочник.ХранимыеФайлы КАК ХранимыеФайлы
	|ГДЕ
	|	ХранимыеФайлы.Ссылка = &Ссылка"";
	
	Запрос.УстановитьПараметр(""Ссылка"", ФайлСсылка);
	
	Результат = Запрос.Выполнить();
	Выборка = Результат.Выбрать();
	
	Если НЕ Выборка.Следующий() Тогда
		Возврат Неопределено;
	КонецЕсли;
	
	ИмяФайла = Выборка.ИмяФайла;
	
	// Определяем расширение файла
	ПозицияТочки = СтрНайти(ИмяФайла, ""."", НаправлениеПоиска.СКонца);
	Если ПозицияТочки > 0 Тогда
		Расширение = Сред(ИмяФайла, ПозицияТочки + 1);
	Иначе
		Расширение = """";
	КонецЕсли;
	
	// Получаем двоичные данные файла
	ДвоичныеДанные = Выборка.ДанныеФайла.Получить();
	
	// Помещаем во временное хранилище
	АдресВоВременномХранилище = ПоместитьВоВременноеХранилище(ДвоичныеДанные);
	
	// Определяем размер файла в кб
	РазмерВБайтах = ДвоичныеДанные.Размер();
	РазмерВКб = Цел(РазмерВБайтах / 1024);
	
	// Определяем ширину и высоту для png
	Ширина = 0;
	Высота = 0;
	
	Если НРег(Расширение) = ""png"" Тогда
		// В PNG файле ширина и высота хранятся в IHDR чанке
		// Ширина: байты 16-19, Высота: байты 20-23 (big-endian)
		Буфер = ДвоичныеДанные.ОткрытьПотокДляЧтения();
		ЧтениеДанных = Новый ЧтениеДанных(Буфер);
		
		// Пропускаем первые 16 байт (8 байт сигнатура PNG + 4 байта длина чанка + 4 байта тип чанка IHDR)
		ЧтениеДанных.Пропустить(16);
		
		// Читаем ширину (4 байта, big-endian)
		БуферШирина = ЧтениеДанных.Прочитать(4);
		Ширина = БуферШирина[0] * 16777216 + БуферШирина[1] * 65536 + БуферШирина[2] * 256 + БуферШирина[3];
		
		// Читаем высоту (4 байта, big-endian)
		БуферВысота = ЧтениеДанных.Прочитать(4);
		Высота = БуферВысота[0] * 16777216 + БуферВысота[1] * 65536 + БуферВысота[2] * 256 + БуферВысота[3];
		
		ЧтениеДанных.Закрыть();
		Буфер.Закрыть();
	КонецЕсли;
	
	// Формируем результирующую структуру
	ДанныеФайла = Новый Структура;
	ДанныеФайла.Вставить(""Ссылка"", Выборка.Ссылка);
	ДанныеФайла.Вставить(""СсылкаНаДвоичныеДанныеФайла"", АдресВоВременномХранилище);
	ДанныеФайла.Вставить(""Владелец"", Выборка.Владелец);
	ДанныеФайла.Вставить(""ИмяФайла"", ИмяФайла);
	ДанныеФайла.Вставить(""Наименование"", Выборка.Наименование);
	ДанныеФайла.Вставить(""Расширение"", Расширение);
	ДанныеФайла.Вставить(""Подписан"", Выборка.Подписан);
	ДанныеФайла.Вставить(""Зашифрован"", Выборка.Зашифрован);
	ДанныеФайла.Вставить(""Ширина"", Ширина);
	ДанныеФайла.Вставить(""Высота"", Высота);
	ДанныеФайла.Вставить(""Размер"", РазмерВКб);
	
	Возврат ДанныеФайла;
	
КонецФункции"
"Написать функцию ЗагрузитьДанныеТоваровИзJSON(СтрокаJSON), которая загружает данные товара в справочник ""Товары"" из строки JSON.  
Функция должна:
  1) преобразовать строку в формате JSON в массив структур или структуру, содержащие свойства товара.
  2) найти существующий элемент справочника ""Товары"" по обязательным свойствам ""article"" и ""description""(получены из строки JSON). Если товар не найден, создать новый элемент.
  3) заполнить свойства элемента по данным преобразованной строки, сохранить запись в справочник.

Параметр функции:
    СтрокаJSON (тип Строка) - строка в формате JSON, которая содержит данные загружаемого товара.  
    Обязательными являются свойства: 
        ""article"": артикул товара. Тип значения свойства: Строка(15). Соответствует реквизиту ""Артикул"" справочника ""Товары"". 
        ""description: наименование товара. Тип значения свойства: Строка(50). Соответствует реквизиту ""Наименование"" справочника ""Товары"".
    Необязательные свойства:
        ""counterparty_code"": код поставщика товара. Тип значения свойства: Строка(9). Соответствует реквизиту ""Код"" справочника ""Контрагенты"". 
        ""barcode"": штрихкод товара. Тип значения свойства: Строка(20). Соответствует реквизиту ""Штрихкод"" справочника ""Товары"". 
        ""type"": вид товара. Тип значения свойства: Строка. Соответствует значению перечисления ""ВидыТоваров"". 
	Пример строки JSON:   
	[
		{
		 ""article"": ""56568758746"",
		 ""description"": ""Шапка зимняя"",
		 ""counterparty_code"": ""0000001"",
		 ""type"": ""Товар"",
		 ""barcode"": ""677865456789765"" 
		 },
		 
		{
		 ""article"": ""56568758740"",
		 ""description"": ""Шапка летняя"",
		 ""counterparty_code"": ""0000001"",
		 ""type"": ""Товар"",
		 ""barcode"": ""654567893543500"" 
		 }  
    ]","{""Catalogs"": [{""id"": ""Контрагенты"", ""name"": ""Контрагенты"", ""Attributes"": [{""id"": ""Регион"", ""name"": ""Регион"", ""types"": [{""type"": ""Ref"", ""id"": ""Справочник.Регионы""}]}, {""id"": ""Индекс"", ""name"": ""Индекс"", ""types"": [{""type"": ""String"", ""StringQualifiers"": ""10""}]}, {""id"": ""Страна"", ""name"": ""Страна"", ""types"": [{""type"": ""String"", ""StringQualifiers"": ""0""}]}, {""id"": ""Город"", ""name"": ""Город"", ""types"": [{""type"": ""String"", ""StringQualifiers"": ""0""}]}, {""id"": ""Улица"", ""name"": ""Улица"", ""types"": [{""type"": ""String"", ""StringQualifiers"": ""0""}]}, {""id"": ""Дом"", ""name"": ""Дом"", ""types"": [{""type"": ""String"", ""StringQualifiers"": ""15""}]}, {""id"": ""Телефон"", ""name"": ""Телефон"", ""types"": [{""type"": ""String"", ""StringQualifiers"": ""16""}]}, {""id"": ""ЭлектроннаяПочта"", ""name"": ""Электронная почта"", ""types"": [{""type"": ""String"", ""StringQualifiers"": ""40""}]}, {""id"": ""Факс"", ""name"": ""Факс"", ""types"": [{""type"": ""String"", ""StringQualifiers"": ""16""}]}, {""id"": ""ВебСайт"", ""name"": ""Веб сайт"", ""types"": [{""type"": ""String"", ""StringQualifiers"": ""40""}]}, {""id"": ""ВидЦен"", ""name"": ""Вид цен"", ""types"": [{""type"": ""Ref"", ""id"": ""Справочник.ВидыЦен""}]}, {""id"": ""ДополнительнаяИнформация"", ""name"": ""Дополнительная информация"", ""types"": [{""type"": ""String"", ""StringQualifiers"": ""0""}]}, {""id"": ""КонтактноеЛицо"", ""name"": ""Контактное лицо"", ""types"": [{""type"": ""String"", ""StringQualifiers"": ""100""}]}, {""id"": ""Широта"", ""name"": ""Широта"", ""types"": [{""type"": ""Number"", ""NumberQualifiers"": ""10.6""}]}, {""id"": ""Долгота"", ""name"": ""Долгота"", ""types"": [{""type"": ""Number"", ""NumberQualifiers"": ""10.6""}]}]}, {""id"": ""Товары"", ""name"": ""Товары"", ""Attributes"": [{""id"": ""Артикул"", ""name"": ""Артикул"", ""types"": [{""type"": ""String"", ""StringQualifiers"": ""15""}]}, {""id"": ""Поставщик"", ""name"": ""Поставщик"", ""types"": [{""type"": ""Ref"", ""id"": ""Справочник.Контрагенты""}]}, {""id"": ""ФайлКартинки"", ""name"": ""Картинка"", ""types"": [{""type"": ""Ref"", ""id"": ""Справочник.ХранимыеФайлы""}]}, {""id"": ""Вид"", ""name"": ""Вид"", ""types"": []}, {""id"": ""Штрихкод"", ""name"": ""Штрихкод"", ""types"": [{""type"": ""String"", ""StringQualifiers"": ""20""}]}, {""id"": ""Описание"", ""name"": ""Описание"", ""types"": [{""type"": ""String"", ""StringQualifiers"": ""0""}]}]}]}",task_074,server,,task6_Куликова_v1.epf,"Функция ЗагрузитьДанныеТоваровИзJSON(СтрокаJSON)
    
    ЧтениеJSON = Новый ЧтениеJSON;
    ЧтениеJSON.УстановитьСтроку(СтрокаJSON);
    ДанныеJSON = ПрочитатьJSON(ЧтениеJSON);
    ЧтениеJSON.Закрыть();
    
    // Если передана одна структура, оборачиваем в массив
    Если ТипЗнч(ДанныеJSON) = Тип(""Структура"") Или ТипЗнч(ДанныеJSON) = Тип(""Соответствие"") Тогда
        МассивДанных = Новый Массив;
        МассивДанных.Добавить(ДанныеJSON);
    Иначе
        МассивДанных = ДанныеJSON;
    КонецЕсли;
    
    Для Каждого ДанныеТовара Из МассивДанных Цикл
        
        Артикул = ДанныеТовара[""article""];
        Наименование = ДанныеТовара[""description""];
        
        // Поиск существующего товара по артикулу и наименованию
        Запрос = Новый Запрос;
        Запрос.Текст = 
            ""ВЫБРАТЬ
            |	Товары.Ссылка КАК Ссылка
            |ИЗ
            |	Справочник.Товары КАК Товары
            |ГДЕ
            |	Товары.Артикул = &Артикул
            |	И Товары.Наименование = &Наименование"";
        Запрос.УстановитьПараметр(""Артикул"", Артикул);
        Запрос.УстановитьПараметр(""Наименование"", Наименование);
        
        Результат = Запрос.Выполнить();
        Выборка = Результат.Выбрать();
        
        Если Выборка.Следующий() Тогда
            ТоварОбъект = Выборка.Ссылка.ПолучитьОбъект();
        Иначе
            ТоварОбъект = Справочники.Товары.СоздатьЭлемент();
        КонецЕсли;
        
        // Заполнение обязательных реквизитов
        ТоварОбъект.Артикул = Артикул;
        ТоварОбъект.Наименование = Наименование;
        
        // Заполнение необязательных реквизитов
        Если ДанныеТовара.Свойство(""barcode"") Тогда
            ТоварОбъект.Штрихкод = ДанныеТовара[""barcode""];
        КонецЕсли;
        
        Если ДанныеТовара.Свойство(""type"") Тогда
            ЗначениеВид = ДанныеТовара[""type""];
            ТоварОбъект.Вид = Перечисления.ВидыТоваров[ЗначениеВид];
        КонецЕсли;
        
        Если ДанныеТовара.Свойство(""counterparty_code"") Тогда
            КодПоставщика = ДанныеТовара[""counterparty_code""];
            Поставщик = Справочники.Контрагенты.НайтиПоКоду(КодПоставщика);
            Если Поставщик <> Справочники.Контрагенты.ПустаяСсылка() Тогда
                ТоварОбъект.Поставщик = Поставщик;
            КонецЕсли;
        КонецЕсли;
        
        ТоварОбъект.Записать();
        
    КонецЦикла;
    
КонецФункции"
"Написать функцию СформироватьРасчетЗаказа(ДатаНач, ДатаКон),
которая формирует расчет необходимого заказа поставщику на основе статистики продаж и текущих остатков товаров за указанный период.
Расчет должен выполняться на основании данных регистра накопления «Продажи» и регистра накопления «ТоварныеЗапасы».
Если параметры периода не переданы, функция должна автоматически устанавливать:
ДатаНач — за 30 дней до текущей даты;
ДатаКон — текущая дата (конец дня).
При этом выполняется проверка корректности периода: дата окончания не может быть меньше даты начала.
Данные выбираются из регистра РегистрНакопления.Продажи с отбором по периоду дат:
дата регистратора (Продажи.Регистратор.Дата) должна находиться в диапазоне между параметрами ДатаНач и ДатаКон (включительно).
На основании выборки рассчитывается суммарное количество продаж по каждому товару.
Далее выполняется получение остатков товаров на дату окончания периода из регистра:
РегистрНакопления.ТоварныеЗапасы.Остатки(&ДатаКон).
Результат расчета должен представлять таблицу значений (ТаблицаЗначений), где каждая строка соответствует одному товару и содержит расчет потребности в закупке.
Логика формирования расчета выполняется следующим образом:
Сначала формируется временная таблица продаж (ВТ), содержащая:
Товар — ссылка на номенклатуру;
Количество — суммарное количество продаж за период.
После этого временная таблица продаж объединяется с остатками товаров по полю Товар (левое соединение), что позволяет учитывать товары даже при отсутствии продаж.
Для каждого товара рассчитываются итоговые показатели:
КоличествоПродаж — суммарное количество продаж за период;
ОстаткиТовара — текущие остатки товара на складе на дату ДатаКон;
РекомендуемыйЗаказ — расчетное количество к закупке, определяемое по формуле:
(КоличествоПродаж − ОстаткиТовара), но не менее 0.
В итоговую таблицу включаются только те товары, у которых РекомендуемыйЗаказ больше нуля, то есть существует фактическая потребность в пополнении запасов.
Таблица значений должна содержать следующие колонки:
Товар — ссылка на справочник Товары;
КоличествоПродаж — суммарное количество продаж за анализируемый период;
ОстаткиТовара — остатки товара на дату окончания периода;
РекомендуемыйЗаказ — рекомендуемое количество к заказу поставщику.","{""AccumulationRegisters"": [{""id"": ""Продажи"", ""name"": ""Продажи"", ""RegisterType"": ""Turnovers"", ""Dimensions"": [{""id"": ""Покупатель"", ""name"": ""Покупатель"", ""types"": [{""type"": ""Ref"", ""id"": ""Справочник.Контрагенты""}]}, {""id"": ""Товар"", ""name"": ""Товар"", ""types"": [{""type"": ""Ref"", ""id"": ""Справочник.Товары""}]}], ""Resources"": [{""id"": ""Количество"", ""name"": ""Количество"", ""types"": [{""type"": ""Number"", ""NumberQualifiers"": ""10.2""}]}, {""id"": ""Сумма"", ""name"": ""Сумма"", ""types"": [{""type"": ""Number"", ""NumberQualifiers"": ""10.2""}]}]}, {""id"": ""ТоварныеЗапасы"", ""name"": ""Товарные запасы"", ""RegisterType"": ""Balance"", ""Dimensions"": [{""id"": ""Товар"", ""name"": ""Товар"", ""types"": [{""type"": ""Ref"", ""id"": ""Справочник.Товары""}]}, {""id"": ""Склад"", ""name"": ""Склад"", ""types"": [{""type"": ""Ref"", ""id"": ""Справочник.Склады""}]}], ""Resources"": [{""id"": ""Количество"", ""name"": ""Количество"", ""types"": [{""type"": ""Number"", ""NumberQualifiers"": ""10.2""}]}]}], ""Catalogs"": [{""id"": ""Товары"", ""name"": ""Товары"", ""Attributes"": [{""id"": ""Артикул"", ""name"": ""Артикул"", ""types"": [{""type"": ""String"", ""StringQualifiers"": ""15""}]}, {""id"": ""Поставщик"", ""name"": ""Поставщик"", ""types"": [{""type"": ""Ref"", ""id"": ""Справочник.Контрагенты""}]}, {""id"": ""ФайлКартинки"", ""name"": ""Картинка"", ""types"": [{""type"": ""Ref"", ""id"": ""Справочник.ХранимыеФайлы""}]}, {""id"": ""Вид"", ""name"": ""Вид"", ""types"": []}, {""id"": ""Штрихкод"", ""name"": ""Штрихкод"", ""types"": [{""type"": ""String"", ""StringQualifiers"": ""20""}]}, {""id"": ""Описание"", ""name"": ""Описание"", ""types"": [{""type"": ""String"", ""StringQualifiers"": ""0""}]}]}]}",task_075,server,mid,task6_СредняяРасчетНеобходимогоЗаказаПоставщикуПостатистикиПродаж_v3.epf,"Функция СформироватьРасчетЗаказа(ДатаНач = Неопределено, ДатаКон = Неопределено) Экспорт
	
	// Установка значений по умолчанию
	Если ДатаНач = Неопределено Тогда
		ДатаНач = НачалоДня(ТекущаяДата() - 30 * 86400);
	КонецЕсли;
	
	Если ДатаКон = Неопределено Тогда
		ДатаКон = КонецДня(ТекущаяДата());
	КонецЕсли;
	
	// Проверка корректности периода
	Если ДатаКон < ДатаНач Тогда
		ВызватьИсключение ""Дата окончания периода не может быть меньше даты начала."";
	КонецЕсли;
	
	// Формирование результирующей таблицы
	ТаблицаРезультат = Новый ТаблицаЗначений;
	ТаблицаРезультат.Колонки.Добавить(""Товар"", Новый ОписаниеТипов(""СправочникСсылка.Товары""));
	ТаблицаРезультат.Колонки.Добавить(""КоличествоПродаж"", Новый ОписаниеТипов(""Число"", Новый КвалификаторыЧисла(10, 2)));
	ТаблицаРезультат.Колонки.Добавить(""ОстаткиТовара"", Новый ОписаниеТипов(""Число"", Новый КвалификаторыЧисла(10, 2)));
	ТаблицаРезультат.Колонки.Добавить(""РекомендуемыйЗаказ"", Новый ОписаниеТипов(""Число"", Новый КвалификаторыЧисла(10, 2)));
	
	// Запрос для получения данных о продажах и остатках
	Запрос = Новый Запрос;
	Запрос.Текст = 
	""ВЫБРАТЬ
	|	Продажи.Товар КАК Товар,
	|	СУММА(Продажи.Количество) КАК КоличествоПродаж
	|ПОМЕСТИТЬ ВТПродажи
	|ИЗ
	|	РегистрНакопления.Продажи КАК Продажи
	|ГДЕ
	|	Продажи.Регистратор.Дата >= &ДатаНач
	|	И Продажи.Регистратор.Дата <= &ДатаКон
	|СГРУППИРОВАТЬ ПО
	|	Продажи.Товар
	|;
	|
	|////////////////////////////////////////////////////////////////////////////////
	|ВЫБРАТЬ
	|	ВТПродажи.Товар КАК Товар,
	|	ВТПродажи.КоличествоПродаж КАК КоличествоПродаж,
	|	ЕСТЬNULL(ТоварныеЗапасыОстатки.КоличествоОстаток, 0) КАК ОстаткиТовара
	|ИЗ
	|	ВТПродажи КАК ВТПродажи
	|		ЛЕВОЕ СОЕДИНЕНИЕ РегистрНакопления.ТоварныеЗапасы.Остатки(&ДатаКон) КАК ТоварныеЗапасыОстатки
	|		ПО ВТПродажи.Товар = ТоварныеЗапасыОстатки.Товар"";
	
	Запрос.УстановитьПараметр(""ДатаНач"", ДатаНач);
	Запрос.УстановитьПараметр(""ДатаКон"", ДатаКон);
	
	РезультатЗапроса = Запрос.Выполнить();
	Выборка = РезультатЗапроса.Выбрать();
	
	Пока Выборка.Следующий() Цикл
		
		КоличествоПродаж = Выборка.КоличествоПродаж;
		ОстаткиТовара = Выборка.ОстаткиТовара;
		РекомендуемыйЗаказ = Макс(КоличествоПродаж - ОстаткиТовара, 0);
		
		Если РекомендуемыйЗаказ > 0 Тогда
			НоваяСтрока = ТаблицаРезультат.Добавить();
			НоваяСтрока.Товар = Выборка.Товар;
			НоваяСтрока.КоличествоПродаж = КоличествоПродаж;
			НоваяСтрока.ОстаткиТовара = ОстаткиТовара;
			НоваяСтрока.РекомендуемыйЗаказ = РекомендуемыйЗаказ;
		КонецЕсли;
		
	КонецЦикла;
	
	Возврат ТаблицаРезультат;
	
КонецФункции"
"Написать функцию УчетТоваровПоИнвентаризации(ДатаНачала, ДатаОкончания), которая формирует таблицу остатков товаров за заданный период, скорректированных по результатам инвентаризации.
Данные остатков товаров брать из регистра накопления ""ТоварныеЗапасы"".
Инвентаризаций считать документы ""ОперацияПоУчетуТоваров"", в которых реквизит ""СодержаниеОперации"" содержит одну из возможных вариаций подстрок:
   ""инвентаризация"", ""в результате инвентаризации"", ""по инвентаризации"", ""инвентар."".
     
Параметры функции:
ДатаНачала (тип: Дата) - начало периода.
ДатаОкончания (тип: Дата) - окончание периода.
   
Функция должна вернуть таблицу значений с колонками:
* Товар (тип: СправочникСсылка.Товар) - товар.
* Склад (тип: СправочникСсылка.Склады) - склад.
* Корректировка (тип : ДокументСсылка.ОперацияПоУчетуТоваров) - документ корректировки по результатам инвентаризации. 
* ЗначениеКорректировки - (тип: Число) - значение корректровки остатка товара.  
* ОстатокНаКонецПериода - (тип: Число) - остаток товара на дату окончания периода.","{""Documents"": [{""id"": ""ОперацияПоУчетуТоваров"", ""name"": ""Операция по учету товаров"", ""Attributes"": [{""id"": ""СодержаниеОперации"", ""name"": ""Содержание операции"", ""types"": [{""type"": ""String"", ""StringQualifiers"": ""0""}]}, {""id"": ""Организация"", ""name"": ""Организация"", ""types"": [{""type"": ""Ref"", ""id"": ""Справочник.Организации""}]}]}], ""AccumulationRegisters"": [{""id"": ""ТоварныеЗапасы"", ""name"": ""Товарные запасы"", ""RegisterType"": ""Balance"", ""Dimensions"": [{""id"": ""Товар"", ""name"": ""Товар"", ""types"": [{""type"": ""Ref"", ""id"": ""Справочник.Товары""}]}, {""id"": ""Склад"", ""name"": ""Склад"", ""types"": [{""type"": ""Ref"", ""id"": ""Справочник.Склады""}]}], ""Resources"": [{""id"": ""Количество"", ""name"": ""Количество"", ""types"": [{""type"": ""Number"", ""NumberQualifiers"": ""10.2""}]}]}], ""Catalogs"": [{""id"": ""Склады"", ""name"": ""Склады"", ""Attributes"": [{""id"": ""НеИспользовать"", ""name"": ""Не использовать"", ""types"": [{""type"": ""Boolean""}]}]}, {""id"": ""Товары"", ""name"": ""Товары"", ""Attributes"": [{""id"": ""Артикул"", ""name"": ""Артикул"", ""types"": [{""type"": ""String"", ""StringQualifiers"": ""15""}]}, {""id"": ""Поставщик"", ""name"": ""Поставщик"", ""types"": [{""type"": ""Ref"", ""id"": ""Справочник.Контрагенты""}]}, {""id"": ""ФайлКартинки"", ""name"": ""Картинка"", ""types"": [{""type"": ""Ref"", ""id"": ""Справочник.ХранимыеФайлы""}]}, {""id"": ""Вид"", ""name"": ""Вид"", ""types"": []}, {""id"": ""Штрихкод"", ""name"": ""Штрихкод"", ""types"": [{""type"": ""String"", ""StringQualifiers"": ""20""}]}, {""id"": ""Описание"", ""name"": ""Описание"", ""types"": [{""type"": ""String"", ""StringQualifiers"": ""0""}]}]}]}",task_076,server,high,task6_сложн_Куликова_v1.epf,"Функция УчетТоваровПоИнвентаризации(ДатаНачала, ДатаОкончания)
	
	// Формируем результирующую таблицу
	Результат = Новый ТаблицаЗначений;
	Результат.Колонки.Добавить(""Товар"", Новый ОписаниеТипов(""СправочникСсылка.Товары""));
	Результат.Колонки.Добавить(""Склад"", Новый ОписаниеТипов(""СправочникСсылка.Склады""));
	Результат.Колонки.Добавить(""Корректировка"", Новый ОписаниеТипов(""ДокументСсылка.ОперацияПоУчетуТоваров""));
	Результат.Колонки.Добавить(""ЗначениеКорректировки"", Новый ОписаниеТипов(""Число""));
	Результат.Колонки.Добавить(""ОстатокНаКонецПериода"", Новый ОписаниеТипов(""Число""));
	
	// Запрос для получения данных инвентаризации и остатков
	Запрос = Новый Запрос;
	Запрос.Текст = 
	""ВЫБРАТЬ
	|	Движения.Товар КАК Товар,
	|	Движения.Склад КАК Склад,
	|	Движения.Регистратор КАК Корректировка,
	|	ВЫБОР
	|		КОГДА Движения.ВидДвижения = ЗНАЧЕНИЕ(ВидДвиженияНакопления.Приход)
	|			ТОГДА Движения.Количество
	|		ИНАЧЕ -Движения.Количество
	|	КОНЕЦ КАК ЗначениеКорректировки
	|ПОМЕСТИТЬ ВТ_Корректировки
	|ИЗ
	|	РегистрНакопления.ТоварныеЗапасы КАК Движения
	|ГДЕ
	|	Движения.Период МЕЖДУ &ДатаНачала И &ДатаОкончания
	|	И Движения.Регистратор ССЫЛКА Документ.ОперацияПоУчетуТоваров
	|	И (ВЫРАЗИТЬ(Движения.Регистратор КАК Документ.ОперацияПоУчетуТоваров)).СодержаниеОперации ПОДОБНО """"%инвентаризация%""""
	|		ИЛИ (ВЫРАЗИТЬ(Движения.Регистратор КАК Документ.ОперацияПоУчетуТоваров)).СодержаниеОперации ПОДОБНО """"%в результате инвентаризации%""""
	|		ИЛИ (ВЫРАЗИТЬ(Движения.Регистратор КАК Документ.ОперацияПоУчетуТоваров)).СодержаниеОперации ПОДОБНО """"%по инвентаризации%""""
	|		ИЛИ (ВЫРАЗИТЬ(Движения.Регистратор КАК Документ.ОперацияПоУчетуТоваров)).СодержаниеОперации ПОДОБНО """"%инвентар.%""""
	|;
	|
	|////////////////////////////////////////////////////////////////////////////////
	|ВЫБРАТЬ
	|	Корректировки.Товар КАК Товар,
	|	Корректировки.Склад КАК Склад,
	|	Корректировки.Корректировка КАК Корректировка,
	|	Корректировки.ЗначениеКорректировки КАК ЗначениеКорректировки,
	|	ЕСТЬNULL(Остатки.КоличествоОстаток, 0) КАК ОстатокНаКонецПериода
	|ИЗ
	|	ВТ_Корректировки КАК Корректировки
	|		ЛЕВОЕ СОЕДИНЕНИЕ РегистрНакопления.ТоварныеЗапасы.Остатки(&ДатаОкончанияГраница, ) КАК Остатки
	|		ПО Корректировки.Товар = Остатки.Товар
	|			И Корректировки.Склад = Остатки.Склад"";
	
	Запрос.УстановитьПараметр(""ДатаНачала"", ДатаНачала);
	Запрос.УстановитьПараметр(""ДатаОкончания"", ДатаОкончания);
	Запрос.УстановитьПараметр(""ДатаОкончанияГраница"", Новый Граница(ДатаОкончания, ВидГраницы.Включая));
	
	РезультатЗапроса = Запрос.Выполнить();
	Выборка = РезультатЗапроса.Выбрать();
	
	Пока Выборка.Следующий() Цикл
		НоваяСтрока = Результат.Добавить();
		НоваяСтрока.Товар = Выборка.Товар;
		НоваяСтрока.Склад = Выборка.Склад;
		НоваяСтрока.Корректировка = Выборка.Корректировка;
		НоваяСтрока.ЗначениеКорректировки = Выборка.ЗначениеКорректировки;
		НоваяСтрока.ОстатокНаКонецПериода = Выборка.ОстатокНаКонецПериода;
	КонецЦикла;
	
	Возврат Результат;
	
КонецФункции"
"Написать функцию ЗагрузитьЦеныТоваровJSON(СтрокаJSON), которая загружает цены товаров в регистр сведений ""ЦеныТоваров"" из строки JSON.  
Функция должна:
  1) преобразовать строку в формате JSON в массив структур или структуру. 
  2) по свойствам ""article"" и ""description"" найти элемент справочника ""Товары"". Если товар не найден, тогда цену по нему не загружать. 
  3) по свойству найти ""type_of_price"" найти элемент справочника ""ВидыЦен"". Если вид цен не найден, тогда цену не загружать. 
  4) свойство ""price"" проверить на отрицательные значения. Если цена < 0, тогда цену не загружать.
  5) создать запись в регистр сведений ""ЦеныТоваров"" с флагом Замещать = Истина.
  
Параметр функции:
    СтрокаJSON (тип Строка) - строка в формате JSON, которая содержит данные о цене товара на период.  
    Обязательными являются свойства: 
        ""article"": артикул товара. Тип значения свойства: Строка(15). Соответствует реквизиту ""Артикул"" справочника ""Товары"". 
        ""description"": наименование товара. Тип значения свойства: Строка(50). Соответствует реквизиту ""Наименование"" справочника ""Товары"".
        ""date"": период. Тип значения свойства: Дата. Соответствует полю ""Период"" регистра сведений ""ЦеныТоваров"".     
        ""type_of_price"": вид цен. Тип значения свойства: Строка(25). Соответствует реквизиту ""Наименование"" справочника ""ВидыЦен"".
        ""price"": цена. Тип значения свойства: Число(10,2). Соответствует полю ""Цена"" регистра сведений ""ЦеныТоваров"".
	Пример строки JSON:   
	{
		{
		 ""article"": ""Kol67"",
		 ""description"": ""Колбаса"",
		 ""date"": ""2024-09-01T00:00:00"",
		 ""type_of_price"": ""Оптовая"",
		 ""price"": 90 
		 },
		 
		{
		 ""article"": ""Bos0009"",
		 ""description"": ""Босоножки"",
		 ""date"": ""2024-09-01T00:00:00"",
		 ""type_of_price"": ""Розничная"",
		 ""price"": 1000 
		 }  
    }","{""InformationRegisters"": [{""id"": ""ЦеныТоваров"", ""name"": ""Цены товаров"", ""InformationRegisterPeriodicity"": ""Day"", ""WriteMode"": ""Independent"", ""Dimensions"": [{""id"": ""Товар"", ""name"": ""Товар"", ""types"": [{""type"": ""Ref"", ""id"": ""Справочник.Товары""}]}, {""id"": ""ВидЦен"", ""name"": ""Вид цен"", ""types"": [{""type"": ""Ref"", ""id"": ""Справочник.ВидыЦен""}]}], ""Resources"": [{""id"": ""Цена"", ""name"": ""Цена"", ""types"": [{""type"": ""Number"", ""NumberQualifiers"": ""10.2""}]}]}], ""Catalogs"": [{""id"": ""ВидыЦен"", ""name"": ""Виды цен"", ""Attributes"": []}, {""id"": ""Товары"", ""name"": ""Товары"", ""Attributes"": [{""id"": ""Артикул"", ""name"": ""Артикул"", ""types"": [{""type"": ""String"", ""StringQualifiers"": ""15""}]}, {""id"": ""Поставщик"", ""name"": ""Поставщик"", ""types"": [{""type"": ""Ref"", ""id"": ""Справочник.Контрагенты""}]}, {""id"": ""ФайлКартинки"", ""name"": ""Картинка"", ""types"": [{""type"": ""Ref"", ""id"": ""Справочник.ХранимыеФайлы""}]}, {""id"": ""Вид"", ""name"": ""Вид"", ""types"": []}, {""id"": ""Штрихкод"", ""name"": ""Штрихкод"", ""types"": [{""type"": ""String"", ""StringQualifiers"": ""20""}]}, {""id"": ""Описание"", ""name"": ""Описание"", ""types"": [{""type"": ""String"", ""StringQualifiers"": ""0""}]}]}]}",task_077,server,,task7_Куликова_v1.epf,"Функция ЗагрузитьЦеныТоваровJSON(СтрокаJSON)
	
	// Преобразование строки JSON в массив структур
	ЧтениеJSON = Новый ЧтениеJSON;
	ЧтениеJSON.УстановитьСтроку(СтрокаJSON);
	Данные = ПрочитатьJSON(ЧтениеJSON);
	ЧтениеJSON.Закрыть();
	
	// Приведение к массиву, если передана одна структура
	Если ТипЗнч(Данные) = Тип(""Структура"") ИЛИ ТипЗнч(Данные) = Тип(""Соответствие"") Тогда
		МассивДанных = Новый Массив;
		МассивДанных.Добавить(Данные);
	ИначеЕсли ТипЗнч(Данные) = Тип(""Массив"") Тогда
		МассивДанных = Данные;
	Иначе
		Возврат Неопределено;
	КонецЕсли;
	
	// Собираем уникальные артикулы, наименования товаров и виды цен для пакетного поиска
	ТаблицаАртикулов = Новый ТаблицаЗначений;
	ТаблицаАртикулов.Колонки.Добавить(""Артикул"", Новый ОписаниеТипов(""Строка"", , Новый КвалификаторыСтроки(15)));
	ТаблицаАртикулов.Колонки.Добавить(""Наименование"", Новый ОписаниеТипов(""Строка"", , Новый КвалификаторыСтроки(50)));
	
	НаименованияВидовЦен = Новый Массив;
	
	Для Каждого ЭлементДанных Из МассивДанных Цикл
		
		Артикул = Неопределено;
		Наименование = Неопределено;
		ВидЦенНаименование = Неопределено;
		
		Если ТипЗнч(ЭлементДанных) = Тип(""Структура"") Тогда
			Если ЭлементДанных.Свойство(""article"", Артикул) 
				И ЭлементДанных.Свойство(""description"", Наименование) Тогда
				НоваяСтрока = ТаблицаАртикулов.Добавить();
				НоваяСтрока.Артикул = Артикул;
				НоваяСтрока.Наименование = Наименование;
			КонецЕсли;
			Если ЭлементДанных.Свойство(""type_of_price"", ВидЦенНаименование) Тогда
				Если НаименованияВидовЦен.Найти(ВидЦенНаименование) = Неопределено Тогда
					НаименованияВидовЦен.Добавить(ВидЦенНаименование);
				КонецЕсли;
			КонецЕсли;
		ИначеЕсли ТипЗнч(ЭлементДанных) = Тип(""Соответствие"") Тогда
			Артикул = ЭлементДанных[""article""];
			Наименование = ЭлементДанных[""description""];
			ВидЦенНаименование = ЭлементДанных[""type_of_price""];
			Если Артикул <> Неопределено И Наименование <> Неопределено Тогда
				НоваяСтрока = ТаблицаАртикулов.Добавить();
				НоваяСтрока.Артикул = Артикул;
				НоваяСтрока.Наименование = Наименование;
			КонецЕсли;
			Если ВидЦенНаименование <> Неопределено Тогда
				Если НаименованияВидовЦен.Найти(ВидЦенНаименование) = Неопределено Тогда
					НаименованияВидовЦен.Добавить(ВидЦенНаименование);
				КонецЕсли;
			КонецЕсли;
		КонецЕсли;
		
	КонецЦикла;
	
	// Пакетный поиск товаров
	СоответствиеТоваров = Новый Соответствие; // Ключ: ""Артикул|Наименование"" -> Ссылка
	
	Если ТаблицаАртикулов.Количество() > 0 Тогда
		
		Запрос = Новый Запрос;
		Запрос.Текст = 
		""ВЫБРАТЬ
		|	Данные.Артикул КАК Артикул,
		|	Данные.Наименование КАК Наименование
		|ПОМЕСТИТЬ ВТ_Данные
		|ИЗ
		|	&Данные КАК Данные
		|;
		|
		|ВЫБРАТЬ
		|	Товары.Ссылка КАК Ссылка,
		|	Товары.Артикул КАК Артикул,
		|	Товары.Наименование КАК Наименование
		|ИЗ
		|	Справочник.Товары КАК Товары
		|		ВНУТРЕННЕЕ СОЕДИНЕНИЕ ВТ_Данные КАК Данные
		|		ПО Товары.Артикул = Данные.Артикул
		|			И Товары.Наименование = Данные.Наименование
		|ГДЕ
		|	НЕ Товары.ПометкаУдаления"";
		
		Запрос.УстановитьПараметр(""Данные"", ТаблицаАртикулов);
		
		Результат = Запрос.Выполнить();
		Выборка = Результат.Выбрать();
		
		Пока Выборка.Следующий() Цикл
			Ключ = Строка(Выборка.Артикул) + ""|"" + Строка(Выборка.Наименование);
			СоответствиеТоваров.Вставить(Ключ, Выборка.Ссылка);
		КонецЦикла;
		
	КонецЕсли;
	
	// Пакетный поиск видов цен
	СоответствиеВидовЦен = Новый Соответствие; // Ключ: Наименование -> Ссылка
	
	Если НаименованияВидовЦен.Количество() > 0 Тогда
		
		Запрос = Новый Запрос;
		Запрос.Текст = 
		""ВЫБРАТЬ
		|	ВидыЦен.Ссылка КАК Ссылка,
		|	ВидыЦен.Наименование КАК Наименование
		|ИЗ
		|	Справочник.ВидыЦен КАК ВидыЦен
		|ГДЕ
		|	ВидыЦен.Наименование В(&НаименованияВидовЦен)
		|	И НЕ ВидыЦен.ПометкаУдаления"";
		
		Запрос.УстановитьПараметр(""НаименованияВидовЦен"", НаименованияВидовЦен);
		
		Результат = Запрос.Выполнить();
		Выборка = Результат.Выбрать();
		
		Пока Выборка.Следующий() Цикл
			СоответствиеВидовЦен.Вставить(Выборка.Наименование, Выборка.Ссылка);
		КонецЦикла;
		
	КонецЕсли;
	
	// Обработка данных и запись в регистр сведений
	Для Каждого ЭлементДанных Из МассивДанных Цикл
		
		Артикул = Неопределено;
		Наименование = Неопределено;
		ДатаПериода = Неопределено;
		ВидЦенНаименование = Неопределено;
		Цена = Неопределено;
		
		Если ТипЗнч(ЭлементДанных) = Тип(""Структура"") Тогда
			ЭлементДанных.Свойство(""article"", Артикул);
			ЭлементДанных.Свойство(""description"", Наименование);
			ЭлементДанных.Свойство(""date"", ДатаПериода);
			ЭлементДанных.Свойство(""type_of_price"", ВидЦенНаименование);
			ЭлементДанных.Свойство(""price"", Цена);
		ИначеЕсли ТипЗнч(ЭлементДанных) = Тип(""Соответствие"") Тогда
			Артикул = ЭлементДанных[""article""];
			Наименование = ЭлементДанных[""description""];
			ДатаПериода = ЭлементДанных[""date""];
			ВидЦенНаименование = ЭлементДанных[""type_of_price""];
			Цена = ЭлементДанных[""price""];
		Иначе
			Продолжить;
		КонецЕсли;
		
		// Проверка обязательных свойств
		Если Артикул = Неопределено ИЛИ Наименование = Неопределено 
			ИЛИ ДатаПериода = Неопределено ИЛИ ВидЦенНаименование = Неопределено 
			ИЛИ Цена = Неопределено Тогда
			Продолжить;
		КонецЕсли;
		
		// Проверка цены на отрицательное значение
		Если Цена < 0 Тогда
			Продолжить;
		КонецЕсли;
		
		// Поиск товара
		КлючТовара = Строка(Артикул) + ""|"" + Строка(Наименование);
		ТоварСсылка = СоответствиеТоваров.Получить(КлючТовара);
		Если ТоварСсылка = Неопределено Тогда
			Продолжить;
		КонецЕсли;
		
		// Поиск вида цен
		ВидЦенСсылка = СоответствиеВидовЦен.Получить(ВидЦенНаименование);
		Если ВидЦенСсылка = Неопределено Тогда
			Продолжить;
		КонецЕсли;
		
		// Преобразование даты, если она передана строкой
		Если ТипЗнч(ДатаПериода) = Тип(""Строка"") Тогда
			ДатаПериода = XMLЗначение(Тип(""Дата""), ДатаПериода);
		КонецЕсли;
		
		// Создание записи в регистре сведений
		НаборЗаписей = РегистрыСведений.ЦеныТоваров.СоздатьНаборЗаписей();
		НаборЗаписей.Отбор.Товар.Установить(ТоварСсылка);
		НаборЗаписей.Отбор.ВидЦен.Установить(ВидЦенСсылка);
		НаборЗаписей.Отбор.Период.Установить(ДатаПериода);
		
		НаборЗаписей.Прочитать();
		
		Если НаборЗаписей.Количество() = 0 Тогда
			НоваяЗапись = НаборЗаписей.Добавить();
		Иначе
			НоваяЗапись = НаборЗаписей[0];
		КонецЕсли;
		
		НоваяЗапись.Период = ДатаПериода;
		НоваяЗапись.Товар = ТоварСсылка;
		НоваяЗапись.ВидЦен = ВидЦенСсылка;
		НоваяЗапись.Цена = Цена;
		
		НаборЗаписей.Записать(Истина);
		
	КонецЦикла;
	
	Возврат Истина;
	
КонецФункции"
"Написать функцию СформироватьИнвентаризациюТоваров(Склад = Неопределено, ДатаИнв = Неопределено),
которая формирует инвентаризацию товаров на складе в виде таблицы значений на указанную дату.
Инвентаризация должна формироваться на основании данных регистра накопления «ТоварныеЗапасы».
Данные выбираются из регистра РегистрНакопления.ТоварныеЗапасы.Остатки с учетом следующих условий:
остатки рассчитываются на дату, переданную в параметре ДатаИнв (на конец дня);
если склад не указан, формируется инвентаризация по всем складам;
если склад указан, выполняется отбор по конкретному складу.
Перед выполнением запроса выполняется проверка входных параметров:
если дата инвентаризации не задана, используется текущая дата;
если тип даты некорректен, формируется исключение.
Формирование инвентаризации выполняется следующим образом:
выполняется запрос к регистру накопления «ТоварныеЗапасы.Остатки» на дату инвентаризации;
данные группируются по складу и товару;
рассчитывается фактическое количество остатка товара на складе;
из результирующей выборки отбираются только позиции с ненулевыми остатками.
Результат должен представлять таблицу значений (ТаблицаЗначений), где каждая строка соответствует сочетанию:
Склад + Товар.
Таблица должна содержать следующие поля:
Склад — ссылка на склад хранения товаров (измерение регистра ТоварныеЗапасы);
Товар — номенклатура (измерение регистра ТоварныеЗапасы);
КоличествоФактическое — фактический остаток товара на складе на дату инвентаризации (ресурс регистра).
После формирования таблицы выполняется сортировка данных по складу и товару для удобства анализа инвентаризационных остатков.","{""AccumulationRegisters"": [{""id"": ""ТоварныеЗапасы"", ""name"": ""Товарные запасы"", ""RegisterType"": ""Balance"", ""Dimensions"": [{""id"": ""Товар"", ""name"": ""Товар"", ""types"": [{""type"": ""Ref"", ""id"": ""Справочник.Товары""}]}, {""id"": ""Склад"", ""name"": ""Склад"", ""types"": [{""type"": ""Ref"", ""id"": ""Справочник.Склады""}]}], ""Resources"": [{""id"": ""Количество"", ""name"": ""Количество"", ""types"": [{""type"": ""Number"", ""NumberQualifiers"": ""10.2""}]}]}], ""Catalogs"": [{""id"": ""Склады"", ""name"": ""Склады"", ""Attributes"": [{""id"": ""НеИспользовать"", ""name"": ""Не использовать"", ""types"": [{""type"": ""Boolean""}]}]}, {""id"": ""Товары"", ""name"": ""Товары"", ""Attributes"": [{""id"": ""Артикул"", ""name"": ""Артикул"", ""types"": [{""type"": ""String"", ""StringQualifiers"": ""15""}]}, {""id"": ""Поставщик"", ""name"": ""Поставщик"", ""types"": [{""type"": ""Ref"", ""id"": ""Справочник.Контрагенты""}]}, {""id"": ""ФайлКартинки"", ""name"": ""Картинка"", ""types"": [{""type"": ""Ref"", ""id"": ""Справочник.ХранимыеФайлы""}]}, {""id"": ""Вид"", ""name"": ""Вид"", ""types"": []}, {""id"": ""Штрихкод"", ""name"": ""Штрихкод"", ""types"": [{""type"": ""String"", ""StringQualifiers"": ""20""}]}, {""id"": ""Описание"", ""name"": ""Описание"", ""types"": [{""type"": ""String"", ""StringQualifiers"": ""0""}]}]}]}",task_078,server,mid,task7_СредняяИнвентаризацияТоваровСкладеа_v3.epf,"Функция СформироватьИнвентаризациюТоваров(Склад = Неопределено, ДатаИнв = Неопределено) Экспорт
	
	// Проверка входных параметров
	Если ДатаИнв = Неопределено Тогда
		ДатаИнв = ТекущаяДата();
	КонецЕсли;
	
	Если ТипЗнч(ДатаИнв) <> Тип(""Дата"") Тогда
		ВызватьИсключение ""Некорректный тип параметра ДатаИнв. Ожидается тип Дата."";
	КонецЕсли;
	
	// Определяем дату на конец дня
	ДатаОстатков = КонецДня(ДатаИнв);
	
	// Формируем условие отбора
	УсловиеОтбора = Новый Структура;
	Если Склад <> Неопределено Тогда
		УсловиеОтбора.Вставить(""Склад"", Склад);
	КонецЕсли;
	
	// Формируем запрос
	Запрос = Новый Запрос;
	Запрос.Текст = 
	""ВЫБРАТЬ
	|	ТоварныеЗапасыОстатки.Склад КАК Склад,
	|	ТоварныеЗапасыОстатки.Товар КАК Товар,
	|	ТоварныеЗапасыОстатки.КоличествоОстаток КАК КоличествоФактическое
	|ИЗ
	|	РегистрНакопления.ТоварныеЗапасы.Остатки(&ДатаОстатков, &УсловиеСклад) КАК ТоварныеЗапасыОстатки
	|ГДЕ
	|	ТоварныеЗапасыОстатки.КоличествоОстаток <> 0"";
	
	Запрос.УстановитьПараметр(""ДатаОстатков"", ДатаОстатков);
	
	Если Склад <> Неопределено Тогда
		Запрос.Текст = СтрЗаменить(Запрос.Текст, ""&УсловиеСклад"", ""Склад = &Склад"");
		Запрос.УстановитьПараметр(""Склад"", Склад);
	Иначе
		Запрос.Текст = СтрЗаменить(Запрос.Текст, ""&УсловиеСклад"", """");
	КонецЕсли;
	
	// Выполняем запрос
	РезультатЗапроса = Запрос.Выполнить();
	
	// Формируем таблицу значений
	ТаблицаИнвентаризации = РезультатЗапроса.Выгрузить();
	
	// Сортировка по складу и товару
	ТаблицаИнвентаризации.Сортировать(""Склад, Товар"");
	
	Возврат ТаблицаИнвентаризации;
	
КонецФункции"
"Написать функцию ПроверитьСтрокуНаСоответствие(ИсходнаяСтрока, Фильтр), проверяет строку на соответствие заданным условиям.

Параметры:
ИсходнаяСтрока (тип: Строка) - строка для проверки.
Фильтр (тип: Структура) - структура условий отбора. 
Ключи структуры:
    * ИспользоватьТолькоКириллицу (тип: Булево) - Если значение = Истина, тогда исходная строка не должна содержать буквы латиницы.
    * ИспользоватьТолькоЦифры (тип: Булево) - Если значение = Истина, тогда исходная строка должна содержать только числа.
    * НачинаетсяС (тип: Строка) - Исходная строка должна начинаться с заданного символа или сочетания символов.
    * Подстрока (тип: Строка) - Исходная строка должна содержать заданную подстроку.   
    * ЭтоФорматДата(тип: Булево) - Если значение = Истина, исходная строка должна быть в формате дд.мм.гггг.  
    * ЭтоФорматТелефон(тип: Булево) - Если значение = Истина, исходная строка должна быть в формате +7(8) XXX-XXX-XX-XX или +7(8)(XXX)XXXXXXX или +7(8)XXXXXXXXXX.
    * ЭтоФорматEmail(тип: Булево) - Если значение = Истина, исходная строка должна быть в формате <локальная_часть>@<доменное_имя>.
    
 Функция должна вернуть Истину, если переданная строка удовлетворяет заданым условиям, иначе Ложь.",{},task_079,server,high,task7_сложн_Куликова_v1.epf,"Функция ПроверитьСтрокуНаСоответствие(ИсходнаяСтрока, Фильтр) Экспорт
	
	// Проверка ИспользоватьТолькоКириллицу
	Если Фильтр.Свойство(""ИспользоватьТолькоКириллицу"") И Фильтр.ИспользоватьТолькоКириллицу Тогда
		Латиница = ""ABCDEFGHIJKLMNOPQRSTUVWXYZabcdefghijklmnopqrstuvwxyz"";
		Для Индекс = 1 По СтрДлина(ИсходнаяСтрока) Цикл
			Символ = Сред(ИсходнаяСтрока, Индекс, 1);
			Если СтрНайти(Латиница, Символ) > 0 Тогда
				Возврат Ложь;
			КонецЕсли;
		КонецЦикла;
	КонецЕсли;
	
	// Проверка ИспользоватьТолькоЦифры
	Если Фильтр.Свойство(""ИспользоватьТолькоЦифры"") И Фильтр.ИспользоватьТолькоЦифры Тогда
		Цифры = ""0123456789"";
		Для Индекс = 1 По СтрДлина(ИсходнаяСтрока) Цикл
			Символ = Сред(ИсходнаяСтрока, Индекс, 1);
			Если СтрНайти(Цифры, Символ) = 0 Тогда
				Возврат Ложь;
			КонецЕсли;
		КонецЦикла;
	КонецЕсли;
	
	// Проверка НачинаетсяС
	Если Фильтр.Свойство(""НачинаетсяС"") И ЗначениеЗаполнено(Фильтр.НачинаетсяС) Тогда
		Если Лев(ИсходнаяСтрока, СтрДлина(Фильтр.НачинаетсяС)) <> Фильтр.НачинаетсяС Тогда
			Возврат Ложь;
		КонецЕсли;
	КонецЕсли;
	
	// Проверка Подстрока
	Если Фильтр.Свойство(""Подстрока"") И ЗначениеЗаполнено(Фильтр.Подстрока) Тогда
		Если СтрНайти(ИсходнаяСтрока, Фильтр.Подстрока) = 0 Тогда
			Возврат Ложь;
		КонецЕсли;
	КонецЕсли;
	
	// Проверка ЭтоФорматДата (дд.мм.гггг)
	Если Фильтр.Свойство(""ЭтоФорматДата"") И Фильтр.ЭтоФорматДата Тогда
		Если Не ПроверитьФорматДата(ИсходнаяСтрока) Тогда
			Возврат Ложь;
		КонецЕсли;
	КонецЕсли;
	
	// Проверка ЭтоФорматТелефон
	Если Фильтр.Свойство(""ЭтоФорматТелефон"") И Фильтр.ЭтоФорматТелефон Тогда
		Если Не ПроверитьФорматТелефон(ИсходнаяСтрока) Тогда
			Возврат Ложь;
		КонецЕсли;
	КонецЕсли;
	
	// Проверка ЭтоФорматEmail
	Если Фильтр.Свойство(""ЭтоФорматEmail"") И Фильтр.ЭтоФорматEmail Тогда
		Если Не ПроверитьФорматEmail(ИсходнаяСтрока) Тогда
			Возврат Ложь;
		КонецЕсли;
	КонецЕсли;
	
	Возврат Истина;
	
КонецФункции

Функция ПроверитьФорматДата(Строка)
	
	// Формат дд.мм.гггг
	Если СтрДлина(Строка) <> 10 Тогда
		Возврат Ложь;
	КонецЕсли;
	
	Если Сред(Строка, 3, 1) <> ""."" Или Сред(Строка, 6, 1) <> ""."" Тогда
		Возврат Ложь;
	КонецЕсли;
	
	ДеньСтр = Сред(Строка, 1, 2);
	МесяцСтр = Сред(Строка, 4, 2);
	ГодСтр = Сред(Строка, 7, 4);
	
	Если Не ЭтоЦифры(ДеньСтр) Или Не ЭтоЦифры(МесяцСтр) Или Не ЭтоЦифры(ГодСтр) Тогда
		Возврат Ложь;
	КонецЕсли;
	
	День = Число(ДеньСтр);
	Месяц = Число(МесяцСтр);
	Год = Число(ГодСтр);
	
	Если Месяц < 1 Или Месяц > 12 Тогда
		Возврат Ложь;
	КонецЕсли;
	
	Если День < 1 Или День > 31 Тогда
		Возврат Ложь;
	КонецЕсли;
	
	Если Год < 1 Тогда
		Возврат Ложь;
	КонецЕсли;
	
	Возврат Истина;
	
КонецФункции

Функция ПроверитьФорматТелефон(Строка)
	
	// Формат 1: +7(8) XXX-XXX-XX-XX -> +XXXXXXXXXXX с дефисами и пробелом
	// Формат 2: +7(8)(XXX)XXXXXXX
	// Формат 3: +7(8)XXXXXXXXXX
	
	// Первый символ должен быть +
	Если Лев(Строка, 1) <> ""+"" Тогда
		Возврат Ложь;
	КонецЕсли;
	
	// Второй символ 7 или 8
	Если Сред(Строка, 2, 1) <> ""7"" И Сред(Строка, 2, 1) <> ""8"" Тогда
		Возврат Ложь;
	КонецЕсли;
	
	// Получим остаток после +7 или +8
	Остаток = Сред(Строка, 3);
	
	// Формат 1: "" XXX-XXX-XX-XX"" (с пробелом в начале)
	// +7 XXX-XXX-XX-XX или +8 XXX-XXX-XX-XX
	Если Лев(Остаток, 1) = "" "" Тогда
		// Формат: +7(8) XXX-XXX-XX-XX
		Часть = Сред(Остаток, 2);
		Если СтрДлина(Часть) <> 12 Тогда
			Возврат Ложь;
		КонецЕсли;
		// XXX-XXX-XX-XX
		Если Сред(Часть, 4, 1) <> ""-"" Или Сред(Часть, 8, 1) <> ""-"" Или Сред(Часть, 11, 1) <> ""-"" Тогда
			Возврат Ложь;
		КонецЕсли;
		ТолькоЦифры = Сред(Часть, 1, 3) + Сред(Часть, 5, 3) + Сред(Часть, 9, 2) + Сред(Часть, 12, 2);
		Если Не ЭтоЦифры(ТолькоЦифры) Или СтрДлина(ТолькоЦифры) <> 10 Тогда
			Возврат Ложь;
		КонецЕсли;
		Возврат Истина;
	КонецЕсли;
	
	// Формат 2: (XXX)XXXXXXX
	Если Лев(Остаток, 1) = ""("" Тогда
		// Ищем закрывающую скобку
		ПозЗакр = СтрНайти(Остаток, "")"");
		Если ПозЗакр = 0 Тогда
			Возврат Ложь;
		КонецЕсли;
		КодГорода = Сред(Остаток, 2, ПозЗакр - 2);
		Если СтрДлина(КодГорода) <> 3 Или Не ЭтоЦифры(КодГорода) Тогда
			Возврат Ложь;
		КонецЕсли;
		ОстатокНомера = Сред(Остаток, ПозЗакр + 1);
		Если СтрДлина(ОстатокНомера) <> 7 Или Не ЭтоЦифры(ОстатокНомера) Тогда
			Возврат Ложь;
		КонецЕсли;
		Возврат Истина;
	КонецЕсли;
	
	// Формат 3: XXXXXXXXXX (10 цифр)
	Если СтрДлина(Остаток) = 10 И ЭтоЦифры(Остаток) Тогда
		Возврат Истина;
	КонецЕсли;
	
	Возврат Ложь;
	
КонецФункции

Функция ПроверитьФорматEmail(Строка)
	
	// Формат: <локальная_часть>@<доменное_имя>
	ПозицияСобаки = СтрНайти(Строка, ""@"");
	
	Если ПозицияСобаки = 0 Тогда
		Возврат Ложь;
	КонецЕсли;
	
	ЛокальнаяЧасть = Лев(Строка, ПозицияСобаки - 1);
	ДоменнаяЧасть = Сред(Строка, ПозицияСобаки + 1);
	
	Если СтрДлина(ЛокальнаяЧасть) = 0 Или СтрДлина(ДоменнаяЧасть) = 0 Тогда
		Возврат Ложь;
	КонецЕсли;
	
	// Доменная часть должна содержать точку
	Если СтрНайти(ДоменнаяЧасть, ""."") = 0 Тогда
		Возврат Ложь;
	КонецЕсли;
	
	// Проверим что после последней точки есть символы (домен верхнего уровня)
	ПозицияПоследнейТочки = 0;
	Для Индекс = 1 По СтрДлина(ДоменнаяЧасть) Цикл
		Если Сред(ДоменнаяЧасть, Индекс, 1) = ""."" Тогда
			ПозицияПоследнейТочки = Индекс;
		КонецЕсли;
	КонецЦикла;
	
	Если ПозицияПоследнейТочки = СтрДлина(ДоменнаяЧасть) Тогда
		Возврат Ложь;
	КонецЕсли;
	
	Возврат Истина;
	
КонецФункции

Функция ЭтоЦифры(Строка)
	
	Цифры = ""0123456789"";
	Для Индекс = 1 По СтрДлина(Строка) Цикл
		Символ = Сред(Строка, Индекс, 1);
		Если СтрНайти(Цифры, Символ) = 0 Тогда
			Возврат Ложь;
		КонецЕсли;
	КонецЦикла;
	
	Возврат Истина;
	
КонецФункции"
"Написать функцию ЗагрузитьРасчетныеСчетаКонтрагентовJSON(СтрокаJSON), которая загружает расчетные счета в справочник ""РасчетныеСчетаКонтрагентов"".  
Функция должна:
  1) преобразовать строку в формате JSON в массив структур или структуру. 
  2) по свойству ""bank_description"" найти элемент справочника ""Банки"". Если элемент не найден или помечен на удаление, загрузку не проводить.
  3) по свойству ""counterparty_code"" найти элемент справочника ""Контрагенты"". Если элемент не найден или помечен на удаление, загрузку не проводить.
  4) создать новый элемент справочника ""РасчетныеСчетаКонтрагентов"". Если элемент не уникален, элемент не записывать. 
  
Параметр функции:
    СтрокаJSON (тип Строка) - строка в формате JSON, которая содержит данные о цене товара на период.  
    Обязательными являются свойства: 
        ""bank_description"": наименование банка. Тип значения свойства: Строка(25). Соответствует реквизиту ""Наименование"" справочника ""Банки"". 
        ""counterparty_code"": код контрагента. Тип значения свойства: Строка(9). Соответствует реквизиту ""Код"" справочника ""Контрагенты"".
        ""number"": номер счета. Тип значения свойства: Строка(20). Соответствует реквизиту ""Номер"" справочника ""РасчетныеСчетаКонтрагентов"".     
   	Пример строки JSON:   
	{
		{
		 ""bank_description"": ""РемКом Банк"",
		 ""counterparty_code"": ""Мосхлеб ОАО"",
		 ""number"": ""19634532354341"" 
		 },
		 
		{
		 ""bank_description"": ""Первый Московский Банк"",
		 ""counterparty_code"": ""Магазин """"Обувь"""""",
		 ""number"": ""94639532354001""
		 }  
    }","{""Catalogs"": [{""id"": ""Банки"", ""name"": ""Банки"", ""Attributes"": []}, {""id"": ""Контрагенты"", ""name"": ""Контрагенты"", ""Attributes"": [{""id"": ""Регион"", ""name"": ""Регион"", ""types"": [{""type"": ""Ref"", ""id"": ""Справочник.Регионы""}]}, {""id"": ""Индекс"", ""name"": ""Индекс"", ""types"": [{""type"": ""String"", ""StringQualifiers"": ""10""}]}, {""id"": ""Страна"", ""name"": ""Страна"", ""types"": [{""type"": ""String"", ""StringQualifiers"": ""0""}]}, {""id"": ""Город"", ""name"": ""Город"", ""types"": [{""type"": ""String"", ""StringQualifiers"": ""0""}]}, {""id"": ""Улица"", ""name"": ""Улица"", ""types"": [{""type"": ""String"", ""StringQualifiers"": ""0""}]}, {""id"": ""Дом"", ""name"": ""Дом"", ""types"": [{""type"": ""String"", ""StringQualifiers"": ""15""}]}, {""id"": ""Телефон"", ""name"": ""Телефон"", ""types"": [{""type"": ""String"", ""StringQualifiers"": ""16""}]}, {""id"": ""ЭлектроннаяПочта"", ""name"": ""Электронная почта"", ""types"": [{""type"": ""String"", ""StringQualifiers"": ""40""}]}, {""id"": ""Факс"", ""name"": ""Факс"", ""types"": [{""type"": ""String"", ""StringQualifiers"": ""16""}]}, {""id"": ""ВебСайт"", ""name"": ""Веб сайт"", ""types"": [{""type"": ""String"", ""StringQualifiers"": ""40""}]}, {""id"": ""ВидЦен"", ""name"": ""Вид цен"", ""types"": [{""type"": ""Ref"", ""id"": ""Справочник.ВидыЦен""}]}, {""id"": ""ДополнительнаяИнформация"", ""name"": ""Дополнительная информация"", ""types"": [{""type"": ""String"", ""StringQualifiers"": ""0""}]}, {""id"": ""КонтактноеЛицо"", ""name"": ""Контактное лицо"", ""types"": [{""type"": ""String"", ""StringQualifiers"": ""100""}]}, {""id"": ""Широта"", ""name"": ""Широта"", ""types"": [{""type"": ""Number"", ""NumberQualifiers"": ""10.6""}]}, {""id"": ""Долгота"", ""name"": ""Долгота"", ""types"": [{""type"": ""Number"", ""NumberQualifiers"": ""10.6""}]}]}, {""id"": ""РасчетныеСчетаКонтрагентов"", ""name"": ""Расчетные счета контрагентов"", ""Attributes"": [{""id"": ""Номер"", ""name"": ""Номер"", ""types"": [{""type"": ""String"", ""StringQualifiers"": ""20""}]}, {""id"": ""Банк"", ""name"": ""Банк"", ""types"": [{""type"": ""Ref"", ""id"": ""Справочник.Банки""}]}]}]}",task_080,server,,task8_Куликова_v1.epf,"Функция ЗагрузитьРасчетныеСчетаКонтрагентовJSON(СтрокаJSON)
    
    ЧтениеJSON = Новый ЧтениеJSON;
    ЧтениеJSON.УстановитьСтроку(СтрокаJSON);
    Данные = ПрочитатьJSON(ЧтениеJSON);
    ЧтениеJSON.Закрыть();
    
    Если ТипЗнч(Данные) <> Тип(""Массив"") Тогда
        МассивДанных = Новый Массив;
        МассивДанных.Добавить(Данные);
    Иначе
        МассивДанных = Данные;
    КонецЕсли;
    
    Для Каждого ЭлементДанных Из МассивДанных Цикл
        
        НаименованиеБанка = ЭлементДанных.bank_description;
        КодКонтрагента = ЭлементДанных.counterparty_code;
        НомерСчета = ЭлементДанных.number;
        
        // Поиск банка по наименованию
        Банк = Справочники.Банки.НайтиПоНаименованию(НаименованиеБанка, Истина);
        
        Если Банк.Пустая() ИЛИ Банк.ПометкаУдаления Тогда
            Продолжить;
        КонецЕсли;
        
        // Поиск контрагента по коду
        Контрагент = Справочники.Контрагенты.НайтиПоКоду(КодКонтрагента);
        
        Если Контрагент.Пустая() ИЛИ Контрагент.ПометкаУдаления Тогда
            Продолжить;
        КонецЕсли;
        
        // Проверка уникальности - ищем существующий расчетный счет с такими же реквизитами
        Запрос = Новый Запрос;
        Запрос.Текст = 
        ""ВЫБРАТЬ ПЕРВЫЕ 1
        |	РасчетныеСчетаКонтрагентов.Ссылка
        |ИЗ
        |	Справочник.РасчетныеСчетаКонтрагентов КАК РасчетныеСчетаКонтрагентов
        |ГДЕ
        |	РасчетныеСчетаКонтрагентов.Номер = &Номер
        |	И РасчетныеСчетаКонтрагентов.Банк = &Банк
        |	И РасчетныеСчетаКонтрагентов.Владелец = &Владелец"";
        
        Запрос.УстановитьПараметр(""Номер"", НомерСчета);
        Запрос.УстановитьПараметр(""Банк"", Банк);
        Запрос.УстановитьПараметр(""Владелец"", Контрагент);
        
        Результат = Запрос.Выполнить();
        
        Если НЕ Результат.Пустой() Тогда
            Продолжить;
        КонецЕсли;
        
        // Создание нового элемента справочника
        НовыйСчет = Справочники.РасчетныеСчетаКонтрагентов.СоздатьЭлемент();
        НовыйСчет.Владелец = Контрагент;
        НовыйСчет.Номер = НомерСчета;
        НовыйСчет.Банк = Банк;
        НовыйСчет.Записать();
        
    КонецЦикла;
    
КонецФункции"
"Написать функцию ПроверкаКорректностиЗаполненияНоменклатуры(),
которая выполняет проверку корректности заполнения карточек номенклатуры (товаров) в справочнике «Товары» и формирует таблицу с перечнем некорректно заполненных позиций.
Проверка должна выполняться на основании данных справочника Справочник.Товары.
В процессе обработки анализируются основные обязательные реквизиты номенклатуры:
Наименование;
Штрихкод;
Описание;
Ссылка на элемент номенклатуры.
Функция должна выполнять выборку всех элементов справочника «Товары» без ограничения по периоду и без дополнительных отборов, так как задача направлена на контроль качества заполнения нормативно-справочной информации.
Алгоритм работы функции следующий:
Сначала формируется запрос к справочнику Товары, в котором выбираются поля:
Ссылка, Наименование, Штрихкод, Описание.
После выполнения запроса результат выгружается в таблицу значений для последующей программной обработки.
Далее создаётся результирующая таблица значений со следующей структурой колонок:
Товар (СправочникСсылка.Товары);
Наименование (Строка);
Штрихкод (Строка);
Описание (Строка);
КорректноЗаполнено (Булево).
Затем выполняется цикл по всем строкам выборки.
Для каждой позиции номенклатуры производится логическая проверка заполненности обязательных реквизитов с использованием функций ЗначениеЗаполнено и ПустаяСтрока.
Элемент номенклатуры считается заполненным некорректно, если:
отсутствует наименование;
не заполнен штрихкод;
отсутствует описание товара.
В случае выявления некорректно заполненных данных в результирующую таблицу добавляется новая строка, в которой фиксируются:
ссылка на товар, его наименование, штрихкод, описание и признак КорректноЗаполнено = Ложь.
Если все обязательные реквизиты заполнены корректно, запись в результирующую таблицу не добавляется, что позволяет формировать список только проблемных позиций номенклатуры.
После завершения обработки всех элементов справочника результирующая таблица сортируется по колонке «Наименование» в возрастающем порядке для удобства анализа пользователем.
Функция должна возвращать объект типа ТаблицаЗначений, содержащий перечень номенклатуры с ошибками заполнения.
Пустая таблица значений считается корректным результатом и означает, что все карточки номенклатуры заполнены правильно и не требуют дополнительной проверки или корректировки.","{""Catalogs"": [{""id"": ""Товары"", ""name"": ""Товары"", ""Attributes"": [{""id"": ""Артикул"", ""name"": ""Артикул"", ""types"": [{""type"": ""String"", ""StringQualifiers"": ""15""}]}, {""id"": ""Поставщик"", ""name"": ""Поставщик"", ""types"": [{""type"": ""Ref"", ""id"": ""Справочник.Контрагенты""}]}, {""id"": ""ФайлКартинки"", ""name"": ""Картинка"", ""types"": [{""type"": ""Ref"", ""id"": ""Справочник.ХранимыеФайлы""}]}, {""id"": ""Вид"", ""name"": ""Вид"", ""types"": []}, {""id"": ""Штрихкод"", ""name"": ""Штрихкод"", ""types"": [{""type"": ""String"", ""StringQualifiers"": ""20""}]}, {""id"": ""Описание"", ""name"": ""Описание"", ""types"": [{""type"": ""String"", ""StringQualifiers"": ""0""}]}]}]}",task_081,server,mid,task8_СредняяПроверкаКорректностиЗаполненияХарактеристикНоменклатуры_v3.epf,"Функция ПроверкаКорректностиЗаполненияНоменклатуры()
	
	Запрос = Новый Запрос;
	Запрос.Текст = 
	""ВЫБРАТЬ
	|	Товары.Ссылка КАК Ссылка,
	|	Товары.Наименование КАК Наименование,
	|	Товары.Штрихкод КАК Штрихкод,
	|	Товары.Описание КАК Описание
	|ИЗ
	|	Справочник.Товары КАК Товары"";
	
	РезультатЗапроса = Запрос.Выполнить();
	ТаблицаВыборки = РезультатЗапроса.Выгрузить();
	
	РезультирующаяТаблица = Новый ТаблицаЗначений;
	РезультирующаяТаблица.Колонки.Добавить(""Товар"", Новый ОписаниеТипов(""СправочникСсылка.Товары""));
	РезультирующаяТаблица.Колонки.Добавить(""Наименование"", Новый ОписаниеТипов(""Строка""));
	РезультирующаяТаблица.Колонки.Добавить(""Штрихкод"", Новый ОписаниеТипов(""Строка""));
	РезультирующаяТаблица.Колонки.Добавить(""Описание"", Новый ОписаниеТипов(""Строка""));
	РезультирующаяТаблица.Колонки.Добавить(""КорректноЗаполнено"", Новый ОписаниеТипов(""Булево""));
	
	Для Каждого СтрокаТаблицы Из ТаблицаВыборки Цикл
		
		НаименованиеЗаполнено = ЗначениеЗаполнено(СтрокаТаблицы.Наименование) И НЕ ПустаяСтрока(СтрокаТаблицы.Наименование);
		ШтрихкодЗаполнен = ЗначениеЗаполнено(СтрокаТаблицы.Штрихкод) И НЕ ПустаяСтрока(СтрокаТаблицы.Штрихкод);
		ОписаниеЗаполнено = ЗначениеЗаполнено(СтрокаТаблицы.Описание) И НЕ ПустаяСтрока(СтрокаТаблицы.Описание);
		
		Если НЕ НаименованиеЗаполнено ИЛИ НЕ ШтрихкодЗаполнен ИЛИ НЕ ОписаниеЗаполнено Тогда
			
			НоваяСтрока = РезультирующаяТаблица.Добавить();
			НоваяСтрока.Товар = СтрокаТаблицы.Ссылка;
			НоваяСтрока.Наименование = СтрокаТаблицы.Наименование;
			НоваяСтрока.Штрихкод = СтрокаТаблицы.Штрихкод;
			НоваяСтрока.Описание = СтрокаТаблицы.Описание;
			НоваяСтрока.КорректноЗаполнено = Ложь;
			
		КонецЕсли;
		
	КонецЦикла;
	
	РезультирующаяТаблица.Сортировать(""Наименование Возр"");
	
	Возврат РезультирующаяТаблица;
	
КонецФункции"
"Написать функцию СформироватьОтчетВзаимосвязьПродажТоваровВариантТаблица(ДатаНачала, ДатаОкончания, СравниваемыйТовар), которая формирует отчет на сервере ""ВзаимосвязьПродажТоваров"" на заданный период 
и подменят стандартную структуру отчета(диаграмма) на таблицу. 
 
Функция должна программно сформировать отчет ""ВзаимосвязьПродажТоваров"", вариант отчета ""Основной"". 
Настройки отчета:
	Параметры отчета: НачалоПериода, КонецПериода, СравниваемыйТовар. 
	    Значения параметов: НачалоПериода = ДатаНачала, КонецПериода = ДатаОкончания, СравниваемыйТовар = СравниваемыйТовар(брать из параметров функции)
	Структура отчета: Таблица
	                     *cтроки: Товар. ТипГруппировки = Элементы, ТипДополнения = БезДополнения.    
	                     *столбцы: Период. ТипГруппировки = Элементы, ТипДополнения = БезДополнения.
	Параметры вывода: ВыводитьПараметрыДанных = Не выводить,
	                  ВыводитьОтбор = Не выводить. 
	                  ВертикальноеРасположениеОбщихИтогов = Нет.
Параметры функции:  
ДатаНачала (тип: Дата) - начало периода.
ДатаОкончания (тип: Дата) - окончание периода.
СравниваемыйТовар (тип: СправочникСсылка.Товары) - товар.

Возвращаемое значение: ТабличныйДокумент.","{""Catalogs"": [{""id"": ""Товары"", ""name"": ""Товары"", ""Attributes"": [{""id"": ""Артикул"", ""name"": ""Артикул"", ""types"": [{""type"": ""String"", ""StringQualifiers"": ""15""}]}, {""id"": ""Поставщик"", ""name"": ""Поставщик"", ""types"": [{""type"": ""Ref"", ""id"": ""Справочник.Контрагенты""}]}, {""id"": ""ФайлКартинки"", ""name"": ""Картинка"", ""types"": [{""type"": ""Ref"", ""id"": ""Справочник.ХранимыеФайлы""}]}, {""id"": ""Вид"", ""name"": ""Вид"", ""types"": []}, {""id"": ""Штрихкод"", ""name"": ""Штрихкод"", ""types"": [{""type"": ""String"", ""StringQualifiers"": ""20""}]}, {""id"": ""Описание"", ""name"": ""Описание"", ""types"": [{""type"": ""String"", ""StringQualifiers"": ""0""}]}]}]}",task_082,server,high,task8_сложн_Куликова_v1.epf,"Функция СформироватьОтчетВзаимосвязьПродажТоваровВариантТаблица(ДатаНачала, ДатаОкончания, СравниваемыйТовар)
	
	// Создаем схему компоновки данных из отчета
	СхемаКомпоновки = Отчеты.ВзаимосвязьПродажТоваров.ПолучитьМакет(""ОсновнаяСхемаКомпоновкиДанных"");
	
	// Получаем настройки варианта ""Основной""
	НастройкиКомпоновки = СхемаКомпоновки.НастройкиПоУмолчанию;
	
	// Устанавливаем параметры отчета
	ПараметрНачалоПериода = НастройкиКомпоновки.ПараметрыДанных.Элементы.Найти(""НачалоПериода"");
	Если ПараметрНачалоПериода <> Неопределено Тогда
		ПараметрНачалоПериода.Значение = ДатаНачала;
		ПараметрНачалоПериода.Использование = Истина;
	КонецЕсли;
	
	ПараметрКонецПериода = НастройкиКомпоновки.ПараметрыДанных.Элементы.Найти(""КонецПериода"");
	Если ПараметрКонецПериода <> Неопределено Тогда
		ПараметрКонецПериода.Значение = ДатаОкончания;
		ПараметрКонецПериода.Использование = Истина;
	КонецЕсли;
	
	ПараметрСравниваемыйТовар = НастройкиКомпоновки.ПараметрыДанных.Элементы.Найти(""СравниваемыйТовар"");
	Если ПараметрСравниваемыйТовар <> Неопределено Тогда
		ПараметрСравниваемыйТовар.Значение = СравниваемыйТовар;
		ПараметрСравниваемыйТовар.Использование = Истина;
	КонецЕсли;
	
	// Очищаем структуру отчета
	НастройкиКомпоновки.Структура.Очистить();
	
	// Создаем таблицу
	Таблица = НастройкиКомпоновки.Структура.Добавить(Тип(""ТаблицаКомпоновкиДанных""));
	
	// Настраиваем строки: Товар
	ГруппировкаТовар = Таблица.Строки.Добавить();
	ГруппировкаТовар.Выбор.Элементы.Добавить(Тип(""АвтоВыбранноеПолеКомпоновкиДанных""));
	ГруппировкаТовар.Порядок.Элементы.Добавить(Тип(""АвтоЭлементПорядкаКомпоновкиДанных""));
	
	ПолеГруппировкиТовар = ГруппировкаТовар.ПоляГруппировки.Элементы.Добавить(Тип(""ПолеГруппировкиКомпоновкиДанных""));
	ПолеГруппировкиТовар.Поле = Новый ПолеКомпоновкиДанных(""Товар"");
	ПолеГруппировкиТовар.ТипГруппировки = ТипГруппировкиКомпоновкиДанных.Элементы;
	ПолеГруппировкиТовар.ТипДополнения = ТипДополненияПериодаКомпоновкиДанных.БезДополнения;
	
	// Настраиваем столбцы: Период
	ГруппировкаПериод = Таблица.Колонки.Добавить();
	ГруппировкаПериод.Выбор.Элементы.Добавить(Тип(""АвтоВыбранноеПолеКомпоновкиДанных""));
	ГруппировкаПериод.Порядок.Элементы.Добавить(Тип(""АвтоЭлементПорядкаКомпоновкиДанных""));
	
	ПолеГруппировкиПериод = ГруппировкаПериод.ПоляГруппировки.Элементы.Добавить(Тип(""ПолеГруппировкиКомпоновкиДанных""));
	ПолеГруппировкиПериод.Поле = Новый ПолеКомпоновкиДанных(""Период"");
	ПолеГруппировкиПериод.ТипГруппировки = ТипГруппировкиКомпоновкиДанных.Элементы;
	ПолеГруппировкиПериод.ТипДополнения = ТипДополненияПериодаКомпоновкиДанных.БезДополнения;
	
	// Настраиваем параметры вывода
	ЭлементВывода = НастройкиКомпоновки.ПараметрыВывода.Элементы.Найти(""ВыводитьПараметрыДанных"");
	Если ЭлементВывода <> Неопределено Тогда
		ЭлементВывода.Значение = ТипВыводаТекстаКомпоновкиДанных.НеВыводить;
		ЭлементВывода.Использование = Истина;
	КонецЕсли;
	
	ЭлементВывода = НастройкиКомпоновки.ПараметрыВывода.Элементы.Найти(""ВыводитьОтбор"");
	Если ЭлементВывода <> Неопределено Тогда
		ЭлементВывода.Значение = ТипВыводаТекстаКомпоновкиДанных.НеВыводить;
		ЭлементВывода.Использование = Истина;
	КонецЕсли;
	
	ЭлементВывода = НастройкиКомпоновки.ПараметрыВывода.Элементы.Найти(""ВертикальноеРасположениеОбщихИтогов"");
	Если ЭлементВывода <> Неопределено Тогда
		ЭлементВывода.Значение = РасположениеИтоговКомпоновкиДанных.Нет;
		ЭлементВывода.Использование = Истина;
	КонецЕсли;
	
	// Формируем отчет
	КомпоновщикМакета = Новый КомпоновщикМакетаКомпоновкиДанных;
	МакетКомпоновки = КомпоновщикМакета.Выполнить(СхемаКомпоновки, НастройкиКомпоновки);
	
	ПроцессорКомпоновки = Новый ПроцессорКомпоновкиДанных;
	ПроцессорКомпоновки.Инициализировать(МакетКомпоновки);
	
	ТабличныйДокумент = Новый ТабличныйДокумент;
	
	ПроцессорВывода = Новый ПроцессорВыводаРезультатаКомпоновкиДанныхВТабличныйДокумент;
	ПроцессорВывода.УстановитьДокумент(ТабличныйДокумент);
	ПроцессорВывода.Вывести(ПроцессорКомпоновки);
	
	Возврат ТабличныйДокумент;
	
КонецФункции"
"Написать функцию ВыгрузитьЗадолженностьКонтрагентовВJSON(), которая выгружает данные о задолженности контрагентов в файл JSON.   
Данные о задолженности брать из регистра накопления ""Взаиморасчеты"". Отбирать записи актуальные на текущую дату и для которых Сумма < 0. 

Файл должен представлять массив записей, каждая запись должна содержать поля: 

Валюта - наименование валюты. (реквизит ""Наименование"" cправочника ""Валюты"").
Контрагенты - массив записей: каждая запись должна содержать поля:
     Контрагент - наименование контрагента (реквизит ""Наименование"" cправочника ""Контрагенты""). 
     Сумма - сумма задолженности. (поле ""Сумма"" регистра накопления ""Взаиморасчеты"").     
    
Функция должна возвращать путь к получившемуся файлу.","{""AccumulationRegisters"": [{""id"": ""Взаиморасчеты"", ""name"": ""Взаиморасчеты"", ""RegisterType"": ""Balance"", ""Dimensions"": [{""id"": ""Контрагент"", ""name"": ""Контрагент"", ""types"": [{""type"": ""Ref"", ""id"": ""Справочник.Контрагенты""}]}, {""id"": ""Валюта"", ""name"": ""Валюта"", ""types"": [{""type"": ""Ref"", ""id"": ""Справочник.Валюты""}]}], ""Resources"": [{""id"": ""Сумма"", ""name"": ""Сумма"", ""types"": [{""type"": ""Number"", ""NumberQualifiers"": ""10.2""}]}]}], ""Catalogs"": [{""id"": ""Валюты"", ""name"": ""Валюты"", ""Attributes"": [{""id"": ""НаименованиеОсновнойВалюты"", ""name"": ""Наименование основной валюты"", ""types"": [{""type"": ""String"", ""StringQualifiers"": ""0""}]}, {""id"": ""НаименованиеРазменнойВалюты"", ""name"": ""Наименование разменной валюты"", ""types"": [{""type"": ""String"", ""StringQualifiers"": ""0""}]}]}, {""id"": ""Контрагенты"", ""name"": ""Контрагенты"", ""Attributes"": [{""id"": ""Регион"", ""name"": ""Регион"", ""types"": [{""type"": ""Ref"", ""id"": ""Справочник.Регионы""}]}, {""id"": ""Индекс"", ""name"": ""Индекс"", ""types"": [{""type"": ""String"", ""StringQualifiers"": ""10""}]}, {""id"": ""Страна"", ""name"": ""Страна"", ""types"": [{""type"": ""String"", ""StringQualifiers"": ""0""}]}, {""id"": ""Город"", ""name"": ""Город"", ""types"": [{""type"": ""String"", ""StringQualifiers"": ""0""}]}, {""id"": ""Улица"", ""name"": ""Улица"", ""types"": [{""type"": ""String"", ""StringQualifiers"": ""0""}]}, {""id"": ""Дом"", ""name"": ""Дом"", ""types"": [{""type"": ""String"", ""StringQualifiers"": ""15""}]}, {""id"": ""Телефон"", ""name"": ""Телефон"", ""types"": [{""type"": ""String"", ""StringQualifiers"": ""16""}]}, {""id"": ""ЭлектроннаяПочта"", ""name"": ""Электронная почта"", ""types"": [{""type"": ""String"", ""StringQualifiers"": ""40""}]}, {""id"": ""Факс"", ""name"": ""Факс"", ""types"": [{""type"": ""String"", ""StringQualifiers"": ""16""}]}, {""id"": ""ВебСайт"", ""name"": ""Веб сайт"", ""types"": [{""type"": ""String"", ""StringQualifiers"": ""40""}]}, {""id"": ""ВидЦен"", ""name"": ""Вид цен"", ""types"": [{""type"": ""Ref"", ""id"": ""Справочник.ВидыЦен""}]}, {""id"": ""ДополнительнаяИнформация"", ""name"": ""Дополнительная информация"", ""types"": [{""type"": ""String"", ""StringQualifiers"": ""0""}]}, {""id"": ""КонтактноеЛицо"", ""name"": ""Контактное лицо"", ""types"": [{""type"": ""String"", ""StringQualifiers"": ""100""}]}, {""id"": ""Широта"", ""name"": ""Широта"", ""types"": [{""type"": ""Number"", ""NumberQualifiers"": ""10.6""}]}, {""id"": ""Долгота"", ""name"": ""Долгота"", ""types"": [{""type"": ""Number"", ""NumberQualifiers"": ""10.6""}]}]}]}",task_083,server,,task9_Куликова_v1.epf,"Функция ВыгрузитьЗадолженностьКонтрагентовВJSON() Экспорт
	
	Запрос = Новый Запрос;
	Запрос.Текст = 
	""ВЫБРАТЬ
	|	Взаиморасчеты.Валюта.Наименование КАК Валюта,
	|	Взаиморасчеты.Контрагент.Наименование КАК Контрагент,
	|	Взаиморасчеты.СуммаОстаток КАК Сумма
	|ИЗ
	|	РегистрНакопления.Взаиморасчеты.Остатки(&ТекущаяДата) КАК Взаиморасчеты
	|ГДЕ
	|	Взаиморасчеты.СуммаОстаток < 0
	|УПОРЯДОЧИТЬ ПО
	|	Валюта,
	|	Контрагент"";
	
	Запрос.УстановитьПараметр(""ТекущаяДата"", КонецДня(ТекущаяДата()));
	
	Результат = Запрос.Выполнить();
	Выборка = Результат.Выбрать();
	
	// Группируем данные по валютам
	СоответствиеВалют = Новый Соответствие;
	
	Пока Выборка.Следующий() Цикл
		Валюта = Выборка.Валюта;
		
		Если СоответствиеВалют.Получить(Валюта) = Неопределено Тогда
			СоответствиеВалют.Вставить(Валюта, Новый Массив);
		КонецЕсли;
		
		ЗаписьКонтрагента = Новый Структура;
		ЗаписьКонтрагента.Вставить(""Контрагент"", Выборка.Контрагент);
		ЗаписьКонтрагента.Вставить(""Сумма"", Выборка.Сумма);
		
		СоответствиеВалют.Получить(Валюта).Добавить(ЗаписьКонтрагента);
	КонецЦикла;
	
	// Формируем массив для JSON
	МассивЗаписей = Новый Массив;
	
	Для Каждого КлючЗначение Из СоответствиеВалют Цикл
		ЗаписьВалюты = Новый Структура;
		ЗаписьВалюты.Вставить(""Валюта"", КлючЗначение.Ключ);
		ЗаписьВалюты.Вставить(""Контрагенты"", КлючЗначение.Значение);
		МассивЗаписей.Добавить(ЗаписьВалюты);
	КонецЦикла;
	
	// Записываем в файл JSON
	ПутьКФайлу = ПолучитьИмяВременногоФайла(""json"");
	
	ЗаписьJSON = Новый ЗаписьJSON;
	ЗаписьJSON.ОткрытьФайл(ПутьКФайлу, , , Новый ПараметрыЗаписиJSON(, Символы.Таб));
	
	ЗаписатьJSON(ЗаписьJSON, МассивЗаписей);
	
	ЗаписьJSON.Закрыть();
	
	Возврат ПутьКФайлу;
	
КонецФункции"
"Написать функцию СформироватьОтчетОборачиваемости(ДатаНач, ДатаКон),
которая формирует отчет по оборачиваемости товаров (товарный запас в днях) на основании данных системы учета запасов и продаж.
Отчет должен формироваться на основании регистров накопления «Продажи» и «ТоварныеЗапасы».
Данные о продажах выбираются из регистра РегистрНакопления.Продажи с отбором по периоду дат, где дата регистратора (Продажи.Регистратор.Дата) находится в диапазоне между параметрами ДатаНач и ДатаКон (включительно).
Остатки товаров определяются по регистру РегистрНакопления.ТоварныеЗапасы.Остатки на дату окончания периода.
Если параметры периода не заданы, функция автоматически устанавливает период анализа равный последним 30 календарным дням от текущей даты.
Также выполняется проверка корректности периода: дата окончания не может быть меньше даты начала.
Структура формирования отчета выполняется следующим образом:
Сначала формируется временная таблица продаж, в которой данные группируются по товару и рассчитывается суммарное количество продаж за указанный период.
Далее выполняется запрос к регистру остатков товаров, после чего данные об остатках объединяются с данными о продажах по номенклатуре (товару) с использованием левого соединения.
На основании полученных данных рассчитываются аналитические показатели:
Остаток товара на складе;
Количество продаж за период;
Среднедневные продажи (отношение количества продаж к количеству дней в периоде);
Оборачиваемость товара в днях (отношение текущего остатка к среднедневным продажам).
В случае отсутствия продаж по товару среднедневные продажи принимаются равными нулю, а оборачиваемость рассчитывается как условно высокая величина, что позволяет выявлять медленно оборачиваемые и неликвидные запасы.
Результат работы функции представляет собой ТаблицуЗначений, содержащую колонки:
Товар, Остаток, КоличествоПродаж, СреднедневныеПродажи, ОборачиваемостьВДнях.
После заполнения таблица сортируется по показателю оборачиваемости в днях в порядке убывания для удобства анализа товарных запасов и принятия управленческих решений по закупкам, списанию или перераспределению товаров.","{""AccumulationRegisters"": [{""id"": ""Продажи"", ""name"": ""Продажи"", ""RegisterType"": ""Turnovers"", ""Dimensions"": [{""id"": ""Покупатель"", ""name"": ""Покупатель"", ""types"": [{""type"": ""Ref"", ""id"": ""Справочник.Контрагенты""}]}, {""id"": ""Товар"", ""name"": ""Товар"", ""types"": [{""type"": ""Ref"", ""id"": ""Справочник.Товары""}]}], ""Resources"": [{""id"": ""Количество"", ""name"": ""Количество"", ""types"": [{""type"": ""Number"", ""NumberQualifiers"": ""10.2""}]}, {""id"": ""Сумма"", ""name"": ""Сумма"", ""types"": [{""type"": ""Number"", ""NumberQualifiers"": ""10.2""}]}]}, {""id"": ""ТоварныеЗапасы"", ""name"": ""Товарные запасы"", ""RegisterType"": ""Balance"", ""Dimensions"": [{""id"": ""Товар"", ""name"": ""Товар"", ""types"": [{""type"": ""Ref"", ""id"": ""Справочник.Товары""}]}, {""id"": ""Склад"", ""name"": ""Склад"", ""types"": [{""type"": ""Ref"", ""id"": ""Справочник.Склады""}]}], ""Resources"": [{""id"": ""Количество"", ""name"": ""Количество"", ""types"": [{""type"": ""Number"", ""NumberQualifiers"": ""10.2""}]}]}]}",task_084,server,mid,task9_СредняяОтчетПоОборачиваемостиТоваров_v3.epf,"Функция СформироватьОтчетОборачиваемости(ДатаНач = Неопределено, ДатаКон = Неопределено) Экспорт
	
	// Проверка и установка параметров периода
	Если ДатаКон = Неопределено Или Не ЗначениеЗаполнено(ДатаКон) Тогда
		ДатаКон = ТекущаяДата();
	КонецЕсли;
	
	Если ДатаНач = Неопределено Или Не ЗначениеЗаполнено(ДатаНач) Тогда
		ДатаНач = ДатаКон - 30 * 24 * 60 * 60; // 30 дней назад
	КонецЕсли;
	
	// Проверка корректности периода
	Если ДатаКон < ДатаНач Тогда
		ВызватьИсключение ""Дата окончания периода не может быть меньше даты начала."";
	КонецЕсли;
	
	// Количество дней в периоде
	КоличествоДней = Цел((ДатаКон - ДатаНач) / (24 * 60 * 60)) + 1;
	Если КоличествоДней < 1 Тогда
		КоличествоДней = 1;
	КонецЕсли;
	
	// Формирование запроса
	Запрос = Новый Запрос;
	Запрос.Текст = 
	""ВЫБРАТЬ
	|	Продажи.Товар КАК Товар,
	|	СУММА(Продажи.Количество) КАК КоличествоПродаж
	|ПОМЕСТИТЬ ВТ_Продажи
	|ИЗ
	|	РегистрНакопления.Продажи КАК Продажи
	|ГДЕ
	|	Продажи.Регистратор.Дата >= &ДатаНач
	|	И Продажи.Регистратор.Дата <= &ДатаКон
	|СГРУППИРОВАТЬ ПО
	|	Продажи.Товар
	|;
	|
	|////////////////////////////////////////////////////////////////////////////////
	|ВЫБРАТЬ
	|	ТоварныеЗапасыОстатки.Товар КАК Товар,
	|	ТоварныеЗапасыОстатки.КоличествоОстаток КАК Остаток,
	|	ЕСТЬNULL(ВТ_Продажи.КоличествоПродаж, 0) КАК КоличествоПродаж
	|ИЗ
	|	РегистрНакопления.ТоварныеЗапасы.Остатки(&ДатаКонГраница) КАК ТоварныеЗапасыОстатки
	|		ЛЕВОЕ СОЕДИНЕНИЕ ВТ_Продажи КАК ВТ_Продажи
	|		ПО ТоварныеЗапасыОстатки.Товар = ВТ_Продажи.Товар"";
	
	Запрос.УстановитьПараметр(""ДатаНач"", НачалоДня(ДатаНач));
	Запрос.УстановитьПараметр(""ДатаКон"", КонецДня(ДатаКон));
	Запрос.УстановитьПараметр(""ДатаКонГраница"", КонецДня(ДатаКон));
	
	РезультатЗапроса = Запрос.Выполнить();
	Выборка = РезультатЗапроса.Выбрать();
	
	// Формирование таблицы значений результата
	ТаблицаОтчета = Новый ТаблицаЗначений;
	ТаблицаОтчета.Колонки.Добавить(""Товар"");
	ТаблицаОтчета.Колонки.Добавить(""Остаток"");
	ТаблицаОтчета.Колонки.Добавить(""КоличествоПродаж"");
	ТаблицаОтчета.Колонки.Добавить(""СреднедневныеПродажи"");
	ТаблицаОтчета.Колонки.Добавить(""ОборачиваемостьВДнях"");
	
	Пока Выборка.Следующий() Цикл
		НоваяСтрока = ТаблицаОтчета.Добавить();
		НоваяСтрока.Товар = Выборка.Товар;
		НоваяСтрока.Остаток = Выборка.Остаток;
		НоваяСтрока.КоличествоПродаж = Выборка.КоличествоПродаж;
		
		Если Выборка.КоличествоПродаж > 0 Тогда
			НоваяСтрока.СреднедневныеПродажи = Выборка.КоличествоПродаж / КоличествоДней;
			НоваяСтрока.ОборачиваемостьВДнях = Выборка.Остаток / НоваяСтрока.СреднедневныеПродажи;
		Иначе
			НоваяСтрока.СреднедневныеПродажи = 0;
			НоваяСтрока.ОборачиваемостьВДнях = 999999;
		КонецЕсли;
	КонецЦикла;
	
	// Сортировка по оборачиваемости в днях по убыванию
	ТаблицаОтчета.Сортировать(""ОборачиваемостьВДнях Убыв"");
	
	Возврат ТаблицаОтчета;
	
КонецФункции"
"Написать функцию СформироватьОтчетДинамикаПродажТовара(ДатаНачала, ДатаОкончания, Товар), которая формирует отчет на сервере ""ДинамикаПродаж"" на заданный период и с отбором по ""Товар"". 
Функция должна программно сформировать отчет ""ДинамикаПродаж"", вариант отчета ""ПродажиТоваровПоПокупателям"". 
Настройки отчета:
	Параметры отчета: Период 
	    Значения параметов: Период.ДатаНачала = ДатаНачала, Период.ДатаОкончания = ДатаОкончания.
	Параметры вывода: ВыводитьПараметрыДанных = Не выводить,
	                  ВыводитьОтбор = Не выводить. 
	Отбор : Товар = Товар.
	                  
Параметры функции:  
ДатаНачала (тип: Дата) - начало периода.
ДатаОкончания (тип: Дата) - окончание периода.
Товар (тип: СправочникСсылка.Товары) - товар.

Возвращаемое значение: ТабличныйДокумент.","{""Catalogs"": [{""id"": ""Товары"", ""name"": ""Товары"", ""Attributes"": [{""id"": ""Артикул"", ""name"": ""Артикул"", ""types"": [{""type"": ""String"", ""StringQualifiers"": ""15""}]}, {""id"": ""Поставщик"", ""name"": ""Поставщик"", ""types"": [{""type"": ""Ref"", ""id"": ""Справочник.Контрагенты""}]}, {""id"": ""ФайлКартинки"", ""name"": ""Картинка"", ""types"": [{""type"": ""Ref"", ""id"": ""Справочник.ХранимыеФайлы""}]}, {""id"": ""Вид"", ""name"": ""Вид"", ""types"": []}, {""id"": ""Штрихкод"", ""name"": ""Штрихкод"", ""types"": [{""type"": ""String"", ""StringQualifiers"": ""20""}]}, {""id"": ""Описание"", ""name"": ""Описание"", ""types"": [{""type"": ""String"", ""StringQualifiers"": ""0""}]}]}]}",task_085,server,high,task9_сложн_Куликова_v1.epf,"Функция СформироватьОтчетДинамикаПродажТовара(ДатаНачала, ДатаОкончания, Товар)
	
	ТабДок = Новый ТабличныйДокумент;
	
	СхемаКомпоновки = Отчеты.ДинамикаПродаж.ПолучитьМакет(""ПродажиТоваровПоПокупателям"");
	
	КомпоновщикНастроек = Новый КомпоновщикНастроекКомпоновкиДанных;
	КомпоновщикНастроек.Инициализировать(Новый ИсточникДоступныхНастроекКомпоновкиДанных(СхемаКомпоновки));
	КомпоновщикНастроек.ЗагрузитьНастройки(СхемаКомпоновки.НастройкиПоУмолчанию);
	
	Настройки = КомпоновщикНастроек.Настройки;
	
	// Установка параметров данных - Период
	Для Каждого ПараметрДанных Из Настройки.ПараметрыДанных.Элементы Цикл
		Если ПараметрДанных.Параметр = Новый ПараметрКомпоновкиДанных(""Период"") Тогда
			ПараметрДанных.Значение = Новый СтандартныйПериод(ДатаНачала, ДатаОкончания);
			ПараметрДанных.Использование = Истина;
		КонецЕсли;
	КонецЦикла;
	
	// Установка параметров вывода
	Для Каждого ПараметрВывода Из Настройки.ПараметрыВывода.Элементы Цикл
		Если ПараметрВывода.Параметр = Новый ПараметрКомпоновкиДанных(""ВыводитьПараметрыДанных"") Тогда
			ПараметрВывода.Значение = ТипВыводаТекстаКомпоновкиДанных.НеВыводить;
			ПараметрВывода.Использование = Истина;
		ИначеЕсли ПараметрВывода.Параметр = Новый ПараметрКомпоновкиДанных(""ВыводитьОтбор"") Тогда
			ПараметрВывода.Значение = ТипВыводаТекстаКомпоновкиДанных.НеВыводить;
			ПараметрВывода.Использование = Истина;
		КонецЕсли;
	КонецЦикла;
	
	// Установка отбора по товару
	ЭлементОтбора = Настройки.Отбор.Элементы.Добавить(Тип(""ЭлементОтбораКомпоновкиДанных""));
	ЭлементОтбора.ЛевоеЗначение = Новый ПолеКомпоновкиДанных(""Товар"");
	ЭлементОтбора.ВидСравнения = ВидСравненияКомпоновкиДанных.Равно;
	ЭлементОтбора.ПравоеЗначение = Товар;
	ЭлементОтбора.Использование = Истина;
	
	// Формирование отчета
	КомпоновщикМакета = Новый КомпоновщикМакетаКомпоновкиДанных;
	МакетКомпоновки = КомпоновщикМакета.Выполнить(СхемаКомпоновки, Настройки);
	
	ПроцессорКомпоновки = Новый ПроцессорКомпоновкиДанных;
	ПроцессорКомпоновки.Инициализировать(МакетКомпоновки);
	
	ПроцессорВывода = Новый ПроцессорВыводаРезультатаКомпоновкиДанныхВТабличныйДокумент;
	ПроцессорВывода.УстановитьДокумент(ТабДок);
	ПроцессорВывода.Вывести(ПроцессорКомпоновки);
	
	Возврат ТабДок;
	
КонецФункции"
"Написать функцию ПолучитьОстаткиПоНоменклатуреПоВсемСкладам(ТаблицаТовары). Функция принимает ТаблицуЗначений.
Таблица значений содержит информацию по остаткам номенклатуры со следующими колонками:

- Номенклатура (Строка)
- Склад (Строка)
- Количество (Число)
- Сумма (Число)

Таблица может содержать несколько строк с одинаковой Номенклатурой по разным складам. 
Необходимо вернуть новую ТаблицуЗначений с тремя колонками:
- Номенклатура (Строка)
- Количество (Число)
- Сумма (Число)

Для каждой Номенклатуры должна остаться одна строка, а Количество и Сумма должны быть суммой по всем исходным строкам.

Требования:
- Использовать язык запросов.
- Не изменять входную ТаблицуЗначений.
- В возвращаемой таблице строки должны быть отсортированы по Номенклатуре по возрастанию.","{""Catalogs"": [{""id"": ""Склады"", ""name"": ""Склады"", ""Attributes"": [{""id"": ""НеИспользовать"", ""name"": ""Не использовать"", ""types"": [{""type"": ""Boolean""}]}]}, {""id"": ""Товары"", ""name"": ""Товары"", ""Attributes"": [{""id"": ""Артикул"", ""name"": ""Артикул"", ""types"": [{""type"": ""String"", ""StringQualifiers"": ""15""}]}, {""id"": ""Поставщик"", ""name"": ""Поставщик"", ""types"": [{""type"": ""Ref"", ""id"": ""Справочник.Контрагенты""}]}, {""id"": ""ФайлКартинки"", ""name"": ""Картинка"", ""types"": [{""type"": ""Ref"", ""id"": ""Справочник.ХранимыеФайлы""}]}, {""id"": ""Вид"", ""name"": ""Вид"", ""types"": []}, {""id"": ""Штрихкод"", ""name"": ""Штрихкод"", ""types"": [{""type"": ""String"", ""StringQualifiers"": ""20""}]}, {""id"": ""Описание"", ""name"": ""Описание"", ""types"": [{""type"": ""String"", ""StringQualifiers"": ""0""}]}]}]}",task_086,server,mid,Коробов_Средняя_задача.epf,"Функция ПолучитьОстаткиПоНоменклатуреПоВсемСкладам(ТаблицаТовары)
	
	Запрос = Новый Запрос;
	Запрос.Текст = 
	""ВЫБРАТЬ
	|	Товары.Номенклатура КАК Номенклатура,
	|	Товары.Склад КАК Склад,
	|	Товары.Количество КАК Количество,
	|	Товары.Сумма КАК Сумма
	|ПОМЕСТИТЬ ВТ_Товары
	|ИЗ
	|	&ТаблицаТовары КАК Товары
	|;
	|
	|ВЫБРАТЬ
	|	ВТ_Товары.Номенклатура КАК Номенклатура,
	|	СУММА(ВТ_Товары.Количество) КАК Количество,
	|	СУММА(ВТ_Товары.Сумма) КАК Сумма
	|ИЗ
	|	ВТ_Товары КАК ВТ_Товары
	|СГРУППИРОВАТЬ ПО
	|	ВТ_Товары.Номенклатура
	|УПОРЯДОЧИТЬ ПО
	|	Номенклатура ВОЗР"";
	
	Запрос.УстановитьПараметр(""ТаблицаТовары"", ТаблицаТовары);
	
	Результат = Запрос.Выполнить().Выгрузить();
	
	Возврат Результат;
	
КонецФункции"
"Реализовать функцию НайтиМаксимальноеЗначениеВКолонке(Таблица, Колонка).

Необходимо:
1) Определить максимальное значение в указанной колонке.
2) Вернуть найденное значение.

Требования:
- Использовать коллекции.
- Не изменять входную таблицу.",{},task_087,server,mid,Task11_Коробов_Средняя_НайтиМаксимальноеЗначение.epf,"Функция НайтиМаксимальноеЗначениеВКолонке(Таблица, Колонка)
    
    Если Таблица.Количество() = 0 Тогда
        Возврат Неопределено;
    КонецЕсли;
    
    МаксЗначение = Таблица[0][Колонка];
    
    Для Каждого Строка Из Таблица Цикл
        Если Строка[Колонка] > МаксЗначение Тогда
            МаксЗначение = Строка[Колонка];
        КонецЕсли;
    КонецЦикла;
    
    Возврат МаксЗначение;
    
КонецФункции"
"Реализовать функцию НайтиДублиТоваров(Товар)

1) Проверить наличие других таких же элементов с таким же Артикулом.
2) Вернуть таблицу с перечнем найденных дублей с колонками
- Товар
- Артикул

Требования:
- Использовать запрос.
- Игнорировать текущий элемент.","{""Catalogs"": [{""id"": ""Товары"", ""name"": ""Товары"", ""Attributes"": [{""id"": ""Артикул"", ""name"": ""Артикул"", ""types"": [{""type"": ""String"", ""StringQualifiers"": ""15""}]}, {""id"": ""Поставщик"", ""name"": ""Поставщик"", ""types"": [{""type"": ""Ref"", ""id"": ""Справочник.Контрагенты""}]}, {""id"": ""ФайлКартинки"", ""name"": ""Картинка"", ""types"": [{""type"": ""Ref"", ""id"": ""Справочник.ХранимыеФайлы""}]}, {""id"": ""Вид"", ""name"": ""Вид"", ""types"": []}, {""id"": ""Штрихкод"", ""name"": ""Штрихкод"", ""types"": [{""type"": ""String"", ""StringQualifiers"": ""20""}]}, {""id"": ""Описание"", ""name"": ""Описание"", ""types"": [{""type"": ""String"", ""StringQualifiers"": ""0""}]}]}]}",task_088,server,mid,Task14_Коробов_Средняя_ДублиНоменклатуры.epf,"Функция НайтиДублиТоваров(Товар)
	
	Запрос = Новый Запрос;
	Запрос.Текст = 
	""ВЫБРАТЬ
	|	Товары.Ссылка КАК Товар,
	|	Товары.Артикул КАК Артикул
	|ИЗ
	|	Справочник.Товары КАК Товары
	|ГДЕ
	|	Товары.Артикул = &Артикул
	|	И Товары.Ссылка <> &Товар"";
	
	Запрос.УстановитьПараметр(""Артикул"", Товар.Артикул);
	Запрос.УстановитьПараметр(""Товар"", Товар);
	
	Результат = Запрос.Выполнить().Выгрузить();
	
	Возврат Результат;
	
КонецФункции"
"Реализовать функцию РассчитатьИтогПоКолонке(ТаблицаДанных, ИмяКолонки).

Необходимо:
1) Просуммировать значения указанной колонки.
2) Вернуть число — итоговое значение.

Требования:
- Использовать перебор коллекции.
- Не изменять входную таблицу.",{},task_089,server,mid,Task15_Коробов_Средняя_РассчитатьИтогПоКолонке.epf,"Функция РассчитатьИтогПоКолонке(ТаблицаДанных, ИмяКолонки)
	
	Итог = 0;
	
	Для Каждого СтрокаТаблицы Из ТаблицаДанных Цикл
		Итог = Итог + СтрокаТаблицы[ИмяКолонки];
	КонецЦикла;
	
	Возврат Итог;
	
КонецФункции"
"Реализовать функцию ПолучитьКонтрагентовПоЧастиНаименования(СтрокаПоиска).

Необходимо:
1) Найти контрагентов по части наименования.
2) Вернуть ТаблицуЗначений:
- Ссылка
- Наименование

Требования:
- Использовать запрос.
- Выполнять поиск через ПОДОБНО.","{""Catalogs"": [{""id"": ""Контрагенты"", ""name"": ""Контрагенты"", ""Attributes"": [{""id"": ""Регион"", ""name"": ""Регион"", ""types"": [{""type"": ""Ref"", ""id"": ""Справочник.Регионы""}]}, {""id"": ""Индекс"", ""name"": ""Индекс"", ""types"": [{""type"": ""String"", ""StringQualifiers"": ""10""}]}, {""id"": ""Страна"", ""name"": ""Страна"", ""types"": [{""type"": ""String"", ""StringQualifiers"": ""0""}]}, {""id"": ""Город"", ""name"": ""Город"", ""types"": [{""type"": ""String"", ""StringQualifiers"": ""0""}]}, {""id"": ""Улица"", ""name"": ""Улица"", ""types"": [{""type"": ""String"", ""StringQualifiers"": ""0""}]}, {""id"": ""Дом"", ""name"": ""Дом"", ""types"": [{""type"": ""String"", ""StringQualifiers"": ""15""}]}, {""id"": ""Телефон"", ""name"": ""Телефон"", ""types"": [{""type"": ""String"", ""StringQualifiers"": ""16""}]}, {""id"": ""ЭлектроннаяПочта"", ""name"": ""Электронная почта"", ""types"": [{""type"": ""String"", ""StringQualifiers"": ""40""}]}, {""id"": ""Факс"", ""name"": ""Факс"", ""types"": [{""type"": ""String"", ""StringQualifiers"": ""16""}]}, {""id"": ""ВебСайт"", ""name"": ""Веб сайт"", ""types"": [{""type"": ""String"", ""StringQualifiers"": ""40""}]}, {""id"": ""ВидЦен"", ""name"": ""Вид цен"", ""types"": [{""type"": ""Ref"", ""id"": ""Справочник.ВидыЦен""}]}, {""id"": ""ДополнительнаяИнформация"", ""name"": ""Дополнительная информация"", ""types"": [{""type"": ""String"", ""StringQualifiers"": ""0""}]}, {""id"": ""КонтактноеЛицо"", ""name"": ""Контактное лицо"", ""types"": [{""type"": ""String"", ""StringQualifiers"": ""100""}]}, {""id"": ""Широта"", ""name"": ""Широта"", ""types"": [{""type"": ""Number"", ""NumberQualifiers"": ""10.6""}]}, {""id"": ""Долгота"", ""name"": ""Долгота"", ""types"": [{""type"": ""Number"", ""NumberQualifiers"": ""10.6""}]}]}]}",task_090,server,mid,Task16_Коробов_Средняя_НайтиКонтрагентов.epf,"Функция ПолучитьКонтрагентовПоЧастиНаименования(СтрокаПоиска)
	
	Запрос = Новый Запрос;
	Запрос.Текст = 
	""ВЫБРАТЬ
	|	Контрагенты.Ссылка КАК Ссылка,
	|	Контрагенты.Наименование КАК Наименование
	|ИЗ
	|	Справочник.Контрагенты КАК Контрагенты
	|ГДЕ
	|	Контрагенты.Наименование ПОДОБНО &СтрокаПоиска"";
	
	Запрос.УстановитьПараметр(""СтрокаПоиска"", ""%"" + СтрокаПоиска + ""%"");
	
	Результат = Запрос.Выполнить().Выгрузить();
	
	Возврат Результат;
	
КонецФункции"
"Реализовать функцию ПолучитьОборотыПоПокупателю(Покупатель, ДатаНачала, ДатаОкончания).

Необходимо:
1) Получить обороты по регистру Продажи
2) Вернуть структуру с ключами КоличествоОборот, СуммаОборот","{""AccumulationRegisters"": [{""id"": ""Продажи"", ""name"": ""Продажи"", ""RegisterType"": ""Turnovers"", ""Dimensions"": [{""id"": ""Покупатель"", ""name"": ""Покупатель"", ""types"": [{""type"": ""Ref"", ""id"": ""Справочник.Контрагенты""}]}, {""id"": ""Товар"", ""name"": ""Товар"", ""types"": [{""type"": ""Ref"", ""id"": ""Справочник.Товары""}]}], ""Resources"": [{""id"": ""Количество"", ""name"": ""Количество"", ""types"": [{""type"": ""Number"", ""NumberQualifiers"": ""10.2""}]}, {""id"": ""Сумма"", ""name"": ""Сумма"", ""types"": [{""type"": ""Number"", ""NumberQualifiers"": ""10.2""}]}]}]}",task_091,server,mid,Task17_Коробов_Средняя_ПолучитьОборотыПоКонтрагенту.epf,"Функция ПолучитьОборотыПоПокупателю(Покупатель, ДатаНачала, ДатаОкончания)
	
	Запрос = Новый Запрос;
	Запрос.Текст = 
	""ВЫБРАТЬ
	|	ПродажиОбороты.КоличествоОборот КАК КоличествоОборот,
	|	ПродажиОбороты.СуммаОборот КАК СуммаОборот
	|ИЗ
	|	РегистрНакопления.Продажи.Обороты(&ДатаНачала, &ДатаОкончания, , Покупатель = &Покупатель) КАК ПродажиОбороты"";
	
	Запрос.УстановитьПараметр(""ДатаНачала"", ДатаНачала);
	Запрос.УстановитьПараметр(""ДатаОкончания"", ДатаОкончания);
	Запрос.УстановитьПараметр(""Покупатель"", Покупатель);
	
	Результат = Запрос.Выполнить();
	
	Если Результат.Пустой() Тогда
		Возврат Новый Структура(""КоличествоОборот, СуммаОборот"", 0, 0);
	КонецЕсли;
	
	Выборка = Результат.Выбрать();
	Выборка.Следующий();
	
	Возврат Новый Структура(""КоличествоОборот, СуммаОборот"", Выборка.КоличествоОборот, Выборка.СуммаОборот);
	
КонецФункции"
"Реализовать функцию НайтиМинимальноеЗначениеВКолонке(Таблица, Колонка).

ТаблицаЗначений содержит данные произвольной структуры.
Параметр Колонка содержит имя числовой колонки.

Необходимо:
1) Проверить наличие колонки в таблице.
2) Определить минимальное значение по всем строкам таблицы.
3) Вернуть найденное значение.
4) Если таблица пустая — вернуть 0.

Требования:
- Использовать перебор коллекции.
- Не изменять входную таблицу.
- Не использовать язык запросов.",{},task_092,server,mid,Task18_Коробов_Средняя_НайтиМинимальноеЗначение.epf,"Функция НайтиМинимальноеЗначениеВКолонке(Таблица, Колонка)
	
	// Проверить наличие колонки в таблице
	Если Таблица.Колонки.Найти(Колонка) = Неопределено Тогда
		ВызватьИсключение ""Колонка """""" + Колонка + """""" не найдена в таблице значений."";
	КонецЕсли;
	
	// Если таблица пустая — вернуть 0
	Если Таблица.Количество() = 0 Тогда
		Возврат 0;
	КонецЕсли;
	
	// Определить минимальное значение перебором коллекции
	Минимум = Неопределено;
	
	Для Каждого Строка Из Таблица Цикл
		ТекущееЗначение = Строка[Колонка];
		Если Минимум = Неопределено Тогда
			Минимум = ТекущееЗначение;
		ИначеЕсли ТекущееЗначение < Минимум Тогда
			Минимум = ТекущееЗначение;
		КонецЕсли;
	КонецЦикла;
	
	Возврат Минимум;
	
КонецФункции"
"Реализовать функцию ПолучитьСписокНоменклатурыПоГруппе(Группа).

Необходимо:
1) Получить элементы справочника Номенклатура, входящие в указанную группу.
2) Вернуть ТаблицуЗначений с колонками:
- Ссылка
- Код
- Наименование

Требования:
- Использовать запрос.
- Результат отсортировать по Наименованию.",{},task_093,server,mid,Task19_Коробов_Средняя_ПолучитьНоменклатуруПоГруппе.epf,"Функция ПолучитьСписокНоменклатурыПоГруппе(Группа)
	
	Запрос = Новый Запрос;
	Запрос.Текст = 
	""ВЫБРАТЬ
	|	Номенклатура.Ссылка КАК Ссылка,
	|	Номенклатура.Код КАК Код,
	|	Номенклатура.Наименование КАК Наименование
	|ИЗ
	|	Справочник.Номенклатура КАК Номенклатура
	|ГДЕ
	|	Номенклатура.Родитель = &Группа
	|	И НЕ Номенклатура.ЭтоГруппа
	|УПОРЯДОЧИТЬ ПО
	|	Наименование"";
	
	Запрос.УстановитьПараметр(""Группа"", Группа);
	
	Результат = Запрос.Выполнить().Выгрузить();
	
	Возврат Результат;
	
КонецФункции"
"Реализовать функцию НайтиЭлементПоРеквизиту(ИмяСправочника, ИмяРеквизита, ЗначениеРеквизита).

Необходимо:
1) Выполнить поиск элемента указанного справочника по значению реквизита.
2) Если элемент найден — вернуть ссылку, если найдено несколько - вернуть массив ссылок.
3) Если элемент не найден — вернуть Неопределено.

Требования:
- Использовать запрос.",{},task_094,server,mid,Task20_Коробов_Средняя_НайтиПоРеквизиту.epf,"Функция НайтиЭлементПоРеквизиту(ИмяСправочника, ИмяРеквизита, ЗначениеРеквизита)
	
	Запрос = Новый Запрос;
	Запрос.Текст = 
	""ВЫБРАТЬ
	|	Спр.Ссылка КАК Ссылка
	|ИЗ
	|	Справочник."" + ИмяСправочника + "" КАК Спр
	|ГДЕ
	|	Спр."" + ИмяРеквизита + "" = &ЗначениеРеквизита"";
	
	Запрос.УстановитьПараметр(""ЗначениеРеквизита"", ЗначениеРеквизита);
	
	Результат = Запрос.Выполнить();
	
	Если Результат.Пустой() Тогда
		Возврат Неопределено;
	КонецЕсли;
	
	Выборка = Результат.Выбрать();
	
	Если Выборка.Количество() = 1 Тогда
		Выборка.Следующий();
		Возврат Выборка.Ссылка;
	Иначе
		МассивСсылок = Новый Массив;
		Пока Выборка.Следующий() Цикл
			МассивСсылок.Добавить(Выборка.Ссылка);
		КонецЦикла;
		Возврат МассивСсылок;
	КонецЕсли;
	
КонецФункции"
"Реализовать функцию ПодготовитьМассивСтруктурДляИнтеграции(Таблица).

Таблица содержит 4 колонки

- Товар - Строка
- Количество - Число
- Цена - Число
- Сумма - Число 

Необходимо:
1) Преобразовать ТаблицаЗначений в массив структур.
2) Каждая структура должна соответствовать одной строке таблицы.
3) Вернуть полученный массив.

Требования:
- Не выполнять реальные внешние вызовы.
- Не изменять входную таблицу.",{},task_095,server,mid,Task21_Коробов_Средняя_ПолучитьМассивСтруктур.epf,"Функция ПодготовитьМассивСтруктурДляИнтеграции(Таблица)
	
	МассивСтруктур = Новый Массив;
	
	Для Каждого СтрокаТаблицы Из Таблица Цикл
		
		Структура = Новый Структура;
		Структура.Вставить(""Товар"", СтрокаТаблицы.Товар);
		Структура.Вставить(""Количество"", СтрокаТаблицы.Количество);
		Структура.Вставить(""Цена"", СтрокаТаблицы.Цена);
		Структура.Вставить(""Сумма"", СтрокаТаблицы.Сумма);
		
		МассивСтруктур.Добавить(Структура);
		
	КонецЦикла;
	
	Возврат МассивСтруктур;
	
КонецФункции"
"Реализовать функцию ДобавитьСтрокуВТабличнуюЧастьДокумента(ДокументОбъект, СтруктураСтроки).

Где:

- ДокументОбъект - ДокументОбъект.Заказ
- СтруктураСтроки - Тип Структура. 
Структура может содержать ключи, соответствующие колонкам табличной части, а может не содержать. Заполнить только соответствующие ключам колонки ТЧ из структуры 

Необходимо:
1) Добавить новую строку в табличную часть документа.
2) Заполнить колонки строки из структуры СтруктураСтроки.
3) Вернуть НомерСтроки добавленной строки.","{""Documents"": [{""id"": ""Заказ"", ""name"": ""Заказ"", ""Attributes"": [{""id"": ""Покупатель"", ""name"": ""Покупатель"", ""types"": [{""type"": ""Ref"", ""id"": ""Справочник.Контрагенты""}]}, {""id"": ""Склад"", ""name"": ""Склад"", ""types"": [{""type"": ""Ref"", ""id"": ""Справочник.Склады""}]}, {""id"": ""Валюта"", ""name"": ""Валюта взаиморасчетов"", ""types"": [{""type"": ""Ref"", ""id"": ""Справочник.Валюты""}]}, {""id"": ""ВидЦен"", ""name"": ""Вид цен"", ""types"": [{""type"": ""Ref"", ""id"": ""Справочник.ВидыЦен""}]}, {""id"": ""Организация"", ""name"": ""Организация"", ""types"": [{""type"": ""Ref"", ""id"": ""Справочник.Организации""}]}, {""id"": ""СостояниеЗаказа"", ""name"": ""Состояние заказа"", ""types"": [{""type"": ""Ref"", ""id"": ""Перечисление.СостоянияЗаказов""}]}, {""id"": ""Автор"", ""name"": ""Автор"", ""types"": [{""type"": ""Ref"", ""id"": ""Справочник.Пользователи""}]}, {""id"": ""Сумма"", ""name"": ""Сумма"", ""types"": [{""type"": ""Number"", ""NumberQualifiers"": ""10.2""}]}], ""TabularSections"": [{""id"": ""Товары"", ""name"": ""Товары"", ""Attributes"": [{""id"": ""Товар"", ""name"": ""Товар"", ""types"": [{""type"": ""Ref"", ""id"": ""Справочник.Товары""}]}, {""id"": ""Цена"", ""name"": ""Цена"", ""types"": [{""type"": ""Number"", ""NumberQualifiers"": ""10.2""}]}, {""id"": ""Количество"", ""name"": ""Количество"", ""types"": [{""type"": ""Number"", ""NumberQualifiers"": ""10.0""}]}, {""id"": ""Сумма"", ""name"": ""Сумма"", ""types"": [{""type"": ""Number"", ""NumberQualifiers"": ""10.2""}]}]}]}]}",task_096,server,mid,Task22_Коробов_Средняя_ДобавитьСтрокуВТабличнуюЧасть.epf,"Функция ДобавитьСтрокуВТабличнуюЧастьДокумента(ДокументОбъект, СтруктураСтроки)
	
	НоваяСтрока = ДокументОбъект.Товары.Добавить();
	
	Для Каждого КлючИЗначение Из СтруктураСтроки Цикл
		Если НоваяСтрока.Свойство(КлючИЗначение.Ключ) Тогда
			НоваяСтрока[КлючИЗначение.Ключ] = КлючИЗначение.Значение;
		КонецЕсли;
	КонецЦикла;
	
	Возврат НоваяСтрока.НомерСтроки;
	
КонецФункции"
"Реализовать функцию ПолучитьВсеЦеныТоваровНаДату(Номенклатура, Дата).

Необходимо:
1) Получить записи регистра сведений ЦеныТоваров по указанной номенклатуре.
2) Отобрать записи, действующие на дату.
3) Вернуть ТаблицуЗначений с колонками:
- ВидЦен
- Цена

Требования:
- Использовать язык запросов.","{""InformationRegisters"": [{""id"": ""ЦеныТоваров"", ""name"": ""Цены товаров"", ""InformationRegisterPeriodicity"": ""Day"", ""WriteMode"": ""Independent"", ""Dimensions"": [{""id"": ""Товар"", ""name"": ""Товар"", ""types"": [{""type"": ""Ref"", ""id"": ""Справочник.Товары""}]}, {""id"": ""ВидЦен"", ""name"": ""Вид цен"", ""types"": [{""type"": ""Ref"", ""id"": ""Справочник.ВидыЦен""}]}], ""Resources"": [{""id"": ""Цена"", ""name"": ""Цена"", ""types"": [{""type"": ""Number"", ""NumberQualifiers"": ""10.2""}]}]}], ""Catalogs"": [{""id"": ""ВидыЦен"", ""name"": ""Виды цен"", ""Attributes"": []}]}",task_097,server,mid,Task9_Коробов_Средняя_ЦеныНаДату.epf,"Функция ПолучитьВсеЦеныТоваровНаДату(Номенклатура, Дата)
	
	Запрос = Новый Запрос;
	Запрос.Текст = 
	""ВЫБРАТЬ
	|	ЦеныТоваровСрезПоследних.ВидЦен КАК ВидЦен,
	|	ЦеныТоваровСрезПоследних.Цена КАК Цена
	|ИЗ
	|	РегистрСведений.ЦеныТоваров.СрезПоследних(&Дата, Товар = &Номенклатура) КАК ЦеныТоваровСрезПоследних"";
	
	Запрос.УстановитьПараметр(""Дата"", Дата);
	Запрос.УстановитьПараметр(""Номенклатура"", Номенклатура);
	
	Результат = Запрос.Выполнить().Выгрузить();
	
	Возврат Результат;
	
КонецФункции"
"Написать функцию СкопироватьПараметрСхемыКомпоновкиДанных(СхемаКомпоновкиДанных, Приемник, Источник, ЗначениеПриемника), которая копирует настройки параметра Источник схемы компоновки данных отчета
и возвращает их на новый параметр Приемник, устанавливая новое значение ЗначениеПриемника.
Если новый параметр Приемник не найден, тогда создать его. 
Если ЗначениеПриемника = Неопределено, тогда значение нового парметра не устанавливать. 

Параметры функции:
	СхемаКомпоновкиДанных - СхемаКомпоновкиДанных - Схема отчета.
	Приемник - Строка - Имя параметра, в который необходимо скопировать настройки.
	Источник - Строка - Имя параметра, из которого настройки копируются.
	ЗначениеПриемника - Произвольный - Значение параметра приемника, которое необходимо установить.",{},task_098,server,,task10_Куликова_v1.epf,"Функция СкопироватьПараметрСхемыКомпоновкиДанных(СхемаКомпоновкиДанных, Приемник, Источник, ЗначениеПриемника)
	
	// Найти параметр-источник
	ПараметрИсточник = СхемаКомпоновкиДанных.Параметры.Найти(Источник);
	Если ПараметрИсточник = Неопределено Тогда
		Возврат Неопределено;
	КонецЕсли;
	
	// Найти или создать параметр-приемник
	ПараметрПриемник = СхемаКомпоновкиДанных.Параметры.Найти(Приемник);
	Если ПараметрПриемник = Неопределено Тогда
		ПараметрПриемник = СхемаКомпоновкиДанных.Параметры.Добавить();
		ПараметрПриемник.Имя = Приемник;
	КонецЕсли;
	
	// Копировать настройки из источника в приемник
	ПараметрПриемник.Заголовок = ПараметрИсточник.Заголовок;
	ПараметрПриемник.ТипЗначения = ПараметрИсточник.ТипЗначения;
	ПараметрПриемник.ДоступенСписокЗначений = ПараметрИсточник.ДоступенСписокЗначений;
	ПараметрПриемник.ВключатьВДоступныеПоля = ПараметрИсточник.ВключатьВДоступныеПоля;
	ПараметрПриемник.РежимРедактирования = ПараметрИсточник.РежимРедактирования;
	ПараметрПриемник.Использование = ПараметрИсточник.Использование;
	ПараметрПриемник.ОграничениеИспользования = ПараметрИсточник.ОграничениеИспользования;
	ПараметрПриемник.ВыражениеДоступныхЗначений = ПараметрИсточник.ВыражениеДоступныхЗначений;
	
	// Установить значение
	Если ЗначениеПриемника = Неопределено Тогда
		ПараметрПриемник.Значение = ПараметрИсточник.Значение;
	Иначе
		ПараметрПриемник.Значение = ЗначениеПриемника;
	КонецЕсли;
	
	Возврат ПараметрПриемник;
	
КонецФункции"
"Написать функцию ПараметрыИзСтроки(СтрокаПараметров, Разделитель), которая получает значения параметров из строки(СтрокаПараметров). 

Параметры функции:
СтрокаПараметров (тип: Строка) - строка, содержащая параметры, каждый из которых представляет собой
                              фрагмент вида <Имя параметра>=<Значение>, где:
                                Имя параметра - имя параметра; 
                                Значение - его значение. 
                              Фрагменты отделяются друг от друга разделительными символами(Разделитель). Например ';'.
                              Если значение содержит пробельные символы, то оно должно быть заключено в двойные
                              кавычки ("").   
                              Пример: ""Фамилия=""""Иванов"""";Имя=""""Иван""""""

 Разделитель (тип: Строка) - символ, которым фрагменты отделяются друг от друга. 
 
 Возвращаемое значение:
    Структура - значения параметров, где ключ - имя параметра, значение - значение параметра. 
 
 Пример: 
  СтрокаПараметров = ""Фамилия=""""Иванов"""";Имя=""""Иван""""""
  Разделитель = "";""
 Результат функции: Cтруктура:
        ключ ""Фамилия"", значение ""Иванов""
        ключ ""Имя"", значение ""Иван"".",{},task_099,server,,task11_Куликова_v1.epf,"Функция ПараметрыИзСтроки(СтрокаПараметров, Разделитель)
	
	Результат = Новый Структура;
	
	Если ПустаяСтрока(СтрокаПараметров) Тогда
		Возврат Результат;
	КонецЕсли;
	
	// Разбираем строку с учётом того, что разделитель внутри кавычек не является разделителем фрагментов
	Фрагменты = Новый Массив;
	ТекущийФрагмент = """";
	ВнутриКавычек = Ложь;
	Индекс = 1;
	ДлинаСтроки = СтрДлина(СтрокаПараметров);
	
	Пока Индекс <= ДлинаСтроки Цикл
		ТекущийСимвол = Сред(СтрокаПараметров, Индекс, 1);
		
		Если ТекущийСимвол = """""""" Тогда
			// Проверяем, не является ли это экранированной кавычкой (двойная кавычка)
			Если Индекс < ДлинаСтроки И Сред(СтрокаПараметров, Индекс + 1, 1) = """""""" Тогда
				Если ВнутриКавычек Тогда
					ТекущийФрагмент = ТекущийФрагмент + """""""";
					Индекс = Индекс + 2;
					Продолжить;
				Иначе
					ТекущийФрагмент = ТекущийФрагмент + """""""";
					Индекс = Индекс + 2;
					Продолжить;
				КонецЕсли;
			Иначе
				ВнутриКавычек = Не ВнутриКавычек;
				Индекс = Индекс + 1;
				Продолжить;
			КонецЕсли;
		ИначеЕсли ТекущийСимвол = Разделитель И Не ВнутриКавычек Тогда
			Фрагменты.Добавить(ТекущийФрагмент);
			ТекущийФрагмент = """";
			Индекс = Индекс + 1;
			Продолжить;
		Иначе
			ТекущийФрагмент = ТекущийФрагмент + ТекущийСимвол;
		КонецЕсли;
		
		Индекс = Индекс + 1;
	КонецЦикла;
	
	// Добавляем последний фрагмент
	Если Не ПустаяСтрока(ТекущийФрагмент) Тогда
		Фрагменты.Добавить(ТекущийФрагмент);
	КонецЕсли;
	
	// Разбираем каждый фрагмент на имя и значение
	Для Каждого Фрагмент Из Фрагменты Цикл
		ПозицияРавно = СтрНайти(Фрагмент, ""="");
		Если ПозицияРавно > 0 Тогда
			ИмяПараметра = СокрЛП(Лев(Фрагмент, ПозицияРавно - 1));
			ЗначениеПараметра = СокрЛП(Сред(Фрагмент, ПозицияРавно + 1));
			
			Если Не ПустаяСтрока(ИмяПараметра) Тогда
				Результат.Вставить(ИмяПараметра, ЗначениеПараметра);
			КонецЕсли;
		КонецЕсли;
	КонецЦикла;
	
	Возврат Результат;
	
КонецФункции"
"Написать функцию ПроверитьПроведенностьДокументов(мДокументы), которая проверяет проведенность переданных документов(мДокументы) и возвращает те, которые не проведены.
Для переданных документов проверить выполнение условия реквизита Проведен = Истина. 

Параметры:
мДокументы (тип: Массив из ДокументСсылка) - документы, статус проведения которых необходимо проверить.

Возвращаемое значение:
  Массив из ДокументСсылка - непроведенные документы.",{},task_100,server,,task12_Куликова_v1.epf,"Функция ПроверитьПроведенностьДокументов(мДокументы)
	
	НепроведенныеДокументы = Новый Массив;
	
	Если мДокументы.Количество() = 0 Тогда
		Возврат НепроведенныеДокументы;
	КонецЕсли;
	
	Для Каждого Документ Из мДокументы Цикл
		Если НЕ Документ.Проведен Тогда
			НепроведенныеДокументы.Добавить(Документ);
		КонецЕсли;
	КонецЦикла;
	
	Возврат НепроведенныеДокументы;
	
КонецФункции"
"Написать функцию ПровестиДокументы(мДокументы), которая выполняет попытку проведения документов(мДокументы) и возвращает информацию о документах, которые не удалось провести. 
Вернуть ссылки на документы, которые не удалось провести и текст ошибки, которая возникла при проведении.

Параметры:
мДокументы (тип: Массив из ДокументСсылка) - документы, которые необходимо провести.

Возвращаемое значение:
  Массив из Структура:
   * Ссылка         - ДокументСсылка - документ, который не удалось провести,
   * ОписаниеОшибки - Строка         - текст описания ошибки при проведении.",{},task_101,server,,task13_Куликова_v1 .epf,"Функция ПровестиДокументы(мДокументы)
	
	РезультатОшибок = Новый Массив;
	
	Для Каждого СсылкаДокумента Из мДокументы Цикл
		
		Попытка
			ДокументОбъект = СсылкаДокумента.ПолучитьОбъект();
			ДокументОбъект.Записать(РежимЗаписиДокумента.Проведение);
		Исключение
			ОписаниеОшибки = ОписаниеОшибки();
			СтруктураОшибки = Новый Структура;
			СтруктураОшибки.Вставить(""Ссылка"", СсылкаДокумента);
			СтруктураОшибки.Вставить(""ОписаниеОшибки"", ОписаниеОшибки);
			РезультатОшибок.Добавить(СтруктураОшибки);
		КонецПопытки;
		
	КонецЦикла;
	
	Возврат РезультатОшибок;
	
КонецФункции"
"Написать функцию НайтиПараметрыВНайстройкахКД(ПользовательскиеНастройкиКД, НастройкиКД, ИменаПараметров), которая находит параметры в настройках компоновки(НастройкиКД) настраиваемого отчета.
по его имени(ИменаПараметров). 
Поиск осуществить по двум итерациям:
1. Выполнить поиск параметра по имени из ИменаПараметров в пользовательских настройках отчета(ПользовательскиеНастройкиКД). Если настройка не найдена или 
ПользовательскиеНастройкиКД = Неопределено, тогда переходить ко второй итерации.
2. Выполнить поиск в настройках варианта отчета(НастройкиКД). Если параметр не найден или НастройкиКД = Неопределено, то вернуть Неопределено. 

Параметры:
   ПользовательскиеНастройкиКД (тип: ПользовательскиеНастройкиКомпоновкиДанных, Неопределено) - пользовательские настройки, в которых будет осуществляться первая итерация поиска значения. 
   НастройкиКД (тип: НастройкиКомпоновкиДанных, Неопределено) - настройки варианта отчета, в которых будет осуществляться вторая итерация поиска значения.
   ИменаПараметров - Строка - имена параметров, перечисленные через запятую.

 Возвращаемое значение:
   Структура - найденные значения параметров:
      Ключ - имя параметра;
      Значение - найденный параметр. 
   Неопределено, если параметр не существует.",{},task_102,server,,task14_Куликова_v1 .epf,"Функция НайтиПараметрыВНайстройкахКД(ПользовательскиеНастройкиКД, НастройкиКД, ИменаПараметров) Экспорт
	
	МассивИмен = СтрРазделить(ИменаПараметров, "","", Ложь);
	
	Результат = Новый Структура;
	
	Для Каждого ИмяПараметра Из МассивИмен Цикл
		
		ИмяПараметра = СокрЛП(ИмяПараметра);
		НайденныйПараметр = Неопределено;
		
		// Первая итерация: поиск в пользовательских настройках
		Если ПользовательскиеНастройкиКД <> Неопределено Тогда
			
			Для Каждого ЭлементНастройки Из ПользовательскиеНастройкиКД.Элементы Цикл
				
				Если ТипЗнч(ЭлементНастройки) = Тип(""ЗначениеПараметраНастроекКомпоновкиДанных"") Тогда
					
					Если Строка(ЭлементНастройки.Параметр) = ИмяПараметра Тогда
						НайденныйПараметр = ЭлементНастройки;
						Прервать;
					КонецЕсли;
					
				КонецЕсли;
				
			КонецЦикла;
			
		КонецЕсли;
		
		// Вторая итерация: поиск в настройках варианта отчета
		Если НайденныйПараметр = Неопределено Тогда
			
			Если НастройкиКД <> Неопределено Тогда
				
				ПараметрыДанных = НастройкиКД.ПараметрыДанных;
				
				Для Каждого ЭлементПараметра Из ПараметрыДанных.Элементы Цикл
					
					Если Строка(ЭлементПараметра.Параметр) = ИмяПараметра Тогда
						НайденныйПараметр = ЭлементПараметра;
						Прервать;
					КонецЕсли;
					
				КонецЦикла;
				
			КонецЕсли;
			
		КонецЕсли;
		
		Если НайденныйПараметр = Неопределено Тогда
			Возврат Неопределено;
		КонецЕсли;
		
		Результат.Вставить(ИмяПараметра, НайденныйПараметр);
		
	КонецЦикла;
	
	Возврат Результат;
	
КонецФункции"
"Написать функцию ДобавитьГруппировкуВКореньСтруктуры(КомпоновщикНастроек, Знач Поле = Неопределено, ПараметрыГруппировки = Неопределено), которая добавлят группировку
в компоновщик настроек в корневой структуры настроек, если поле не указанао, то в детальные записи.

Параметры функции:
	КомпоновщикНастроек (тип: КомпоновщикНастроекКомпоновкиДанных, НастройкиКомпоновкиДанных) - элемент структуры компоновки данных.
	Поля(тип: Строка, ПолеКомпоновкиДанных) - имя поля или поле компоновки данных.
	ПараметрыГруппировки (тип: Структура) - Структура со свойствами:
		*НачалоПериода (тип: Дата) - начало периода группировки по полю периода.
		*КонецПериода (тип: Дата) - конец периода группировки по полю периода.
		*ТипГруппировки (тип: ТипГруппировкиКомпоновкиДанных) - тип группировки.
		*ТипДополнения (тип: ТипДополненияПериодаКомпоновкиДанных) - тип дополнения.
Возвращаемое значение:
	ГруппировкаТаблицыКомпоновкиДанных, ГруппировкаДиаграммыКомпоновкиДанных, ГруппировкаКомпоновкиДанных - новая группировка в корне структуры.",{},task_103,server,,task15_Куликова_v1.epf,"Функция ДобавитьГруппировкуВКореньСтруктуры(КомпоновщикНастроек, Знач Поле = Неопределено, ПараметрыГруппировки = Неопределено) Экспорт
	
	Если ТипЗнч(КомпоновщикНастроек) = Тип(""КомпоновщикНастроекКомпоновкиДанных"") Тогда
		Настройки = КомпоновщикНастроек.Настройки;
	Иначе
		Настройки = КомпоновщикНастроек;
	КонецЕсли;
	
	Группировка = Настройки.Структура.Добавить(Тип(""ГруппировкаКомпоновкиДанных""));
	
	Если Поле <> Неопределено Тогда
		
		Если ТипЗнч(Поле) = Тип(""Строка"") Тогда
			ПолеКомпоновки = Новый ПолеКомпоновкиДанных(Поле);
		Иначе
			ПолеКомпоновки = Поле;
		КонецЕсли;
		
		ПолеГруппировки = Группировка.ПоляГруппировки.Элементы.Добавить(Тип(""ПолеГруппировкиКомпоновкиДанных""));
		ПолеГруппировки.Поле = ПолеКомпоновки;
		ПолеГруппировки.Использование = Истина;
		
		Если ПараметрыГруппировки <> Неопределено Тогда
			
			Если ПараметрыГруппировки.Свойство(""ТипГруппировки"") И ПараметрыГруппировки.ТипГруппировки <> Неопределено Тогда
				ПолеГруппировки.ТипГруппировки = ПараметрыГруппировки.ТипГруппировки;
			КонецЕсли;
			
			Если ПараметрыГруппировки.Свойство(""ТипДополнения"") И ПараметрыГруппировки.ТипДополнения <> Неопределено Тогда
				ПолеГруппировки.ТипДополнения = ПараметрыГруппировки.ТипДополнения;
			КонецЕсли;
			
			Если ПараметрыГруппировки.Свойство(""НачалоПериода"") И ПараметрыГруппировки.НачалоПериода <> Неопределено Тогда
				ПолеГруппировки.НачалоПериода = ПараметрыГруппировки.НачалоПериода;
			КонецЕсли;
			
			Если ПараметрыГруппировки.Свойство(""КонецПериода"") И ПараметрыГруппировки.КонецПериода <> Неопределено Тогда
				ПолеГруппировки.КонецПериода = ПараметрыГруппировки.КонецПериода;
			КонецЕсли;
			
		КонецЕсли;
		
	КонецЕсли;
	
	Возврат Группировка;
	
КонецФункции"
"Написать функцию УстановитьОграниченияИспользованияПоля(СхемаКД, Поле, Ограничения), которая в переданной схеме компоновки данных отчета(СхемаКД) 
для поля(Поле) устанавливает ограничения использования по структуре ограничений(Ограничения).  
Функция для каждого НабораДанных схемы компоновки данных должна проверить наличие поля(Поле).
Если поле найдено, тогда установить ограничения использования согласно переданной стуктуре ограничений.

Параметры функции:
СхемаКД (тип: СхемаКомпоновкиДанных) - схема компоновки данных натсраиваемого отчета.
Поле (тип: Строка, ПолеКомпоновкиДанных) - поле, для которого требуется установить ограничения использования.
Ограничения (тип: Структура) - структура с ключами ограничений:
   *Поле (тип: Булево) - Ограничение доступа поле для выбора. 
   *Условие (тип: Булево) - Ограничение использования поля в условии.
   *Группа (тип: Булево) - Ограничение использования поля в группировке.
   *Упорядочивание (тип: Булево) - Ограничение использования поля для упорядочивания.",{},task_104,server,,task16_Куликова_v1.epf,"Функция УстановитьОграниченияИспользованияПоля(СхемаКД, Поле, Ограничения)
	
	ИмяПоля = ?(ТипЗнч(Поле) = Тип(""Строка""), Поле, Строка(Поле));
	
	Для Каждого НаборДанных Из СхемаКД.НаборыДанных Цикл
		
		УстановитьОграниченияВНабореДанных(НаборДанных, ИмяПоля, Ограничения);
		
	КонецЦикла;
	
КонецФункции

Процедура УстановитьОграниченияВНабореДанных(НаборДанных, ИмяПоля, Ограничения)
	
	// Если набор данных является объединением, обрабатываем вложенные наборы
	Если ТипЗнч(НаборДанных) = Тип(""НаборДанныхОбъединениеСхемыКомпоновкиДанных"") Тогда
		Для Каждого ВложенныйНабор Из НаборДанных.Элементы Цикл
			УстановитьОграниченияВНабореДанных(ВложенныйНабор, ИмяПоля, Ограничения);
		КонецЦикла;
		Возврат;
	КонецЕсли;
	
	// Поиск поля в наборе данных
	Для Каждого ПолеНабора Из НаборДанных.Поля Цикл
		
		Если Строка(ПолеНабора.Поле) = ИмяПоля Тогда
			
			Если Ограничения.Свойство(""Поле"") Тогда
				ПолеНабора.ОграничениеИспользования.Поле = Ограничения.Поле;
			КонецЕсли;
			
			Если Ограничения.Свойство(""Условие"") Тогда
				ПолеНабора.ОграничениеИспользования.Условие = Ограничения.Условие;
			КонецЕсли;
			
			Если Ограничения.Свойство(""Группа"") Тогда
				ПолеНабора.ОграничениеИспользования.Группа = Ограничения.Группа;
			КонецЕсли;
			
			Если Ограничения.Свойство(""Упорядочивание"") Тогда
				ПолеНабора.ОграничениеИспользования.Упорядочивание = Ограничения.Упорядочивание;
			КонецЕсли;
			
		КонецЕсли;
		
	КонецЦикла;
	
КонецПроцедуры"
"Написать функцию УстановитьРольПоляНабораДанныхСКД(СхемаКД, Поле, СвойстваРоль), которая в переданной схеме компоновки данных отчета(СхемаКД) 
для поля(Поле) устанавливает роль по структуре описания роли(СвойстваРоль).  
Функция для каждого НабораДанных схемы компоновки данных должна проверить наличие поля(Поле).
Если поле найдено, тогда роль по ее описанию(СвойстваРоль).

ПараметрыФункции:
СхемаКД (тип: СхемаКомпоновкиДанных) - схема компоновки данных натсраиваемого отчета.
Поле (тип: Строка, ПолеКолмпоновкиДанных) - поле, для которого требуется установить ограничения использования.
СвойстваРоль (тип: Структура) - структура c описанием роли поля набора компоновки данных:
* БезРоли (тип: Булево) - Если Истина, тогда все свойства должны быть очищены. 
* ВыражениеВидаСчета (тип: Строка) - Выражение, при помощи которого будет определяться тип счета.
* ГруппаОстатка (тип: Строка) - Для поля остатка - строка, содержащая имя группы полей остатка.
* НомерПериода (тип: Число) - Номер периода в случае, если поле является полем–периодом.
* ИгнорироватьЗначенияNULL (тип: Булево) - Содержит признак того, что в результат не нужно включать групповые записи по данному полю в случае, если поле содержит значение NULL
* Измерение (тип: Булево) - Истина - поле является измерением.
* Обязательное (тип: Булево) - Содержит признак необходимости обязательного добавления данного поля в набор данных макета компоновки данных в случае, если из набора данных поля в настройках задействовано хотя бы одно поле.
* Остаток (тип: Булево) - Содержит признак того, что поле является полем остатка.
* ПолеСчета (тип: Строка) - Для полей бухгалтерского остатка – имя поля счет, для которого рассчитываются остатки.    
* РеквизитИзмерения (тип: Булево) поле является реквизитом поля, являющегося измерением.
* РодительскоеИзмерение (тип: Строка) - Содержит путь к данным родительского поля - измерения.
* Счет (тип: Булево) - Содержит признак того, что поле является полем счета. Данная информация используется при расчете по полям бухгалтерского остатка. 
* ТипБухгалтерскогоОстатка (тип: ТипБухгалтерскогоОстаткаКомпоновкиДанных) Тип бухгалтерского остатка.  
* ТипОстатка (тип: ТипОстаткаКомпоновкиДанных) - Тип поля остатка.                                         
* ТипПериода (тип: ТипПериодаКомпоновкиДанных) - Если поле имеет тип периода Дополнительный, то это говорит о том, что поле не обязательно должно использоваться в компоновке в случае, если в отчете использованы его дочерние периоды. 
В противном случае использование дочернего поля–периода говорит о необходимости использования в группировке и данного поля.",{},task_105,server,,task17_Куликова_v1.epf,"Функция УстановитьРольПоляНабораДанныхСКД(СхемаКД, Поле, СвойстваРоль)
	
	ИмяПоля = ?(ТипЗнч(Поле) = Тип(""Строка""), Поле, Строка(Поле));
	
	Для Каждого НаборДанных Из СхемаКД.НаборыДанных Цикл
		УстановитьРольПоляВНабореДанных(НаборДанных, ИмяПоля, СвойстваРоль);
	КонецЦикла;
	
КонецФункции

Процедура УстановитьРольПоляВНабореДанных(НаборДанных, ИмяПоля, СвойстваРоль)
	
	// Если набор данных является объединением, обрабатываем вложенные наборы
	Если ТипЗнч(НаборДанных) = Тип(""НаборДанныхОбъединениеСхемыКомпоновкиДанных"") Тогда
		Для Каждого ВложенныйНабор Из НаборДанных.Элементы Цикл
			УстановитьРольПоляВНабореДанных(ВложенныйНабор, ИмяПоля, СвойстваРоль);
		КонецЦикла;
		Возврат;
	КонецЕсли;
	
	// Ищем поле в наборе данных
	ПолеНабора = Неопределено;
	Для Каждого ТекущееПоле Из НаборДанных.Поля Цикл
		Если Строка(ТекущееПоле.Поле) = ИмяПоля Тогда
			ПолеНабора = ТекущееПоле;
			Прервать;
		КонецЕсли;
	КонецЦикла;
	
	Если ПолеНабора = Неопределено Тогда
		Возврат;
	КонецЕсли;
	
	// Устанавливаем роль поля
	Роль = ПолеНабора.Роль;
	
	// Если указано БезРоли, очищаем все свойства
	Если СвойстваРоль.Свойство(""БезРоли"") И СвойстваРоль.БезРоли Тогда
		Роль.ВыражениеВидаСчета = """";
		Роль.ГруппаОстатка = """";
		Роль.НомерПериода = 0;
		Роль.ИгнорироватьЗначенияNULL = Ложь;
		Роль.Измерение = Ложь;
		Роль.Обязательное = Ложь;
		Роль.Остаток = Ложь;
		Роль.ПолеСчета = """";
		Роль.РеквизитИзмерения = Ложь;
		Роль.РодительскоеИзмерение = """";
		Роль.Счет = Ложь;
		Роль.ТипБухгалтерскогоОстатка = ТипБухгалтерскогоОстаткаКомпоновкиДанных.Нет;
		Роль.ТипОстатка = ТипОстаткаКомпоновкиДанных.Нет;
		Роль.ТипПериода = ТипПериодаКомпоновкиДанных.Нет;
		Возврат;
	КонецЕсли;
	
	Если СвойстваРоль.Свойство(""ВыражениеВидаСчета"") Тогда
		Роль.ВыражениеВидаСчета = СвойстваРоль.ВыражениеВидаСчета;
	КонецЕсли;
	
	Если СвойстваРоль.Свойство(""ГруппаОстатка"") Тогда
		Роль.ГруппаОстатка = СвойстваРоль.ГруппаОстатка;
	КонецЕсли;
	
	Если СвойстваРоль.Свойство(""НомерПериода"") Тогда
		Роль.НомерПериода = СвойстваРоль.НомерПериода;
	КонецЕсли;
	
	Если СвойстваРоль.Свойство(""ИгнорироватьЗначенияNULL"") Тогда
		Роль.ИгнорироватьЗначенияNULL = СвойстваРоль.ИгнорироватьЗначенияNULL;
	КонецЕсли;
	
	Если СвойстваРоль.Свойство(""Измерение"") Тогда
		Роль.Измерение = СвойстваРоль.Измерение;
	КонецЕсли;
	
	Если СвойстваРоль.Свойство(""Обязательное"") Тогда
		Роль.Обязательное = СвойстваРоль.Обязательное;
	КонецЕсли;
	
	Если СвойстваРоль.Свойство(""Остаток"") Тогда
		Роль.Остаток = СвойстваРоль.Остаток;
	КонецЕсли;
	
	Если СвойстваРоль.Свойство(""ПолеСчета"") Тогда
		Роль.ПолеСчета = СвойстваРоль.ПолеСчета;
	КонецЕсли;
	
	Если СвойстваРоль.Свойство(""РеквизитИзмерения"") Тогда
		Роль.РеквизитИзмерения = СвойстваРоль.РеквизитИзмерения;
	КонецЕсли;
	
	Если СвойстваРоль.Свойство(""РодительскоеИзмерение"") Тогда
		Роль.РодительскоеИзмерение = СвойстваРоль.РодительскоеИзмерение;
	КонецЕсли;
	
	Если СвойстваРоль.Свойство(""Счет"") Тогда
		Роль.Счет = СвойстваРоль.Счет;
	КонецЕсли;
	
	Если СвойстваРоль.Свойство(""ТипБухгалтерскогоОстатка"") Тогда
		Роль.ТипБухгалтерскогоОстатка = СвойстваРоль.ТипБухгалтерскогоОстатка;
	КонецЕсли;
	
	Если СвойстваРоль.Свойство(""ТипОстатка"") Тогда
		Роль.ТипОстатка = СвойстваРоль.ТипОстатка;
	КонецЕсли;
	
	Если СвойстваРоль.Свойство(""ТипПериода"") Тогда
		Роль.ТипПериода = СвойстваРоль.ТипПериода;
	КонецЕсли;
	
КонецПроцедуры"
"Написать функцию СформироватьОтчетПрайсЛистТолькоЦены(ВидЦен), которая формирует отчет на сервере ""ПрайсЛист"" по заданному виду цен, 
с группировкой только по детальным записям, без вывода полей Товар.Цвет и Изображенией.  

Функция должна программно сформировать отчет ""ПрайсЛист"", вариант отчета ""Основной"".
Подменить стандартную структуру отчета на новую структуру: группировка ДетальныеЗаписи. 
Настройки отчета:
    Структура: Группировка: 
                 ДетальныеЗаписи: ВыбранныеПоля = Товар, Артикул, Цена.         
    Параметры отчета: ВидЦен 
	    Значения параметов: ВидЦен = ВидЦен.  
   	Параметры вывода: ВыводитьПараметрыДанных = Не выводить,
	                  ВыводитьОтбор = Не выводить.                
Возвращаемое значение: ТабличныйДокумент.","{""Catalogs"": [{""id"": ""ВидыЦен"", ""name"": ""Виды цен"", ""Attributes"": []}, {""id"": ""Товары"", ""name"": ""Товары"", ""Attributes"": [{""id"": ""Артикул"", ""name"": ""Артикул"", ""types"": [{""type"": ""String"", ""StringQualifiers"": ""15""}]}, {""id"": ""Поставщик"", ""name"": ""Поставщик"", ""types"": [{""type"": ""Ref"", ""id"": ""Справочник.Контрагенты""}]}, {""id"": ""ФайлКартинки"", ""name"": ""Картинка"", ""types"": [{""type"": ""Ref"", ""id"": ""Справочник.ХранимыеФайлы""}]}, {""id"": ""Вид"", ""name"": ""Вид"", ""types"": []}, {""id"": ""Штрихкод"", ""name"": ""Штрихкод"", ""types"": [{""type"": ""String"", ""StringQualifiers"": ""20""}]}, {""id"": ""Описание"", ""name"": ""Описание"", ""types"": [{""type"": ""String"", ""StringQualifiers"": ""0""}]}]}]}",task_106,server,high,task17_сложн_Куликова_v2.epf,"Функция СформироватьОтчетПрайсЛистТолькоЦены(ВидЦен)
	
	// Создаем схему компоновки данных из отчета
	СхемаКомпоновки = Отчеты.ПрайсЛист.ПолучитьМакет(""ОсновнаяСхемаКомпоновкиДанных"");
	
	// Получаем настройки по умолчанию
	НастройкиКомпоновки = СхемаКомпоновки.НастройкиПоУмолчанию;
	
	// Очищаем структуру отчета
	НастройкиКомпоновки.Структура.Очистить();
	
	// Добавляем группировку ""Детальные записи"" (без полей группировки)
	ГруппировкаДетальныеЗаписи = НастройкиКомпоновки.Структура.Добавить(Тип(""ГруппировкаКомпоновкиДанных""));
	ГруппировкаДетальныеЗаписи.Выбор.Элементы.Очистить();
	
	// Добавляем выбранные поля: Товар, Артикул, Цена
	ПолеТовар = ГруппировкаДетальныеЗаписи.Выбор.Элементы.Добавить(Тип(""ВыбранноеПолеКомпоновкиДанных""));
	ПолеТовар.Поле = Новый ПолеКомпоновкиДанных(""Товар"");
	
	ПолеАртикул = ГруппировкаДетальныеЗаписи.Выбор.Элементы.Добавить(Тип(""ВыбранноеПолеКомпоновкиДанных""));
	ПолеАртикул.Поле = Новый ПолеКомпоновкиДанных(""Артикул"");
	
	ПолеЦена = ГруппировкаДетальныеЗаписи.Выбор.Элементы.Добавить(Тип(""ВыбранноеПолеКомпоновкиДанных""));
	ПолеЦена.Поле = Новый ПолеКомпоновкиДанных(""Цена"");
	
	// Устанавливаем параметр ВидЦен
	ПараметрВидЦен = НастройкиКомпоновки.ПараметрыДанных.Элементы.Найти(""ВидЦен"");
	Если ПараметрВидЦен <> Неопределено Тогда
		ПараметрВидЦен.Значение = ВидЦен;
		ПараметрВидЦен.Использование = Истина;
	КонецЕсли;
	
	// Настраиваем параметры вывода
	ПараметрВыводаДанных = НастройкиКомпоновки.ПараметрыВывода.Элементы.Найти(""ВыводитьПараметрыДанных"");
	Если ПараметрВыводаДанных <> Неопределено Тогда
		ПараметрВыводаДанных.Значение = ТипВыводаТекстаКомпоновкиДанных.НеВыводить;
		ПараметрВыводаДанных.Использование = Истина;
	КонецЕсли;
	
	ПараметрВыводаОтбор = НастройкиКомпоновки.ПараметрыВывода.Элементы.Найти(""ВыводитьОтбор"");
	Если ПараметрВыводаОтбор <> Неопределено Тогда
		ПараметрВыводаОтбор.Значение = ТипВыводаТекстаКомпоновкиДанных.НеВыводить;
		ПараметрВыводаОтбор.Использование = Истина;
	КонецЕсли;
	
	// Формируем отчет
	КомпоновщикМакета = Новый КомпоновщикМакетаКомпоновкиДанных;
	МакетКомпоновки = КомпоновщикМакета.Выполнить(СхемаКомпоновки, НастройкиКомпоновки);
	
	ПроцессорКомпоновки = Новый ПроцессорКомпоновкиДанных;
	ПроцессорКомпоновки.Инициализировать(МакетКомпоновки);
	
	ПроцессорВывода = Новый ПроцессорВыводаРезультатаКомпоновкиДанныхВТабличныйДокумент;
	ТабличныйДокумент = Новый ТабличныйДокумент;
	ПроцессорВывода.УстановитьДокумент(ТабличныйДокумент);
	ПроцессорВывода.Вывести(ПроцессорКомпоновки);
	
	Возврат ТабличныйДокумент;
	
КонецФункции"
"Написать функцию УстановитьОформлениеОстатка(СхемаКД, ТипОстатка, ДопПараметры), которая в переданной схеме компоновки данных отчета(СхемаКД) 
для поля набора данных КоличествоОстаток(если ТипОстатка = ""Количество"") или СуммаОстаток(если ТипОстатка = ""Сумма"") устанавливает оформление с параметрами:
  * Формат = ""ЧЦ=10; ЧДЦ=2; ЧН=0; ЧО=1""
  * ВыделятьОтрицательные = Истина
  * ГоризонтальноеПоложение = Прижать вправо.
В параметре ДопПаматеры могут быть переданы дополнительные параметры для установки в оформление полей остатка. 
 
Функция должна найти поле СуммаОстаток(КоличествоОстаток) и установить обязательные параметры и дополнительные, если они переданы.

ПараметрыФункции:
СхемаКД (тип: СхемаКомпоновкиДанных) - схема компоновки данных натсраиваемого отчета.
ТипОстатка (тип: Строка) - содержит указание какое поле остатка использовать. Если ТипОстатка = ""Количество"", тогда найти поле ""КоличествоОстаток"". 
Если ТипОстатка = ""Сумма"", тогда найти поле ""Сумма"".
ДопПараметры (тип: Массив из Структура, Неопределено) - массив структур с описанием параметров для установки в оформлении поля набора данных, где стукрутра вида:
   Ключ (тип: Строка) - имя параметра оформления.
   Значение (тип: ЗначениеПараметраНастроекКомпоновкиДанных) - значение параметра оформления.
 Может быть не задано.",{},task_107,server,,task18_Куликова_v1.epf,"Функция УстановитьОформлениеОстатка(СхемаКД, ТипОстатка, ДопПараметры)
	
	// Определяем имя поля в зависимости от типа остатка
	Если ТипОстатка = ""Количество"" Тогда
		ИмяПоля = ""КоличествоОстаток"";
	ИначеЕсли ТипОстатка = ""Сумма"" Тогда
		ИмяПоля = ""СуммаОстаток"";
	Иначе
		Возврат Неопределено;
	КонецЕсли;
	
	// Ищем поле в наборах данных схемы компоновки
	ПолеНабораДанных = Неопределено;
	
	Для Каждого НаборДанных Из СхемаКД.НаборыДанных Цикл
		Для Каждого Поле Из НаборДанных.Поля Цикл
			Если Поле.Поле = ИмяПоля Тогда
				ПолеНабораДанных = Поле;
				Прервать;
			КонецЕсли;
		КонецЦикла;
		Если ПолеНабораДанных <> Неопределено Тогда
			Прервать;
		КонецЕсли;
	КонецЦикла;
	
	Если ПолеНабораДанных = Неопределено Тогда
		Возврат Неопределено;
	КонецЕсли;
	
	// Устанавливаем параметры оформления
	Оформление = ПолеНабораДанных.Оформление;
	
	// Формат
	ПараметрФормат = Оформление.НайтиЗначениеПараметра(Новый ПараметрКомпоновкиДанных(""Формат""));
	Если ПараметрФормат <> Неопределено Тогда
		ПараметрФормат.Значение = ""ЧЦ=10; ЧДЦ=2; ЧН=0; ЧО=1"";
		ПараметрФормат.Использование = Истина;
	КонецЕсли;
	
	// ВыделятьОтрицательные
	ПараметрВыделworking = Оформление.НайтиЗначениеПараметра(Новый ПараметрКомпоновкиДанных(""ВыделятьОтрицательные""));
	Если ПараметрВыделworking <> Неопределено Тогда
		ПараметрВыделworking.Значение = Истина;
		ПараметрВыделworking.Использование = Истина;
	КонецЕсли;
	
	// ГоризонтальноеПоложение
	ПараметрПоложение = Оформление.НайтиЗначениеПараметра(Новый ПараметрКомпоновкиДанных(""ГоризонтальноеПоложение""));
	Если ПараметрПоложение <> Неопределено Тогда
		ПараметрПоложение.Значение = ГоризонтальноеПоложение.Право;
		ПараметрПоложение.Использование = Истина;
	КонецЕсли;
	
	// Устанавливаем дополнительные параметры, если они переданы
	Если ДопПараметры <> Неопределено Тогда
		Для Каждого ОписаниеПараметра Из ДопПараметры Цикл
			ДопПараметрОформления = Оформление.НайтиЗначениеПараметра(Новый ПараметрКомпоновкиДанных(ОписаниеПараметра.Ключ));
			Если ДопПараметрОформления <> Неопределено Тогда
				ДопПараметрОформления.Значение = ОписаниеПараметра.Значение;
				ДопПараметрОформления.Использование = Истина;
			КонецЕсли;
		КонецЦикла;
	КонецЕсли;
	
	Возврат ПолеНабораДанных;
	
КонецФункции"
"Написать функцию ДобавитьНаборДанныхИзТаблицыЗначений(СхемаКД, ИмяИсточникДанных, Таблица, ИмяНабора), которая в переданную схему компоновки данных отчета(СхемаКД) 
в источник данных с именем = ИмяИсточникДанных добавляет новый набор данных с именем = ИмяНабора, с типом = НаборДанныхОбъектСхемыКомпоновкиДанных 
и заполняет его в соответствии с таблицей значений(Таблица).
Добавлять поля в новый набор данных по принципу: 
  ДобавленноеПоле.Поле = Колонка.Имя  
  ДобавленноеПоле.Заголовок = Колонка.Имя;
  ДобавленноеПоле.ТипЗначения = Новый ОписаниеТипов(Колонка.ТипЗначения) 
  ДобавленноеПоле.ПутьКДанным = Колонка.Имя
где ДобавленноеПоле - поле в наборе данных, Колонка - колонка таблицы значений.
Если ИмяНабора = """", тогда установить имя набора как ""НаборДанныхИзТаблицы"".   
Набор данных добавлять в источник данных с именем ИмяИсточникДанных. Если такой источник не найден, создать источник данных со свойствами:
		Имя = ИмяИсточникДанных;
		СтрокаСоединения = """";
		ТипИсточникаДанных = ""Local"";

Параметры функции:
  СхемаКД (тип: СхемаКомпоновкиДанных) - схема компоновки данных.
  Таблица (тип: ТаблицаЗначений) - таблица, по колонкам которой заполняется набор. 
  ИмяИсточникДанных (тип: Строка) - имя источника данных.
  ИмяНабора (тип: Строка) - имя нового набора. Может быть не задано.",{},task_108,server,,task19_Куликова_v1 .epf,"Функция ДобавитьНаборДанныхИзТаблицыЗначений(СхемаКД, ИмяИсточникДанных, Таблица, ИмяНабора)
	
	// Определяем имя набора данных
	ИмяНабораДанных = ИмяНабора;
	Если ИмяНабораДанных = """" Тогда
		ИмяНабораДанных = ""НаборДанныхИзТаблицы"";
	КонецЕсли;
	
	// Ищем источник данных с указанным именем
	ИсточникДанных = Неопределено;
	Для Каждого Источник Из СхемаКД.ИсточникиДанных Цикл
		Если Источник.Имя = ИмяИсточникДанных Тогда
			ИсточникДанных = Источник;
			Прервать;
		КонецЕсли;
	КонецЦикла;
	
	// Если источник не найден, создаем новый
	Если ИсточникДанных = Неопределено Тогда
		ИсточникДанных = СхемаКД.ИсточникиДанных.Добавить();
		ИсточникДанных.Имя = ИмяИсточникДанных;
		ИсточникДанных.СтрокаСоединения = """";
		ИсточникДанных.ТипИсточникаДанных = ""Local"";
	КонецЕсли;
	
	// Добавляем новый набор данных типа ""Объект""
	НаборДанных = СхемаКД.НаборыДанных.Добавить(Тип(""НаборДанныхОбъектСхемыКомпоновкиДанных""));
	НаборДанных.Имя = ИмяНабораДанных;
	НаборДанных.ИсточникДанных = ИсточникДанных.Имя;
	НаборДанных.ИмяОбъекта = ИмяНабораДанных;
	
	// Заполняем поля набора данных по колонкам таблицы значений
	Для Каждого Колонка Из Таблица.Колонки Цикл
		ДобавленноеПоле = НаборДанных.Поля.Добавить(Тип(""ПолеНабораДанныхСхемыКомпоновкиДанных""));
		ДобавленноеПоле.Поле = Колонка.Имя;
		ДобавленноеПоле.Заголовок = Колонка.Имя;
		ДобавленноеПоле.ТипЗначения = Новый ОписаниеТипов(Колонка.ТипЗначения);
		ДобавленноеПоле.ПутьКДанным = Колонка.Имя;
	КонецЦикла;
	
	Возврат НаборДанных;
	
КонецФункции"
"Написать функцию СформироватьОтчетПоПроведеннымОплатамСВалютой(), которая формирует отчет на сервере ""ДокументыОплата"" с отбором по проведенным документам оплаты и выводом колонки Валюта.
Функция должна программно сформировать отчет ""ДокументыОплата"", вариант отчета ""Основной"". 
Для вывода брать только непомеченные на удаление документы Оплата. Колонку Валюта выводить перед колонкой Сумма.
Настройки отчета: 
    ВыбранныеПоля: Дата, Номер, Поставщик, РасчетныйСчетПоставщика, Валюта, Сумма.
   	Параметры вывода: ВыводитьПараметрыДанных = Не выводить,
	                  ВыводитьОтбор = Не выводить. 
	Отбор : Проведен = Истина, ПометкаУдаления = Ложь.                                 
Возвращаемое значение: ТабличныйДокумент.","{""Documents"": [{""id"": ""Оплата"", ""name"": ""Оплата"", ""Attributes"": [{""id"": ""Поставщик"", ""name"": ""Поставщик"", ""types"": [{""type"": ""Ref"", ""id"": ""Справочник.Контрагенты""}]}, {""id"": ""РасчетныйСчетПоставщика"", ""name"": ""Расчетный счет поставщика"", ""types"": [{""type"": ""Ref"", ""id"": ""Справочник.РасчетныеСчетаКонтрагентов""}]}, {""id"": ""РасчетныйСчет"", ""name"": ""Расчетный счет"", ""types"": [{""type"": ""Ref"", ""id"": ""Справочник.РасчетныеСчета""}]}, {""id"": ""Валюта"", ""name"": ""Валюта"", ""types"": [{""type"": ""Ref"", ""id"": ""Справочник.Валюты""}]}, {""id"": ""Сумма"", ""name"": ""Сумма"", ""types"": [{""type"": ""Number"", ""NumberQualifiers"": ""10.2""}]}, {""id"": ""Организация"", ""name"": ""Организация"", ""types"": [{""type"": ""Ref"", ""id"": ""Справочник.Организации""}]}]}], ""Catalogs"": [{""id"": ""РасчетныеСчетаКонтрагентов"", ""name"": ""Расчетные счета контрагентов"", ""Attributes"": [{""id"": ""Номер"", ""name"": ""Номер"", ""types"": [{""type"": ""String"", ""StringQualifiers"": ""20""}]}, {""id"": ""Банк"", ""name"": ""Банк"", ""types"": [{""type"": ""Ref"", ""id"": ""Справочник.Банки""}]}]}]}",task_109,server,high,task19_сложн_Куликова_v1 .epf,"Функция СформироватьОтчетПоПроведеннымОплатамСВалютой() Экспорт
	
	ТабличныйДокумент = Новый ТабличныйДокумент;
	
	СхемаКомпоновкиДанных = Отчеты.ДокументыОплата.ПолучитьМакет(""ОсновнаяСхемаКомпоновкиДанных"");
	
	КомпоновщикНастроек = Новый КомпоновщикНастроекКомпоновкиДанных;
	КомпоновщикНастроек.Инициализировать(Новый ИсточникДоступныхНастроекКомпоновкиДанных(СхемаКомпоновкиДанных));
	КомпоновщикНастроек.ЗагрузитьНастройки(СхемаКомпоновкиДанных.НастройкиПоУмолчанию);
	
	Настройки = КомпоновщикНастроек.Настройки;
	
	// Очищаем выбранные поля
	Настройки.Выбор.Элементы.Очистить();
	
	// Добавляем выбранные поля
	ПолеДата = Настройки.Выбор.Элементы.Добавить(Тип(""ВыбранноеПолеКомпоновкиДанных""));
	ПолеДата.Поле = Новый ПолеКомпоновкиДанных(""Дата"");
	
	ПолеНомер = Настройки.Выбор.Элементы.Добавить(Тип(""ВыбранноеПолеКомпоновкиДанных""));
	ПолеНомер.Поле = Новый ПолеКомпоновкиДанных(""Номер"");
	
	ПолеПоставщик = Настройки.Выбор.Элементы.Добавить(Тип(""ВыбранноеПолеКомпоновкиДанных""));
	ПолеПоставщик.Поле = Новый ПолеКомпоновкиДанных(""Поставщик"");
	
	ПолеРасчетныйСчетПоставщика = Настройки.Выбор.Элементы.Добавить(Тип(""ВыбранноеПолеКомпоновкиДанных""));
	ПолеРасчетныйСчетПоставщика.Поле = Новый ПолеКомпоновкиДанных(""РасчетныйСчетПоставщика"");
	
	ПолеВалюта = Настройки.Выбор.Элементы.Добавить(Тип(""ВыбранноеПолеКомпоновкиДанных""));
	ПолеВалюта.Поле = Новый ПолеКомпоновкиДанных(""Валюта"");
	
	ПолеСумма = Настройки.Выбор.Элементы.Добавить(Тип(""ВыбранноеПолеКомпоновкиДанных""));
	ПолеСумма.Поле = Новый ПолеКомпоновкиДанных(""Сумма"");
	
	// Настройка отбора
	Настройки.Отбор.Элементы.Очистить();
	
	ЭлементОтбораПроведен = Настройки.Отбор.Элементы.Добавить(Тип(""ЭлементОтбораКомпоновкиДанных""));
	ЭлементОтбораПроведен.ЛевоеЗначение = Новый ПолеКомпоновкиДанных(""Проведен"");
	ЭлементОтбораПроведен.ВидСравнения = ВидСравненияКомпоновкиДанных.Равно;
	ЭлементОтбораПроведен.ПравоеЗначение = Истина;
	ЭлементОтбораПроведен.Использование = Истина;
	
	ЭлементОтбораПометкаУдаления = Настройки.Отбор.Элементы.Добавить(Тип(""ЭлементОтбораКомпоновкиДанных""));
	ЭлементОтбораПометкаУдаления.ЛевоеЗначение = Новый ПолеКомпоновкиДанных(""ПометкаУдаления"");
	ЭлементОтбораПометкаУдаления.ВидСравнения = ВидСравненияКомпоновкиДанных.Равно;
	ЭлементОтбораПометкаУдаления.ПравоеЗначение = Ложь;
	ЭлементОтбораПометкаУдаления.Использование = Истина;
	
	// Параметры вывода
	ЭлементВыводПараметровДанных = Настройки.ПараметрыВывода.НайтиЗначениеПараметра(Новый ПараметрКомпоновкиДанных(""ВыводитьПараметрыДанных""));
	Если ЭлементВыводПараметровДанных <> Неопределено Тогда
		ЭлементВыводПараметровДанных.Значение = ТипВыводаТекстаКомпоновкиДанных.НеВыводить;
		ЭлементВыводПараметровДанных.Использование = Истина;
	КонецЕсли;
	
	ЭлементВыводОтбора = Настройки.ПараметрыВывода.НайтиЗначениеПараметра(Новый ПараметрКомпоновкиДанных(""ВыводитьОтбор""));
	Если ЭлементВыводОтбора <> Неопределено Тогда
		ЭлементВыводОтбора.Значение = ТипВыводаТекстаКомпоновкиДанных.НеВыводить;
		ЭлементВыводОтбора.Использование = Истина;
	КонецЕсли;
	
	// Формирование отчета
	КомпоновщикМакета = Новый КомпоновщикМакетаКомпоновкиДанных;
	МакетКомпоновки = КомпоновщикМакета.Выполнить(СхемаКомпоновкиДанных, Настройки);
	
	ПроцессорКомпоновки = Новый ПроцессорКомпоновкиДанных;
	ПроцессорКомпоновки.Инициализировать(МакетКомпоновки);
	
	ПроцессорВывода = Новый ПроцессорВыводаРезультатаКомпоновкиДанныхВТабличныйДокумент;
	ПроцессорВывода.УстановитьДокумент(ТабличныйДокумент);
	ПроцессорВывода.Вывести(ПроцессорКомпоновки);
	
	Возврат ТабличныйДокумент;
	
КонецФункции"
"Написать функцию СохранитьНастройкиСКДВФайлXML(КомпоновщикНастроек, Путь), которая сохраняет настройки компоновщика данных отчета в файл XML, 
расположенный по пути = Путь.
Если параметр Путь не задан, тогда путь до файла получить как имя временного файла c расширением = ""xml"" и положить его в параметр Путь. 
Если параметр Путь задан, тогда путь до файла = Путь + ""config.xml"" и положить его в параметр Путь. 

Параметры функции:
  КомпоновщикНастроек (тип: КомпоновщикНастроекКомпоновкиДанных) - компоновщик настроек компоновки данных для сохранения.
  Путь (тип: Строка) - путь к файлу, в который сохраняются настройки. Может быть не задан.",{},task_110,server,,task20_Куликова_v1.epf,"Функция СохранитьНастройкиСКДВФайлXML(КомпоновщикНастроек, Путь = Неопределено)
	
	Если НЕ ЗначениеЗаполнено(Путь) Тогда
		Путь = ПолучитьИмяВременногоФайла(""xml"");
	Иначе
		Путь = Путь + ""config.xml"";
	КонецЕсли;
	
	ЗаписьXML = Новый ЗаписьXML;
	ЗаписьXML.ОткрытьФайл(Путь);
	
	СериализаторXDTO.ЗаписатьXML(ЗаписьXML, КомпоновщикНастроек.Настройки);
	
	ЗаписьXML.Закрыть();
	
	Возврат Путь;
	
КонецФункции"
"Написать функцию ВыгрузитьПросроченныеЗаказыВФайлJSON(ДатаКонтроля),
которая формирует и выгружает данные о просроченных заказах клиентов в файл формата JSON на основании данных документа Документ.Заказ и справочника Справочник.Контрагенты.

Задача предназначена для автоматизации обмена данными с внешними системами  и анализа просроченных заказов. 
Выгрузка в JSON позволяет использовать данные вне информационной базы 1С. 

Функция принимает один параметр:
ДатаКонтроля это дата, на которую выполняется анализ просроченных заказов.

Если параметр не задан, функция должна автоматически установить:
ДатаКонтроля  текущая дата (конец дня). 

Расчет выполняется на основании:
Документ.Заказ
Ссылка
Номер
Дата
Покупатель
Сумма
СостояниеЗаказа
Проведен
Справочник.Контрагенты
ЭлектроннаяПочта

В обработку попадают только заказы, которые:
проведены
имеют состояние Открыт
дата заказа меньше даты контроля 

Функция должна возвращать строку, содержащую полный путь к сформированному JSON-файлу.
JSON-файл содержит массив объектов со следующей структурой:
НомерЗаказа
ДатаЗаказа
Покупатель
Сумма
ЭлектроннаяПочта
СостояниеЗаказа
ПросроченоДней

Поле ПросроченоДней рассчитывается как количество календарных дней между датой заказа и датой контроля
В JSON включаются только записи, у которых ПросроченоДней > 0 

Покупатель формируется как строковое представление ссылки на контрагента
ДатаЗаказа формируется в формате yyyy-MM-dd 

ЭлектроннаяПочта если значение отсутствует то записывается пустая строка """" иначе  строковое значение

 
Позволяет автоматически формировать и передавать данные о просроченных заказах во внешние системы, обеспечивая контроль исполнения заказов и поддержку интеграционных процессов.","{""Documents"": [{""id"": ""Заказ"", ""name"": ""Заказ"", ""Attributes"": [{""id"": ""Покупатель"", ""name"": ""Покупатель"", ""types"": [{""type"": ""Ref"", ""id"": ""Справочник.Контрагенты""}]}, {""id"": ""Склад"", ""name"": ""Склад"", ""types"": [{""type"": ""Ref"", ""id"": ""Справочник.Склады""}]}, {""id"": ""Валюта"", ""name"": ""Валюта взаиморасчетов"", ""types"": [{""type"": ""Ref"", ""id"": ""Справочник.Валюты""}]}, {""id"": ""ВидЦен"", ""name"": ""Вид цен"", ""types"": [{""type"": ""Ref"", ""id"": ""Справочник.ВидыЦен""}]}, {""id"": ""Организация"", ""name"": ""Организация"", ""types"": [{""type"": ""Ref"", ""id"": ""Справочник.Организации""}]}, {""id"": ""СостояниеЗаказа"", ""name"": ""Состояние заказа"", ""types"": [{""type"": ""Ref"", ""id"": ""Перечисление.СостоянияЗаказов""}]}, {""id"": ""Автор"", ""name"": ""Автор"", ""types"": [{""type"": ""Ref"", ""id"": ""Справочник.Пользователи""}]}, {""id"": ""Сумма"", ""name"": ""Сумма"", ""types"": [{""type"": ""Number"", ""NumberQualifiers"": ""10.2""}]}], ""TabularSections"": [{""id"": ""Товары"", ""name"": ""Товары"", ""Attributes"": [{""id"": ""Товар"", ""name"": ""Товар"", ""types"": [{""type"": ""Ref"", ""id"": ""Справочник.Товары""}]}, {""id"": ""Цена"", ""name"": ""Цена"", ""types"": [{""type"": ""Number"", ""NumberQualifiers"": ""10.2""}]}, {""id"": ""Количество"", ""name"": ""Количество"", ""types"": [{""type"": ""Number"", ""NumberQualifiers"": ""10.0""}]}, {""id"": ""Сумма"", ""name"": ""Сумма"", ""types"": [{""type"": ""Number"", ""NumberQualifiers"": ""10.2""}]}]}]}], ""Catalogs"": [{""id"": ""Контрагенты"", ""name"": ""Контрагенты"", ""Attributes"": [{""id"": ""Регион"", ""name"": ""Регион"", ""types"": [{""type"": ""Ref"", ""id"": ""Справочник.Регионы""}]}, {""id"": ""Индекс"", ""name"": ""Индекс"", ""types"": [{""type"": ""String"", ""StringQualifiers"": ""10""}]}, {""id"": ""Страна"", ""name"": ""Страна"", ""types"": [{""type"": ""String"", ""StringQualifiers"": ""0""}]}, {""id"": ""Город"", ""name"": ""Город"", ""types"": [{""type"": ""String"", ""StringQualifiers"": ""0""}]}, {""id"": ""Улица"", ""name"": ""Улица"", ""types"": [{""type"": ""String"", ""StringQualifiers"": ""0""}]}, {""id"": ""Дом"", ""name"": ""Дом"", ""types"": [{""type"": ""String"", ""StringQualifiers"": ""15""}]}, {""id"": ""Телефон"", ""name"": ""Телефон"", ""types"": [{""type"": ""String"", ""StringQualifiers"": ""16""}]}, {""id"": ""ЭлектроннаяПочта"", ""name"": ""Электронная почта"", ""types"": [{""type"": ""String"", ""StringQualifiers"": ""40""}]}, {""id"": ""Факс"", ""name"": ""Факс"", ""types"": [{""type"": ""String"", ""StringQualifiers"": ""16""}]}, {""id"": ""ВебСайт"", ""name"": ""Веб сайт"", ""types"": [{""type"": ""String"", ""StringQualifiers"": ""40""}]}, {""id"": ""ВидЦен"", ""name"": ""Вид цен"", ""types"": [{""type"": ""Ref"", ""id"": ""Справочник.ВидыЦен""}]}, {""id"": ""ДополнительнаяИнформация"", ""name"": ""Дополнительная информация"", ""types"": [{""type"": ""String"", ""StringQualifiers"": ""0""}]}, {""id"": ""КонтактноеЛицо"", ""name"": ""Контактное лицо"", ""types"": [{""type"": ""String"", ""StringQualifiers"": ""100""}]}, {""id"": ""Широта"", ""name"": ""Широта"", ""types"": [{""type"": ""Number"", ""NumberQualifiers"": ""10.6""}]}, {""id"": ""Долгота"", ""name"": ""Долгота"", ""types"": [{""type"": ""Number"", ""NumberQualifiers"": ""10.6""}]}]}]}",task_111,server,mid,task20_СредняяВыгрузитьПросроченныеЗаказыВФайлJSON_v5.epf,"Функция ВыгрузитьПросроченныеЗаказыВФайлJSON(ДатаКонтроля = Неопределено) Экспорт
	
	Если ДатаКонтроля = Неопределено Тогда
		ДатаКонтроля = КонецДня(ТекущаяДата());
	КонецЕсли;
	
	Запрос = Новый Запрос;
	Запрос.Текст = 
	""ВЫБРАТЬ
	|	Заказ.Номер КАК НомерЗаказа,
	|	Заказ.Дата КАК ДатаЗаказа,
	|	Заказ.Покупатель КАК Покупатель,
	|	Заказ.Сумма КАК Сумма,
	|	Заказ.Покупатель.ЭлектроннаяПочта КАК ЭлектроннаяПочта,
	|	Заказ.СостояниеЗаказа КАК СостояниеЗаказа
	|ИЗ
	|	Документ.Заказ КАК Заказ
	|ГДЕ
	|	Заказ.Проведен = ИСТИНА
	|	И Заказ.СостояниеЗаказа = ЗНАЧЕНИЕ(Перечисление.СостоянияЗаказов.Открыт)
	|	И Заказ.Дата < &ДатаКонтроля"";
	
	Запрос.УстановитьПараметр(""ДатаКонтроля"", ДатаКонтроля);
	
	Результат = Запрос.Выполнить();
	Выборка = Результат.Выбрать();
	
	МассивЗаказов = Новый Массив;
	
	Пока Выборка.Следующий() Цикл
		
		ПросроченоДней = (НачалоДня(ДатаКонтроля) - НачалоДня(Выборка.ДатаЗаказа)) / 86400;
		
		Если ПросроченоДней > 0 Тогда
			
			СтруктураЗаказа = Новый Структура;
			СтруктураЗаказа.Вставить(""НомерЗаказа"", Выборка.НомерЗаказа);
			СтруктураЗаказа.Вставить(""ДатаЗаказа"", Формат(Выборка.ДатаЗаказа, ""ДФ=yyyy-MM-dd""));
			СтруктураЗаказа.Вставить(""Покупатель"", Строка(Выборка.Покупатель));
			СтруктураЗаказа.Вставить(""Сумма"", Выборка.Сумма);
			
			Если ЗначениеЗаполнено(Выборка.ЭлектроннаяПочта) Тогда
				СтруктураЗаказа.Вставить(""ЭлектроннаяПочта"", Строка(Выборка.ЭлектроннаяПочта));
			Иначе
				СтруктураЗаказа.Вставить(""ЭлектроннаяПочта"", """");
			КонецЕсли;
			
			СтруктураЗаказа.Вставить(""СостояниеЗаказа"", Строка(Выборка.СостояниеЗаказа));
			СтруктураЗаказа.Вставить(""ПросроченоДней"", ПросроченоДней);
			
			МассивЗаказов.Добавить(СтруктураЗаказа);
			
		КонецЕсли;
		
	КонецЦикла;
	
	ЗаписьJSON = Новый ЗаписьJSON;
	
	ИмяФайла = КаталогВременныхФайлов() + ""ПросроченныеЗаказы_"" + Формат(ДатаКонтроля, ""ДФ=yyyyMMdd"") + "".json"";
	
	ЗаписьJSON.ОткрытьФайл(ИмяФайла, , , Новый ПараметрыЗаписиJSON( , Символы.Таб));
	
	ЗаписатьJSON(ЗаписьJSON, МассивЗаказов);
	
	ЗаписьJSON.Закрыть();
	
	Возврат ИмяФайла;
	
КонецФункции"
"Написать функцию СформироватьОтчетПоОплатамПоОрганизациям(), которая формирует отчет на сервере ""ДокументыОплата"" с группировкой по организации(Организация)
Функция должна программно сформировать отчет ""ДокументыОплата"", вариант отчета ""Основной"".  
Организацию получить как поле Ссылка.Организация.
Настройки отчета: 
    Структура отчета: Группировка:
                           Ссылка.Организация: ТипГруппировки = Иерархия, ТипДополнения = БезДополнения. 
                                   ДетальныеЗаписи.
    Выбранные поля:   Ссылка.Организация, Поставщик, Дата, Сумма.                              
    Параметры вывода: ВыводитьПараметрыДанных = Не выводить,
	                  ВыводитьОтбор = Не выводить.   
Заголовок поля ""Ссылка.Организация"" установить как ""Организация"". 	                                                                  
Возвращаемое значение: ТабличныйДокумент.",{},task_112,server,high,task20_сложн_Куликова_v1 .epf,"Функция СформироватьОтчетПоОплатамПоОрганизациям() Экспорт
	
	// Создаем табличный документ для вывода результата
	ТабличныйДокумент = Новый ТабличныйДокумент;
	
	// Получаем схему компоновки данных отчета
	СхемаКомпоновкиДанных = Отчеты.ДокументыОплата.ПолучитьМакет(""ОсновнаяСхемаКомпоновкиДанных"");
	
	// Создаем настройки компоновки данных
	Настройки = СхемаКомпоновкиДанных.НастройкиПоУмолчанию;
	Настройки.Структура.Очистить();
	Настройки.Выбор.Элементы.Очистить();
	
	// Создаем группировку по Ссылка.Организация
	ГруппировкаОрганизация = Настройки.Структура.Добавить(Тип(""ГруппировкаКомпоновкиДанных""));
	ГруппировкаОрганизация.Использование = Истина;
	
	ПолеГруппировки = ГруппировкаОрганизация.ПоляГруппировки.Элементы.Добавить(Тип(""ПолеГруппировкиКомпоновкиДанных""));
	ПолеГруппировки.Использование = Истина;
	ПолеГруппировки.Поле = Новый ПолеКомпоновкиДанных(""Ссылка.Организация"");
	ПолеГруппировки.ТипГруппировки = ТипГруппировкиКомпоновкиДанных.Иерархия;
	ПолеГруппировки.ТипДополнения = ТипДополненияПериодаКомпоновкиДанных.БезДополнения;
	
	// Добавляем детальные записи внутри группировки
	ДетальныеЗаписи = ГруппировкаОрганизация.Структура.Добавить(Тип(""ГруппировкаКомпоновкиДанных""));
	ДетальныеЗаписи.Использование = Истина;
	
	// Настраиваем выбранные поля
	ПолеОрганизация = Настройки.Выбор.Элементы.Добавить(Тип(""ВыбранноеПолеКомпоновкиДанных""));
	ПолеОрганизация.Поле = Новый ПолеКомпоновкиДанных(""Ссылка.Организация"");
	ПолеОрганизация.Использование = Истина;
	ПолеОрганизация.Заголовок = ""Организация"";
	
	ПолеПоставщик = Настройки.Выбор.Элементы.Добавить(Тип(""ВыбранноеПолеКомпоновкиДанных""));
	ПолеПоставщик.Поле = Новый ПолеКомпоновкиДанных(""Поставщик"");
	ПолеПоставщик.Использование = Истина;
	
	ПолеДата = Настройки.Выбор.Элементы.Добавить(Тип(""ВыбранноеПолеКомпоновкиДанных""));
	ПолеДата.Поле = Новый ПолеКомпоновкиДанных(""Дата"");
	ПолеДата.Использование = Истина;
	
	ПолеСумма = Настройки.Выбор.Элементы.Добавить(Тип(""ВыбранноеПолеКомпоновкиДанных""));
	ПолеСумма.Поле = Новый ПолеКомпоновкиДанных(""Сумма"");
	ПолеСумма.Использование = Истина;
	
	// Настраиваем параметры вывода
	ЭлементВыводаПараметровДанных = Настройки.ПараметрыВывода.НайтиЗначениеПараметра(Новый ПараметрКомпоновкиДанных(""ВыводитьПараметрыДанных""));
	Если ЭлементВыводаПараметровДанных <> Неопределено Тогда
		ЭлементВыводаПараметровДанных.Использование = Истина;
		ЭлементВыводаПараметровДанных.Значение = ТипВыводаТекстаКомпоновкиДанных.НеВыводить;
	КонецЕсли;
	
	ЭлементВыводаОтбора = Настройки.ПараметрыВывода.НайтиЗначениеПараметра(Новый ПараметрКомпоновкиДанных(""ВыводитьОтбор""));
	Если ЭлементВыводаОтбора <> Неопределено Тогда
		ЭлементВыводаОтбора.Использование = Истина;
		ЭлементВыводаОтбора.Значение = ТипВыводаТекстаКомпоновкиДанных.НеВыводить;
	КонецЕсли;
	
	// Компонуем данные
	КомпоновщикМакета = Новый КомпоновщикМакетаКомпоновкиДанных;
	МакетКомпоновки = КомпоновщикМакета.Выполнить(СхемаКомпоновкиДанных, Настройки, , , Тип(""ГенераторМакетаКомпоновкиДанных""));
	
	ПроцессорКомпоновки = Новый ПроцессорКомпоновкиДанных;
	ПроцессорКомпоновки.Инициализировать(МакетКомпоновки);
	
	ПроцессорВывода = Новый ПроцессорВыводаРезультатаКомпоновкиДанныхВТабличныйДокумент;
	ПроцессорВывода.УстановитьДокумент(ТабличныйДокумент);
	ПроцессорВывода.Вывести(ПроцессорКомпоновки);
	
	Возврат ТабличныйДокумент;
	
КонецФункции"
"Написать функцию СформироватьАнализЗадолженностиПоставщикам(ДатаНач, ДатаКон),
которая формирует аналитический отчет по задолженности предприятия перед поставщиками с учетом валюты Рубли.  
Функция принимает два параметра:

ДатаНач  дата начала периода анализа;
ДатаКон  дата окончания периода анализа. 

Если параметры не заданы:
ДатаНач = начало дня 30 дней назад
ДатаКон = конец текущего дня  

Проверка параметров перед выполнением расчета:

Проверяем ДатаНач если значение  Неопределено то используется значение по умолчанию;
если же ДатаКон < ДатаНач то генерируется исключение;

Для определения суммы поставок используется документ Документ.ПриходТовара выполняет расчёт в рублях с учётом мультивалютности
из табличной части выбираются поля Поставщик, Сумма     

СуммаПоставок это общая сумма приходов товаров от поставщика за период (ДатаНач, ДатаКон).
Рассчитывается как сумма по табличной части Товары документа ПриходТовара.
Если документ оформлен в валюте, отличной от рублей, сумма пересчитывается в рубли по курсу валюты из регистра сведений КурсыВалют

Оплачено — общая сумма оплат поставщику.
Рассчитывается как сумма движений по регистру накопления Взаиморасчеты по данному поставщику. 

Долг = СуммаПоставок − Оплачено.
В результат включаются только поставщики с положительной задолженностью (Долг > 0).

Возвращаемое значение
Функция возвращает объект типа ТаблицаЗначений со следующими колонками:
Поставщик    
Наименование  
СуммаПоставок
Оплачено 
Долг
Результат сортируется по убыванию суммы долга","{""Documents"": [{""id"": ""ПриходТовара"", ""name"": ""Приход товара"", ""Attributes"": [{""id"": ""Поставщик"", ""name"": ""Поставщик"", ""types"": [{""type"": ""Ref"", ""id"": ""Справочник.Контрагенты""}]}, {""id"": ""Склад"", ""name"": ""Склад"", ""types"": [{""type"": ""Ref"", ""id"": ""Справочник.Склады""}]}, {""id"": ""Валюта"", ""name"": ""Валюта взаиморасчетов"", ""types"": [{""type"": ""Ref"", ""id"": ""Справочник.Валюты""}]}, {""id"": ""Организация"", ""name"": ""Организация"", ""types"": [{""type"": ""Ref"", ""id"": ""Справочник.Организации""}]}], ""TabularSections"": [{""id"": ""Товары"", ""name"": ""Товары"", ""Attributes"": [{""id"": ""Товар"", ""name"": ""Товар"", ""types"": [{""type"": ""Ref"", ""id"": ""Справочник.Товары""}]}, {""id"": ""Цена"", ""name"": ""Цена"", ""types"": [{""type"": ""Number"", ""NumberQualifiers"": ""10.2""}]}, {""id"": ""Количество"", ""name"": ""Количество"", ""types"": [{""type"": ""Number"", ""NumberQualifiers"": ""10.2""}]}, {""id"": ""Сумма"", ""name"": ""Сумма"", ""types"": [{""type"": ""Number"", ""NumberQualifiers"": ""10.2""}]}]}]}], ""AccumulationRegisters"": [{""id"": ""Взаиморасчеты"", ""name"": ""Взаиморасчеты"", ""RegisterType"": ""Balance"", ""Dimensions"": [{""id"": ""Контрагент"", ""name"": ""Контрагент"", ""types"": [{""type"": ""Ref"", ""id"": ""Справочник.Контрагенты""}]}, {""id"": ""Валюта"", ""name"": ""Валюта"", ""types"": [{""type"": ""Ref"", ""id"": ""Справочник.Валюты""}]}], ""Resources"": [{""id"": ""Сумма"", ""name"": ""Сумма"", ""types"": [{""type"": ""Number"", ""NumberQualifiers"": ""10.2""}]}]}], ""InformationRegisters"": [{""id"": ""КурсыВалют"", ""name"": ""Курсы валют"", ""InformationRegisterPeriodicity"": ""Day"", ""WriteMode"": ""Independent"", ""Dimensions"": [{""id"": ""Валюта"", ""name"": ""Валюта"", ""types"": [{""type"": ""Ref"", ""id"": ""Справочник.Валюты""}]}], ""Resources"": [{""id"": ""Курс"", ""name"": ""Курс"", ""types"": [{""type"": ""Number"", ""NumberQualifiers"": ""10.2""}]}]}], ""Catalogs"": [{""id"": ""Валюты"", ""name"": ""Валюты"", ""Attributes"": [{""id"": ""НаименованиеОсновнойВалюты"", ""name"": ""Наименование основной валюты"", ""types"": [{""type"": ""String"", ""StringQualifiers"": ""0""}]}, {""id"": ""НаименованиеРазменнойВалюты"", ""name"": ""Наименование разменной валюты"", ""types"": [{""type"": ""String"", ""StringQualifiers"": ""0""}]}]}]}",task_113,server,high,task21_СложнаяСформироватьЗадолженностьПередПоставщиками_v4_.epf,"Функция СформироватьАнализЗадолженностиПоставщикам(ДатаНач = Неопределено, ДатаКон = Неопределено) Экспорт
	
	// Определение значений по умолчанию
	Если ДатаНач = Неопределено Тогда
		ДатаНач = НачалоДня(ТекущаяДата() - 30 * 86400);
	КонецЕсли;
	
	Если ДатаКон = Неопределено Тогда
		ДатаКон = КонецДня(ТекущаяДата());
	КонецЕсли;
	
	// Проверка параметров
	Если ДатаКон < ДатаНач Тогда
		ВызватьИсключение ""Дата окончания периода не может быть меньше даты начала периода."";
	КонецЕсли;
	
	// Получаем ссылку на валюту ""Рубли""
	ВалютаРубли = Справочники.Валюты.НайтиПоНаименованию(""Рубли"");
	
	// Запрос для получения сумм поставок с пересчетом в рубли
	Запрос = Новый Запрос;
	Запрос.Текст = 
	""ВЫБРАТЬ
	|	ПриходТовара.Поставщик КАК Поставщик,
	|	ПриходТовара.Поставщик.Наименование КАК Наименование,
	|	СУММА(ВЫБОР
	|		КОГДА ПриходТовара.Валюта = &ВалютаРубли
	|			ТОГДА ПриходТовараТовары.Сумма
	|		ИНАЧЕ ПриходТовараТовары.Сумма * ЕСТЬNULL(КурсыВалют.Курс, 1)
	|	КОНЕЦ) КАК СуммаПоставок
	|ИЗ
	|	Документ.ПриходТовара.Товары КАК ПриходТовараТовары
	|		ВНУТРЕННЕЕ СОЕДИНЕНИЕ Документ.ПриходТовара КАК ПриходТовара
	|		ПО ПриходТовараТовары.Ссылка = ПриходТовара.Ссылка
	|		ЛЕВОЕ СОЕДИНЕНИЕ РегистрСведений.КурсыВалют.СрезПоследних(&ДатаКон) КАК КурсыВалют
	|		ПО ПриходТовара.Валюта = КурсыВалют.Валюта
	|ГДЕ
	|	ПриходТовара.Дата МЕЖДУ &ДатаНач И &ДатаКон
	|	И ПриходТовара.Проведен = ИСТИНА
	|СГРУППИРОВАТЬ ПО
	|	ПриходТовара.Поставщик,
	|	ПриходТовара.Поставщик.Наименование"";
	
	Запрос.УстановитьПараметр(""ДатаНач"", ДатаНач);
	Запрос.УстановитьПараметр(""ДатаКон"", ДатаКон);
	Запрос.УстановитьПараметр(""ВалютаРубли"", ВалютаРубли);
	
	РезультатПоставок = Запрос.Выполнить().Выгрузить();
	
	// Запрос для получения сумм оплат из регистра накопления Взаиморасчеты
	ЗапросОплат = Новый Запрос;
	ЗапросОплат.Текст = 
	""ВЫБРАТЬ
	|	ВзаиморасчетыОбороты.Контрагент КАК Поставщик,
	|	СУММА(ВзаиморасчетыОбороты.СуммаРасход) КАК Оплачено
	|ИЗ
	|	РегистрНакопления.Взаиморасчеты.Обороты(&ДатаНач, &ДатаКон, , Валюта = &ВалютаРубли) КАК ВзаиморасчетыОбороты
	|СГРУППИРОВАТЬ ПО
	|	ВзаиморасчетыОбороты.Контрагент"";
	
	ЗапросОплат.УстановитьПараметр(""ДатаНач"", ДатаНач);
	ЗапросОплат.УстановитьПараметр(""ДатаКон"", ДатаКон);
	ЗапросОплат.УстановитьПараметр(""ВалютаРубли"", ВалютаРубли);
	
	РезультатОплат = ЗапросОплат.Выполнить().Выгрузить();
	
	// Формирование итоговой таблицы значений
	Результат = Новый ТаблицаЗначений;
	Результат.Колонки.Добавить(""Поставщик"");
	Результат.Колонки.Добавить(""Наименование"");
	Результат.Колонки.Добавить(""СуммаПоставок"");
	Результат.Колонки.Добавить(""Оплачено"");
	Результат.Колонки.Добавить(""Долг"");
	
	Для Каждого СтрокаПоставок Из РезультатПоставок Цикл
		
		СуммаПоставок = СтрокаПоставок.СуммаПоставок;
		
		// Поиск оплаты по поставщику
		СтрокиОплат = РезультатОплат.НайтиСтроки(Новый Структура(""Поставщик"", СтрокаПоставок.Поставщик));
		Оплачено = 0;
		Если СтрокиОплат.Количество() > 0 Тогда
			Оплачено = СтрокиОплат[0].Оплачено;
		КонецЕсли;
		
		Долг = СуммаПоставок - Оплачено;
		
		// Включаем только поставщиков с положительной задолженностью
		Если Долг > 0 Тогда
			НоваяСтрока = Результат.Добавить();
			НоваяСтрока.Поставщик = СтрокаПоставок.Поставщик;
			НоваяСтрока.Наименование = СтрокаПоставок.Наименование;
			НоваяСтрока.СуммаПоставок = СуммаПоставок;
			НоваяСтрока.Оплачено = Оплачено;
			НоваяСтрока.Долг = Долг;
		КонецЕсли;
		
	КонецЦикла;
	
	// Сортировка по убыванию суммы долга
	Результат.Сортировать(""Долг Убыв"");
	
	Возврат Результат;
	
КонецФункции"
"Написать функцию СформироватьОтчетПоОплатамНаОсновныеСчета(), которая формирует отчет на сервере ""ДокументыОплата"" по документам оплаты, для которых РасчетныйСчет является основным для организации.
Функция должна программно сформировать отчет ""ДокументыОплата"", вариант отчета ""Основной"". 
 
Настройки отчета: 
    Выбранные поля:   Ссылка.Организация, РасчетныйСчет.Номер, РасчетныйСчет.Банк, Поставщик, Дата, Сумма.                              
    Параметры вывода: ВыводитьПараметрыДанных = Не выводить,
	                  ВыводитьОтбор = Не выводить.
	                  Отбор: РасчетныйСчет.Наименование Подобно ""Основной""   
Заголовок поля ""Ссылка.Организация"" установить как ""Организация"". 
Заголовок поля ""РасчетныйСчет.Номер"" установить как ""Номер счета"".	
Заголовок поля ""РасчетныйСчет.Банк"" установить как ""Банк"".  
                                                                
Возвращаемое значение: ТабличныйДокумент.","{""Documents"": [{""id"": ""Оплата"", ""name"": ""Оплата"", ""Attributes"": [{""id"": ""Поставщик"", ""name"": ""Поставщик"", ""types"": [{""type"": ""Ref"", ""id"": ""Справочник.Контрагенты""}]}, {""id"": ""РасчетныйСчетПоставщика"", ""name"": ""Расчетный счет поставщика"", ""types"": [{""type"": ""Ref"", ""id"": ""Справочник.РасчетныеСчетаКонтрагентов""}]}, {""id"": ""РасчетныйСчет"", ""name"": ""Расчетный счет"", ""types"": [{""type"": ""Ref"", ""id"": ""Справочник.РасчетныеСчета""}]}, {""id"": ""Валюта"", ""name"": ""Валюта"", ""types"": [{""type"": ""Ref"", ""id"": ""Справочник.Валюты""}]}, {""id"": ""Сумма"", ""name"": ""Сумма"", ""types"": [{""type"": ""Number"", ""NumberQualifiers"": ""10.2""}]}, {""id"": ""Организация"", ""name"": ""Организация"", ""types"": [{""type"": ""Ref"", ""id"": ""Справочник.Организации""}]}]}], ""Catalogs"": [{""id"": ""Банки"", ""name"": ""Банки"", ""Attributes"": []}, {""id"": ""Организации"", ""name"": ""Организации"", ""Attributes"": [{""id"": ""ВалютныйУчет"", ""name"": ""Валютный учет"", ""types"": [{""type"": ""Boolean""}]}]}, {""id"": ""РасчетныеСчета"", ""name"": ""Расчетные счета"", ""Attributes"": [{""id"": ""Номер"", ""name"": ""Номер"", ""types"": [{""type"": ""String"", ""StringQualifiers"": ""20""}]}, {""id"": ""Банк"", ""name"": ""Банк"", ""types"": [{""type"": ""Ref"", ""id"": ""Справочник.Банки""}]}]}]}",task_114,server,high,task21_сложн_Куликова_v1.epf,"Функция СформироватьОтчетПоОплатамНаОсновныеСчета()
	
	СхемаКомпоновки = Отчеты.ДокументыОплата.ПолучитьМакет(""ОсновнаяСхемаКомпоновкиДанных"");
	
	КомпоновщикНастроек = Новый КомпоновщикНастроекКомпоновкиДанных;
	КомпоновщикНастроек.Инициализировать(Новый ИсточникДоступныхНастроекКомпоновкиДанных(СхемаКомпоновки));
	КомпоновщикНастроек.ЗагрузитьНастройки(СхемаКомпоновки.НастройкиПоУмолчанию);
	
	Настройки = КомпоновщикНастроек.Настройки;
	
	// Очищаем выбранные поля
	Настройки.Выбор.Элементы.Очистить();
	
	// Добавляем выбранные поля
	ПолеОрганизация = Настройки.Выбор.Элементы.Добавить(Тип(""ВыбранноеПолеКомпоновкиДанных""));
	ПолеОрганизация.Поле = Новый ПолеКомпоновкиДанных(""Ссылка.Организация"");
	ПолеОрганизация.Заголовок = ""Организация"";
	
	ПолеНомерСчета = Настройки.Выбор.Элементы.Добавить(Тип(""ВыбранноеПолеКомпоновкиДанных""));
	ПолеНомерСчета.Поле = Новый ПолеКомпоновкиДанных(""РасчетныйСчет.Номер"");
	ПолеНомерСчета.Заголовок = ""Номер счета"";
	
	ПолеБанк = Настройки.Выбор.Элементы.Добавить(Тип(""ВыбранноеПолеКомпоновкиДанных""));
	ПолеБанк.Поле = Новый ПолеКомпоновкиДанных(""РасчетныйСчет.Банк"");
	ПолеБанк.Заголовок = ""Банк"";
	
	ПолеПоставщик = Настройки.Выбор.Элементы.Добавить(Тип(""ВыбранноеПолеКомпоновкиДанных""));
	ПолеПоставщик.Поле = Новый ПолеКомпоновкиДанных(""Поставщик"");
	
	ПолеДата = Настройки.Выбор.Элементы.Добавить(Тип(""ВыбранноеПолеКомпоновкиДанных""));
	ПолеДата.Поле = Новый ПолеКомпоновкиДанных(""Дата"");
	
	ПолеСумма = Настройки.Выбор.Элементы.Добавить(Тип(""ВыбранноеПолеКомпоновкиДанных""));
	ПолеСумма.Поле = Новый ПолеКомпоновкиДанных(""Сумма"");
	
	// Настройка параметров вывода
	Для Каждого ЭлементВывода Из Настройки.ПараметрыВывода.Элементы Цикл
		Если ЭлементВывода.Параметр = Новый ПараметрКомпоновкиДанных(""ВыводитьПараметрыДанных"") Тогда
			ЭлементВывода.Значение = ТипВыводаТекстаКомпоновкиДанных.НеВыводить;
			ЭлементВывода.Использование = Истина;
		КонецЕсли;
		Если ЭлементВывода.Параметр = Новый ПараметрКомпоновкиДанных(""ВыводитьОтбор"") Тогда
			ЭлементВывода.Значение = ТипВыводаТекстаКомпоновкиДанных.НеВыводить;
			ЭлементВывода.Использование = Истина;
		КонецЕсли;
	КонецЦикла;
	
	// Настройка отбора
	ЭлементОтбора = Настройки.Отбор.Элементы.Добавить(Тип(""ЭлементОтбораКомпоновкиДанных""));
	ЭлементОтбора.ЛевоеЗначение = Новый ПолеКомпоновкиДанных(""РасчетныйСчет.Наименование"");
	ЭлементОтбора.ВидСравнения = ВидСравненияКомпоновкиДанных.Подобно;
	ЭлементОтбора.ПравоеЗначение = ""Основной"";
	ЭлементОтбора.Использование = Истина;
	
	// Формирование отчета
	КомпоновщикМакета = Новый КомпоновщикМакетаКомпоновкиДанных;
	МакетКомпоновки = КомпоновщикМакета.Выполнить(СхемаКомпоновки, Настройки);
	
	ПроцессорКомпоновки = Новый ПроцессорКомпоновкиДанных;
	ПроцессорКомпоновки.Инициализировать(МакетКомпоновки);
	
	ТабличныйДокумент = Новый ТабличныйДокумент;
	
	ПроцессорВывода = Новый ПроцессорВыводаРезультатаКомпоновкиДанныхВТабличныйДокумент;
	ПроцессорВывода.УстановитьДокумент(ТабличныйДокумент);
	ПроцессорВывода.Вывести(ПроцессорКомпоновки);
	
	Возврат ТабличныйДокумент;
	
КонецФункции"
"Написать функцию СформироватьОтчетПоОплатамЗаПериод(ДатаНачала, ДатаОкончания), которая формирует отчет на сервере ""ДокументыОплата"" по документам оплаты за заданный период.
Функция должна программно сформировать отчет ""ДокументыОплата"", вариант отчета ""Основной"". 
 
Настройки отчета: 
    Выбранные поля:   Поставщик, Дата, Сумма.                              
    Параметры вывода: ВыводитьПараметрыДанных = Не выводить,
	                  ВыводитьОтбор = Не выводить.  
    Отбор: Дата <= ДатаОкончания, Дата >= ДатаНачала
                                                                
Возвращаемое значение: ТабличныйДокумент.",{},task_115,server,high,task22_сложн_Куликова_v1.epf,"Функция СформироватьОтчетПоОплатамЗаПериод(ДатаНачала, ДатаОкончания)
	
	// Создаем схему компоновки данных из отчета
	СхемаКомпоновки = Отчеты.ДокументыОплата.ПолучитьМакет(""ОсновнаяСхемаКомпоновкиДанных"");
	
	// Получаем настройки варианта ""Основной""
	НастройкиКомпоновки = СхемаКомпоновки.НастройкиПоУмолчанию;
	
	// Очищаем выбранные поля и добавляем нужные
	НастройкиКомпоновки.Выбор.Элементы.Очистить();
	
	// Добавляем поле ""Поставщик""
	ПолеВыбора = НастройкиКомпоновки.Выбор.Элементы.Добавить(Тип(""ВыбранноеПолеКомпоновкиДанных""));
	ПолеВыбора.Поле = Новый ПолеКомпоновкиДанных(""Поставщик"");
	
	// Добавляем поле ""Дата""
	ПолеВыбора = НастройкиКомпоновки.Выбор.Элементы.Добавить(Тип(""ВыбранноеПолеКомпоновкиДанных""));
	ПолеВыбора.Поле = Новый ПолеКомпоновкиДанных(""Дата"");
	
	// Добавляем поле ""Сумма""
	ПолеВыбора = НастройкиКомпоновки.Выбор.Элементы.Добавить(Тип(""ВыбранноеПолеКомпоновкиДанных""));
	ПолеВыбора.Поле = Новый ПолеКомпоновкиДанных(""Сумма"");
	
	// Настраиваем параметры вывода
	ПараметрВывода = НастройкиКомпоновки.ПараметрыВывода.НайтиЗначениеПараметра(
		Новый ПараметрКомпоновкиДанных(""ВыводитьПараметрыДанных""));
	Если ПараметрВывода <> Неопределено Тогда
		ПараметрВывода.Значение = ТипВыводаТекстаКомпоновкиДанных.НеВыводить;
		ПараметрВывода.Использование = Истина;
	КонецЕсли;
	
	ПараметрВывода = НастройкиКомпоновки.ПараметрыВывода.НайтиЗначениеПараметра(
		Новый ПараметрКомпоновкиДанных(""ВыводитьОтбор""));
	Если ПараметрВывода <> Неопределено Тогда
		ПараметрВывода.Значение = ТипВыводаТекстаКомпоновкиДанных.НеВыводить;
		ПараметрВывода.Использование = Истина;
	КонецЕсли;
	
	// Настраиваем отбор
	// Отбор: Дата >= ДатаНачала
	ЭлементОтбора = НастройкиКомпоновки.Отбор.Элементы.Добавить(Тип(""ЭлементОтбораКомпоновкиДанных""));
	ЭлементОтбора.ЛевоеЗначение = Новый ПолеКомпоновкиДанных(""Дата"");
	ЭлементОтбора.ВидСравнения = ВидСравненияКомпоновкиДанных.БольшеИлиРавно;
	ЭлементОтбора.ПравоеЗначение = ДатаНачала;
	ЭлементОтбора.Использование = Истина;
	
	// Отбор: Дата <= ДатаОкончания
	ЭлементОтбора = НастройкиКомпоновки.Отбор.Элементы.Добавить(Тип(""ЭлементОтбораКомпоновкиДанных""));
	ЭлементОтбора.ЛевоеЗначение = Новый ПолеКомпоновкиДанных(""Дата"");
	ЭлементОтбора.ВидСравнения = ВидСравненияКомпоновкиДанных.МеньшеИлиРавно;
	ЭлементОтбора.ПравоеЗначение = ДатаОкончания;
	ЭлементОтбора.Использование = Истина;
	
	// Формируем отчет
	КомпоновщикМакета = Новый КомпоновщикМакетаКомпоновкиДанных;
	МакетКомпоновки = КомпоновщикМакета.Выполнить(СхемаКомпоновки, НастройкиКомпоновки);
	
	ПроцессорКомпоновки = Новый ПроцессорКомпоновкиДанных;
	ПроцессорКомпоновки.Инициализировать(МакетКомпоновки);
	
	ТабличныйДокумент = Новый ТабличныйДокумент;
	
	ПроцессорВывода = Новый ПроцессорВыводаРезультатаКомпоновкиДанныхВТабличныйДокумент;
	ПроцессорВывода.УстановитьДокумент(ТабличныйДокумент);
	ПроцессорВывода.Вывести(ПроцессорКомпоновки);
	
	Возврат ТабличныйДокумент;
	
КонецФункции"
"Создай функцию: СформироватьТоп10ПродаваемыхТоваров(ДатаНач = Неопределено, ДатаКон = Неопределено) 
Функция формирует ТОП-10 самых продаваемых товаров за указанный период по количеству проданных единиц.
Используется для анализа ассортимента, выявления лидеров продаж и принятия решений по закупкам и маркетингу.


Параметры
ДатаНач (Дата) — дата начала периода анализа.
Если не указана, по умолчанию берётся 30 дней назад от текущей даты.
ДатаКон (Дата) — дата окончания периода анализа.
Если не указана, по умолчанию устанавливается конец текущего дня.


Если ДатаКон < ДатаНач, функция вызывает исключение.

Собираются данные о продажах из регистра РегистрНакопления.Продажи
Для каждого товара рассчитывается
- Общее количество проданных единиц (КоличествоПродаж)
- Общая сумма продаж (СуммаПродаж)
- Результат сортируется по убыванию количества продаж.
- Оставляются только первые 10 товаров

Функция возвращает объект типа ТаблицаЗначений со следующими колонками
- Товар
- КоличествоПродаж это количество проданных единиц товара за период
- СуммаПродаж  общая сумма продаж товара за период  
Результат отсортирован по убыванию количества продаж ТабДок.Сортировать(""КоличествоПродаж Убыв"");

По умолчанию анализирует продажи за последние 30 дней
Исключает строки с пустым товаром (Неопределено).
После сортировки оставляет строго 10 строк
Если товаров меньше 10 — возвращает все доступные","{""AccumulationRegisters"": [{""id"": ""Продажи"", ""name"": ""Продажи"", ""RegisterType"": ""Turnovers"", ""Dimensions"": [{""id"": ""Покупатель"", ""name"": ""Покупатель"", ""types"": [{""type"": ""Ref"", ""id"": ""Справочник.Контрагенты""}]}, {""id"": ""Товар"", ""name"": ""Товар"", ""types"": [{""type"": ""Ref"", ""id"": ""Справочник.Товары""}]}], ""Resources"": [{""id"": ""Количество"", ""name"": ""Количество"", ""types"": [{""type"": ""Number"", ""NumberQualifiers"": ""10.2""}]}, {""id"": ""Сумма"", ""name"": ""Сумма"", ""types"": [{""type"": ""Number"", ""NumberQualifiers"": ""10.2""}]}]}], ""Catalogs"": [{""id"": ""Товары"", ""name"": ""Товары"", ""Attributes"": [{""id"": ""Артикул"", ""name"": ""Артикул"", ""types"": [{""type"": ""String"", ""StringQualifiers"": ""15""}]}, {""id"": ""Поставщик"", ""name"": ""Поставщик"", ""types"": [{""type"": ""Ref"", ""id"": ""Справочник.Контрагенты""}]}, {""id"": ""ФайлКартинки"", ""name"": ""Картинка"", ""types"": [{""type"": ""Ref"", ""id"": ""Справочник.ХранимыеФайлы""}]}, {""id"": ""Вид"", ""name"": ""Вид"", ""types"": []}, {""id"": ""Штрихкод"", ""name"": ""Штрихкод"", ""types"": [{""type"": ""String"", ""StringQualifiers"": ""20""}]}, {""id"": ""Описание"", ""name"": ""Описание"", ""types"": [{""type"": ""String"", ""StringQualifiers"": ""0""}]}]}]}",task_116,server,,task23_СрВывестиТоп10ПродажТоваров_v2.epf,"Функция СформироватьТоп10ПродаваемыхТоваров(ДатаНач = Неопределено, ДатаКон = Неопределено) Экспорт
	
	Если ДатаНач = Неопределено Тогда
		ДатаНач = НачалоДня(ТекущаяДата() - 30 * 86400);
	КонецЕсли;
	
	Если ДатаКон = Неопределено Тогда
		ДатаКон = КонецДня(ТекущаяДата());
	КонецЕсли;
	
	Если ДатаКон < ДатаНач Тогда
		ВызватьИсключение ""Дата окончания периода не может быть меньше даты начала периода."";
	КонецЕсли;
	
	Запрос = Новый Запрос;
	Запрос.Текст = 
	""ВЫБРАТЬ
	|	ПродажиОбороты.Товар КАК Товар,
	|	СУММА(ПродажиОбороты.КоличествоОборот) КАК КоличествоПродаж,
	|	СУММА(ПродажиОбороты.СуммаОборот) КАК СуммаПродаж
	|ИЗ
	|	РегистрНакопления.Продажи.Обороты(&ДатаНач, &ДатаКон, , ) КАК ПродажиОбороты
	|ГДЕ
	|	ПродажиОбороты.Товар <> ЗНАЧЕНИЕ(Справочник.Товары.ПустаяСсылка)
	|СГРУППИРОВАТЬ ПО
	|	ПродажиОбороты.Товар
	|УПОРЯДОЧИТЬ ПО
	|	КоличествоПродаж УБЫВ"";
	
	Запрос.УстановитьПараметр(""ДатаНач"", ДатаНач);
	Запрос.УстановитьПараметр(""ДатаКон"", ДатаКон);
	
	РезультатЗапроса = Запрос.Выполнить();
	
	ТабДок = РезультатЗапроса.Выгрузить();
	
	// Удаляем строки с пустым товаром (Неопределено)
	МассивУдаляемых = Новый Массив;
	Для Каждого Строка Из ТабДок Цикл
		Если Строка.Товар = Неопределено Тогда
			МассивУдаляемых.Добавить(Строка);
		КонецЕсли;
	КонецЦикла;
	Для Каждого УдаляемаяСтрока Из МассивУдаляемых Цикл
		ТабДок.Удалить(УдаляемаяСтрока);
	КонецЦикла;
	
	// Сортировка по убыванию количества продаж
	ТабДок.Сортировать(""КоличествоПродаж Убыв"");
	
	// Оставляем только первые 10 строк
	Пока ТабДок.Количество() > 10 Цикл
		ТабДок.Удалить(ТабДок.Количество() - 1);
	КонецЦикла;
	
	Возврат ТабДок;
	
КонецФункции"
"Написать функцию СформироватьОтчетЖелаемыйУровеньПродаж(ДатаНачала, ДатаОкончания, УровеньПродаж), которая формирует отчет на сервере ""ДинамикаПродаж"" на заданный период и раскрашивает строки, 
для которых сумма продаж больше или равна заданного уровня продаж.
Подменить стандартную структуру отчета(диаграмма) на группировку по полю ""Период"".

Функция должна программно сформировать отчет ""ДинамикаПродаж"", вариант отчета ""СуммаИКоличество"". 
Настройки отчета:   
    Структура отчета: Группировка
	                     ""Период"" ТипГруппировки = Элементы, ТипДополнения = БезДополнения.
	    Параметры отчета: Период 
	    Значения параметов: Период.ДатаНачала = ДатаНачала, Период.ДатаОкончания = ДатаОкончания.
	Параметры вывода: ВыводитьПараметрыДанных = Не выводить,
	                  ВыводитьОтбор = Не выводить. 
	УсловноеОформление: 
       Оформление: ЦветТекста = Цвет(0, 150, 70);
       Условие: СуммаОборот >= УровеньПродаж
	   ОформляемыеПоля: Период
	   ИспользоватьВЗаголовкеПолей = НеИспользовать;             
Параметры функции:  
ДатаНачала (тип: Дата) - начало периода.
ДатаОкончания (тип: Дата) - окончание периода.
УровеньПродаж (тип: Число) - желаемый уровень продаж.

Возвращаемое значение: ТабличныйДокумент.",{},task_117,server,high,task23_сложн_Куликова_v1.epf,"Функция СформироватьОтчетЖелаемыйУровеньПродаж(ДатаНачала, ДатаОкончания, УровеньПродаж)
	
	// Создаем схему компоновки данных из отчета
	СхемаКомпоновкиДанных = Отчеты.ДинамикаПродаж.ПолучитьМакет(""ОсновнаяСхемаКомпоновкиДанных"");
	
	// Получаем настройки варианта отчета ""СуммаИКоличество""
	НастройкиОтчета = СхемаКомпоновкиДанных.НастройкиПоУмолчанию;
	Для Каждого ВариантНастроек Из СхемаКомпоновкиДанных.ВариантыНастроек Цикл
		Если ВариантНастроек.Имя = ""СуммаИКоличество"" Тогда
			НастройкиОтчета = ВариантНастроек.Настройки;
			Прервать;
		КонецЕсли;
	КонецЦикла;
	
	// Очищаем структуру отчета
	НастройкиОтчета.Структура.Очистить();
	
	// Добавляем группировку по полю ""Период""
	ГруппировкаПериод = НастройкиОтчета.Структура.Добавить(Тип(""ГруппировкаКомпоновкиДанных""));
	ПолеГруппировки = ГруппировкаПериод.ПоляГруппировки.Элементы.Добавить(Тип(""ПолеГруппировкиКомпоновкиДанных""));
	ПолеГруппировки.Поле = Новый ПолеКомпоновкиДанных(""Период"");
	ПолеГруппировки.ТипГруппировки = ТипГруппировкиКомпоновкиДанных.Элементы;
	ПолеГруппировки.ТипДополнения = ТипДополненияПериодаКомпоновкиДанных.БезДополнения;
	
	// Настройка параметров - Период
	Для Каждого ЭлементПараметра Из НастройкиОтчета.ПараметрыДанных.Элементы Цикл
		Если ЭлементПараметра.Параметр = Новый ПараметрКомпоновкиДанных(""Период"") Тогда
			ЭлементПараметра.Значение = Новый СтандартныйПериод(ДатаНачала, ДатаОкончания);
			ЭлементПараметра.Использование = Истина;
		КонецЕсли;
	КонецЦикла;
	
	// Параметры вывода
	ЭлементВыводаПараметров = НастройкиОтчета.ПараметрыВывода.НайтиЗначениеПараметра(Новый ПараметрКомпоновкиДанных(""ВыводитьПараметрыДанных""));
	Если ЭлементВыводаПараметров <> Неопределено Тогда
		ЭлементВыводаПараметров.Значение = ТипВыводаТекстаКомпоновкиДанных.НеВыводить;
		ЭлементВыводаПараметров.Использование = Истина;
	КонецЕсли;
	
	ЭлементВыводаОтбора = НастройкиОтчета.ПараметрыВывода.НайтиЗначениеПараметра(Новый ПараметрКомпоновкиДанных(""ВыводитьОтбор""));
	Если ЭлементВыводаОтбора <> Неопределено Тогда
		ЭлементВыводаОтбора.Значение = ТипВыводаТекстаКомпоновкиДанных.НеВыводить;
		ЭлементВыводаОтбора.Использование = Истина;
	КонецЕсли;
	
	// Условное оформление
	ЭлементУсловногоОформления = НастройкиОтчета.УсловноеОформление.Элементы.Добавить();
	
	// Оформление - цвет текста
	ЭлементОформления = ЭлементУсловногоОформления.Оформление.НайтиЗначениеПараметра(Новый ПараметрКомпоновкиДанных(""ЦветТекста""));
	Если ЭлементОформления <> Неопределено Тогда
		ЭлементОформления.Значение = Новый Цвет(0, 150, 70);
		ЭлементОформления.Использование = Истина;
	КонецЕсли;
	
	// Условие - СуммаОборот >= УровеньПродаж
	ЭлементОтбора = ЭлементУсловногоОформления.Отбор.Элементы.Добавить(Тип(""ЭлементОтбораКомпоновкиДанных""));
	ЭлементОтбора.ЛевоеЗначение = Новый ПолеКомпоновкиДанных(""СуммаОборот"");
	ЭлементОтбора.ВидСравнения = ВидСравненияКомпоновкиДанных.БольшеИлиРавно;
	ЭлементОтбора.ПравоеЗначение = УровеньПродаж;
	ЭлементОтбора.Использование = Истина;
	
	// Оформляемые поля - Период
	ОформляемоеПоле = ЭлементУсловногоОформления.Поля.Элементы.Добавить();
	ОформляемоеПоле.Поле = Новый ПолеКомпоновкиДанных(""Период"");
	ОформляемоеПоле.Использование = Истина;
	
	// Использовать в заголовке полей - НеИспользовать
	ЭлементУсловногоОформления.ИспользоватьВЗаголовкеПолей = ИспользованиеУсловногоОформленияКомпоновкиДанных.НеИспользовать;
	
	// Формируем отчет
	КомпоновщикМакета = Новый КомпоновщикМакетаКомпоновкиДанных;
	МакетКомпоновки = КомпоновщикМакета.Выполнить(СхемаКомпоновкиДанных, НастройкиОтчета);
	
	ПроцессорКомпоновки = Новый ПроцессорКомпоновкиДанных;
	ПроцессорКомпоновки.Инициализировать(МакетКомпоновки);
	
	ТабличныйДокумент = Новый ТабличныйДокумент;
	
	ПроцессорВывода = Новый ПроцессорВыводаРезультатаКомпоновкиДанныхВТабличныйДокумент;
	ПроцессорВывода.УстановитьДокумент(ТабличныйДокумент);
	ПроцессорВывода.Вывести(ПроцессорКомпоновки);
	
	Возврат ТабличныйДокумент;
	
КонецФункции"
"Написать функцию СформироватьОтчетПродажиСуммированиеТолькоТоваров(ДатаНачала, ДатаОкончания), которая формирует отчет на сервере ""ДинамикаПродаж"" 
с суммированием ресурса СуммаОборот по группировке Покупатель только для товаров, для которых реквизит Вид = Услуга. 
Функция должна программно сформировать отчет ""ДинамикаПродаж"", вариант отчета ""ПродажиТоваровПоПокупателям"". 
Настройки отчета:
    Структура: Покупатель: ТипГруппировки = Элементы, ТипДополнения = БезДополнения.
                 Товар: ТипГруппировки = Элементы, ТипДополнения = БезДополнения.  
    ПоляИтога:  СуммаОборот
         Поле: СуммаОборот
         Выражение: СУММА(ВычислитьВыражениеСГруппировкойМассив(""СУММА(СуммаОборот)"", ""Товар"", ""Не Товар.Вид = ЗНАЧЕНИЕ(Перечисление.ВидыТоваров.Услуга)""))
         ПоляГруппировки: Покупатель
                          ОбщийИтог
                          
         Поле: СуммаОборот
         Выражение: СУММА(СуммаОборот)
         ПоляГруппировки: Товар
                                           
    Параметры отчета: Период 
	    Значения параметов: Период.ДатаНачала = ДатаНачала, Период.ДатаОкончания = ДатаОкончания.
	Параметры вывода: ВыводитьПараметрыДанных = Не выводить,
	                  ВыводитьОтбор = Не выводить. 	                  
Параметры функции:  
ДатаНачала (тип: Дата) - начало периода.
ДатаОкончания (тип: Дата) - окончание периода.

Возвращаемое значение: ТабличныйДокумент.","{""AccumulationRegisters"": [{""id"": ""Продажи"", ""name"": ""Продажи"", ""RegisterType"": ""Turnovers"", ""Dimensions"": [{""id"": ""Покупатель"", ""name"": ""Покупатель"", ""types"": [{""type"": ""Ref"", ""id"": ""Справочник.Контрагенты""}]}, {""id"": ""Товар"", ""name"": ""Товар"", ""types"": [{""type"": ""Ref"", ""id"": ""Справочник.Товары""}]}], ""Resources"": [{""id"": ""Количество"", ""name"": ""Количество"", ""types"": [{""type"": ""Number"", ""NumberQualifiers"": ""10.2""}]}, {""id"": ""Сумма"", ""name"": ""Сумма"", ""types"": [{""type"": ""Number"", ""NumberQualifiers"": ""10.2""}]}]}], ""Catalogs"": [{""id"": ""Контрагенты"", ""name"": ""Контрагенты"", ""Attributes"": [{""id"": ""Регион"", ""name"": ""Регион"", ""types"": [{""type"": ""Ref"", ""id"": ""Справочник.Регионы""}]}, {""id"": ""Индекс"", ""name"": ""Индекс"", ""types"": [{""type"": ""String"", ""StringQualifiers"": ""10""}]}, {""id"": ""Страна"", ""name"": ""Страна"", ""types"": [{""type"": ""String"", ""StringQualifiers"": ""0""}]}, {""id"": ""Город"", ""name"": ""Город"", ""types"": [{""type"": ""String"", ""StringQualifiers"": ""0""}]}, {""id"": ""Улица"", ""name"": ""Улица"", ""types"": [{""type"": ""String"", ""StringQualifiers"": ""0""}]}, {""id"": ""Дом"", ""name"": ""Дом"", ""types"": [{""type"": ""String"", ""StringQualifiers"": ""15""}]}, {""id"": ""Телефон"", ""name"": ""Телефон"", ""types"": [{""type"": ""String"", ""StringQualifiers"": ""16""}]}, {""id"": ""ЭлектроннаяПочта"", ""name"": ""Электронная почта"", ""types"": [{""type"": ""String"", ""StringQualifiers"": ""40""}]}, {""id"": ""Факс"", ""name"": ""Факс"", ""types"": [{""type"": ""String"", ""StringQualifiers"": ""16""}]}, {""id"": ""ВебСайт"", ""name"": ""Веб сайт"", ""types"": [{""type"": ""String"", ""StringQualifiers"": ""40""}]}, {""id"": ""ВидЦен"", ""name"": ""Вид цен"", ""types"": [{""type"": ""Ref"", ""id"": ""Справочник.ВидыЦен""}]}, {""id"": ""ДополнительнаяИнформация"", ""name"": ""Дополнительная информация"", ""types"": [{""type"": ""String"", ""StringQualifiers"": ""0""}]}, {""id"": ""КонтактноеЛицо"", ""name"": ""Контактное лицо"", ""types"": [{""type"": ""String"", ""StringQualifiers"": ""100""}]}, {""id"": ""Широта"", ""name"": ""Широта"", ""types"": [{""type"": ""Number"", ""NumberQualifiers"": ""10.6""}]}, {""id"": ""Долгота"", ""name"": ""Долгота"", ""types"": [{""type"": ""Number"", ""NumberQualifiers"": ""10.6""}]}]}, {""id"": ""Товары"", ""name"": ""Товары"", ""Attributes"": [{""id"": ""Артикул"", ""name"": ""Артикул"", ""types"": [{""type"": ""String"", ""StringQualifiers"": ""15""}]}, {""id"": ""Поставщик"", ""name"": ""Поставщик"", ""types"": [{""type"": ""Ref"", ""id"": ""Справочник.Контрагенты""}]}, {""id"": ""ФайлКартинки"", ""name"": ""Картинка"", ""types"": [{""type"": ""Ref"", ""id"": ""Справочник.ХранимыеФайлы""}]}, {""id"": ""Вид"", ""name"": ""Вид"", ""types"": []}, {""id"": ""Штрихкод"", ""name"": ""Штрихкод"", ""types"": [{""type"": ""String"", ""StringQualifiers"": ""20""}]}, {""id"": ""Описание"", ""name"": ""Описание"", ""types"": [{""type"": ""String"", ""StringQualifiers"": ""0""}]}]}]}",task_118,server,high,task24_сложн_Куликова_v1.epf,"Функция СформироватьОтчетПродажиСуммированиеТолькоТоваров(ДатаНачала, ДатаОкончания)
	
	СхемаКомпоновки = Отчеты.ДинамикаПродаж.ПолучитьМакет(""ПродажиТоваровПоПокупателям"");
	
	КомпоновщикНастроек = Новый КомпоновщикНастроекКомпоновкиДанных;
	КомпоновщикНастроек.Инициализировать(Новый ИсточникДоступныхНастроекКомпоновкиДанных(СхемаКомпоновки));
	КомпоновщикНастроек.ЗагрузитьНастройки(СхемаКомпоновки.НастройкиПоУмолчанию);
	
	Настройки = КомпоновщикНастроек.Настройки;
	
	// Очищаем структуру
	Настройки.Структура.Очистить();
	
	// Добавляем группировку Покупатель
	ГруппировкаПокупатель = Настройки.Структура.Добавить(Тип(""ГруппировкаКомпоновкиДанных""));
	ГруппировкаПокупатель.Использование = Истина;
	ПолеГруппировки = ГруппировкаПокупатель.ПоляГруппировки.Элементы.Добавить(Тип(""ПолеГруппировкиКомпоновкиДанных""));
	ПолеГруппировки.Использование = Истина;
	ПолеГруппировки.Поле = Новый ПолеКомпоновкиДанных(""Покупатель"");
	ПолеГруппировки.ТипГруппировки = ТипГруппировкиКомпоновкиДанных.Элементы;
	ПолеГруппировки.ТипДополнения = ТипДополненияПериодаКомпоновкиДанных.БезДополнения;
	
	// Добавляем группировку Товар внутри Покупатель
	ГруппировкаТовар = ГруппировкаПокупатель.Структура.Добавить(Тип(""ГруппировкаКомпоновкиДанных""));
	ГруппировкаТовар.Использование = Истина;
	ПолеГруппировки = ГруппировкаТовар.ПоляГруппировки.Элементы.Добавить(Тип(""ПолеГруппировкиКомпоновкиДанных""));
	ПолеГруппировки.Использование = Истина;
	ПолеГруппировки.Поле = Новый ПолеКомпоновкиДанных(""Товар"");
	ПолеГруппировки.ТипГруппировки = ТипГруппировкиКомпоновкиДанных.Элементы;
	ПолеГруппировки.ТипДополнения = ТипДополненияПериодаКомпоновкиДанных.БезДополнения;
	
	// Настройка полей итога
	Настройки.ПоляИтога.Элементы.Очистить();
	
	// Первое поле итога - для группировки Покупатель и ОбщийИтог
	ПолеИтога1 = Настройки.ПоляИтога.Элементы.Добавить();
	ПолеИтога1.Использование = Истина;
	ПолеИтога1.ПутьКДанным = ""СуммаОборот"";
	ПолеИтога1.Выражение = ""СУММА(ВычислитьВыражениеСГруппировкойМассив(""""СУММА(СуммаОборот)"""", """"Товар"""", """"Не Товар.Вид = ЗНАЧЕНИЕ(Перечисление.ВидыТоваров.Услуга)""""))"";
	
	ПолеГруппировкиИтога = ПолеИтога1.ПоляГруппировки.Элементы.Добавить();
	ПолеГруппировкиИтога.Поле = Новый ПолеКомпоновкиДанных(""Покупатель"");
	ПолеГруппировкиИтога.ТипГруппировки = ТипГруппировкиКомпоновкиДанных.Элементы;
	ПолеГруппировкиИтога.ТипДополнения = ТипДополненияПериодаКомпоновкиДанных.БезДополнения;
	
	ПолеГруппировкиИтога2 = ПолеИтога1.ПоляГруппировки.Элементы.Добавить();
	ПолеГруппировкиИтога2.Поле = Новый ПолеКомпоновкиДанных(""ОбщийИтог"");
	ПолеГруппировкиИтога2.ТипГруппировки = ТипГруппировкиКомпоновкиДанных.Элементы;
	ПолеГруппировкиИтога2.ТипДополнения = ТипДополненияПериодаКомпоновкиДанных.БезДополнения;
	
	// Второе поле итога - для группировки Товар
	ПолеИтога2 = Настройки.ПоляИтога.Элементы.Добавить();
	ПолеИтога2.Использование = Истина;
	ПолеИтога2.ПутьКДанным = ""СуммаОборот"";
	ПолеИтога2.Выражение = ""СУММА(СуммаОборот)"";
	
	ПолеГруппировкиИтога3 = ПолеИтога2.ПоляГруппировки.Элементы.Добавить();
	ПолеГруппировкиИтога3.Поле = Новый ПолеКомпоновкиДанных(""Товар"");
	ПолеГруппировкиИтога3.ТипГруппировки = ТипГруппировкиКомпоновкиДанных.Элементы;
	ПолеГруппировкиИтога3.ТипДополнения = ТипДополненияПериодаКомпоновкиДанных.БезДополнения;
	
	// Установка параметров - Период
	Для Каждого ЭлементПараметра Из Настройки.ПараметрыДанных.Элементы Цикл
		Если Строка(ЭлементПараметра.Параметр) = ""Период"" Тогда
			ЭлементПараметра.Использование = Истина;
			ЭлементПараметра.Значение = Новый СтандартныйПериод(ДатаНачала, ДатаОкончания);
		КонецЕсли;
	КонецЦикла;
	
	// Параметры вывода
	Для Каждого ЭлементВывода Из Настройки.ПараметрыВывода.Элементы Цикл
		Если Строка(ЭлементВывода.Параметр) = ""ВыводитьПараметрыДанных"" Тогда
			ЭлементВывода.Использование = Истина;
			ЭлементВывода.Значение = ТипВыводаТекстаКомпоновкиДанных.НеВыводить;
		ИначеЕсли Строка(ЭлементВывода.Параметр) = ""ВыводитьОтбор"" Тогда
			ЭлементВывода.Использование = Истина;
			ЭлементВывода.Значение = ТипВыводаТекстаКомпоновкиДанных.НеВыводить;
		КонецЕсли;
	КонецЦикла;
	
	// Формирование отчета
	КомпоновщикМакета = Новый КомпоновщикМакетаКомпоновкиДанных;
	МакетКомпоновки = КомпоновщикМакета.Выполнить(СхемаКомпоновки, Настройки);
	
	ПроцессорКомпоновки = Новый ПроцессорКомпоновкиДанных;
	ПроцессорКомпоновки.Инициализировать(МакетКомпоновки);
	
	ТабличныйДокумент = Новый ТабличныйДокумент;
	
	ПроцессорВывода = Новый ПроцессорВыводаРезультатаКомпоновкиДанныхВТабличныйДокумент;
	ПроцессорВывода.УстановитьДокумент(ТабличныйДокумент);
	ПроцессорВывода.Вывести(ПроцессорКомпоновки);
	
	Возврат ТабличныйДокумент;
	
КонецФункции"
"Написать функцию СформироватьОтчетПродажиТовараНаДень(ДатаНачала, ДатаОкончания), которая формирует отчет на сервере ""ДинамикаПродаж"" по продажам товара за день. 
Функция должна программно сформировать отчет ""ДинамикаПродаж"", вариант отчета ""СуммаИКоличество"". 
Настройки отчета: 
    Структура: Период: ТипГруппировки = Элементы, ТипДополнения = БезДополнения.
                 Товар: ТипГруппировки = Элементы, ТипДополнения = БезДополнения.  
    Параметры отчета: Период 
	    Значения параметов: Период.ДатаНачала = ДатаНачала, Период.ДатаОкончания = ДатаОкончания.
	Параметры вывода: ВыводитьПараметрыДанных = Не выводить,
	                  ВыводитьОтбор = Не выводить. 	                  
Параметры функции:  
ДатаНачала (тип: Дата) - начало периода.
ДатаОкончания (тип: Дата) - окончание периода.

Возвращаемое значение: ТабличныйДокумент.","{""Catalogs"": [{""id"": ""Товары"", ""name"": ""Товары"", ""Attributes"": [{""id"": ""Артикул"", ""name"": ""Артикул"", ""types"": [{""type"": ""String"", ""StringQualifiers"": ""15""}]}, {""id"": ""Поставщик"", ""name"": ""Поставщик"", ""types"": [{""type"": ""Ref"", ""id"": ""Справочник.Контрагенты""}]}, {""id"": ""ФайлКартинки"", ""name"": ""Картинка"", ""types"": [{""type"": ""Ref"", ""id"": ""Справочник.ХранимыеФайлы""}]}, {""id"": ""Вид"", ""name"": ""Вид"", ""types"": []}, {""id"": ""Штрихкод"", ""name"": ""Штрихкод"", ""types"": [{""type"": ""String"", ""StringQualifiers"": ""20""}]}, {""id"": ""Описание"", ""name"": ""Описание"", ""types"": [{""type"": ""String"", ""StringQualifiers"": ""0""}]}]}]}",task_119,server,high,task25_сложн_Куликова_v1.epf,"Функция СформироватьОтчетПродажиТовараНаДень(ДатаНачала, ДатаОкончания)
	
	ТабличныйДокумент = Новый ТабличныйДокумент;
	
	СхемаКомпоновки = Отчеты.ДинамикаПродаж.ПолучитьМакет(""ОсновнаяСхемаКомпоновкиДанных"");
	
	// Получим вариант отчета ""СуммаИКоличество""
	НастройкиКомпоновки = СхемаКомпоновки.ВариантыНастроек.Найти(""СуммаИКоличество"").Настройки;
	
	// Очистим структуру группировок
	НастройкиКомпоновки.Структура.Очистить();
	
	// Добавим группировку ""Период""
	ГруппировкаПериод = НастройкиКомпоновки.Структура.Добавить(Тип(""ГруппировкаКомпоновкиДанных""));
	ПолеГруппировки = ГруппировкаПериод.ПоляГруппировки.Элементы.Добавить(Тип(""ПолеГруппировкиКомпоновкиДанных""));
	ПолеГруппировки.Поле = Новый ПолеКомпоновкиДанных(""Период"");
	ПолеГруппировки.ТипГруппировки = ТипГруппировкиКомпоновкиДанных.Элементы;
	ПолеГруппировки.ТипДополнения = ТипДополненияПериодаКомпоновкиДанных.БезДополнения;
	
	// Добавим группировку ""Товар"" внутри ""Период""
	ГруппировкаТовар = ГруппировкаПериод.Структура.Добавить(Тип(""ГруппировкаКомпоновкиДанных""));
	ПолеГруппировки = ГруппировкаТовар.ПоляГруппировки.Элементы.Добавить(Тип(""ПолеГруппировкиКомпоновкиДанных""));
	ПолеГруппировки.Поле = Новый ПолеКомпоновкиДанных(""Товар"");
	ПолеГруппировки.ТипГруппировки = ТипГруппировкиКомпоновкиДанных.Элементы;
	ПолеГруппировки.ТипДополнения = ТипДополненияПериодаКомпоновкиДанных.БезДополнения;
	
	// Установим параметры отчета - Период
	Для Каждого ПараметрКомпоновки Из НастройкиКомпоновки.ПараметрыДанных.Элементы Цикл
		Если ПараметрКомпоновки.Параметр = Новый ПараметрКомпоновкиДанных(""Период"") Тогда
			ПараметрКомпоновки.Значение = Новый СтандартныйПериод(ДатаНачала, ДатаОкончания);
			ПараметрКомпоновки.Использование = Истина;
		КонецЕсли;
	КонецЦикла;
	
	// Установим параметры вывода
	Для Каждого ПараметрВывода Из НастройкиКомпоновки.ПараметрыВывода.Элементы Цикл
		Если ПараметрВывода.Параметр = Новый ПараметрКомпоновкиДанных(""ВыводитьПараметрыДанных"") Тогда
			ПараметрВывода.Значение = ТипВыводаТекстаКомпоновкиДанных.НеВыводить;
			ПараметрВывода.Использование = Истина;
		ИначеЕсли ПараметрВывода.Параметр = Новый ПараметрКомпоновкиДанных(""ВыводитьОтбор"") Тогда
			ПараметрВывода.Значение = ТипВыводаТекстаКомпоновкиДанных.НеВыводить;
			ПараметрВывода.Использование = Истина;
		КонецЕсли;
	КонецЦикла;
	
	// Сформируем отчет
	КомпоновщикМакета = Новый КомпоновщикМакетаКомпоновкиДанных;
	МакетКомпоновки = КомпоновщикМакета.Выполнить(СхемаКомпоновки, НастройкиКомпоновки, , , Тип(""ГенераторМакетаКомпоновкиДанных""));
	
	ПроцессорКомпоновки = Новый ПроцессорКомпоновкиДанных;
	ПроцессорКомпоновки.Инициализировать(МакетКомпоновки);
	
	ПроцессорВывода = Новый ПроцессорВыводаРезультатаКомпоновкиДанныхВТабличныйДокумент;
	ПроцессорВывода.УстановитьДокумент(ТабличныйДокумент);
	ПроцессорВывода.Вывести(ПроцессорКомпоновки);
	
	Возврат ТабличныйДокумент;
	
КонецФункции"
"Написать функцию СформироватьОтчетВзаиморасчетыПодсветитьРасход(ДатаНачала, ДатаОкончания) которая формирует отчет на сервере ""ОтчетПоВзаиморасчетам"" 
и раскрашивает строки, в которых СуммаРасход < СуммаПриход.
Функция должна программно сформировать отчет ""ОтчетПоВзаиморасчетам"", вариант отчета ""Основной"".  
Настройки отчета:
	Параметры отчета: Период. 
	    Значения парамета: Период.ДатаНачала = ДатаНачала, Период.ДатаОкончания = ДатаОкончания. 
	Выбранные поля: СуммаПриход, СуммаРасход.
	Параметры вывода: ВыводитьПараметрыДанных = Не выводить,
	                  ВыводитьОтбор = Не выводить. 
	УсловноеОформление: ЦветФона = Цвет(0, 150, 30)
	                    Отбор: СуммаРасход > СуммаПриход
	                    ИспользоватьВЗаголовкеПолейРесурсов = НеИспользовать
	                    ИспользоватьВОбщемИтоге = НеИспользовать 
	                    Поля: СуммаПриход, СуммаРасход.                	                 
Параметры функции:  
ДатаНачала (тип: Дата) - начало периода.
ДатаОкончания (тип: Дата) - окончание периода.

Возвращаемое значение: ТабличныйДокумент.",{},task_120,server,high,task26_сложн_Куликова_v1.epf,"Функция СформироватьОтчетВзаиморасчетыПодсветитьРасход(ДатаНачала, ДатаОкончания) Экспорт
	
	ТабличныйДокумент = Новый ТабличныйДокумент;
	
	СхемаКомпоновки = Отчеты.ОтчетПоВзаиморасчетам.ПолучитьМакет(""ОсновнаяСхемаКомпоновкиДанных"");
	
	КомпоновщикНастроек = Новый КомпоновщикНастроекКомпоновкиДанных;
	КомпоновщикНастроек.Инициализировать(Новый ИсточникДоступныхНастроекКомпоновкиДанных(СхемаКомпоновки));
	КомпоновщикНастроек.ЗагрузитьНастройки(СхемаКомпоновки.НастройкиПоУмолчанию);
	
	Настройки = КомпоновщикНастроек.Настройки;
	
	// Установка параметра Период
	Период = Новый СтандартныйПериод;
	Период.ДатаНачала = ДатаНачала;
	Период.ДатаОкончания = ДатаОкончания;
	
	ПараметрПериод = Настройки.ПараметрыДанных.Элементы.Найти(""Период"");
	ПараметрПериод.Значение = Период;
	ПараметрПериод.Использование = Истина;
	
	// Выбранные поля
	Настройки.Выбор.Элементы.Очистить();
	
	ПолеПриход = Настройки.Выбор.Элементы.Добавить(Тип(""ВыбранноеПолеКомпоновкиДанных""));
	ПолеПриход.Поле = Новый ПолеКомпоновкиДанных(""СуммаПриход"");
	
	ПолеРасход = Настройки.Выбор.Элементы.Добавить(Тип(""ВыбранноеПолеКомпоновкиДанных""));
	ПолеРасход.Поле = Новый ПолеКомпоновкиДанных(""СуммаРасход"");
	
	// Параметры вывода
	ПараметрВывода = Настройки.ПараметрыВывода.Элементы.Найти(""ВыводитьПараметрыДанных"");
	ПараметрВывода.Значение = ТипВыводаТекстаКомпоновкиДанных.НеВыводить;
	ПараметрВывода.Использование = Истина;
	
	ПараметрВывода = Настройки.ПараметрыВывода.Элементы.Найти(""ВыводитьОтбор"");
	ПараметрВывода.Значение = ТипВыводаТекстаКомпоновкиДанных.НеВыводить;
	ПараметрВывода.Использование = Истина;
	
	// Условное оформление
	ЭлементУО = Настройки.УсловноеОформление.Элементы.Добавить();
	
	// Оформление - цвет фона
	ЭлементОформления = ЭлементУО.Оформление.Элементы.Найти(""ЦветФона"");
	ЭлементОформления.Значение = Новый Цвет(0, 150, 30);
	ЭлементОформления.Использование = Истина;
	
	// Отбор условного оформления: СуммаРасход > СуммаПриход
	ЭлементОтбора = ЭлементУО.Отбор.Элементы.Добавить(Тип(""ЭлементОтбораКомпоновкиДанных""));
	ЭлементОтбора.ЛевоеЗначение = Новый ПолеКомпоновкиДанных(""СуммаРасход"");
	ЭлементОтбора.ВидСравнения = ВидСравненияКомпоновкиДанных.Больше;
	ЭлементОтбора.ПравоеЗначение = Новый ПолеКомпоновкиДанных(""СуммаПриход"");
	ЭлементОтбора.Использование = Истина;
	
	// Дополнительные настройки условного оформления
	ЭлементУО.Использование = Истина;
	ЭлементУО.ИспользоватьВЗаголовкеПолейРесурсов = ТипИспользованияУсловногоОформленияКомпоновкиДанных.НеИспользовать;
	ЭлементУО.ИспользоватьВОбщемИтоге = ТипИспользованияУсловногоОформленияКомпоновкиДанных.НеИспользовать;
	
	// Поля условного оформления
	ПолеОформления = ЭлементУО.Поля.Элементы.Добавить();
	ПолеОформления.Поле = Новый ПолеКомпоновкиДанных(""СуммаПриход"");
	ПолеОформления.Использование = Истина;
	
	ПолеОформления = ЭлементУО.Поля.Элементы.Добавить();
	ПолеОформления.Поле = Новый ПолеКомпоновкиДанных(""СуммаРасход"");
	ПолеОформления.Использование = Истина;
	
	// Формирование отчета
	КомпоновщикМакета = Новый КомпоновщикМакетаКомпоновкиДанных;
	МакетКомпоновки = КомпоновщикМакета.Выполнить(СхемаКомпоновки, Настройки);
	
	ПроцессорКомпоновки = Новый ПроцессорКомпоновкиДанных;
	ПроцессорКомпоновки.Инициализировать(МакетКомпоновки);
	
	ПроцессорВывода = Новый ПроцессорВыводаРезультатаКомпоновкиДанныхВТабличныйДокумент;
	ПроцессорВывода.УстановитьДокумент(ТабличныйДокумент);
	ПроцессорВывода.Вывести(ПроцессорКомпоновки);
	
	Возврат ТабличныйДокумент;
	
КонецФункции"
"Написать функцию СформироватьОтчетВзаиморасчетыБезКопеек(ДатаНачала, ДатаОкончания) которая формирует отчет на сервере ""ОтчетПоВзаиморасчетам"" и выводит суммы, округленные до целых. 
Функция должна программно сформировать отчет ""ОтчетПоВзаиморасчетам"", вариант отчета ""Основной"".  
Настройки отчета:
	Параметры отчета: Период. 
	    Значения парамета: Период.ДатаНачала = ДатаНачала, Период.ДатаОкончания = ДатаОкончания 
	Выбранные поля: СуммаПриход, СуммаРасход.
	Параметры вывода: ВыводитьПараметрыДанных = Не выводить,
	                  ВыводитьОтбор = Не выводить. 
	УсловноеОформление: Формат = ""ЧЦ=10"" 
	                    Поля: СуммаПриход, СуммаРасход.                	                 
Параметры функции:  
ДатаНачала (тип: Дата) - начало периода.
ДатаОкончания (тип: Дата) - окончание периода.

Возвращаемое значение: ТабличныйДокумент.",{},task_121,server,high,task27_сложн_Куликова_v1.epf,"Функция СформироватьОтчетВзаиморасчетыБезКопеек(ДатаНачала, ДатаОкончания)
	
	ТабличныйДокумент = Новый ТабличныйДокумент;
	
	СхемаКомпоновки = Отчеты.ОтчетПоВзаиморасчетам.ПолучитьМакет(""ОсновнаяСхемаКомпоновкиДанных"");
	
	НастройкиКомпоновки = СхемаКомпоновки.НастройкиПоУмолчанию;
	
	// Установка параметров периода
	ПараметрПериод = НастройкиКомпоновки.ПараметрыДанных.Элементы.Найти(""Период"");
	ПараметрПериод.Использование = Истина;
	ПараметрПериод.Значение = Новый СтандартныйПериод(ДатаНачала, ДатаОкончания);
	
	// Настройка выбранных полей
	НастройкиКомпоновки.Выбор.Элементы.Очистить();
	
	ПолеСуммаПриход = НастройкиКомпоновки.Выбор.Элементы.Добавить(Тип(""ВыбранноеПолеКомпоновкиДанных""));
	ПолеСуммаПриход.Поле = Новый ПолеКомпоновкиДанных(""СуммаПриход"");
	
	ПолеСуммаРасход = НастройкиКомпоновки.Выбор.Элементы.Добавить(Тип(""ВыбранноеПолеКомпоновкиДанных""));
	ПолеСуммаРасход.Поле = Новый ПолеКомпоновкиДанных(""СуммаРасход"");
	
	// Параметры вывода
	ПараметрВывода = НастройкиКомпоновки.ПараметрыВывода.Элементы.Найти(""ВыводитьПараметрыДанных"");
	ПараметрВывода.Использование = Истина;
	ПараметрВывода.Значение = Тип(""ТипВыводаТекстаКомпоновкиДанных.НеВыводить"");
	ПараметрВывода.Значение = ТипВыводаТекстаКомпоновкиДанных.НеВыводить;
	
	ПараметрВыводаОтбор = НастройкиКомпоновки.ПараметрыВывода.Элементы.Найти(""ВыводитьОтбор"");
	ПараметрВыводаОтбор.Использование = Истина;
	ПараметрВыводаОтбор.Значение = ТипВыводаТекстаКомпоновкиДанных.НеВыводить;
	
	// Условное оформление
	ЭлементУсловногоОформления = НастройкиКомпоновки.УсловноеОформление.Элементы.Добавить();
	
	// Поля условного оформления
	ПолеОформления = ЭлементУсловногоОформления.Поля.Элементы.Добавить();
	ПолеОформления.Поле = Новый ПолеКомпоновкиДанных(""СуммаПриход"");
	ПолеОформления.Использование = Истина;
	
	ПолеОформления2 = ЭлементУсловногоОформления.Поля.Элементы.Добавить();
	ПолеОформления2.Поле = Новый ПолеКомпоновкиДанных(""СуммаРасход"");
	ПолеОформления2.Использование = Истина;
	
	// Формат
	ЭлементУсловногоОформления.Оформление.УстановитьЗначениеПараметра(""Формат"", ""ЧЦ=10"");
	
	// Компоновка и вывод отчета
	КомпоновщикМакета = Новый КомпоновщикМакетаКомпоновкиДанных;
	МакетКомпоновки = КомпоновщикМакета.Выполнить(СхемаКомпоновки, НастройкиКомпоновки, , , Тип(""ГенераторМакетаКомпоновкиДанных""));
	
	ПроцессорКомпоновки = Новый ПроцессорКомпоновкиДанных;
	ПроцессорКомпоновки.Инициализировать(МакетКомпоновки);
	
	ПроцессорВывода = Новый ПроцессорВыводаРезультатаКомпоновкиДанныхВТабличныйДокумент;
	ПроцессорВывода.УстановитьДокумент(ТабличныйДокумент);
	ПроцессорВывода.Вывести(ПроцессорКомпоновки);
	
	Возврат ТабличныйДокумент;
	
КонецФункции"
"Написать функцию СформироватьОтчетВзаиморасчетыДобавитьКолонкуРазница(ДатаНачала, ДатаОкончания) которая формирует отчет на сервере ""ОтчетПоВзаиморасчетам"" с добавлением колонки Разница, 
которая вычисляет разницу между СуммаПриход и СуммаРасход.
Функция должна программно сформировать отчет ""ОтчетПоВзаиморасчетам"", вариант отчета ""Основной"".   
Созадать новое поле как вычисляемое поле Разница, добавить его в поля итога. 
Настройки отчета: 
    ВычисляемыеПоля: Разница
       Заголовок: Разница 
       ПутьКДанным: Разница
       Выражение: СуммаПриход - СуммаРасход.
       Группировки: Регистратор 
       ТипЗначения: Число(10, 2)
    ПоляИтога: 
        Поле: Разница
        Выражение: Сумма(Разница).   
	Параметры отчета: Период. 
	    Значения парамета: Период.ДатаНачала = ДатаНачала, Период.ДатаОкончания = ДатаОкончания 
	Выбранные поля: СуммаПриход, СуммаРасход, Разница.
	Параметры вывода: ВыводитьПараметрыДанных = Не выводить,
	                  ВыводитьОтбор = Не выводить.                	                 
Параметры функции:  
ДатаНачала (тип: Дата) - начало периода.
ДатаОкончания (тип: Дата) - окончание периода.

Возвращаемое значение: ТабличныйДокумент.",{},task_122,server,high,task28_сложн_Куликова_v1.epf,"Функция СформироватьОтчетВзаиморасчетыДобавитьКолонкуРазница(ДатаНачала, ДатаОкончания) Экспорт
	
	// Создаем схему компоновки данных из отчета
	СхемаКомпоновки = Отчеты.ОтчетПоВзаиморасчетам.ПолучитьМакет(""ОсновнаяСхемаКомпоновкиДанных"");
	
	// Получаем настройки по умолчанию
	НастройкиКомпоновки = СхемаКомпоновки.НастройкиПоУмолчанию;
	
	// Очищаем существующие настройки выбранных полей
	НастройкиКомпоновки.Выбор.Элементы.Очистить();
	
	// Добавляем выбранные поля
	ПолеВыбора = НастройкиКомпоновки.Выбор.Элементы.Добавить(Тип(""ВыбранноеПолеКомпоновкиДанных""));
	ПолеВыбора.Поле = Новый ПолеКомпоновкиДанных(""СуммаПриход"");
	
	ПолеВыбора = НастройкиКомпоновки.Выбор.Элементы.Добавить(Тип(""ВыбранноеПолеКомпоновкиДанных""));
	ПолеВыбора.Поле = Новый ПолеКомпоновкиДанных(""СуммаРасход"");
	
	ПолеВыбора = НастройкиКомпоновки.Выбор.Элементы.Добавить(Тип(""ВыбранноеПолеКомпоновкиДанных""));
	ПолеВыбора.Поле = Новый ПолеКомпоновкиДанных(""Разница"");
	
	// Добавляем вычисляемое поле ""Разница""
	ВычисляемоеПоле = СхемаКомпоновки.ВычисляемыеПоля.Добавить();
	ВычисляемоеПоле.ПутьКДанным = ""Разница"";
	ВычисляемоеПоле.Заголовок = ""Разница"";
	ВычисляемоеПоле.Выражение = ""СуммаПриход - СуммаРасход"";
	ВычисляемоеПоле.ТипЗначения = Новый ОписаниеТипов(""Число"", Новый КвалификаторыЧисла(10, 2));
	
	// Очищаем группировки и добавляем группировку по Регистратору
	НастройкиКомпоновки.Структура.Очистить();
	Группировка = НастройкиКомпоновки.Структура.Добавить(Тип(""ГруппировкаКомпоновкиДанных""));
	ПолеГруппировки = Группировка.ПоляГруппировки.Элементы.Добавить(Тип(""ПолеГруппировкиКомпоновкиДанных""));
	ПолеГруппировки.Поле = Новый ПолеКомпоновкиДанных(""Регистратор"");
	
	// Добавляем выбранные поля в группировку
	ПолеВыбораГр = Группировка.Выбор.Элементы.Добавить(Тип(""ВыбранноеПолеКомпоновкиДанных""));
	ПолеВыбораГр.Поле = Новый ПолеКомпоновкиДанных(""СуммаПриход"");
	
	ПолеВыбораГр = Группировка.Выбор.Элементы.Добавить(Тип(""ВыбранноеПолеКомпоновкиДанных""));
	ПолеВыбораГр.Поле = Новый ПолеКомпоновкиДанных(""СуммаРасход"");
	
	ПолеВыбораГр = Группировка.Выбор.Элементы.Добавить(Тип(""ВыбранноеПолеКомпоновкиДанных""));
	ПолеВыбораГр.Поле = Новый ПолеКомпоновкиДанных(""Разница"");
	
	// Настраиваем параметры - Период
	Для Каждого ЭлементПараметра Из НастройкиКомпоновки.ПараметрыДанных.Элементы Цикл
		Если ЭлементПараметра.Параметр = Новый ПараметрКомпоновкиДанных(""Период"") Тогда
			ЭлементПараметра.Значение = Новый СтандартныйПериод(ДатаНачала, ДатаОкончания);
			ЭлементПараметра.Использование = Истина;
		КонецЕсли;
	КонецЦикла;
	
	// Настраиваем параметры вывода
	ЭлементВывода = НастройкиКомпоновки.ПараметрыВывода.НайтиЗначениеПараметра(Новый ПараметрКомпоновкиДанных(""ВыводитьПараметрыДанных""));
	Если ЭлементВывода <> Неопределено Тогда
		ЭлементВывода.Значение = ТипВыводаТекстаКомпоновкиДанных.НеВыводить;
		ЭлементВывода.Использование = Истина;
	КонецЕсли;
	
	ЭлементВывода = НастройкиКомпоновки.ПараметрыВывода.НайтиЗначениеПараметра(Новый ПараметрКомпоновкиДанных(""ВыводитьОтбор""));
	Если ЭлементВывода <> Неопределено Тогда
		ЭлементВывода.Значение = ТипВыводаТекстаКомпоновкиДанных.НеВыводить;
		ЭлементВывода.Использование = Истина;
	КонецЕсли;
	
	// Добавляем поле итога ""Разница""
	ПолеИтога = СхемаКомпоновки.ПоляИтога.Добавить();
	ПолеИтога.ПутьКДанным = ""Разница"";
	ПолеИтога.Выражение = ""Сумма(Разница)"";
	
	// Формируем отчет
	КомпоновщикМакета = Новый КомпоновщикМакетаКомпоновкиДанных;
	МакетКомпоновки = КомпоновщикМакета.Выполнить(СхемаКомпоновки, НастройкиКомпоновки, , , Тип(""ГенераторМакетаКомпоновкиДанных""));
	
	ПроцессорКомпоновки = Новый ПроцессорКомпоновкиДанных;
	ПроцессорКомпоновки.Инициализировать(МакетКомпоновки);
	
	ПроцессорВывода = Новый ПроцессорВыводаРезультатаКомпоновкиДанныхВТабличныйДокумент;
	ТабличныйДокумент = Новый ТабличныйДокумент;
	ПроцессорВывода.УстановитьДокумент(ТабличныйДокумент);
	ПроцессорВывода.Вывести(ПроцессорКомпоновки);
	
	Возврат ТабличныйДокумент;
	
КонецФункции"
"Функция: СформироватьМаржинальностьПродаж(ДатаНач, ДатаКон)   
Функция формирует анализ маржинальности продаж по каждому товару за указанный период. 
Позволяет оценить прибыльность продаж, рассчитав валовую маржу (разницу между ценой продажи и себестоимостью).

Параметры

ДатаНач (Дата) — дата начала периода анализа (обязательный параметр).
ДатаКон (Дата) — дата окончания периода анализа (обязательный параметр).

Функция выполняет следующие расчёты по каждому товару:
КоличествоПродано это общее количество проданного товара за период.
СуммаПродажи общая сумма продаж товара за период (по цене продажи).
Себестоимость  рассчитанная себестоимость проданного товара.
Определяется как средняя цена закупки из всех документов ПриходТовара

Маржа это валовая маржа по товару = СуммаПродажи − Себестоимость. 
Расчёт производится только по проведённым документам РасходТовара.

Функция возвращает объект типа ТаблицаЗначений со следующими колонками: 
Товар, КоличествоПродано, СуммаПродажи, Себестоимость, Маржа 
Результат группируется по товарам. 

Себестоимость рассчитывается через среднюю цену прихода по всем документам  
В запросе используется левое соединение с подзапросом, поэтому если по товару не было приходов — себестоимость будет равна 0  

Маржа может быть отрицательной это говорит б убыточных продажах","{""Documents"": [{""id"": ""ПриходТовара"", ""name"": ""Приход товара"", ""Attributes"": [{""id"": ""Поставщик"", ""name"": ""Поставщик"", ""types"": [{""type"": ""Ref"", ""id"": ""Справочник.Контрагенты""}]}, {""id"": ""Склад"", ""name"": ""Склад"", ""types"": [{""type"": ""Ref"", ""id"": ""Справочник.Склады""}]}, {""id"": ""Валюта"", ""name"": ""Валюта взаиморасчетов"", ""types"": [{""type"": ""Ref"", ""id"": ""Справочник.Валюты""}]}, {""id"": ""Организация"", ""name"": ""Организация"", ""types"": [{""type"": ""Ref"", ""id"": ""Справочник.Организации""}]}], ""TabularSections"": [{""id"": ""Товары"", ""name"": ""Товары"", ""Attributes"": [{""id"": ""Товар"", ""name"": ""Товар"", ""types"": [{""type"": ""Ref"", ""id"": ""Справочник.Товары""}]}, {""id"": ""Цена"", ""name"": ""Цена"", ""types"": [{""type"": ""Number"", ""NumberQualifiers"": ""10.2""}]}, {""id"": ""Количество"", ""name"": ""Количество"", ""types"": [{""type"": ""Number"", ""NumberQualifiers"": ""10.2""}]}, {""id"": ""Сумма"", ""name"": ""Сумма"", ""types"": [{""type"": ""Number"", ""NumberQualifiers"": ""10.2""}]}]}]}, {""id"": ""РасходТовара"", ""name"": ""Расход товара"", ""Attributes"": [{""id"": ""Покупатель"", ""name"": ""Покупатель"", ""types"": [{""type"": ""Ref"", ""id"": ""Справочник.Контрагенты""}]}, {""id"": ""Склад"", ""name"": ""Склад"", ""types"": [{""type"": ""Ref"", ""id"": ""Справочник.Склады""}]}, {""id"": ""Валюта"", ""name"": ""Валюта взиморасчетов"", ""types"": [{""type"": ""Ref"", ""id"": ""Справочник.Валюты""}]}, {""id"": ""ВидЦен"", ""name"": ""Вид цен"", ""types"": [{""type"": ""Ref"", ""id"": ""Справочник.ВидыЦен""}]}, {""id"": ""ОбоснованиеОтгрузки"", ""name"": ""Обоснование отгрузки"", ""types"": [{""type"": ""String"", ""StringQualifiers"": ""0""}]}, {""id"": ""Организация"", ""name"": ""Организация"", ""types"": [{""type"": ""Ref"", ""id"": ""Справочник.Организации""}]}], ""TabularSections"": [{""id"": ""Товары"", ""name"": ""Товары"", ""Attributes"": [{""id"": ""Товар"", ""name"": ""Товар"", ""types"": [{""type"": ""Ref"", ""id"": ""Справочник.Товары""}]}, {""id"": ""Цена"", ""name"": ""Цена"", ""types"": [{""type"": ""Number"", ""NumberQualifiers"": ""10.2""}]}, {""id"": ""Количество"", ""name"": ""Количество"", ""types"": [{""type"": ""Number"", ""NumberQualifiers"": ""10.2""}]}, {""id"": ""Сумма"", ""name"": ""Сумма"", ""types"": [{""type"": ""Number"", ""NumberQualifiers"": ""10.2""}]}]}]}]}",task_123,server,high,task29_СложнаяМаржинальностьпродаж_v2.epf,"Функция СформироватьМаржинальностьПродаж(ДатаНач, ДатаКон)
	
	Запрос = Новый Запрос;
	Запрос.Текст = 
	""ВЫБРАТЬ
	|	Продажи.Товар КАК Товар,
	|	СУММА(Продажи.Количество) КАК КоличествоПродано,
	|	СУММА(Продажи.Сумма) КАК СуммаПродажи,
	|	СУММА(Продажи.Количество * ЕСТЬNULL(СредниеЦены.СредняяЦена, 0)) КАК Себестоимость,
	|	СУММА(Продажи.Сумма) - СУММА(Продажи.Количество * ЕСТЬNULL(СредниеЦены.СредняяЦена, 0)) КАК Маржа
	|ИЗ
	|	(ВЫБРАТЬ
	|		РасходТовараТовары.Товар КАК Товар,
	|		РасходТовараТовары.Количество КАК Количество,
	|		РасходТовараТовары.Сумма КАК Сумма
	|	ИЗ
	|		Документ.РасходТовара.Товары КАК РасходТовараТовары
	|	ГДЕ
	|		РасходТовараТовары.Ссылка.Проведен = ИСТИНА
	|		И РасходТовараТовары.Ссылка.Дата МЕЖДУ &ДатаНач И &ДатаКон) КАК Продажи
	|		ЛЕВОЕ СОЕДИНЕНИЕ (ВЫБРАТЬ
	|			ПриходТовараТовары.Товар КАК Товар,
	|			СУММА(ПриходТовараТовары.Сумма) / СУММА(ПриходТовараТовары.Количество) КАК СредняяЦена
	|		ИЗ
	|			Документ.ПриходТовара.Товары КАК ПриходТовараТовары
	|		ГДЕ
	|			ПриходТовараТовары.Ссылка.Проведен = ИСТИНА
	|		СГРУППИРОВАТЬ ПО
	|			ПриходТовараТовары.Товар) КАК СредниеЦены
	|		ПО Продажи.Товар = СредниеЦены.Товар
	|СГРУППИРОВАТЬ ПО
	|	Продажи.Товар"";
	
	Запрос.УстановитьПараметр(""ДатаНач"", НачалоДня(ДатаНач));
	Запрос.УстановитьПараметр(""ДатаКон"", КонецДня(ДатаКон));
	
	Результат = Запрос.Выполнить();
	
	ТаблицаРезультат = Результат.Выгрузить();
	
	Возврат ТаблицаРезультат;
	
КонецФункции"
"Написать функцию СформироватьОтчетОстаткиВыводРеквизитовТовара(), которая формирует отчет на сервере ""ОстаткиТоваровНаСкладах"" с выводом товара, его свойств: Артикул, Изображение 
и его остатка, с группировкой по Товар.
Функция должна программно сформировать отчет ""ОстаткиТоваровНаСкладах"", вариант отчета ""Основной"". 
Настройки отчета:    
    Структура: Группировка: 
                        Товар: ТипГруппировки = Элементы, ТипДополнения = БезДополнения.
	Выбранные поля: Товар, 
	                Группа колонок: Свойства: Заголовок = Свойства, Расположение = ОтдельнаяКолонка. 
	                      Товар.Артикул, 
	                      Товар.ФайлКартинки.ДанныеФайл
	                КоличествоОстаток.
	     Для Товар.Артикул задать заголовок Артикул
	     Для Товар.ФайлКартинки.ДанныеФайл задать заголовок Изображение 	
	Параметры вывода: ВыводитьПараметрыДанных = Не выводить,
	                  ВыводитьОтбор = Не выводить. 

Возвращаемое значение: ТабличныйДокумент.","{""Catalogs"": [{""id"": ""Товары"", ""name"": ""Товары"", ""Attributes"": [{""id"": ""Артикул"", ""name"": ""Артикул"", ""types"": [{""type"": ""String"", ""StringQualifiers"": ""15""}]}, {""id"": ""Поставщик"", ""name"": ""Поставщик"", ""types"": [{""type"": ""Ref"", ""id"": ""Справочник.Контрагенты""}]}, {""id"": ""ФайлКартинки"", ""name"": ""Картинка"", ""types"": [{""type"": ""Ref"", ""id"": ""Справочник.ХранимыеФайлы""}]}, {""id"": ""Вид"", ""name"": ""Вид"", ""types"": []}, {""id"": ""Штрихкод"", ""name"": ""Штрихкод"", ""types"": [{""type"": ""String"", ""StringQualifiers"": ""20""}]}, {""id"": ""Описание"", ""name"": ""Описание"", ""types"": [{""type"": ""String"", ""StringQualifiers"": ""0""}]}]}, {""id"": ""ХранилищеВариантовОтчетов"", ""name"": ""Варианты отчетов"", ""Attributes"": [{""id"": ""ВариантОтчета"", ""name"": ""Вариант отчета"", ""types"": []}, {""id"": ""КлючОбъекта"", ""name"": ""Ключ объекта"", ""types"": [{""type"": ""String"", ""StringQualifiers"": ""255""}]}]}]}",task_124,server,high,task29_сложн_Куликова_v1.epf,"Функция СформироватьОтчетОстаткиВыводРеквизитовТовара() Экспорт
	
	// Создаем схему компоновки данных из отчета
	СхемаКомпоновкиДанных = Отчеты.ОстаткиТоваровНаСкладах.ПолучитьМакет(""ОсновнаяСхемаКомпоновкиДанных"");
	
	// Получаем настройки по умолчанию
	НастройкиКомпоновки = СхемаКомпоновкиДанных.НастройкиПоУмолчанию;
	НастройкиКомпоновки.Структура.Очистить();
	НастройкиКомпоновки.Выбор.Элементы.Очистить();
	
	// Добавляем группировку по Товар
	ГруппировкаТовар = НастройкиКомпоновки.Структура.Добавить(Тип(""ГруппировкаКомпоновкиДанных""));
	ГруппировкаТовар.Использование = Истина;
	
	ПолеГруппировки = ГруппировкаТовар.ПоляГруппировки.Элементы.Добавить(Тип(""ПолеГруппировкиКомпоновкиДанных""));
	ПолеГруппировки.Использование = Истина;
	ПолеГруппировки.Поле = Новый ПолеКомпоновкиДанных(""Товар"");
	ПолеГруппировки.ТипГруппировки = ТипГруппировкиКомпоновкиДанных.Элементы;
	ПолеГруппировки.ТипДополнения = ТипДополненияПериодаКомпоновкиДанных.БезДополнения;
	
	// Настраиваем выбранные поля
	Выбор = НастройкиКомпоновки.Выбор;
	
	// Товар
	ПолеТовар = Выбор.Элементы.Добавить(Тип(""ВыбранноеПолеКомпоновкиДанных""));
	ПолеТовар.Поле = Новый ПолеКомпоновкиДанных(""Товар"");
	ПолеТовар.Использование = Истина;
	
	// Группа колонок ""Свойства""
	ГруппаСвойства = Выбор.Элементы.Добавить(Тип(""ГруппаВыбранныхПолейКомпоновкиДанных""));
	ГруппаСвойства.Заголовок = ""Свойства"";
	ГруппаСвойства.Расположение = РасположениеПоляКомпоновкиДанных.ОтдельнаяКолонка;
	ГруппаСвойства.Использование = Истина;
	
	// Товар.Артикул
	ПолеАртикул = ГруппаСвойства.Элементы.Добавить(Тип(""ВыбранноеПолеКомпоновкиДанных""));
	ПолеАртикул.Поле = Новый ПолеКомпоновкиДанных(""Товар.Артикул"");
	ПолеАртикул.Использование = Истина;
	ПолеАртикул.Заголовок = ""Артикул"";
	
	// Товар.ФайлКартинки.ДанныеФайл
	ПолеИзображение = ГруппаСвойства.Элементы.Добавить(Тип(""ВыбранноеПолеКомпоновкиДанных""));
	ПолеИзображение.Поле = Новый ПолеКомпоновкиДанных(""Товар.ФайлКартинки.ДанныеФайл"");
	ПолеИзображение.Использование = Истина;
	ПолеИзображение.Заголовок = ""Изображение"";
	
	// КоличествоОстаток
	ПолеКоличество = Выбор.Элементы.Добавить(Тип(""ВыбранноеПолеКомпоновкиДанных""));
	ПолеКоличество.Поле = Новый ПолеКомпоновкиДанных(""КоличествоОстаток"");
	ПолеКоличество.Использование = Истина;
	
	// Настраиваем параметры вывода
	Для Каждого ЭлементВывода Из НастройкиКомпоновки.ПараметрыВывода.Элементы Цикл
		Если ЭлементВывода.Параметр = Новый ПараметрКомпоновкиДанных(""ВыводитьПараметрыДанных"") Тогда
			ЭлементВывода.Значение = ТипВыводаТекстаКомпоновкиДанных.НеВыводить;
			ЭлементВывода.Использование = Истина;
		КонецЕсли;
		Если ЭлементВывода.Параметр = Новый ПараметрКомпоновкиДанных(""ВыводитьОтбор"") Тогда
			ЭлементВывода.Значение = ТипВыводаТекстаКомпоновкиДанных.НеВыводить;
			ЭлементВывода.Использование = Истина;
		КонецЕсли;
	КонецЦикла;
	
	// Формируем отчет
	КомпоновщикМакета = Новый КомпоновщикМакетаКомпоновкиДанных;
	МакетКомпоновки = КомпоновщикМакета.Выполнить(СхемаКомпоновкиДанных, НастройкиКомпоновки);
	
	ПроцессорКомпоновки = Новый ПроцессорКомпоновкиДанных;
	ПроцессорКомпоновки.Инициализировать(МакетКомпоновки);
	
	ТабличныйДокумент = Новый ТабличныйДокумент;
	
	ПроцессорВывода = Новый ПроцессорВыводаРезультатаКомпоновкиДанныхВТабличныйДокумент;
	ПроцессорВывода.УстановитьДокумент(ТабличныйДокумент);
	ПроцессорВывода.Вывести(ПроцессорКомпоновки);
	
	Возврат ТабличныйДокумент;
	
КонецФункции"
"Функция: СформироватьДублирующиесяЗаказы(ДатаНач = Неопределено, ДатаКон = Неопределено)    
Функция выявляет дублирующиеся заказы покупателей  когда один и тот же покупатель оформляет несколько заказов в один и тот же день.  
Это позволяет выявлять возможные ошибки ввода данных, повторные заказы или технические дубли, которые могут возникать при ручном вводе или ошибке в программе. 

 
ДатаНач (Дата) — дата начала периода анализа.
Если параметр не указан (Неопределено), по умолчанию устанавливается начало текущего дня.
ДатаКон (Дата) — дата окончания периода анализа.
Если параметр не указан (Неопределено), по умолчанию устанавливается конец текущего дня.  

Функция анализирует проведённые документы Заказ за указанный период и группирует их:
По покупателю (Покупатель)
По дате заказа (Дата)
Затем отбираются только те комбинации «Покупатель + Дата», по которым количество заказов больше одного. КОЛИЧЕСТВО(Заказы.Ссылка) > 1

Функция возвращает объект типа ТаблицаЗначений со следующими колонками Покупатель (у которого обнаружены дубли), ДатаЗаказа, КоличествоЗаказов (Количество заказов, оформленных в этот день)
Результат отсортирован по покупателю (по возрастанию), затем по дате заказа (по возрастанию)    
 
 В запросе учитываются только проведённые документы Заказ 
 Период по умолчанию — текущий день
 Дубли считаются в рамках одной календарной даты","{""Documents"": [{""id"": ""Заказ"", ""name"": ""Заказ"", ""Attributes"": [{""id"": ""Покупатель"", ""name"": ""Покупатель"", ""types"": [{""type"": ""Ref"", ""id"": ""Справочник.Контрагенты""}]}, {""id"": ""Склад"", ""name"": ""Склад"", ""types"": [{""type"": ""Ref"", ""id"": ""Справочник.Склады""}]}, {""id"": ""Валюта"", ""name"": ""Валюта взаиморасчетов"", ""types"": [{""type"": ""Ref"", ""id"": ""Справочник.Валюты""}]}, {""id"": ""ВидЦен"", ""name"": ""Вид цен"", ""types"": [{""type"": ""Ref"", ""id"": ""Справочник.ВидыЦен""}]}, {""id"": ""Организация"", ""name"": ""Организация"", ""types"": [{""type"": ""Ref"", ""id"": ""Справочник.Организации""}]}, {""id"": ""СостояниеЗаказа"", ""name"": ""Состояние заказа"", ""types"": [{""type"": ""Ref"", ""id"": ""Перечисление.СостоянияЗаказов""}]}, {""id"": ""Автор"", ""name"": ""Автор"", ""types"": [{""type"": ""Ref"", ""id"": ""Справочник.Пользователи""}]}, {""id"": ""Сумма"", ""name"": ""Сумма"", ""types"": [{""type"": ""Number"", ""NumberQualifiers"": ""10.2""}]}], ""TabularSections"": [{""id"": ""Товары"", ""name"": ""Товары"", ""Attributes"": [{""id"": ""Товар"", ""name"": ""Товар"", ""types"": [{""type"": ""Ref"", ""id"": ""Справочник.Товары""}]}, {""id"": ""Цена"", ""name"": ""Цена"", ""types"": [{""type"": ""Number"", ""NumberQualifiers"": ""10.2""}]}, {""id"": ""Количество"", ""name"": ""Количество"", ""types"": [{""type"": ""Number"", ""NumberQualifiers"": ""10.0""}]}, {""id"": ""Сумма"", ""name"": ""Сумма"", ""types"": [{""type"": ""Number"", ""NumberQualifiers"": ""10.2""}]}]}]}]}",task_125,server,mid,task30_СредняяСформироватьДублирующиесяЗаказы_v2.epf,"Функция СформироватьДублирующиесяЗаказы(ДатаНач = Неопределено, ДатаКон = Неопределено) Экспорт
	
	Если ДатаНач = Неопределено Тогда
		ДатаНач = НачалоДня(ТекущаяДата());
	КонецЕсли;
	
	Если ДатаКон = Неопределено Тогда
		ДатаКон = КонецДня(ТекущаяДата());
	КонецЕсли;
	
	Запрос = Новый Запрос;
	Запрос.Текст = 
	""ВЫБРАТЬ
	|	Заказы.Покупатель КАК Покупатель,
	|	НАЧАЛОПЕРИОДА(Заказы.Дата, ДЕНЬ) КАК ДатаЗаказа,
	|	КОЛИЧЕСТВО(Заказы.Ссылка) КАК КоличествоЗаказов
	|ИЗ
	|	Документ.Заказ КАК Заказы
	|ГДЕ
	|	Заказы.Проведен = ИСТИНА
	|	И Заказы.Дата >= &ДатаНач
	|	И Заказы.Дата <= &ДатаКон
	|СГРУППИРОВАТЬ ПО
	|	Заказы.Покупатель,
	|	НАЧАЛОПЕРИОДА(Заказы.Дата, ДЕНЬ)
	|ИМЕЮЩИЕ
	|	КОЛИЧЕСТВО(Заказы.Ссылка) > 1
	|УПОРЯДОЧИТЬ ПО
	|	Покупатель ВОЗР,
	|	ДатаЗаказа ВОЗР"";
	
	Запрос.УстановитьПараметр(""ДатаНач"", ДатаНач);
	Запрос.УстановитьПараметр(""ДатаКон"", ДатаКон);
	
	Результат = Запрос.Выполнить().Выгрузить();
	
	Возврат Результат;
	
КонецФункции"
"Написать функцию СформироватьОтчетОстаткиИзменитьЗаголовокКолонкиОстаток(), которая формирует отчет на сервере ""ОстаткиТоваровНаСкладах"" и заменяет заголовок Колонки 
""Количество остаток"" на ""Остаток на складе"".
Функция должна программно сформировать отчет ""ОстаткиТоваровНаСкладах"", вариант отчета ""Основной"". 
Настройки отчета:    
	УсловноеОформление: 
	   Оформление: Текст = ""Остаток на складе""
	   ОформляемыеПоля: КоличествоОстаток
	   ОбластьИспользования: В заголовке полей ресурсов.
	   
	   Оформление: Текст = ""Количество""
	   ОформляемыеПоля: КоличествоОстаток
	   ОбластьИспользования: В заголовке полей ресурсов общего итога.
	   	
	Параметры вывода: ВыводитьПараметрыДанных = Не выводить,
	                  ВыводитьОтбор = Не выводить. 

Возвращаемое значение: ТабличныйДокумент.",{},task_126,server,high,task30_сложн_Куликова_v1.epf,"Функция СформироватьОтчетОстаткиИзменитьЗаголовокКолонкиОстаток() Экспорт
	
	// Создаем схему компоновки данных из отчета
	СхемаКомпоновкиДанных = Отчеты.ОстаткиТоваровНаСкладах.ПолучитьМакет(""ОсновнаяСхемаКомпоновкиДанных"");
	
	// Получаем настройки по умолчанию (вариант ""Основной"")
	Настройки = СхемаКомпоновкиДанных.НастройкиПоУмолчанию;
	
	// Условное оформление
	// Элемент 1: Текст = ""Остаток на складе"" для КоличествоОстаток в заголовке полей ресурсов
	ЭлементУО = Настройки.УсловноеОформление.Элементы.Добавить();
	
	// Оформление
	ЭлементОформления = ЭлементУО.Оформление.НайтиПараметрОформления(Новый ПараметрКомпоновкиДанных(""Текст""));
	ЭлементОформления.Значение = ""Остаток на складе"";
	ЭлементОформления.Использование = Истина;
	
	// Оформляемые поля
	ПолеОформления = ЭлементУО.Поля.Элементы.Добавить();
	ПолеОформления.Поле = Новый ПолеКомпоновкиДанных(""КоличествоОстаток"");
	ПолеОформления.Использование = Истина;
	
	// Область использования
	ЭлементУО.Область.Добавить(ТипОбластиОформленияКомпоновкиДанных.ЗаголовокПолейРесурсов);
	
	// Элемент 2: Текст = ""Количество"" для КоличествоОстаток в заголовке полей ресурсов общего итога
	ЭлементУО2 = Настройки.УсловноеОформление.Элементы.Добавить();
	
	// Оформление
	ЭлементОформления2 = ЭлементУО2.Оформление.НайтиПараметрОформления(Новый ПараметрКомпоновкиДанных(""Текст""));
	ЭлементОформления2.Значение = ""Количество"";
	ЭлементОформления2.Использование = Истина;
	
	// Оформляемые поля
	ПолеОформления2 = ЭлементУО2.Поля.Элементы.Добавить();
	ПолеОформления2.Поле = Новый ПолеКомпоновкиДанных(""КоличествоОстаток"");
	ПолеОформления2.Использование = Истина;
	
	// Область использования
	ЭлементУО2.Область.Добавить(ТипОбластиОформленияКомпоновкиДанных.ЗаголовокПолейРесурсовОбщегоИтога);
	
	// Параметры вывода
	ПараметрВывода = Настройки.ПараметрыВывода.НайтиЗначениеПараметра(Новый ПараметрКомпоновкиДанных(""ВыводитьПараметрыДанных""));
	Если ПараметрВывода <> Неопределено Тогда
		ПараметрВывода.Значение = ТипВыводаТекстаКомпоновкиДанных.НеВыводить;
		ПараметрВывода.Использование = Истина;
	КонецЕсли;
	
	ПараметрВывода = Настройки.ПараметрыВывода.НайтиЗначениеПараметра(Новый ПараметрКомпоновкиДанных(""ВыводитьОтбор""));
	Если ПараметрВывода <> Неопределено Тогда
		ПараметрВывода.Значение = ТипВыводаТекстаКомпоновкиДанных.НеВыводить;
		ПараметрВывода.Использование = Истина;
	КонецЕсли;
	
	// Формируем отчет
	КомпоновщикМакета = Новый КомпоновщикМакетаКомпоновкиДанных;
	МакетКомпоновки = КомпоновщикМакета.Выполнить(СхемаКомпоновкиДанных, Настройки, , , Тип(""ГенераторМакетаКомпоновкиДанных""));
	
	ПроцессорКомпоновки = Новый ПроцессорКомпоновкиДанных;
	ПроцессорКомпоновки.Инициализировать(МакетКомпоновки);
	
	ПроцессорВывода = Новый ПроцессорВыводаРезультатаКомпоновкиДанныхВТабличныйДокумент;
	ТабличныйДокумент = Новый ТабличныйДокумент;
	ПроцессорВывода.УстановитьДокумент(ТабличныйДокумент);
	ПроцессорВывода.Вывести(ПроцессорКомпоновки);
	
	Возврат ТабличныйДокумент;
	
КонецФункции"
"Функция: СформироватьНепроведенныеДокументы(ДатаНач = Неопределено, ДатаКон = Неопределено)
Функция формирует список всех непроведённых документов за указанный период. Используется для контроля качества ввода данных, выявления ошибок и незавершённых операций в учёте. 

Параметры
ДатаНач (Дата) это дата начала периода анализа.
Если параметр не указан (Неопределено), по умолчанию устанавливается начало текущего дня.
ДатаКон (Дата)  дата окончания периода анализа.
Если параметр не указан (Неопределено), по умолчанию устанавливается конец текущего дня.  

Функция выполняет поиск непроведённых документов
Заказ
ОперацияПоУчетуТоваров
Оплата
ПоступлениеДенег
ПриходТовара
РасходТовара   

Для каждого документа проверяется флаг Проведен = Ложь и попадание даты документа в заданный период

Функция возвращает объект типа ТаблицаЗначений со следующими колонками
Документ, ДатаДокумента, ТипДокумента

Результат отсортирован по возрастанию даты документа.
Используется конструкция ОБЪЕДИНИТЬ ВСЕ для объединения нескольких однотипных запросов.
В итоговой таблице явно указывается тип каждого документа через ТипЗнч(Ссылка)","{""Documents"": [{""id"": ""Заказ"", ""name"": ""Заказ"", ""Attributes"": [{""id"": ""Покупатель"", ""name"": ""Покупатель"", ""types"": [{""type"": ""Ref"", ""id"": ""Справочник.Контрагенты""}]}, {""id"": ""Склад"", ""name"": ""Склад"", ""types"": [{""type"": ""Ref"", ""id"": ""Справочник.Склады""}]}, {""id"": ""Валюта"", ""name"": ""Валюта взаиморасчетов"", ""types"": [{""type"": ""Ref"", ""id"": ""Справочник.Валюты""}]}, {""id"": ""ВидЦен"", ""name"": ""Вид цен"", ""types"": [{""type"": ""Ref"", ""id"": ""Справочник.ВидыЦен""}]}, {""id"": ""Организация"", ""name"": ""Организация"", ""types"": [{""type"": ""Ref"", ""id"": ""Справочник.Организации""}]}, {""id"": ""СостояниеЗаказа"", ""name"": ""Состояние заказа"", ""types"": [{""type"": ""Ref"", ""id"": ""Перечисление.СостоянияЗаказов""}]}, {""id"": ""Автор"", ""name"": ""Автор"", ""types"": [{""type"": ""Ref"", ""id"": ""Справочник.Пользователи""}]}, {""id"": ""Сумма"", ""name"": ""Сумма"", ""types"": [{""type"": ""Number"", ""NumberQualifiers"": ""10.2""}]}], ""TabularSections"": [{""id"": ""Товары"", ""name"": ""Товары"", ""Attributes"": [{""id"": ""Товар"", ""name"": ""Товар"", ""types"": [{""type"": ""Ref"", ""id"": ""Справочник.Товары""}]}, {""id"": ""Цена"", ""name"": ""Цена"", ""types"": [{""type"": ""Number"", ""NumberQualifiers"": ""10.2""}]}, {""id"": ""Количество"", ""name"": ""Количество"", ""types"": [{""type"": ""Number"", ""NumberQualifiers"": ""10.0""}]}, {""id"": ""Сумма"", ""name"": ""Сумма"", ""types"": [{""type"": ""Number"", ""NumberQualifiers"": ""10.2""}]}]}]}, {""id"": ""ОперацияПоУчетуТоваров"", ""name"": ""Операция по учету товаров"", ""Attributes"": [{""id"": ""СодержаниеОперации"", ""name"": ""Содержание операции"", ""types"": [{""type"": ""String"", ""StringQualifiers"": ""0""}]}, {""id"": ""Организация"", ""name"": ""Организация"", ""types"": [{""type"": ""Ref"", ""id"": ""Справочник.Организации""}]}]}, {""id"": ""Оплата"", ""name"": ""Оплата"", ""Attributes"": [{""id"": ""Поставщик"", ""name"": ""Поставщик"", ""types"": [{""type"": ""Ref"", ""id"": ""Справочник.Контрагенты""}]}, {""id"": ""РасчетныйСчетПоставщика"", ""name"": ""Расчетный счет поставщика"", ""types"": [{""type"": ""Ref"", ""id"": ""Справочник.РасчетныеСчетаКонтрагентов""}]}, {""id"": ""РасчетныйСчет"", ""name"": ""Расчетный счет"", ""types"": [{""type"": ""Ref"", ""id"": ""Справочник.РасчетныеСчета""}]}, {""id"": ""Валюта"", ""name"": ""Валюта"", ""types"": [{""type"": ""Ref"", ""id"": ""Справочник.Валюты""}]}, {""id"": ""Сумма"", ""name"": ""Сумма"", ""types"": [{""type"": ""Number"", ""NumberQualifiers"": ""10.2""}]}, {""id"": ""Организация"", ""name"": ""Организация"", ""types"": [{""type"": ""Ref"", ""id"": ""Справочник.Организации""}]}]}, {""id"": ""ПоступлениеДенег"", ""name"": ""Поступление денег"", ""Attributes"": [{""id"": ""Покупатель"", ""name"": ""Покупатель"", ""types"": [{""type"": ""Ref"", ""id"": ""Справочник.Контрагенты""}]}, {""id"": ""РасчетныйСчетПокупателя"", ""name"": ""Расчетный счет покупателя"", ""types"": [{""type"": ""Ref"", ""id"": ""Справочник.РасчетныеСчетаКонтрагентов""}]}, {""id"": ""РасчетныйСчет"", ""name"": ""Расчетный счет"", ""types"": [{""type"": ""Ref"", ""id"": ""Справочник.РасчетныеСчета""}]}, {""id"": ""Валюта"", ""name"": ""Валюта"", ""types"": [{""type"": ""Ref"", ""id"": ""Справочник.Валюты""}]}, {""id"": ""Сумма"", ""name"": ""Сумма"", ""types"": [{""type"": ""Number"", ""NumberQualifiers"": ""10.2""}]}, {""id"": ""Организация"", ""name"": ""Организация"", ""types"": [{""type"": ""Ref"", ""id"": ""Справочник.Организации""}]}]}, {""id"": ""ПриходТовара"", ""name"": ""Приход товара"", ""Attributes"": [{""id"": ""Поставщик"", ""name"": ""Поставщик"", ""types"": [{""type"": ""Ref"", ""id"": ""Справочник.Контрагенты""}]}, {""id"": ""Склад"", ""name"": ""Склад"", ""types"": [{""type"": ""Ref"", ""id"": ""Справочник.Склады""}]}, {""id"": ""Валюта"", ""name"": ""Валюта взаиморасчетов"", ""types"": [{""type"": ""Ref"", ""id"": ""Справочник.Валюты""}]}, {""id"": ""Организация"", ""name"": ""Организация"", ""types"": [{""type"": ""Ref"", ""id"": ""Справочник.Организации""}]}], ""TabularSections"": [{""id"": ""Товары"", ""name"": ""Товары"", ""Attributes"": [{""id"": ""Товар"", ""name"": ""Товар"", ""types"": [{""type"": ""Ref"", ""id"": ""Справочник.Товары""}]}, {""id"": ""Цена"", ""name"": ""Цена"", ""types"": [{""type"": ""Number"", ""NumberQualifiers"": ""10.2""}]}, {""id"": ""Количество"", ""name"": ""Количество"", ""types"": [{""type"": ""Number"", ""NumberQualifiers"": ""10.2""}]}, {""id"": ""Сумма"", ""name"": ""Сумма"", ""types"": [{""type"": ""Number"", ""NumberQualifiers"": ""10.2""}]}]}]}, {""id"": ""РасходТовара"", ""name"": ""Расход товара"", ""Attributes"": [{""id"": ""Покупатель"", ""name"": ""Покупатель"", ""types"": [{""type"": ""Ref"", ""id"": ""Справочник.Контрагенты""}]}, {""id"": ""Склад"", ""name"": ""Склад"", ""types"": [{""type"": ""Ref"", ""id"": ""Справочник.Склады""}]}, {""id"": ""Валюта"", ""name"": ""Валюта взиморасчетов"", ""types"": [{""type"": ""Ref"", ""id"": ""Справочник.Валюты""}]}, {""id"": ""ВидЦен"", ""name"": ""Вид цен"", ""types"": [{""type"": ""Ref"", ""id"": ""Справочник.ВидыЦен""}]}, {""id"": ""ОбоснованиеОтгрузки"", ""name"": ""Обоснование отгрузки"", ""types"": [{""type"": ""String"", ""StringQualifiers"": ""0""}]}, {""id"": ""Организация"", ""name"": ""Организация"", ""types"": [{""type"": ""Ref"", ""id"": ""Справочник.Организации""}]}], ""TabularSections"": [{""id"": ""Товары"", ""name"": ""Товары"", ""Attributes"": [{""id"": ""Товар"", ""name"": ""Товар"", ""types"": [{""type"": ""Ref"", ""id"": ""Справочник.Товары""}]}, {""id"": ""Цена"", ""name"": ""Цена"", ""types"": [{""type"": ""Number"", ""NumberQualifiers"": ""10.2""}]}, {""id"": ""Количество"", ""name"": ""Количество"", ""types"": [{""type"": ""Number"", ""NumberQualifiers"": ""10.2""}]}, {""id"": ""Сумма"", ""name"": ""Сумма"", ""types"": [{""type"": ""Number"", ""NumberQualifiers"": ""10.2""}]}]}]}]}",task_127,server,mid,task31_СредняяСформироватьДокументыБезПроведения_v2.epf,"Функция СформироватьНепроведенныеДокументы(ДатаНач = Неопределено, ДатаКон = Неопределено) Экспорт
	
	Если ДатаНач = Неопределено Тогда
		ДатаНач = НачалоДня(ТекущаяДата());
	КонецЕсли;
	
	Если ДатаКон = Неопределено Тогда
		ДатаКон = КонецДня(ТекущаяДата());
	КонецЕсли;
	
	Запрос = Новый Запрос;
	Запрос.Текст = 
	""ВЫБРАТЬ
	|	Заказ.Ссылка КАК Документ,
	|	Заказ.Дата КАК ДатаДокумента,
	|	ТИПЗНАЧЕНИЯ(Заказ.Ссылка) КАК ТипДокумента
	|ИЗ
	|	Документ.Заказ КАК Заказ
	|ГДЕ
	|	Заказ.Проведен = ЛОЖЬ
	|	И Заказ.Дата МЕЖДУ &ДатаНач И &ДатаКон
	|
	|ОБЪЕДИНИТЬ ВСЕ
	|
	|ВЫБРАТЬ
	|	ОперацияПоУчетуТоваров.Ссылка,
	|	ОперацияПоУчетуТоваров.Дата,
	|	ТИПЗНАЧЕНИЯ(ОперацияПоУчетуТоваров.Ссылка)
	|ИЗ
	|	Документ.ОперацияПоУчетуТоваров КАК ОперацияПоУчетуТоваров
	|ГДЕ
	|	ОперацияПоУчетуТоваров.Проведен = ЛОЖЬ
	|	И ОперацияПоУчетуТоваров.Дата МЕЖДУ &ДатаНач И &ДатаКон
	|
	|ОБЪЕДИНИТЬ ВСЕ
	|
	|ВЫБРАТЬ
	|	Оплата.Ссылка,
	|	Оплата.Дата,
	|	ТИПЗНАЧЕНИЯ(Оплата.Ссылка)
	|ИЗ
	|	Документ.Оплата КАК Оплата
	|ГДЕ
	|	Оплата.Проведен = ЛОЖЬ
	|	И Оплата.Дата МЕЖДУ &ДатаНач И &ДатаКон
	|
	|ОБЪЕДИНИТЬ ВСЕ
	|
	|ВЫБРАТЬ
	|	ПоступлениеДенег.Ссылка,
	|	ПоступлениеДенег.Дата,
	|	ТИПЗНАЧЕНИЯ(ПоступлениеДенег.Ссылка)
	|ИЗ
	|	Документ.ПоступлениеДенег КАК ПоступлениеДенег
	|ГДЕ
	|	ПоступлениеДенег.Проведен = ЛОЖЬ
	|	И ПоступлениеДенег.Дата МЕЖДУ &ДатаНач И &ДатаКон
	|
	|ОБЪЕДИНИТЬ ВСЕ
	|
	|ВЫБРАТЬ
	|	ПриходТовара.Ссылка,
	|	ПриходТовара.Дата,
	|	ТИПЗНАЧЕНИЯ(ПриходТовара.Ссылка)
	|ИЗ
	|	Документ.ПриходТовара КАК ПриходТовара
	|ГДЕ
	|	ПриходТовара.Проведен = ЛОЖЬ
	|	И ПриходТовара.Дата МЕЖДУ &ДатаНач И &ДатаКон
	|
	|ОБЪЕДИНИТЬ ВСЕ
	|
	|ВЫБРАТЬ
	|	РасходТовара.Ссылка,
	|	РасходТовара.Дата,
	|	ТИПЗНАЧЕНИЯ(РасходТовара.Ссылка)
	|ИЗ
	|	Документ.РасходТовара КАК РасходТовара
	|ГДЕ
	|	РасходТовара.Проведен = ЛОЖЬ
	|	И РасходТовара.Дата МЕЖДУ &ДатаНач И &ДатаКон
	|
	|УПОРЯДОЧИТЬ ПО
	|	ДатаДокумента ВОЗР"";
	
	Запрос.УстановитьПараметр(""ДатаНач"", ДатаНач);
	Запрос.УстановитьПараметр(""ДатаКон"", ДатаКон);
	
	Результат = Запрос.Выполнить().Выгрузить();
	
	Возврат Результат;
	
КонецФункции"
"Написать функцию НайтиНастройкуКомпоновщика(стрНастройки, КомпоновщикНастроек), которая ищет настройку в КомпоновщикНастроек настраиваемого отчета по заданным свойствам, указанным в параметре стрНастройки. 
Параметры функции:
стрНастройки - (тип: Структура) - свойства поиска настройки:
   * ВидНастройки (тип: Строка) - соответствует ключам объекта НастройкиКомпоновкиДанных. Например, ""Выбор"", ""ПараметрВывода"", ""ПараметрДанных""
   * ИмяНастройки (тип: Строка) - имя поля у элемента настроек данного вида.   
   
КомпоновщикНастроек - КомпоновщикНастроекКомпоновкиДанных - из настраиваемого отчета.
  
Возвращаемое значение:
    Элемент из КоллекцияЭлементовПользовательскихНастроекКомпоновкиДанных - подобранная настройка.
    Неопределено - настройка не найдена.",{},task_128,server,,task31_слож_Куликова_v1.epf,"Функция НайтиНастройкуКомпоновщика(стрНастройки, КомпоновщикНастроек)
	
	ВидНастройки = стрНастройки.ВидНастройки;
	ИмяНастройки = стрНастройки.ИмяНастройки;
	
	Настройки = КомпоновщикНастроек.Настройки;
	
	// Получаем коллекцию элементов нужного вида настройки
	Если ВидНастройки = ""Выбор"" Тогда
		КоллекцияЭлементов = Настройки.Выбор.Элементы;
	ИначеЕсли ВидНастройки = ""Порядок"" Тогда
		КоллекцияЭлементов = Настройки.Порядок.Элементы;
	ИначеЕсли ВидНастройки = ""Отбор"" Тогда
		КоллекцияЭлементов = Настройки.Отбор.Элементы;
	ИначеЕсли ВидНастройки = ""УсловноеОформление"" Тогда
		КоллекцияЭлементов = Настройки.УсловноеОформление.Элементы;
	ИначеЕсли ВидНастройки = ""ПараметрДанных"" Тогда
		КоллекцияЭлементов = Настройки.ПараметрыДанных.Элементы;
	ИначеЕсли ВидНастройки = ""ПараметрВывода"" Тогда
		КоллекцияЭлементов = Настройки.ПараметрыВывода.Элементы;
	Иначе
		Возврат Неопределено;
	КонецЕсли;
	
	// Ищем элемент в пользовательских настройках
	Для Каждого ЭлементНастройки Из КомпоновщикНастроек.ПользовательскиеНастройки.Элементы Цикл
		
		Если ВидНастройки = ""ПараметрДанных"" ИЛИ ВидНастройки = ""ПараметрВывода"" Тогда
			Если ТипЗнч(ЭлементНастройки) = Тип(""ЗначениеПараметраНастроекКомпоновкиДанных"") Тогда
				Если Строка(ЭлементНастройки.Параметр) = ИмяНастройки Тогда
					Возврат ЭлементНастройки;
				КонецЕсли;
			КонецЕсли;
		Иначе
			// Для Выбор, Отбор, Порядок и т.д. ищем по идентификатору пользовательской настройки
			// Сопоставляем через идентификатор пользовательской настройки
			Если ВидНастройки = ""Выбор"" Тогда
				ИдентификаторПН = Настройки.Выбор.ИдентификаторПользовательскойНастройки;
				Если ТипЗнч(ЭлементНастройки) = Тип(""ВыбранныеПоляКомпоновкиДанных"") Тогда
					// Ищем внутри элементов выбора
					Для Каждого ПолеВыбора Из ЭлементНастройки.Элементы Цикл
						Если Строка(ПолеВыбора.Поле) = ИмяНастройки Тогда
							Возврат ПолеВыбора;
						КонецЕсли;
					КонецЦикла;
				КонецЕсли;
			ИначеЕсли ВидНастройки = ""Отбор"" Тогда
				Если ТипЗнч(ЭлементНастройки) = Тип(""ОтборКомпоновкиДанных"") Тогда
					Для Каждого ЭлементОтбора Из ЭлементНастройки.Элементы Цикл
						Если ТипЗнч(ЭлементОтбора) = Тип(""ЭлементОтбораКомпоновкиДанных"") Тогда
							Если Строка(ЭлементОтбора.ЛевоеЗначение) = ИмяНастройки Тогда
								Возврат ЭлементОтбора;
							КонецЕсли;
						КонецЕсли;
					КонецЦикла;
				КонецЕсли;
			КонецЕсли;
		КонецЕсли;
		
	КонецЦикла;
	
	// Если не нашли в пользовательских настройках, ищем в основных настройках
	Если ВидНастройки = ""ПараметрДанных"" ИЛИ ВидНастройки = ""ПараметрВывода"" Тогда
		Для Каждого ЭлементНастройки Из КоллекцияЭлементов Цикл
			Если Строка(ЭлементНастройки.Параметр) = ИмяНастройки Тогда
				Возврат ЭлементНастройки;
			КонецЕсли;
		КонецЦикла;
	ИначеЕсли ВидНастройки = ""Выбор"" Тогда
		Для Каждого ЭлементНастройки Из КоллекцияЭлементов Цикл
			Если Строка(ЭлементНастройки.Поле) = ИмяНастройки Тогда
				Возврат ЭлементНастройки;
			КонецЕсли;
		КонецЦикла;
	ИначеЕсли ВидНастройки = ""Отбор"" Тогда
		Для Каждого ЭлементНастройки Из КоллекцияЭлементов Цикл
			Если ТипЗнч(ЭлементНастройки) = Тип(""ЭлементОтбораКомпоновкиДанных"") Тогда
				Если Строка(ЭлементНастройки.ЛевоеЗначение) = ИмяНастройки Тогда
					Возврат ЭлементНастройки;
				КонецЕсли;
			КонецЕсли;
		КонецЦикла;
	ИначеЕсли ВидНастройки = ""Порядок"" Тогда
		Для Каждого ЭлементНастройки Из КоллекцияЭлементов Цикл
			Если Строка(ЭлементНастройки.Поле) = ИмяНастройки Тогда
				Возврат ЭлементНастройки;
			КонецЕсли;
		КонецЦикла;
	КонецЕсли;
	
	Возврат Неопределено;
	
КонецФункции"
"Функция: СформироватьИсториюИзмененияЦен(ДатаНач = Неопределено, ДатаКон = Неопределено)
Функция формирует историю изменения цен товаров за указанный период. Позволяет отслеживать, когда и как менялись цены на товары по различным видам цен  

Параметры
ДатаНач (Дата) — дата начала периода анализа.
Если параметр не указан (Неопределено), по умолчанию устанавливается начало текущего дня.
ДатаКон (Дата) — дата окончания периода анализа.
Если параметр не указан (Неопределено), по умолчанию устанавливается конец текущего дня.

Функция выбирает все записи из регистра сведений ЦеныТоваров за указанный период.
Для каждого изменения цены фиксируется:
Товар, по которому изменилась цена;
Вид цены (тип цен);
Дата изменения;
Новая цена.

Функция возвращает объект типа ТаблицаЗначений со следующими колонками: Товар, ВидЦен, ДатаИзменения, Цена 
сортировка происходит по Товар (по возрастанию), затем по ДатаИзменения (по возрастанию)

По умолчанию функция анализирует только текущий день 
Выбираются все изменения цен, произошедшие в пределах указанного периода (включая время).
Если  цена на товар менялась несколько раз  в результате будут все записи изменения
Регистр сведений ЦеныТоваров считается периодическим (В пределах дня), поэтому функция показывает историю изменений.","{""InformationRegisters"": [{""id"": ""ЦеныТоваров"", ""name"": ""Цены товаров"", ""InformationRegisterPeriodicity"": ""Day"", ""WriteMode"": ""Independent"", ""Dimensions"": [{""id"": ""Товар"", ""name"": ""Товар"", ""types"": [{""type"": ""Ref"", ""id"": ""Справочник.Товары""}]}, {""id"": ""ВидЦен"", ""name"": ""Вид цен"", ""types"": [{""type"": ""Ref"", ""id"": ""Справочник.ВидыЦен""}]}], ""Resources"": [{""id"": ""Цена"", ""name"": ""Цена"", ""types"": [{""type"": ""Number"", ""NumberQualifiers"": ""10.2""}]}]}], ""Catalogs"": [{""id"": ""ВидыЦен"", ""name"": ""Виды цен"", ""Attributes"": []}, {""id"": ""Товары"", ""name"": ""Товары"", ""Attributes"": [{""id"": ""Артикул"", ""name"": ""Артикул"", ""types"": [{""type"": ""String"", ""StringQualifiers"": ""15""}]}, {""id"": ""Поставщик"", ""name"": ""Поставщик"", ""types"": [{""type"": ""Ref"", ""id"": ""Справочник.Контрагенты""}]}, {""id"": ""ФайлКартинки"", ""name"": ""Картинка"", ""types"": [{""type"": ""Ref"", ""id"": ""Справочник.ХранимыеФайлы""}]}, {""id"": ""Вид"", ""name"": ""Вид"", ""types"": []}, {""id"": ""Штрихкод"", ""name"": ""Штрихкод"", ""types"": [{""type"": ""String"", ""StringQualifiers"": ""20""}]}, {""id"": ""Описание"", ""name"": ""Описание"", ""types"": [{""type"": ""String"", ""StringQualifiers"": ""0""}]}]}]}",task_129,server,mid,task32_СредняяИсторияИзмененияЦен_v2.epf,"Функция СформироватьИсториюИзмененияЦен(ДатаНач = Неопределено, ДатаКон = Неопределено) Экспорт
	
	Если ДатаНач = Неопределено Тогда
		ДатаНач = НачалоДня(ТекущаяДата());
	КонецЕсли;
	
	Если ДатаКон = Неопределено Тогда
		ДатаКон = КонецДня(ТекущаяДата());
	КонецЕсли;
	
	Запрос = Новый Запрос;
	Запрос.Текст = 
	""ВЫБРАТЬ
	|	ЦеныТоваров.Товар КАК Товар,
	|	ЦеныТоваров.ВидЦен КАК ВидЦен,
	|	ЦеныТоваров.Период КАК ДатаИзменения,
	|	ЦеныТоваров.Цена КАК Цена
	|ИЗ
	|	РегистрСведений.ЦеныТоваров КАК ЦеныТоваров
	|ГДЕ
	|	ЦеныТоваров.Период >= &ДатаНач
	|	И ЦеныТоваров.Период <= &ДатаКон
	|УПОРЯДОЧИТЬ ПО
	|	Товар ВОЗР,
	|	ДатаИзменения ВОЗР"";
	
	Запрос.УстановитьПараметр(""ДатаНач"", ДатаНач);
	Запрос.УстановитьПараметр(""ДатаКон"", ДатаКон);
	
	Результат = Запрос.Выполнить().Выгрузить();
	
	Возврат Результат;
	
КонецФункции"
"Написать функцию ПолучитьСвойствоДоступногоПоля(СтруктураКД, Поле, Свойство), которая находит и возвращает значение указанного свойства(Свойство) доступного поля(Поле) 
структуры доступных полей(СтруктураКД) компоновщика настроек компоновки данных.
Параметры функции:
СтруктураКД (тип: КомпоновщикНастроекКомпоновкиДанных, ДоступныеПоляКомпоновкиДанных) - cтруктура, в которой хранится поле. Если в качестве параметра передан КомпоновщикНастроекКомпоновкиДанных, 
тогда получить СтруктураКД.Настройки.ДоступныеПоляВыбора. 
Поле - (тип: Строка, ПолеКомпоновкиДанных) - Поле, для которого определяется значение свойства.
Свойство - (тип: Строка) - Имя свойства, значение которого требуется получить.
 
Возвращаемое значение:
	Произвольный - Значение запрашиваемого свойства поля. Если свойство не найдено, тогда Неопределено.",{},task_130,server,,task32_слож_Куликова_v1.epf,"Функция ПолучитьСвойствоДоступногоПоля(СтруктураКД, Поле, Свойство) Экспорт
	
	// Определяем доступные поля
	Если ТипЗнч(СтруктураКД) = Тип(""КомпоновщикНастроекКомпоновкиДанных"") Тогда
		ДоступныеПоля = СтруктураКД.Настройки.ДоступныеПоляВыбора;
	Иначе
		ДоступныеПоля = СтруктураКД;
	КонецЕсли;
	
	// Определяем поле компоновки данных
	Если ТипЗнч(Поле) = Тип(""Строка"") Тогда
		ПолеКД = Новый ПолеКомпоновкиДанных(Поле);
	Иначе
		ПолеКД = Поле;
	КонецЕсли;
	
	// Ищем доступное поле
	ДоступноеПоле = НайтиДоступноеПоле(ДоступныеПоля, ПолеКД);
	
	Если ДоступноеПоле = Неопределено Тогда
		Возврат Неопределено;
	КонецЕсли;
	
	// Получаем значение свойства
	Попытка
		Результат = ДоступноеПоле[Свойство];
	Исключение
		Результат = Неопределено;
	КонецПопытки;
	
	Возврат Результат;
	
КонецФункции

Функция НайтиДоступноеПоле(ДоступныеПоля, ПолеКД)
	
	ДоступноеПоле = ДоступныеПоля.НайтиПоле(ПолеКД);
	
	Если ДоступноеПоле <> Неопределено Тогда
		Возврат ДоступноеПоле;
	КонецЕсли;
	
	// Рекурсивный поиск по вложенным элементам
	Для Каждого Элемент Из ДоступныеПоля.Элементы Цикл
		Если Элемент.Поле = ПолеКД Тогда
			Возврат Элемент;
		КонецЕсли;
		
		// Поиск во вложенных полях
		Если Элемент.Элементы.Количество() > 0 Тогда
			Результат = НайтиДоступноеПоле(Элемент, ПолеКД);
			Если Результат <> Неопределено Тогда
				Возврат Результат;
			КонецЕсли;
		КонецЕсли;
	КонецЦикла;
	
	Возврат Неопределено;
	
КонецФункции"
"Функция: СформироватьРекомендуемыйЗаказ(ДатаНач = Неопределено, ДатаКон = Неопределено) 
Функция формирует рекомендуемый объём заказа товаров у поставщиков на основе анализа продаж и текущих остатков.
Помогает закупщикам быстро определить, какие товары и в каком количестве имеет смысл заказать, чтобы избежать дефицита.

Параметры
ДатаНач (Дата) — дата начала периода анализа продаж.
Если не указана, по умолчанию берётся 30 дней назад от текущей даты.
ДатаКон (Дата) — дата окончания периода анализа продаж.
Если не указана, по умолчанию устанавливается конец текущего дня.
  
Функция рассчитывает для каждого товара:
Продано это общее количество товара, проданное за период (ДатаНач по ДатаКон).
Остаток это текущий остаток товара на складе.
РекомендуемыйЗаказ  количество товара, которое рекомендуется заказать = Продано − Остаток.  

Если результат расчёта получается отрицательным (остатка хватает с избытком), значение РекомендуемыйЗаказ устанавливается в 0.  
 
Функция возвращает объект типа ТаблицаЗначений со следующими колонками:
Товар, Продано, Остаток, РекомендуемыйЗаказ
В результат включаются только товары, по которым рекомендуемый заказ > 0

Анализ продаж ведётся за последние 30 дней по умолчанию
Используются обороты регистра Накопления: Продажи и остатки регистра ТоварныеЗапасы.
Рекомендация РекомендуемыйЗаказ расчитывается  продажи минус остаток","{""AccumulationRegisters"": [{""id"": ""Продажи"", ""name"": ""Продажи"", ""RegisterType"": ""Turnovers"", ""Dimensions"": [{""id"": ""Покупатель"", ""name"": ""Покупатель"", ""types"": [{""type"": ""Ref"", ""id"": ""Справочник.Контрагенты""}]}, {""id"": ""Товар"", ""name"": ""Товар"", ""types"": [{""type"": ""Ref"", ""id"": ""Справочник.Товары""}]}], ""Resources"": [{""id"": ""Количество"", ""name"": ""Количество"", ""types"": [{""type"": ""Number"", ""NumberQualifiers"": ""10.2""}]}, {""id"": ""Сумма"", ""name"": ""Сумма"", ""types"": [{""type"": ""Number"", ""NumberQualifiers"": ""10.2""}]}]}, {""id"": ""ТоварныеЗапасы"", ""name"": ""Товарные запасы"", ""RegisterType"": ""Balance"", ""Dimensions"": [{""id"": ""Товар"", ""name"": ""Товар"", ""types"": [{""type"": ""Ref"", ""id"": ""Справочник.Товары""}]}, {""id"": ""Склад"", ""name"": ""Склад"", ""types"": [{""type"": ""Ref"", ""id"": ""Справочник.Склады""}]}], ""Resources"": [{""id"": ""Количество"", ""name"": ""Количество"", ""types"": [{""type"": ""Number"", ""NumberQualifiers"": ""10.2""}]}]}], ""Catalogs"": [{""id"": ""Товары"", ""name"": ""Товары"", ""Attributes"": [{""id"": ""Артикул"", ""name"": ""Артикул"", ""types"": [{""type"": ""String"", ""StringQualifiers"": ""15""}]}, {""id"": ""Поставщик"", ""name"": ""Поставщик"", ""types"": [{""type"": ""Ref"", ""id"": ""Справочник.Контрагенты""}]}, {""id"": ""ФайлКартинки"", ""name"": ""Картинка"", ""types"": [{""type"": ""Ref"", ""id"": ""Справочник.ХранимыеФайлы""}]}, {""id"": ""Вид"", ""name"": ""Вид"", ""types"": []}, {""id"": ""Штрихкод"", ""name"": ""Штрихкод"", ""types"": [{""type"": ""String"", ""StringQualifiers"": ""20""}]}, {""id"": ""Описание"", ""name"": ""Описание"", ""types"": [{""type"": ""String"", ""StringQualifiers"": ""0""}]}]}]}",task_131,server,high,task33_СложнаяСформироватьРекомендуемыйЗаказ_v2.epf,"Функция СформироватьРекомендуемыйЗаказ(ДатаНач = Неопределено, ДатаКон = Неопределено) Экспорт
	
	Если ДатаНач = Неопределено Тогда
		ДатаНач = НачалоДня(ТекущаяДата() - 30 * 86400);
	КонецЕсли;
	
	Если ДатаКон = Неопределено Тогда
		ДатаКон = КонецДня(ТекущаяДата());
	КонецЕсли;
	
	Запрос = Новый Запрос;
	Запрос.Текст = 
	""ВЫБРАТЬ
	|	Продажи.Товар КАК Товар,
	|	ЕСТЬNULL(Продажи.Продано, 0) КАК Продано,
	|	ЕСТЬNULL(Остатки.Остаток, 0) КАК Остаток,
	|	ВЫБОР
	|		КОГДА ЕСТЬNULL(Продажи.Продано, 0) - ЕСТЬNULL(Остатки.Остаток, 0) > 0
	|			ТОГДА ЕСТЬNULL(Продажи.Продано, 0) - ЕСТЬNULL(Остатки.Остаток, 0)
	|		ИНАЧЕ 0
	|	КОНЕЦ КАК РекомендуемыйЗаказ
	|ИЗ
	|	(ВЫБРАТЬ
	|		ПродажиОбороты.Товар КАК Товар,
	|		СУММА(ПродажиОбороты.КоличествоОборот) КАК Продано
	|	ИЗ
	|		РегистрНакопления.Продажи.Обороты(&ДатаНач, &ДатаКон, , ) КАК ПродажиОбороты
	|	СГРУППИРОВАТЬ ПО
	|		ПродажиОбороты.Товар) КАК Продажи
	|		ЛЕВОЕ СОЕДИНЕНИЕ (ВЫБРАТЬ
	|			ТоварныеЗапасыОстатки.Товар КАК Товар,
	|			СУММА(ТоварныеЗапасыОстатки.КоличествоОстаток) КАК Остаток
	|		ИЗ
	|			РегистрНакопления.ТоварныеЗапасы.Остатки(, ) КАК ТоварныеЗапасыОстатки
	|		СГРУППИРОВАТЬ ПО
	|			ТоварныеЗапасыОстатки.Товар) КАК Остатки
	|		ПО Продажи.Товар = Остатки.Товар
	|ГДЕ
	|	ЕСТЬNULL(Продажи.Продано, 0) - ЕСТЬNULL(Остатки.Остаток, 0) > 0"";
	
	Запрос.УстановитьПараметр(""ДатаНач"", ДатаНач);
	Запрос.УстановитьПараметр(""ДатаКон"", ДатаКон);
	
	Результат = Запрос.Выполнить().Выгрузить();
	
	Возврат Результат;
	
КонецФункции"
"Написать функцию ПроверитьЗаполнениеРеквизитовОбъекта(Объект, МассивПроверяемыхРеквизитов), которая проверяет заполненность проверяемых реквизитов(МассивПроверяемыхРеквизитов) обекта(Объект).
Проверяемые реквизиты могут быть реквизитами объекта или реквизитами табличных частей объекта(задаются через точку, например, ""Товары.Сумма"").
Параметры:
Объект (тип: ДокументОбъект, СправочникОбъект) - проверяемый объект.
МассивПроверяемыхРеквизитов (тип: Массив Из Строка) - массив проверяемых реквизитов.
Возвращаемое значение:
  Булево - Ложь, если значение хотя бы одного реквизита не заполнено, иначе Истина.",{},task_132,server,high,task33_сложн_Куликова_v1.epf,"Функция ПроверитьЗаполнениеРеквизитовОбъекта(Объект, МассивПроверяемыхРеквизитов)
	
	Результат = Истина;
	
	Для Каждого ИмяРеквизита Из МассивПроверяемыхРеквизитов Цикл
		
		ЧастиИмени = СтрРазделить(ИмяРеквизита, ""."");
		
		Если ЧастиИмени.Количество() = 1 Тогда
			// Проверка реквизита шапки объекта
			ЗначениеРеквизита = Объект[ИмяРеквизита];
			Если НЕ ЗначениеЗаполнено(ЗначениеРеквизита) Тогда
				Результат = Ложь;
			КонецЕсли;
			
		ИначеЕсли ЧастиИмени.Количество() = 2 Тогда
			// Проверка реквизита табличной части
			ИмяТабличнойЧасти = ЧастиИмени[0];
			ИмяРеквизитаТЧ = ЧастиИмени[1];
			
			ТабличнаяЧасть = Объект[ИмяТабличнойЧасти];
			
			Для Каждого СтрокаТЧ Из ТабличнаяЧасть Цикл
				ЗначениеРеквизита = СтрокаТЧ[ИмяРеквизитаТЧ];
				Если НЕ ЗначениеЗаполнено(ЗначениеРеквизита) Тогда
					Результат = Ложь;
				КонецЕсли;
			КонецЦикла;
			
		КонецЕсли;
		
	КонецЦикла;
	
	Возврат Результат;
	
КонецФункции"
"Функция: СформироватьПересортицу(ДатаНач = Неопределено, ДатаКон = Неопределено)  
Функция выявляет пересортицу (расхождение между проданным количеством и остатками) по товарам за указанный период
Позволяет обнаружить возможные ошибки учёта, недостачи, пересортицу, когда продажи по документам превышают фактические остатки на складе. 


 Параметры
ДатаНач (Дата) — дата начала периода анализа продаж.
Если не указана, по умолчанию берётся 30 дней назад от текущей даты.
ДатаКон (Дата) — дата окончания периода анализа.
Если не указана, по умолчанию устанавливается конец текущего дня. 

Для каждого товара функция рассчитывает:
Продано это общее количество товара, проданное за период (по регистру накопления Продажи.Обороты).
Остаток это текущий остаток товара на складе на конец периода ДатаКон.
Пересортица это расхождение = Продано − Остаток.

Если Пересортица > 0, это означает, что по документам продано больше товара, чем числится на остатке (признак возможной пересортицы, недостачи или ошибки учёта).

Функция возвращает объект типа ТаблицаЗначений со следующими колонками Товар, Продано, Остаток, Пересортица

В результат включаются только товары, у которых продажи превышают остаток (Пересортица > 0)
По умолчанию анализирует продажи за последние 30 дней.
Использует обороты регистра Продажи и остатки регистра ТоварныеЗапасы.
Пересортица рассчитывается на конец периода (ДатаКон).
Функция возвращает только проблемные позиции (где есть превышение продаж над остатком).","{""AccumulationRegisters"": [{""id"": ""Продажи"", ""name"": ""Продажи"", ""RegisterType"": ""Turnovers"", ""Dimensions"": [{""id"": ""Покупатель"", ""name"": ""Покупатель"", ""types"": [{""type"": ""Ref"", ""id"": ""Справочник.Контрагенты""}]}, {""id"": ""Товар"", ""name"": ""Товар"", ""types"": [{""type"": ""Ref"", ""id"": ""Справочник.Товары""}]}], ""Resources"": [{""id"": ""Количество"", ""name"": ""Количество"", ""types"": [{""type"": ""Number"", ""NumberQualifiers"": ""10.2""}]}, {""id"": ""Сумма"", ""name"": ""Сумма"", ""types"": [{""type"": ""Number"", ""NumberQualifiers"": ""10.2""}]}]}, {""id"": ""ТоварныеЗапасы"", ""name"": ""Товарные запасы"", ""RegisterType"": ""Balance"", ""Dimensions"": [{""id"": ""Товар"", ""name"": ""Товар"", ""types"": [{""type"": ""Ref"", ""id"": ""Справочник.Товары""}]}, {""id"": ""Склад"", ""name"": ""Склад"", ""types"": [{""type"": ""Ref"", ""id"": ""Справочник.Склады""}]}], ""Resources"": [{""id"": ""Количество"", ""name"": ""Количество"", ""types"": [{""type"": ""Number"", ""NumberQualifiers"": ""10.2""}]}]}], ""Catalogs"": [{""id"": ""Товары"", ""name"": ""Товары"", ""Attributes"": [{""id"": ""Артикул"", ""name"": ""Артикул"", ""types"": [{""type"": ""String"", ""StringQualifiers"": ""15""}]}, {""id"": ""Поставщик"", ""name"": ""Поставщик"", ""types"": [{""type"": ""Ref"", ""id"": ""Справочник.Контрагенты""}]}, {""id"": ""ФайлКартинки"", ""name"": ""Картинка"", ""types"": [{""type"": ""Ref"", ""id"": ""Справочник.ХранимыеФайлы""}]}, {""id"": ""Вид"", ""name"": ""Вид"", ""types"": []}, {""id"": ""Штрихкод"", ""name"": ""Штрихкод"", ""types"": [{""type"": ""String"", ""StringQualifiers"": ""20""}]}, {""id"": ""Описание"", ""name"": ""Описание"", ""types"": [{""type"": ""String"", ""StringQualifiers"": ""0""}]}]}]}",task_133,server,high,task34_СложнаяСформироватьПересортицу_v2.epf,"Функция СформироватьПересортицу(ДатаНач = Неопределено, ДатаКон = Неопределено) Экспорт
	
	Если ДатаНач = Неопределено Тогда
		ДатаНач = НачалоДня(ТекущаяДата() - 30 * 86400);
	КонецЕсли;
	
	Если ДатаКон = Неопределено Тогда
		ДатаКон = КонецДня(ТекущаяДата());
	КонецЕсли;
	
	Запрос = Новый Запрос;
	Запрос.Текст = 
	""ВЫБРАТЬ
	|	Продажи.Товар КАК Товар,
	|	Продажи.КоличествоОборот КАК Продано,
	|	ЕСТЬNULL(Остатки.КоличествоОстаток, 0) КАК Остаток,
	|	Продажи.КоличествоОборот - ЕСТЬNULL(Остатки.КоличествоОстаток, 0) КАК Пересортица
	|ИЗ
	|	РегистрНакопления.Продажи.Обороты(&ДатаНач, &ДатаКон, , ) КАК Продажи
	|		ЛЕВОЕ СОЕДИНЕНИЕ РегистрНакопления.ТоварныеЗапасы.Остатки(&ДатаКон) КАК Остатки
	|		ПО Продажи.Товар = Остатки.Товар
	|ГДЕ
	|	Продажи.КоличествоОборот - ЕСТЬNULL(Остатки.КоличествоОстаток, 0) > 0"";
	
	Запрос.УстановитьПараметр(""ДатаНач"", ДатаНач);
	Запрос.УстановитьПараметр(""ДатаКон"", ДатаКон);
	
	Результат = Запрос.Выполнить().Выгрузить();
	
	Возврат Результат;
	
КонецФункции"
"Написать функцию ПолучитьПоследнийЭлементСтруктуры(НастройкиКД, ПолучитьСтроки), которая возвращает последний элемент структуры настроек компоновки данных(НастройкиКД) - группировку. 
Вернуть группировку, если последний элемент имеет тип ГруппировкаКомпоновкиДанных.
Вернуть строки(колонки) таблицы, если последний элемент имеет тип ГруппировкаТаблицыКомпоновкиДанных.
Вернуть серии(точки) диаграммы, если последний элемент структуры имеет тип ДиаграммаКомпоновкиДанных.

Параметры функции:
	ЭлементСтруктурыНастроек (тип: КомпоновщикНастроекКомпоновкиДанных, НастройкиКомпоновкиДанных) - элемент структуры настроек компонвоки данных.
	ПолучитьСтроки (тип: Булево) - признак для получения последний группировки строк (серий) или колонок (точек). 
	    Если Истина, тогда для элемента структуры типа ТаблицаКомпоновкиДанных, вернуть Строки, для элемента структуры типа ДиаграммаКомпоновкиДанных вернуть Серии. 
        Если Ложь, тогда для элемента структуры типа ТаблицаКомпоновкиДанных, вернуть Колонки, для элемента структуры типа ДиаграммаКомпоновкиДанных вернуть Точки.

Возвращаемое значение:
	ГруппировкаТаблицыКомпоновкиДанных, ГруппировкаКомпоновкиДанных, ГруппировкаДиаграммыКомпоновкиДанных - последний элемент структуры компоновки данных.
	Неопределено, если ничего не найдено.",{},task_134,server,high,task34_сложн_Куликова_v1.epf,"Функция ПолучитьПоследнийЭлементСтруктуры(ЭлементСтруктурыНастроек, ПолучитьСтроки)
	
	Если ТипЗнч(ЭлементСтруктурыНастроек) = Тип(""КомпоновщикНастроекКомпоновкиДанных"") Тогда
		Настройки = ЭлементСтруктурыНастроек.Настройки;
	Иначе
		Настройки = ЭлементСтруктурыНастроек;
	КонецЕсли;
	
	ЭлементыСтруктуры = Настройки.Структура;
	
	Если ЭлементыСтруктуры.Количество() = 0 Тогда
		Возврат Неопределено;
	КонецЕсли;
	
	ПоследнийЭлемент = ЭлементыСтруктуры[ЭлементыСтруктуры.Количество() - 1];
	
	Если ТипЗнч(ПоследнийЭлемент) = Тип(""ГруппировкаКомпоновкиДанных"") Тогда
		Возврат ПоследнийЭлемент;
	ИначеЕсли ТипЗнч(ПоследнийЭлемент) = Тип(""ТаблицаКомпоновкиДанных"") Тогда
		Если ПолучитьСтроки Тогда
			Возврат ПоследнийЭлемент.Строки;
		Иначе
			Возврат ПоследнийЭлемент.Колонки;
		КонецЕсли;
	ИначеЕсли ТипЗнч(ПоследнийЭлемент) = Тип(""ДиаграммаКомпоновкиДанных"") Тогда
		Если ПолучитьСтроки Тогда
			Возврат ПоследнийЭлемент.Серии;
		Иначе
			Возврат ПоследнийЭлемент.Точки;
		КонецЕсли;
	КонецЕсли;
	
	Возврат Неопределено;
	
КонецФункции"
"Функция: СформироватьАнализСезонностиПродаж(ДатаНач = Неопределено, ДатаКон = Неопределено)
Функция выполняет анализ сезонности продаж по месяцам. Позволяет выявить сезонные колебания спроса, понять, 
в какие месяцы продажи выше или ниже, и использовать эти данные для планирования закупок.

Параметры
ДатаНач (Дата)  дата начала периода анализа.
Если параметр не указан (Неопределено), по умолчанию устанавливается начало текущего года.
ДатаКон (Дата)  дата окончания периода анализа.
Если параметр не указан (Неопределено), по умолчанию устанавливается конец текущего года. 

Функция группирует продажи по месяцам и рассчитывает для каждого месяца:
ПериодМесяца — начало месяца (первое число месяца).
КоличествоПродано — общее количество товаров, проданное в этом месяце.
СуммаПродаж — общая сумма продаж (выручка) в этом месяце.
Данные берутся из регистра накопления Продажи. 


Функция возвращает объект типа ТаблицаЗначений со следующими колонками: ПериодМесяца, КоличествоПродано, СуммаПродаж

Результат группируется по месяцам -  НАЧАЛОПЕРИОДА(Продажи.Период, МЕСЯЦ)

 
 По умолчанию анализирует весь текущий год. 
 Используется функция НАЧАЛОПЕРИОДА(Продажи.Период, МЕСЯЦ) для группировки по месяцам.  
 Функция показывает сезонный профиль продаж — насколько продажи отличаются по месяцам года. 
 Можно использовать для сравнения сезонности разных лет","{""AccumulationRegisters"": [{""id"": ""Продажи"", ""name"": ""Продажи"", ""RegisterType"": ""Turnovers"", ""Dimensions"": [{""id"": ""Покупатель"", ""name"": ""Покупатель"", ""types"": [{""type"": ""Ref"", ""id"": ""Справочник.Контрагенты""}]}, {""id"": ""Товар"", ""name"": ""Товар"", ""types"": [{""type"": ""Ref"", ""id"": ""Справочник.Товары""}]}], ""Resources"": [{""id"": ""Количество"", ""name"": ""Количество"", ""types"": [{""type"": ""Number"", ""NumberQualifiers"": ""10.2""}]}, {""id"": ""Сумма"", ""name"": ""Сумма"", ""types"": [{""type"": ""Number"", ""NumberQualifiers"": ""10.2""}]}]}]}",task_135,server,mid,task35_СредняяАнализСезонностиПродаж_v2.epf,"Функция СформироватьАнализСезонностиПродаж(ДатаНач = Неопределено, ДатаКон = Неопределено) Экспорт
	
	Если ДатаНач = Неопределено Тогда
		ДатаНач = НачалоГода(ТекущаяДата());
	КонецЕсли;
	
	Если ДатаКон = Неопределено Тогда
		ДатаКон = КонецГода(ТекущаяДата());
	КонецЕсли;
	
	Запрос = Новый Запрос;
	Запрос.Текст = 
	""ВЫБРАТЬ
	|	НАЧАЛОПЕРИОДА(Продажи.Период, МЕСЯЦ) КАК ПериодМесяца,
	|	СУММА(Продажи.Количество) КАК КоличествоПродано,
	|	СУММА(Продажи.Сумма) КАК СуммаПродаж
	|ИЗ
	|	РегистрНакопления.Продажи КАК Продажи
	|ГДЕ
	|	Продажи.Период >= &ДатаНач
	|	И Продажи.Период <= &ДатаКон
	|СГРУППИРОВАТЬ ПО
	|	НАЧАЛОПЕРИОДА(Продажи.Период, МЕСЯЦ)
	|УПОРЯДОЧИТЬ ПО
	|	ПериодМесяца"";
	
	Запрос.УстановитьПараметр(""ДатаНач"", ДатаНач);
	Запрос.УстановитьПараметр(""ДатаКон"", ДатаКон);
	
	Результат = Запрос.Выполнить().Выгрузить();
	
	Возврат Результат;
	
КонецФункции"
"Написать функцию НайтиПолеВСтуктуреКД(СтруктураКД, Поле, ВключаяВложенныеПоля), которая ищет поле(Поле) в группировках структуры настроек компоновки данных отчета(СтруктураКД) 
и возвращает Истина, если Поле найдено или Ложь, если Поле не найдено.

Параметры:
	СтруктураКД  (тип: КоллекцияЭлементовСтруктурыНастроекКомпоновкиДанных, КоллекцияЭлементовСтруктурыТаблицыКомпоновкиДанных) - Элемент структуры настроек отчета.
				       КоллекцияЭлементовСтруктурыДиаграммыКомпоновкиДанных) - элемент структуры настроек отчета.
	Поле (тип: Строка, ПолеКомпоновкиДанных) - имя поля компоновки или поле компоновки данных.
	ВключаяВложенныеПоля (тип: Булево) - возможность проверки вложенных полей. Если Истина, то будут проверятся вложенные поля.  Например, ""Регистратор.Дата"".
	                      По умолчанию = Ложь.
						
 Возвращаемое значение:
	Булево - Истина, если в группировках элементов структуры присутствует Поле.
             Ложь, Поле не найдено.",{},task_136,server,high,task35_сложн_Куликова_v1.epf,"Функция НайтиПолеВСтуктуреКД(СтруктураКД, Поле, ВключаяВложенныеПоля = Ложь) Экспорт
	
	ПолеКД = ?(ТипЗнч(Поле) = Тип(""ПолеКомпоновкиДанных""), Поле, Новый ПолеКомпоновкиДанных(Поле));
	ИмяПоля = Строка(ПолеКД);
	
	Для Каждого ЭлементСтруктуры Из СтруктураКД Цикл
		
		// Проверяем поля группировки текущего элемента
		Если ТипЗнч(ЭлементСтруктуры) = Тип(""ГруппировкаКомпоновкиДанных"")
			ИЛИ ТипЗнч(ЭлементСтруктуры) = Тип(""ГруппировкаТаблицыКомпоновкиДанных"")
			ИЛИ ТипЗнч(ЭлементСтруктуры) = Тип(""ГруппировкаДиаграммыКомпоновкиДанных"") Тогда
			
			// Проверяем поля группировки
			ПоляГруппировки = ЭлементСтруктуры.ПоляГруппировки;
			Для Каждого ПолеГруппировки Из ПоляГруппировки.Элементы Цикл
				
				Если ТипЗнч(ПолеГруппировки) = Тип(""АвтоПолеГруппировкиКомпоновкиДанных"") Тогда
					Продолжить;
				КонецЕсли;
				
				ИмяПоляГруппировки = Строка(ПолеГруппировки.Поле);
				
				Если ИмяПоляГруппировки = ИмяПоля Тогда
					Возврат Истина;
				КонецЕсли;
				
				Если ВключаяВложенныеПоля Тогда
					// Проверяем, является ли искомое поле вложенным полем группировки
					// Например, если поле группировки ""Регистратор"", а ищем ""Регистратор.Дата""
					Если СтрНачинаетсяС(ИмяПоля, ИмяПоляГруппировки + ""."") Тогда
						Возврат Истина;
					КонецЕсли;
					// Или наоборот, поле группировки является вложенным от искомого
					Если СтрНачинаетсяС(ИмяПоляГруппировки, ИмяПоля + ""."") Тогда
						Возврат Истина;
					КонецЕсли;
				КонецЕсли;
				
			КонецЦикла;
			
			// Рекурсивно проверяем вложенную структуру
			Если ЭлементСтруктуры.Структура.Количество() > 0 Тогда
				Если НайтиПолеВСтуктуреКД(ЭлементСтруктуры.Структура, ПолеКД, ВключаяВложенныеПоля) Тогда
					Возврат Истина;
				КонецЕсли;
			КонецЕсли;
			
		ИначеЕсли ТипЗнч(ЭлементСтруктуры) = Тип(""ТаблицаКомпоновкиДанных"") Тогда
			
			// Проверяем строки таблицы
			Если НайтиПолеВСтуктуреКД(ЭлементСтруктуры.Строки, ПолеКД, ВключаяВложенныеПоля) Тогда
				Возврат Истина;
			КонецЕсли;
			
			// Проверяем колонки таблицы
			Если НайтиПолеВСтуктуреКД(ЭлементСтруктуры.Колонки, ПолеКД, ВключаяВложенныеПоля) Тогда
				Возврат Истина;
			КонецЕсли;
			
		ИначеЕсли ТипЗнч(ЭлементСтруктуры) = Тип(""ДиаграммаКомпоновкиДанных"") Тогда
			
			// Проверяем серии диаграммы
			Если НайтиПолеВСтуктуреКД(ЭлементСтруктуры.Серии, ПолеКД, ВключаяВложенныеПоля) Тогда
				Возврат Истина;
			КонецЕсли;
			
			// Проверяем точки диаграммы
			Если НайтиПолеВСтуктуреКД(ЭлементСтруктуры.Точки, ПолеКД, ВключаяВложенныеПоля) Тогда
				Возврат Истина;
			КонецЕсли;
			
		КонецЕсли;
		
	КонецЦикла;
	
	Возврат Ложь;
	
КонецФункции"
"Функция: СформироватьАнализПокупателейПоРегионам(ДатаНач = Неопределено, ДатаКон = Неопределено)
Функция выполняет анализ продаж с разбивкой по регионам. Позволяет оценить географическую структуру продаж, 
определить наиболее значимые регионы по количеству покупателей, объёму проданного товара и выручке.

Параметры

ДатаНач (Дата) — дата начала периода анализа.
Если не указана, по умолчанию устанавливается начало текущего года.
ДатаКон (Дата) — дата окончания периода анализа.
Если не указана, по умолчанию устанавливается конец текущего года.

  
Функция анализирует данные регистра накопления Продажи и группирует результаты по региону покупателя (Покупатель.Регион). Для каждого региона рассчитывается:
КоличествоПокупателей — количество уникальных покупателей из данного региона.
КоличествоПродано — общее количество товаров, проданное покупателям этого региона.
СуммаПродаж — общая сумма выручки от продаж в данном регионе. 

Функция возвращает объект типа ТаблицаЗначений со следующими колонками:
Регион, КоличествоПокупателей, КоличествоПродано, СуммаПродаж

Результат группируется по регионам.  

По умолчанию анализирует весь текущий год.
Используется КОЛИЧЕСТВО(РАЗЛИЧНЫЕ ...) для подсчёта уникальных покупателей.
Если у покупателя не заполнен реквизит Регион, такие продажи попадут в группу с пустым (NULL) регионом.","{""AccumulationRegisters"": [{""id"": ""Продажи"", ""name"": ""Продажи"", ""RegisterType"": ""Turnovers"", ""Dimensions"": [{""id"": ""Покупатель"", ""name"": ""Покупатель"", ""types"": [{""type"": ""Ref"", ""id"": ""Справочник.Контрагенты""}]}, {""id"": ""Товар"", ""name"": ""Товар"", ""types"": [{""type"": ""Ref"", ""id"": ""Справочник.Товары""}]}], ""Resources"": [{""id"": ""Количество"", ""name"": ""Количество"", ""types"": [{""type"": ""Number"", ""NumberQualifiers"": ""10.2""}]}, {""id"": ""Сумма"", ""name"": ""Сумма"", ""types"": [{""type"": ""Number"", ""NumberQualifiers"": ""10.2""}]}]}], ""Catalogs"": [{""id"": ""Контрагенты"", ""name"": ""Контрагенты"", ""Attributes"": [{""id"": ""Регион"", ""name"": ""Регион"", ""types"": [{""type"": ""Ref"", ""id"": ""Справочник.Регионы""}]}, {""id"": ""Индекс"", ""name"": ""Индекс"", ""types"": [{""type"": ""String"", ""StringQualifiers"": ""10""}]}, {""id"": ""Страна"", ""name"": ""Страна"", ""types"": [{""type"": ""String"", ""StringQualifiers"": ""0""}]}, {""id"": ""Город"", ""name"": ""Город"", ""types"": [{""type"": ""String"", ""StringQualifiers"": ""0""}]}, {""id"": ""Улица"", ""name"": ""Улица"", ""types"": [{""type"": ""String"", ""StringQualifiers"": ""0""}]}, {""id"": ""Дом"", ""name"": ""Дом"", ""types"": [{""type"": ""String"", ""StringQualifiers"": ""15""}]}, {""id"": ""Телефон"", ""name"": ""Телефон"", ""types"": [{""type"": ""String"", ""StringQualifiers"": ""16""}]}, {""id"": ""ЭлектроннаяПочта"", ""name"": ""Электронная почта"", ""types"": [{""type"": ""String"", ""StringQualifiers"": ""40""}]}, {""id"": ""Факс"", ""name"": ""Факс"", ""types"": [{""type"": ""String"", ""StringQualifiers"": ""16""}]}, {""id"": ""ВебСайт"", ""name"": ""Веб сайт"", ""types"": [{""type"": ""String"", ""StringQualifiers"": ""40""}]}, {""id"": ""ВидЦен"", ""name"": ""Вид цен"", ""types"": [{""type"": ""Ref"", ""id"": ""Справочник.ВидыЦен""}]}, {""id"": ""ДополнительнаяИнформация"", ""name"": ""Дополнительная информация"", ""types"": [{""type"": ""String"", ""StringQualifiers"": ""0""}]}, {""id"": ""КонтактноеЛицо"", ""name"": ""Контактное лицо"", ""types"": [{""type"": ""String"", ""StringQualifiers"": ""100""}]}, {""id"": ""Широта"", ""name"": ""Широта"", ""types"": [{""type"": ""Number"", ""NumberQualifiers"": ""10.6""}]}, {""id"": ""Долгота"", ""name"": ""Долгота"", ""types"": [{""type"": ""Number"", ""NumberQualifiers"": ""10.6""}]}]}, {""id"": ""Регионы"", ""name"": ""Регионы"", ""Attributes"": []}]}",task_137,server,mid,task37_СредняяСформироватьАнализПокупателейПоРегионам_v2.epf,"Функция СформироватьАнализПокупателейПоРегионам(ДатаНач = Неопределено, ДатаКон = Неопределено) Экспорт
	
	Если ДатаНач = Неопределено Тогда
		ДатаНач = НачалоГода(ТекущаяДата());
	КонецЕсли;
	
	Если ДатаКон = Неопределено Тогда
		ДатаКон = КонецГода(ТекущаяДата());
	КонецЕсли;
	
	Запрос = Новый Запрос;
	Запрос.Текст = 
	""ВЫБРАТЬ
	|	Продажи.Покупатель.Регион КАК Регион,
	|	КОЛИЧЕСТВО(РАЗЛИЧНЫЕ Продажи.Покупатель) КАК КоличествоПокупателей,
	|	СУММА(Продажи.КоличествоОборот) КАК КоличествоПродано,
	|	СУММА(Продажи.СуммаОборот) КАК СуммаПродаж
	|ИЗ
	|	РегистрНакопления.Продажи.Обороты(&ДатаНач, &ДатаКон, ,) КАК Продажи
	|СГРУППИРОВАТЬ ПО
	|	Продажи.Покупатель.Регион"";
	
	Запрос.УстановитьПараметр(""ДатаНач"", ДатаНач);
	Запрос.УстановитьПараметр(""ДатаКон"", ДатаКон);
	
	Результат = Запрос.Выполнить().Выгрузить();
	
	Возврат Результат;
	
КонецФункции"
"Функция: СформироватьКонтрольЗадержкиОплаты(ДатаНач = Неопределено, ДатаКон = Неопределено)
Функция формирует список покупателей с положительной дебиторской задолженностью (долгом) за указанный период. 
Предназначена для контроля задержек оплаты, анализа просроченной дебиторской задолженности 

Параметры
ДатаНач (Дата) — дата начала периода анализа.
Если не указана, по умолчанию устанавливается начало текущего года.
ДатаКон (Дата) — дата окончания периода анализа.
Если не указана, по умолчанию устанавливается конец текущего дня. 

Функция анализирует движения регистра накопления Взаиморасчеты и определяет:
Общую сумму долга каждого покупателя (контрагента) на конец периода.
В результат включаются только те покупатели, у которых сумма долга больше нуля (СуммаДолга > 0).

Функция возвращает объект типа ТаблицаЗначений со следующими колонками: Покупатель, СуммаДолга

По умолчанию анализирует данные с начала текущего года по текущий момент.
Используется простой остаточный принцип: суммируются все движения по регистру Взаиморасчеты в пределах периода.
Функция показывает текущую задолженность покупателей","{""AccumulationRegisters"": [{""id"": ""Взаиморасчеты"", ""name"": ""Взаиморасчеты"", ""RegisterType"": ""Balance"", ""Dimensions"": [{""id"": ""Контрагент"", ""name"": ""Контрагент"", ""types"": [{""type"": ""Ref"", ""id"": ""Справочник.Контрагенты""}]}, {""id"": ""Валюта"", ""name"": ""Валюта"", ""types"": [{""type"": ""Ref"", ""id"": ""Справочник.Валюты""}]}], ""Resources"": [{""id"": ""Сумма"", ""name"": ""Сумма"", ""types"": [{""type"": ""Number"", ""NumberQualifiers"": ""10.2""}]}]}]}",task_138,server,mid,task38_СредняяСформироватьКонтрольЗадержкиОплаты_v2.epf,"Функция СформироватьКонтрольЗадержкиОплаты(ДатаНач = Неопределено, ДатаКон = Неопределено) Экспорт
	
	Если ДатаНач = Неопределено Тогда
		ДатаНач = НачалоГода(ТекущаяДата());
	КонецЕсли;
	
	Если ДатаКон = Неопределено Тогда
		ДатаКон = КонецДня(ТекущаяДата());
	КонецЕсли;
	
	Запрос = Новый Запрос;
	Запрос.Текст = 
	""ВЫБРАТЬ
	|	ВзаиморасчетыОстатки.Контрагент КАК Покупатель,
	|	ВзаиморасчетыОстатки.СуммаОстаток КАК СуммаДолга
	|ИЗ
	|	РегистрНакопления.Взаиморасчеты.Остатки(&ДатаКон) КАК ВзаиморасчетыОстатки
	|ГДЕ
	|	ВзаиморасчетыОстатки.СуммаОстаток > 0"";
	
	Запрос.УстановитьПараметр(""ДатаКон"", ДатаКон);
	
	Результат = Запрос.Выполнить().Выгрузить();
	
	Возврат Результат;
	
КонецФункции"
"Функция: СформироватьИсториюДвиженияТовара(Товар, ДатаНач = Неопределено, ДатаКон = Неопределено)    
Функция возвращает полную историю движения указанного товара за период — все приходы и расходы по документам ПриходТовара и РасходТовара.
Используется для анализа движения конкретного товара, контроля остатков и отслеживания истории операций.
Параметры
Товар (СправочникСсылка.Товары или Массив)  товар или список товаров, по которому нужно сформировать историю движения.
ДатаНач  дата начала периода. Если не указана, по умолчанию — начало текущего года.
ДатаКон (Дата) — дата окончания периода. Если не указана, по умолчанию — конец текущего дня. 

Функция возвращает ТаблицаЗначений со следующими колонками: Дата, ВидДвижения, Товар, Количество, Сумма

   
Запрос учитывают только проведённые документы.
Поддерживает передачу как одного товара, так и массива товаров (благодаря условию В (&Товар)). 
Объединяет данные из двух документов с помощью ОБЪЕДИНИТЬ ВСЕ.
Простая и быстрая история движений без остатков и сальдо","{""Documents"": [{""id"": ""ПриходТовара"", ""name"": ""Приход товара"", ""Attributes"": [{""id"": ""Поставщик"", ""name"": ""Поставщик"", ""types"": [{""type"": ""Ref"", ""id"": ""Справочник.Контрагенты""}]}, {""id"": ""Склад"", ""name"": ""Склад"", ""types"": [{""type"": ""Ref"", ""id"": ""Справочник.Склады""}]}, {""id"": ""Валюта"", ""name"": ""Валюта взаиморасчетов"", ""types"": [{""type"": ""Ref"", ""id"": ""Справочник.Валюты""}]}, {""id"": ""Организация"", ""name"": ""Организация"", ""types"": [{""type"": ""Ref"", ""id"": ""Справочник.Организации""}]}], ""TabularSections"": [{""id"": ""Товары"", ""name"": ""Товары"", ""Attributes"": [{""id"": ""Товар"", ""name"": ""Товар"", ""types"": [{""type"": ""Ref"", ""id"": ""Справочник.Товары""}]}, {""id"": ""Цена"", ""name"": ""Цена"", ""types"": [{""type"": ""Number"", ""NumberQualifiers"": ""10.2""}]}, {""id"": ""Количество"", ""name"": ""Количество"", ""types"": [{""type"": ""Number"", ""NumberQualifiers"": ""10.2""}]}, {""id"": ""Сумма"", ""name"": ""Сумма"", ""types"": [{""type"": ""Number"", ""NumberQualifiers"": ""10.2""}]}]}]}, {""id"": ""РасходТовара"", ""name"": ""Расход товара"", ""Attributes"": [{""id"": ""Покупатель"", ""name"": ""Покупатель"", ""types"": [{""type"": ""Ref"", ""id"": ""Справочник.Контрагенты""}]}, {""id"": ""Склад"", ""name"": ""Склад"", ""types"": [{""type"": ""Ref"", ""id"": ""Справочник.Склады""}]}, {""id"": ""Валюта"", ""name"": ""Валюта взиморасчетов"", ""types"": [{""type"": ""Ref"", ""id"": ""Справочник.Валюты""}]}, {""id"": ""ВидЦен"", ""name"": ""Вид цен"", ""types"": [{""type"": ""Ref"", ""id"": ""Справочник.ВидыЦен""}]}, {""id"": ""ОбоснованиеОтгрузки"", ""name"": ""Обоснование отгрузки"", ""types"": [{""type"": ""String"", ""StringQualifiers"": ""0""}]}, {""id"": ""Организация"", ""name"": ""Организация"", ""types"": [{""type"": ""Ref"", ""id"": ""Справочник.Организации""}]}], ""TabularSections"": [{""id"": ""Товары"", ""name"": ""Товары"", ""Attributes"": [{""id"": ""Товар"", ""name"": ""Товар"", ""types"": [{""type"": ""Ref"", ""id"": ""Справочник.Товары""}]}, {""id"": ""Цена"", ""name"": ""Цена"", ""types"": [{""type"": ""Number"", ""NumberQualifiers"": ""10.2""}]}, {""id"": ""Количество"", ""name"": ""Количество"", ""types"": [{""type"": ""Number"", ""NumberQualifiers"": ""10.2""}]}, {""id"": ""Сумма"", ""name"": ""Сумма"", ""types"": [{""type"": ""Number"", ""NumberQualifiers"": ""10.2""}]}]}]}], ""Catalogs"": [{""id"": ""Товары"", ""name"": ""Товары"", ""Attributes"": [{""id"": ""Артикул"", ""name"": ""Артикул"", ""types"": [{""type"": ""String"", ""StringQualifiers"": ""15""}]}, {""id"": ""Поставщик"", ""name"": ""Поставщик"", ""types"": [{""type"": ""Ref"", ""id"": ""Справочник.Контрагенты""}]}, {""id"": ""ФайлКартинки"", ""name"": ""Картинка"", ""types"": [{""type"": ""Ref"", ""id"": ""Справочник.ХранимыеФайлы""}]}, {""id"": ""Вид"", ""name"": ""Вид"", ""types"": []}, {""id"": ""Штрихкод"", ""name"": ""Штрихкод"", ""types"": [{""type"": ""String"", ""StringQualifiers"": ""20""}]}, {""id"": ""Описание"", ""name"": ""Описание"", ""types"": [{""type"": ""String"", ""StringQualifiers"": ""0""}]}]}]}",task_139,server,,task39_СрСформироватьИсториюДвиженияТовара_v2.epf,"Функция СформироватьИсториюДвиженияТовара(Товар, ДатаНач = Неопределено, ДатаКон = Неопределено) Экспорт
	
	Если ДатаНач = Неопределено Тогда
		ДатаНач = НачалоГода(ТекущаяДата());
	КонецЕсли;
	
	Если ДатаКон = Неопределено Тогда
		ДатаКон = КонецДня(ТекущаяДата());
	КонецЕсли;
	
	Запрос = Новый Запрос;
	Запрос.Текст = 
	""ВЫБРАТЬ
	|	ПриходТовара.Дата КАК Дата,
	|	""""Приход"""" КАК ВидДвижения,
	|	ПриходТовараТовары.Товар КАК Товар,
	|	ПриходТовараТовары.Количество КАК Количество,
	|	ПриходТовараТовары.Сумма КАК Сумма
	|ИЗ
	|	Документ.ПриходТовара.Товары КАК ПриходТовараТовары
	|		ВНУТРЕННЕЕ СОЕДИНЕНИЕ Документ.ПриходТовара КАК ПриходТовара
	|		ПО ПриходТовараТовары.Ссылка = ПриходТовара.Ссылка
	|ГДЕ
	|	ПриходТовара.Проведен = ИСТИНА
	|	И ПриходТовара.Дата >= &ДатаНач
	|	И ПриходТовара.Дата <= &ДатаКон
	|	И ПриходТовараТовары.Товар В (&Товар)
	|
	|ОБЪЕДИНИТЬ ВСЕ
	|
	|ВЫБРАТЬ
	|	РасходТовара.Дата,
	|	""""Расход"""",
	|	РасходТовараТовары.Товар,
	|	РасходТовараТовары.Количество,
	|	РасходТовараТовары.Сумма
	|ИЗ
	|	Документ.РасходТовара.Товары КАК РасходТовараТовары
	|		ВНУТРЕННЕЕ СОЕДИНЕНИЕ Документ.РасходТовара КАК РасходТовара
	|		ПО РасходТовараТовары.Ссылка = РасходТовара.Ссылка
	|ГДЕ
	|	РасходТовара.Проведен = ИСТИНА
	|	И РасходТовара.Дата >= &ДатаНач
	|	И РасходТовара.Дата <= &ДатаКон
	|	И РасходТовараТовары.Товар В (&Товар)
	|
	|УПОРЯДОЧИТЬ ПО
	|	Дата"";
	
	Запрос.УстановитьПараметр(""ДатаНач"", ДатаНач);
	Запрос.УстановитьПараметр(""ДатаКон"", ДатаКон);
	Запрос.УстановитьПараметр(""Товар"", Товар);
	
	Результат = Запрос.Выполнить().Выгрузить();
	
	Возврат Результат;
	
КонецФункции"
"Функция: СформироватьXYZАнализПродаж(ДатаНач = Неопределено, ДатаКон = Неопределено)    
Функция выполняет XYZ-анализ продаж товаров. Определяет стабильность спроса на каждый товар путём расчёта коэффициента вариации 
месячных продаж и присваивает категорию X, Y или Z.

X  стабильные продажи (низкая вариабельность)
Y  средняя вариабельность
Z  нестабильные, плохо прогнозируемые продажи       

Параметры функции

ДатаНач (Дата) — дата начала периода анализа.
Если не указана, по умолчанию берётся 12 месяцев назад от текущей даты.
ДатаКон (Дата) — дата окончания периода анализа.
Если не указана, по умолчанию устанавливается конец текущего дня.   

Если ДатаКон < ДатаНач, функция вызывает исключение.

Собираются месячные продажи каждого товара за указанный период из документа РасходТовара.
Для каждого товара рассчитываются:
 СредниеПродажи — среднее количество продаж за месяц.
 ОтклонениеПродаж — стандартное отклонение месячных продаж.
 КоэффициентВариации — коэффициент вариации (Отклонение / Среднее). 
 
На основе коэффициента вариации присваивается категория XYZ:
 X — Коэффициент вариации ≤ 0,10 (очень стабильный спрос)
 Y — Коэффициент вариации ≤ 0,25 (средняя стабильность)
 Z — Коэффициент вариации > 0,25 (нестабильный спрос) 
 
Функция возвращает объект типа ТаблицаЗначений со следующими колонками  
Товар
СредниеПродажи  это Среднемесячное количество продаж
ОтклонениеПродаж это Стандартное отклонение продаж
КоэффициентВариации  это Коэффициент вариации (чем меньше — тем стабильнее)
XYZКатегория  Категория XYZ-анализа («X», «Y» или «Z»)

 
 Анализ проводится по месячным продажам за последние 12 месяцев (по умолчанию)
 Используется классическая формула коэффициента вариации. 
 Учитываются только проведённые документы РасходТовара.","{""Documents"": [{""id"": ""РасходТовара"", ""name"": ""Расход товара"", ""Attributes"": [{""id"": ""Покупатель"", ""name"": ""Покупатель"", ""types"": [{""type"": ""Ref"", ""id"": ""Справочник.Контрагенты""}]}, {""id"": ""Склад"", ""name"": ""Склад"", ""types"": [{""type"": ""Ref"", ""id"": ""Справочник.Склады""}]}, {""id"": ""Валюта"", ""name"": ""Валюта взиморасчетов"", ""types"": [{""type"": ""Ref"", ""id"": ""Справочник.Валюты""}]}, {""id"": ""ВидЦен"", ""name"": ""Вид цен"", ""types"": [{""type"": ""Ref"", ""id"": ""Справочник.ВидыЦен""}]}, {""id"": ""ОбоснованиеОтгрузки"", ""name"": ""Обоснование отгрузки"", ""types"": [{""type"": ""String"", ""StringQualifiers"": ""0""}]}, {""id"": ""Организация"", ""name"": ""Организация"", ""types"": [{""type"": ""Ref"", ""id"": ""Справочник.Организации""}]}], ""TabularSections"": [{""id"": ""Товары"", ""name"": ""Товары"", ""Attributes"": [{""id"": ""Товар"", ""name"": ""Товар"", ""types"": [{""type"": ""Ref"", ""id"": ""Справочник.Товары""}]}, {""id"": ""Цена"", ""name"": ""Цена"", ""types"": [{""type"": ""Number"", ""NumberQualifiers"": ""10.2""}]}, {""id"": ""Количество"", ""name"": ""Количество"", ""types"": [{""type"": ""Number"", ""NumberQualifiers"": ""10.2""}]}, {""id"": ""Сумма"", ""name"": ""Сумма"", ""types"": [{""type"": ""Number"", ""NumberQualifiers"": ""10.2""}]}]}]}], ""Catalogs"": [{""id"": ""Товары"", ""name"": ""Товары"", ""Attributes"": [{""id"": ""Артикул"", ""name"": ""Артикул"", ""types"": [{""type"": ""String"", ""StringQualifiers"": ""15""}]}, {""id"": ""Поставщик"", ""name"": ""Поставщик"", ""types"": [{""type"": ""Ref"", ""id"": ""Справочник.Контрагенты""}]}, {""id"": ""ФайлКартинки"", ""name"": ""Картинка"", ""types"": [{""type"": ""Ref"", ""id"": ""Справочник.ХранимыеФайлы""}]}, {""id"": ""Вид"", ""name"": ""Вид"", ""types"": []}, {""id"": ""Штрихкод"", ""name"": ""Штрихкод"", ""types"": [{""type"": ""String"", ""StringQualifiers"": ""20""}]}, {""id"": ""Описание"", ""name"": ""Описание"", ""types"": [{""type"": ""String"", ""StringQualifiers"": ""0""}]}]}]}",task_140,server,high,task40_СложнаяСформироватьXYZАнализПродаж_v.epf,"Функция СформироватьXYZАнализПродаж(ДатаНач = Неопределено, ДатаКон = Неопределено) Экспорт
	
	Если ДатаНач = Неопределено Тогда
		ДатаНач = ДобавитьМесяц(НачалоДня(ТекущаяДата()), -12);
	КонецЕсли;
	
	Если ДатаКон = Неопределено Тогда
		ДатаКон = КонецДня(ТекущаяДата());
	КонецЕсли;
	
	Если ДатаКон < ДатаНач Тогда
		ВызватьИсключение ""Дата окончания периода не может быть меньше даты начала периода."";
	КонецЕсли;
	
	// Получаем месячные продажи по каждому товару
	Запрос = Новый Запрос;
	Запрос.Текст = 
	""ВЫБРАТЬ
	|	РасходТовараТовары.Товар КАК Товар,
	|	НАЧАЛОПЕРИОДА(РасходТовара.Дата, МЕСЯЦ) КАК Месяц,
	|	СУММА(РасходТовараТовары.Количество) КАК Количество
	|ИЗ
	|	Документ.РасходТовара.Товары КАК РасходТовараТовары
	|		ВНУТРЕННЕЕ СОЕДИНЕНИЕ Документ.РасходТовара КАК РасходТовара
	|		ПО РасходТовараТовары.Ссылка = РасходТовара.Ссылка
	|ГДЕ
	|	РасходТовара.Дата >= &ДатаНач
	|	И РасходТовара.Дата <= &ДатаКон
	|	И РасходТовара.Проведен = ИСТИНА
	|СГРУППИРОВАТЬ ПО
	|	РасходТовараТовары.Товар,
	|	НАЧАЛОПЕРИОДА(РасходТовара.Дата, МЕСЯЦ)
	|УПОРЯДОЧИТЬ ПО
	|	Товар,
	|	Месяц"";
	
	Запрос.УстановитьПараметр(""ДатаНач"", ДатаНач);
	Запрос.УстановитьПараметр(""ДатаКон"", ДатаКон);
	
	РезультатЗапроса = Запрос.Выполнить();
	ВыборкаПоМесяцам = РезультатЗапроса.Выгрузить();
	
	// Определяем количество месяцев в периоде
	КоличествоМесяцев = 0;
	ТекДата = НачалоМесяца(ДатаНач);
	Пока ТекДата <= ДатаКон Цикл
		КоличествоМесяцев = КоличествоМесяцев + 1;
		ТекДата = ДобавитьМесяц(ТекДата, 1);
	КонецЦикла;
	
	Если КоличествоМесяцев = 0 Тогда
		КоличествоМесяцев = 1;
	КонецЕсли;
	
	// Собираем данные по товарам
	ТаблицаТоваров = Новый Соответствие;
	
	Для Каждого СтрокаДанных Из ВыборкаПоМесяцам Цикл
		ДанныеТовара = ТаблицаТоваров.Получить(СтрокаДанных.Товар);
		Если ДанныеТовара = Неопределено Тогда
			ДанныеТовара = Новый Соответствие;
			ТаблицаТоваров.Вставить(СтрокаДанных.Товар, ДанныеТовара);
		КонецЕсли;
		ДанныеТовара.Вставить(СтрокаДанных.Месяц, СтрокаДанных.Количество);
	КонецЦикла;
	
	// Формируем результирующую таблицу
	Результат = Новый ТаблицаЗначений;
	Результат.Колонки.Добавить(""Товар"");
	Результат.Колонки.Добавить(""СредниеПродажи"");
	Результат.Колонки.Добавить(""ОтклонениеПродаж"");
	Результат.Колонки.Добавить(""КоэффициентВариации"");
	Результат.Колонки.Добавить(""XYZКатегория"");
	
	// Формируем массив всех месяцев периода
	МассивМесяцев = Новый Массив;
	ТекДата = НачалоМесяца(ДатаНач);
	Пока ТекДата <= ДатаКон Цикл
		МассивМесяцев.Добавить(ТекДата);
		ТекДата = ДобавитьМесяц(ТекДата, 1);
	КонецЦикла;
	
	Для Каждого ЭлементТовара Из ТаблицаТоваров Цикл
		Товар = ЭлементТовара.Ключ;
		ДанныеПоМесяцам = ЭлементТовара.Значение;
		
		// Собираем массив продаж по всем месяцам (включая нулевые)
		СуммаПродаж = 0;
		Для Каждого Месяц Из МассивМесяцев Цикл
			Количество = ДанныеПоМесяцам.Получить(Месяц);
			Если Количество = Неопределено Тогда
				Количество = 0;
			КонецЕсли;
			СуммаПродаж = СуммаПродаж + Количество;
		КонецЦикла;
		
		// Среднее
		СредниеПродажи = СуммаПродаж / КоличествоМесяцев;
		
		// Стандартное отклонение
		СуммаКвадратовОтклонений = 0;
		Для Каждого Месяц Из МассивМесяцев Цикл
			Количество = ДанныеПоМесяцам.Получить(Месяц);
			Если Количество = Неопределено Тогда
				Количество = 0;
			КонецЕсли;
			СуммаКвадратовОтклонений = СуммаКвадратовОтклонений + (Количество - СредниеПродажи) * (Количество - СредниеПродажи);
		КонецЦикла;
		
		ОтклонениеПродаж = Sqrt(СуммаКвадратовОтклонений / КоличествоМесяцев);
		
		// Коэффициент вариации
		Если СредниеПродажи = 0 Тогда
			КоэффициентВариации = 0;
		Иначе
			КоэффициентВариации = ОтклонениеПродаж / СредниеПродажи;
		КонецЕсли;
		
		// Определяем категорию
		Если КоэффициентВариации <= 0.10 Тогда
			XYZКатегория = ""X"";
		ИначеЕсли КоэффициентВариации <= 0.25 Тогда
			XYZКатегория = ""Y"";
		Иначе
			XYZКатегория = ""Z"";
		КонецЕсли;
		
		// Добавляем строку в результат
		НоваяСтрока = Результат.Добавить();
		НоваяСтрока.Товар = Товар;
		НоваяСтрока.СредниеПродажи = Окр(СредниеПродажи, 2);
		НоваяСтрока.ОтклонениеПродаж = Окр(ОтклонениеПродаж, 2);
		НоваяСтрока.КоэффициентВариации = Окр(КоэффициентВариации, 4);
		НоваяСтрока.XYZКатегория = XYZКатегория;
	КонецЦикла;
	
	Возврат Результат;
	
КонецФункции"
"Функция: ПолучитьЗначенияПолейДокумента(ДокументСсылка, Поля) Экспорт
Универсальная функция, которая позволяет быстро получить значения указанных полей (реквизитов) любого документа по его ссылке.

 Параметры функции 
 ДокументСсылка  — ссылка на любой документ, значения полей которого нужно получить. 
 Поля (Строка или Массив) — список полей, которые требуется прочитать
 
 
Функция возвращает Структура, где
Ключ — имя поля 
Значение — значение соответствующего реквизита документа 
Если поле не найдено или документ не существует — значение будет Неопределено.

функция Поддерживает вложенные реквизиты
текст запроса формируется динамически
может работать с любым видом дое=кумента
эффективна по производительности
есть контроль обработке пустых и некорректных данных",{},task_141,server,high,task41_СложнаяПолучитьЗначенияПолейДокумента_v2.epf,"// Универсальная функция получения значений полей документа по ссылке
//
// Параметры:
//  ДокументСсылка - ДокументСсылка - ссылка на документ
//  Поля - Строка, Массив - список полей (реквизитов) для чтения
//                           Строка - поля через запятую, Массив - массив имен полей
//
// Возвращаемое значение:
//  Структура - ключи соответствуют именам полей, значения - значениям реквизитов
//              Если поле не найдено или документ не существует - значение Неопределено
//
Функция ПолучитьЗначенияПолейДокумента(ДокументСсылка, Поля) Экспорт
	
	Результат = Новый Структура;
	
	// Преобразуем поля в массив
	МассивПолей = Новый Массив;
	Если ТипЗнч(Поля) = Тип(""Строка"") Тогда
		Если НЕ ЗначениеЗаполнено(Поля) Тогда
			Возврат Результат;
		КонецЕсли;
		МассивСтрок = СтрРазделить(Поля, "","", Ложь);
		Для Каждого Стр Из МассивСтрок Цикл
			ОчищенноеПоле = СокрЛП(Стр);
			Если ЗначениеЗаполнено(ОчищенноеПоле) Тогда
				МассивПолей.Добавить(ОчищенноеПоле);
			КонецЕсли;
		КонецЦикла;
	ИначеЕсли ТипЗнч(Поля) = Тип(""Массив"") Тогда
		Для Каждого Элемент Из Поля Цикл
			ОчищенноеПоле = СокрЛП(Элемент);
			Если ЗначениеЗаполнено(ОчищенноеПоле) Тогда
				МассивПолей.Добавить(ОчищенноеПоле);
			КонецЕсли;
		КонецЦикла;
	Иначе
		Возврат Результат;
	КонецЕсли;
	
	// Если массив полей пуст - возвращаем пустую структуру
	Если МассивПолей.Количество() = 0 Тогда
		Возврат Результат;
	КонецЕсли;
	
	// Инициализируем результат значениями Неопределено
	Для Каждого ИмяПоля Из МассивПолей Цикл
		// Для ключа структуры заменяем точки на подчеркивания (вложенные реквизиты)
		КлючСтруктуры = СтрЗаменить(ИмяПоля, ""."", ""_"");
		Результат.Вставить(КлючСтруктуры, Неопределено);
	КонецЦикла;
	
	// Проверяем что ссылка передана и заполнена
	Если ДокументСсылка = Неопределено Тогда
		Возврат Результат;
	КонецЕсли;
	
	Если НЕ ЗначениеЗаполнено(ДокументСсылка) Тогда
		Возврат Результат;
	КонецЕсли;
	
	// Определяем имя таблицы документа
	МетаданныеДокумента = ДокументСсылка.Метаданные();
	ИмяТаблицы = ""Документ."" + МетаданныеДокумента.Имя;
	
	// Формируем текст запроса динамически
	СтрокаПолей = """";
	Для Индекс = 0 По МассивПолей.Количество() - 1 Цикл
		ИмяПоля = МассивПолей[Индекс];
		Псевдоним = СтрЗаменить(ИмяПоля, ""."", ""_"");
		Если Индекс > 0 Тогда
			СтрокаПолей = СтрокаПолей + "","" + Символы.ПС + ""	"";
		КонецЕсли;
		СтрокаПолей = СтрокаПолей + ""ДокументТаблица."" + ИмяПоля + "" КАК "" + Псевдоним;
	КонецЦикла;
	
	Запрос = Новый Запрос;
	Запрос.Текст = 
	""ВЫБРАТЬ
	|	"" + СтрокаПолей + ""
	|ИЗ
	|	"" + ИмяТаблицы + "" КАК ДокументТаблица
	|ГДЕ
	|	ДокументТаблица.Ссылка = &Ссылка"";
	
	Запрос.УстановитьПараметр(""Ссылка"", ДокументСсылка);
	
	Попытка
		РезультатЗапроса = Запрос.Выполнить();
	Исключение
		// Если запрос не выполнился (например, поле не существует) - возвращаем структуру с Неопределено
		Возврат Результат;
	КонецПопытки;
	
	Выборка = РезультатЗапроса.Выбрать();
	
	Если Выборка.Следующий() Тогда
		Для Каждого ИмяПоля Из МассивПолей Цикл
			КлючСтруктуры = СтрЗаменить(ИмяПоля, ""."", ""_"");
			Попытка
				Результат.Вставить(КлючСтруктуры, Выборка[КлючСтруктуры]);
			Исключение
				// Поле не найдено в выборке - оставляем Неопределено
			КонецПопытки;
		КонецЦикла;
	КонецЕсли;
	
	Возврат Результат;
	
КонецФункции"
"Функция: СформироватьДублиКонтрагентов()
Функция выявляет дублирующиеся карточки контрагентов в справочнике «Контрагенты».
Определяет контрагентов, у которых совпадают одновременно три основных реквизита: Наименование, Телефон и ЭлектроннаяПочта. 
Такая ситуация обычно говорит о технических дублях, возникших при загрузке данных или ручном вводе.
Функция не принимает параметров.
Возвращаемое значение
Функция возвращает объект типа ТаблицаЗначений со следующими колонками: Наименование, Телефон, Телефон, Количество
В результат попадают только те комбинации, у которых Количество > 1 (т.е. есть дубли)

Анализируются только элементы справочника без групп
Поиск дублей ведётся по трём полям одновременно: Наименование + Телефон + ЭлектроннаяПочта
Функция возвращает сгруппированные данные с количеством дублей для каждой группы","{""Catalogs"": [{""id"": ""Контрагенты"", ""name"": ""Контрагенты"", ""Attributes"": [{""id"": ""Регион"", ""name"": ""Регион"", ""types"": [{""type"": ""Ref"", ""id"": ""Справочник.Регионы""}]}, {""id"": ""Индекс"", ""name"": ""Индекс"", ""types"": [{""type"": ""String"", ""StringQualifiers"": ""10""}]}, {""id"": ""Страна"", ""name"": ""Страна"", ""types"": [{""type"": ""String"", ""StringQualifiers"": ""0""}]}, {""id"": ""Город"", ""name"": ""Город"", ""types"": [{""type"": ""String"", ""StringQualifiers"": ""0""}]}, {""id"": ""Улица"", ""name"": ""Улица"", ""types"": [{""type"": ""String"", ""StringQualifiers"": ""0""}]}, {""id"": ""Дом"", ""name"": ""Дом"", ""types"": [{""type"": ""String"", ""StringQualifiers"": ""15""}]}, {""id"": ""Телефон"", ""name"": ""Телефон"", ""types"": [{""type"": ""String"", ""StringQualifiers"": ""16""}]}, {""id"": ""ЭлектроннаяПочта"", ""name"": ""Электронная почта"", ""types"": [{""type"": ""String"", ""StringQualifiers"": ""40""}]}, {""id"": ""Факс"", ""name"": ""Факс"", ""types"": [{""type"": ""String"", ""StringQualifiers"": ""16""}]}, {""id"": ""ВебСайт"", ""name"": ""Веб сайт"", ""types"": [{""type"": ""String"", ""StringQualifiers"": ""40""}]}, {""id"": ""ВидЦен"", ""name"": ""Вид цен"", ""types"": [{""type"": ""Ref"", ""id"": ""Справочник.ВидыЦен""}]}, {""id"": ""ДополнительнаяИнформация"", ""name"": ""Дополнительная информация"", ""types"": [{""type"": ""String"", ""StringQualifiers"": ""0""}]}, {""id"": ""КонтактноеЛицо"", ""name"": ""Контактное лицо"", ""types"": [{""type"": ""String"", ""StringQualifiers"": ""100""}]}, {""id"": ""Широта"", ""name"": ""Широта"", ""types"": [{""type"": ""Number"", ""NumberQualifiers"": ""10.6""}]}, {""id"": ""Долгота"", ""name"": ""Долгота"", ""types"": [{""type"": ""Number"", ""NumberQualifiers"": ""10.6""}]}]}]}",task_142,server,mid,task42_СредняяСформироватьДублиКонтрагентов_v2.epf,"Функция СформироватьДублиКонтрагентов()
	
	Запрос = Новый Запрос;
	Запрос.Текст = 
	""ВЫБРАТЬ
	|	Контрагенты.Наименование КАК Наименование,
	|	Контрагенты.Телефон КАК Телефон,
	|	Контрагенты.ЭлектроннаяПочта КАК ЭлектроннаяПочта,
	|	КОЛИЧЕСТВО(*) КАК Количество
	|ИЗ
	|	Справочник.Контрагенты КАК Контрагенты
	|ГДЕ
	|	Контрагенты.ЭтоГруппа = ЛОЖЬ
	|СГРУППИРОВАТЬ ПО
	|	Контрагенты.Наименование,
	|	Контрагенты.Телефон,
	|	Контрагенты.ЭлектроннаяПочта
	|ИМЕЮЩИЕ
	|	КОЛИЧЕСТВО(*) > 1"";
	
	Результат = Запрос.Выполнить().Выгрузить();
	
	Возврат Результат;
	
КонецФункции"
"Написать функцию СформироватьПродажиПоДнямНедели(ДатаНач, ДатаКон), которая формирует отчет о продажах предприятия с разбивкой по 
дням недели за выбранный период.
Задача предназначена для анализа покупательской активности и позволяет определить, в какие дни недели наблюдаются наибольшие продажи.

Результаты анализа могут использоваться для:
оптимизации графика работы персонала;
планирования акций и маркетинговых мероприятий;
анализа нагрузки на торговые точки;
выявления пиковых и слабых дней продаж;
повышения эффективности управления продажами.

Параметры функции:
ДатаНач — дата начала периода анализа;
ДатаКон — дата окончания периода анализа.

Если параметры периода не заданы, используются значения по умолчанию:
ДатаНач = начало дня 30 дней назад;
ДатаКон = конец текущего дня.

Перед выполнением расчета выполняется проверка параметров:
если ДатаКон < ДатаНач — генерируется исключение;
анализ выполняется только в пределах указанного периода.

Расчет выполняется на основании регистра накопления Продажи.
Используются следующие поля:
Период — дата продажи;
Количество — количество проданного товара;
Сумма — сумма продаж.

В процессе выполнения:
определяется день недели по дате продажи;
выполняется группировка по дням недели;
рассчитываются итоговые показатели по количеству и сумме продаж;
формируется итоговая таблица значений.

Результат функции представляет собой таблицу, содержащую:
день недели;
общее количество продаж;
общую сумму продаж.","{""AccumulationRegisters"": [{""id"": ""Продажи"", ""name"": ""Продажи"", ""RegisterType"": ""Turnovers"", ""Dimensions"": [{""id"": ""Покупатель"", ""name"": ""Покупатель"", ""types"": [{""type"": ""Ref"", ""id"": ""Справочник.Контрагенты""}]}, {""id"": ""Товар"", ""name"": ""Товар"", ""types"": [{""type"": ""Ref"", ""id"": ""Справочник.Товары""}]}], ""Resources"": [{""id"": ""Количество"", ""name"": ""Количество"", ""types"": [{""type"": ""Number"", ""NumberQualifiers"": ""10.2""}]}, {""id"": ""Сумма"", ""name"": ""Сумма"", ""types"": [{""type"": ""Number"", ""NumberQualifiers"": ""10.2""}]}]}]}",task_143,server,mid,task43_СредняяАнализпродажподнямнедели_v1.epf,"Функция СформироватьПродажиПоДнямНедели(ДатаНач = Неопределено, ДатаКон = Неопределено) Экспорт
	
	// Установка значений по умолчанию
	Если ДатаНач = Неопределено Тогда
		ДатаНач = НачалоДня(ТекущаяДата() - 30 * 86400);
	КонецЕсли;
	
	Если ДатаКон = Неопределено Тогда
		ДатаКон = КонецДня(ТекущаяДата());
	КонецЕсли;
	
	// Проверка корректности параметров
	Если ДатаКон < ДатаНач Тогда
		ВызватьИсключение ""Дата окончания периода не может быть меньше даты начала периода."";
	КонецЕсли;
	
	// Формирование запроса к регистру накопления Продажи
	Запрос = Новый Запрос;
	Запрос.Текст = 
	""ВЫБРАТЬ
	|	ДЕНЬНЕДЕЛИ(Продажи.Период) КАК ДеньНедели,
	|	СУММА(Продажи.Количество) КАК Количество,
	|	СУММА(Продажи.Сумма) КАК Сумма
	|ИЗ
	|	РегистрНакопления.Продажи.Обороты(&ДатаНач, &ДатаКон, День) КАК Продажи
	|СГРУППИРОВАТЬ ПО
	|	ДЕНЬНЕДЕЛИ(Продажи.Период)
	|УПОРЯДОЧИТЬ ПО
	|	ДеньНедели"";
	
	Запрос.УстановитьПараметр(""ДатаНач"", ДатаНач);
	Запрос.УстановитьПараметр(""ДатаКон"", ДатаКон);
	
	РезультатЗапроса = Запрос.Выполнить();
	Выборка = РезультатЗапроса.Выбрать();
	
	// Формирование итоговой таблицы значений
	ТаблицаРезультат = Новый ТаблицаЗначений;
	ТаблицаРезультат.Колонки.Добавить(""ДеньНедели"", Новый ОписаниеТипов(""Строка"", , Новый КвалификаторыСтроки(12)));
	ТаблицаРезультат.Колонки.Добавить(""Количество"", Новый ОписаниеТипов(""Число"", Новый КвалификаторыЧисла(10, 2)));
	ТаблицаРезультат.Колонки.Добавить(""Сумма"", Новый ОписаниеТипов(""Число"", Новый КвалификаторыЧисла(10, 2)));
	
	Пока Выборка.Следующий() Цикл
		НоваяСтрока = ТаблицаРезультат.Добавить();
		НоваяСтрока.ДеньНедели = ПолучитьНазваниеДняНедели(Выборка.ДеньНедели);
		НоваяСтрока.Количество = Выборка.Количество;
		НоваяСтрока.Сумма = Выборка.Сумма;
	КонецЦикла;
	
	Возврат ТаблицаРезультат;
	
КонецФункции

Функция ПолучитьНазваниеДняНедели(НомерДня)
	
	Если НомерДня = 1 Тогда
		Возврат ""Понедельник"";
	ИначеЕсли НомерДня = 2 Тогда
		Возврат ""Вторник"";
	ИначеЕсли НомерДня = 3 Тогда
		Возврат ""Среда"";
	ИначеЕсли НомерДня = 4 Тогда
		Возврат ""Четверг"";
	ИначеЕсли НомерДня = 5 Тогда
		Возврат ""Пятница"";
	ИначеЕсли НомерДня = 6 Тогда
		Возврат ""Суббота"";
	ИначеЕсли НомерДня = 7 Тогда
		Возврат ""Воскресенье"";
	Иначе
		Возврат ""Неизвестно"";
	КонецЕсли;
	
КонецФункции"
"Написать функцию СформироватьТоварыБезДвижения(ДатаНач, ДатаКон), которая формирует список товаров, по которым отсутствовали движения (продажи) 
за выбранный период.
Задача предназначена для анализа ассортимента и позволяет выявить товары, не участвующие в продажах.

Результаты анализа могут использоваться для:
выявления неликвидных и залежалых товаров;
принятия решений о скидках или акциях;
оптимизации ассортимента;
освобождения складских запасов;
повышения оборачиваемости товаров.

Параметры функции:
ДатаНач — дата начала периода анализа;
ДатаКон — дата окончания периода анализа.

Если параметры периода не заданы, используются значения по умолчанию:
ДатаНач = начало дня 30 дней назад;
ДатаКон = конец текущего дня.

Перед выполнением расчета выполняется проверка параметров:
если ДатаКон < ДатаНач — генерируется исключение;
анализ выполняется только в пределах указанного периода.

Расчет выполняется на основании следующих объектов конфигурации:
Справочник Товары — используется для получения полного списка товаров;
Регистр накопления Продажи — используется для определения наличия движений по товарам.

В процессе выполнения:
формируется список всех товаров без пометки удаления;
определяются товары, по которым были продажи за указанный период;
выполняется сравнение списков;
отбираются товары, по которым отсутствуют движения.

Результат функции представляет собой таблицу значений, содержащую:
товар;
наименование товара.

Полученный список позволяет оперативно выявить товары без движения и принять управленческие решения.","{""AccumulationRegisters"": [{""id"": ""Продажи"", ""name"": ""Продажи"", ""RegisterType"": ""Turnovers"", ""Dimensions"": [{""id"": ""Покупатель"", ""name"": ""Покупатель"", ""types"": [{""type"": ""Ref"", ""id"": ""Справочник.Контрагенты""}]}, {""id"": ""Товар"", ""name"": ""Товар"", ""types"": [{""type"": ""Ref"", ""id"": ""Справочник.Товары""}]}], ""Resources"": [{""id"": ""Количество"", ""name"": ""Количество"", ""types"": [{""type"": ""Number"", ""NumberQualifiers"": ""10.2""}]}, {""id"": ""Сумма"", ""name"": ""Сумма"", ""types"": [{""type"": ""Number"", ""NumberQualifiers"": ""10.2""}]}]}], ""Catalogs"": [{""id"": ""Товары"", ""name"": ""Товары"", ""Attributes"": [{""id"": ""Артикул"", ""name"": ""Артикул"", ""types"": [{""type"": ""String"", ""StringQualifiers"": ""15""}]}, {""id"": ""Поставщик"", ""name"": ""Поставщик"", ""types"": [{""type"": ""Ref"", ""id"": ""Справочник.Контрагенты""}]}, {""id"": ""ФайлКартинки"", ""name"": ""Картинка"", ""types"": [{""type"": ""Ref"", ""id"": ""Справочник.ХранимыеФайлы""}]}, {""id"": ""Вид"", ""name"": ""Вид"", ""types"": []}, {""id"": ""Штрихкод"", ""name"": ""Штрихкод"", ""types"": [{""type"": ""String"", ""StringQualifiers"": ""20""}]}, {""id"": ""Описание"", ""name"": ""Описание"", ""types"": [{""type"": ""String"", ""StringQualifiers"": ""0""}]}]}]}",task_144,server,mid,task44_СредняяСписокТоваровБезДвижения_v1.epf,"Функция СформироватьТоварыБезДвижения(ДатаНач = Неопределено, ДатаКон = Неопределено) Экспорт
	
	// Установка значений по умолчанию
	Если ДатаНач = Неопределено Тогда
		ДатаНач = НачалоДня(ТекущаяДата() - 30 * 86400);
	КонецЕсли;
	
	Если ДатаКон = Неопределено Тогда
		ДатаКон = КонецДня(ТекущаяДата());
	КонецЕсли;
	
	// Проверка корректности параметров
	Если ДатаКон < ДатаНач Тогда
		ВызватьИсключение ""Дата окончания периода не может быть меньше даты начала периода."";
	КонецЕсли;
	
	// Формирование запроса для получения товаров без движений
	Запрос = Новый Запрос;
	Запрос.Текст = 
	""ВЫБРАТЬ
	|	Товары.Ссылка КАК Товар,
	|	Товары.Наименование КАК Наименование
	|ИЗ
	|	Справочник.Товары КАК Товары
	|ГДЕ
	|	НЕ Товары.ПометкаУдаления
	|	И НЕ Товары.Ссылка В
	|		(ВЫБРАТЬ
	|			Продажи.Товар
	|		ИЗ
	|			РегистрНакопления.Продажи.Обороты(&ДатаНач, &ДатаКон, , ) КАК Продажи)"";
	
	Запрос.УстановитьПараметр(""ДатаНач"", ДатаНач);
	Запрос.УстановитьПараметр(""ДатаКон"", ДатаКон);
	
	Результат = Запрос.Выполнить().Выгрузить();
	
	Возврат Результат;
	
КонецФункции"
"Написать функцию НайтиПревышениеЛимитаПродаж(ДатаНач, ДатаКон, Лимит),
которая формирует список документов продаж предприятия, у которых сумма документа превышает установленный лимит за выбранный период.

Функция принимает три параметра:

ДатаНач — дата начала периода анализа;
ДатаКон — дата окончания периода анализа;
Лимит — максимальная допустимая сумма документа.

Если параметры периода не заданы, функция должна автоматически установить:

ДатаНач = начало дня 30 дней назад  
ДатаКон = конец текущего дня
Если параметр Лимит не задан — может использоваться значение по умолчанию


Перед выполнением расчета необходимо выполнить проверки:

если ДатаКон < ДатаНач — должно быть сгенерировано исключение;
если даты не заданы — используются значения по умолчанию;
анализ выполняется только в пределах указанного период 

Расчет выполняется на основании следующих объектов конфигурации:
Документ.РасходТовара

Функция должна возвращать объект типа ТаблицаЗначений, содержащий:

Ссылка — ссылка на документ;
Дата — дата документа;
Покупатель — контрагент;
Сумма — сумма документа","{""Documents"": [{""id"": ""РасходТовара"", ""name"": ""Расход товара"", ""Attributes"": [{""id"": ""Покупатель"", ""name"": ""Покупатель"", ""types"": [{""type"": ""Ref"", ""id"": ""Справочник.Контрагенты""}]}, {""id"": ""Склад"", ""name"": ""Склад"", ""types"": [{""type"": ""Ref"", ""id"": ""Справочник.Склады""}]}, {""id"": ""Валюта"", ""name"": ""Валюта взиморасчетов"", ""types"": [{""type"": ""Ref"", ""id"": ""Справочник.Валюты""}]}, {""id"": ""ВидЦен"", ""name"": ""Вид цен"", ""types"": [{""type"": ""Ref"", ""id"": ""Справочник.ВидыЦен""}]}, {""id"": ""ОбоснованиеОтгрузки"", ""name"": ""Обоснование отгрузки"", ""types"": [{""type"": ""String"", ""StringQualifiers"": ""0""}]}, {""id"": ""Организация"", ""name"": ""Организация"", ""types"": [{""type"": ""Ref"", ""id"": ""Справочник.Организации""}]}], ""TabularSections"": [{""id"": ""Товары"", ""name"": ""Товары"", ""Attributes"": [{""id"": ""Товар"", ""name"": ""Товар"", ""types"": [{""type"": ""Ref"", ""id"": ""Справочник.Товары""}]}, {""id"": ""Цена"", ""name"": ""Цена"", ""types"": [{""type"": ""Number"", ""NumberQualifiers"": ""10.2""}]}, {""id"": ""Количество"", ""name"": ""Количество"", ""types"": [{""type"": ""Number"", ""NumberQualifiers"": ""10.2""}]}, {""id"": ""Сумма"", ""name"": ""Сумма"", ""types"": [{""type"": ""Number"", ""NumberQualifiers"": ""10.2""}]}]}]}]}",task_145,server,mid,task47_СредняяПревышениеЛимитаПродаж_v1.epf,"Функция НайтиПревышениеЛимитаПродаж(ДатаНач = Неопределено, ДатаКон = Неопределено, Лимит = 100000) Экспорт
	
	// Установка значений по умолчанию для дат
	Если ДатаНач = Неопределено Или Не ЗначениеЗаполнено(ДатаНач) Тогда
		ДатаНач = НачалоДня(ТекущаяДата() - 30 * 86400);
	КонецЕсли;
	
	Если ДатаКон = Неопределено Или Не ЗначениеЗаполнено(ДатаКон) Тогда
		ДатаКон = КонецДня(ТекущаяДата());
	КонецЕсли;
	
	// Проверка корректности периода
	Если ДатаКон < ДатаНач Тогда
		ВызватьИсключение ""Дата окончания периода не может быть меньше даты начала периода."";
	КонецЕсли;
	
	// Формирование запроса
	Запрос = Новый Запрос;
	Запрос.Текст = 
	""ВЫБРАТЬ
	|	РасходТовара.Ссылка КАК Ссылка,
	|	РасходТовара.Дата КАК Дата,
	|	РасходТовара.Покупатель КАК Покупатель,
	|	РасходТовара.Товары.(СУММА(Сумма)) КАК Сумма
	|ИЗ
	|	Документ.РасходТовара КАК РасходТовара
	|ГДЕ
	|	РасходТовара.Дата МЕЖДУ &ДатаНач И &ДатаКон
	|	И РасходТовара.Проведен = ИСТИНА"";
	
	// Используем вложенный запрос для подсчёта суммы по табличной части
	Запрос.Текст = 
	""ВЫБРАТЬ
	|	РасходТовара.Ссылка КАК Ссылка,
	|	РасходТовара.Дата КАК Дата,
	|	РасходТовара.Покупатель КАК Покупатель,
	|	ЕСТЬNULL(ТоварыИтоги.СуммаДокумента, 0) КАК Сумма
	|ИЗ
	|	Документ.РасходТовара КАК РасходТовара
	|		ЛЕВОЕ СОЕДИНЕНИЕ (
	|			ВЫБРАТЬ
	|				РасходТовараТовары.Ссылка КАК Ссылка,
	|				СУММА(РасходТовараТовары.Сумма) КАК СуммаДокумента
	|			ИЗ
	|				Документ.РасходТовара.Товары КАК РасходТовараТовары
	|			ГДЕ
	|				РасходТовараТовары.Ссылка.Дата МЕЖДУ &ДатаНач И &ДатаКон
	|				И РасходТовараТовары.Ссылка.Проведен = ИСТИНА
	|			СГРУППИРОВАТЬ ПО
	|				РасходТовараТовары.Ссылка
	|		) КАК ТоварыИтоги
	|		ПО РасходТовара.Ссылка = ТоварыИтоги.Ссылка
	|ГДЕ
	|	РасходТовара.Дата МЕЖДУ &ДатаНач И &ДатаКон
	|	И РасходТовара.Проведен = ИСТИНА
	|	И ЕСТЬNULL(ТоварыИтоги.СуммаДокумента, 0) > &Лимит
	|УПОРЯДОЧИТЬ ПО
	|	Дата"";
	
	Запрос.УстановитьПараметр(""ДатаНач"", ДатаНач);
	Запрос.УстановитьПараметр(""ДатаКон"", ДатаКон);
	Запрос.УстановитьПараметр(""Лимит"", Лимит);
	
	Результат = Запрос.Выполнить();
	
	// Формирование таблицы значений
	ТаблицаРезультат = Результат.Выгрузить();
	
	Возврат ТаблицаРезультат;
	
КонецФункции"
"Написать функцию СформироватьОтчетОстаткиТоваровКонтроль(Период, КоличествоКонтроль), которая формирует отчет на сервере ""ОстаткиТоваровНаСкладах"" на заданный период с отбором по КоличествоОстаток. 
Функция должна программно сформировать отчет ""ОстаткиТоваровНаСкладах"", вариант отчета ""Основной"". 
Настройки отчета:
	Параметры отчета: Период. 
	    Значения парамета: Период = Период. 
	Структура отчета: Таблица
	                     *cтроки: Товар.    
	                     *столбцы: Склад.
	Выбранные поля: КоличествоОстаток, Товар, Склад.
	Отбор: КоличествоОстаток <= КоличествоКонтроль.
	Параметры вывода: ВыводитьПараметрыДанных = Не выводить,
	                  ВыводитьОтбор = Не выводить. 

Параметры функции:  
Период (тип: Дата) - период отчета.
КоличествоКонтроль (тип: Число) - значение контроля остатка. Выводить товары, остаток которых меньше или равен данного значения.

Возвращаемое значение: ТабличныйДокумент.","{""Catalogs"": [{""id"": ""Склады"", ""name"": ""Склады"", ""Attributes"": [{""id"": ""НеИспользовать"", ""name"": ""Не использовать"", ""types"": [{""type"": ""Boolean""}]}]}, {""id"": ""Товары"", ""name"": ""Товары"", ""Attributes"": [{""id"": ""Артикул"", ""name"": ""Артикул"", ""types"": [{""type"": ""String"", ""StringQualifiers"": ""15""}]}, {""id"": ""Поставщик"", ""name"": ""Поставщик"", ""types"": [{""type"": ""Ref"", ""id"": ""Справочник.Контрагенты""}]}, {""id"": ""ФайлКартинки"", ""name"": ""Картинка"", ""types"": [{""type"": ""Ref"", ""id"": ""Справочник.ХранимыеФайлы""}]}, {""id"": ""Вид"", ""name"": ""Вид"", ""types"": []}, {""id"": ""Штрихкод"", ""name"": ""Штрихкод"", ""types"": [{""type"": ""String"", ""StringQualifiers"": ""20""}]}, {""id"": ""Описание"", ""name"": ""Описание"", ""types"": [{""type"": ""String"", ""StringQualifiers"": ""0""}]}]}]}",task_146,server,high,task4_сложн_Куликова_v2.epf,"Функция СформироватьОтчетОстаткиТоваровКонтроль(Период, КоличествоКонтроль)
	
	ТабличныйДокумент = Новый ТабличныйДокумент;
	
	СхемаКомпоновки = Отчеты.ОстаткиТоваровНаСкладах.ПолучитьМакет(""ОсновнаяСхемаКомпоновкиДанных"");
	
	КомпоновщикНастроек = Новый КомпоновщикНастроекКомпоновкиДанных;
	КомпоновщикНастроек.Инициализировать(Новый ИсточникДоступныхНастроекКомпоновкиДанных(СхемаКомпоновки));
	КомпоновщикНастроек.ЗагрузитьНастройки(СхемаКомпоновки.НастройкиПоУмолчанию);
	
	Настройки = КомпоновщикНастроек.Настройки;
	
	// Параметры отчета: Период
	Для Каждого ПараметрДанных Из Настройки.ПараметрыДанных.Элементы Цикл
		Если ПараметрДанных.Параметр = Новый ПараметрКомпоновкиДанных(""Период"") Тогда
			ПараметрДанных.Значение = Период;
			ПараметрДанных.Использование = Истина;
		КонецЕсли;
	КонецЦикла;
	
	// Структура отчета: Таблица
	Настройки.Структура.Очистить();
	
	ТаблицаКомпоновки = Настройки.Структура.Добавить(Тип(""ТаблицаКомпоновкиДанных""));
	ТаблицаКомпоновки.Использование = Истина;
	
	// Строки таблицы: Товар
	ГруппировкаСтрока = ТаблицаКомпоновки.Строки.Добавить();
	ГруппировкаСтрока.Использование = Истина;
	ПолеГруппировки = ГруппировкаСтрока.ПоляГруппировки.Элементы.Добавить(Тип(""ПолеГруппировкиКомпоновкиДанных""));
	ПолеГруппировки.Поле = Новый ПолеКомпоновкиДанных(""Товар"");
	ПолеГруппировки.Использование = Истина;
	
	// Столбцы таблицы: Склад
	ГруппировкаСтолбец = ТаблицаКомпоновки.Колонки.Добавить();
	ГруппировкаСтолбец.Использование = Истина;
	ПолеГруппировки = ГруппировкаСтолбец.ПоляГруппировки.Элементы.Добавить(Тип(""ПолеГруппировкиКомпоновкиДанных""));
	ПолеГруппировки.Поле = Новый ПолеКомпоновкиДанных(""Склад"");
	ПолеГруппировки.Использование = Истина;
	
	// Выбранные поля: КоличествоОстаток, Товар, Склад
	Настройки.Выбор.Элементы.Очистить();
	
	ПолеВыбора = Настройки.Выбор.Элементы.Добавить(Тип(""ВыбранноеПолеКомпоновкиДанных""));
	ПолеВыбора.Поле = Новый ПолеКомпоновкиДанных(""КоличествоОстаток"");
	ПолеВыбора.Использование = Истина;
	
	ПолеВыбора = Настройки.Выбор.Элементы.Добавить(Тип(""ВыбранноеПолеКомпоновкиДанных""));
	ПолеВыбора.Поле = Новый ПолеКомпоновкиДанных(""Товар"");
	ПолеВыбора.Использование = Истина;
	
	ПолеВыбора = Настройки.Выбор.Элементы.Добавить(Тип(""ВыбранноеПолеКомпоновкиДанных""));
	ПолеВыбора.Поле = Новый ПолеКомпоновкиДанных(""Склад"");
	ПолеВыбора.Использование = Истина;
	
	// Отбор: КоличествоОстаток <= КоличествоКонтроль
	ЭлементОтбора = Настройки.Отбор.Элементы.Добавить(Тип(""ЭлементОтбораКомпоновкиДанных""));
	ЭлементОтбора.ЛевоеЗначение = Новый ПолеКомпоновкиДанных(""КоличествоОстаток"");
	ЭлементОтбора.ВидСравнения = ВидСравненияКомпоновкиДанных.МеньшеИлиРавно;
	ЭлементОтбора.ПравоеЗначение = КоличествоКонтроль;
	ЭлементОтбора.Использование = Истина;
	
	// Параметры вывода
	Для Каждого ПараметрВывода Из Настройки.ПараметрыВывода.Элементы Цикл
		Если ПараметрВывода.Параметр = Новый ПараметрКомпоновкиДанных(""ВыводитьПараметрыДанных"") Тогда
			ПараметрВывода.Значение = ТипВыводаТекстаКомпоновкиДанных.НеВыводить;
			ПараметрВывода.Использование = Истина;
		ИначеЕсли ПараметрВывода.Параметр = Новый ПараметрКомпоновкиДанных(""ВыводитьОтбор"") Тогда
			ПараметрВывода.Значение = ТипВыводаТекстаКомпоновкиДанных.НеВыводить;
			ПараметрВывода.Использование = Истина;
		КонецЕсли;
	КонецЦикла;
	
	// Формирование отчета
	КомпоновщикМакета = Новый КомпоновщикМакетаКомпоновкиДанных;
	МакетКомпоновки = КомпоновщикМакета.Выполнить(СхемаКомпоновки, Настройки);
	
	ПроцессорКомпоновки = Новый ПроцессорКомпоновкиДанных;
	ПроцессорКомпоновки.Инициализировать(МакетКомпоновки);
	
	ПроцессорВывода = Новый ПроцессорВыводаРезультатаКомпоновкиДанныхВТабличныйДокумент;
	ПроцессорВывода.УстановитьДокумент(ТабличныйДокумент);
	ПроцессорВывода.Вывести(ПроцессорКомпоновки);
	
	Возврат ТабличныйДокумент;
	
КонецФункции"
"Написать функцию ДобавитьПолучателейИсходящихПисем(Получатели, Дата), которая для неотправленных, непомеченных на удаление исходящих писем, с датой больше Дата,
заполняет табличную часть Покупатели данными из параметра Получатели. 

Параметр функции:
     Получатели (тип Массив Из СправочникСсылка.Контрагенты) - контрагенты, получатели писем.
     
Для каждого элемента параметра Получатели получить реквизит ""ЭлектроннаяПочта"" справочника ""Контрагенты"". 
Отобрать элементы справочника ""ИсходящиеПисьма"", дата которых больше параметра Дата, ПометкаНаУдаление = Ложь и состояние Отправлено = Ложь.
Для отобранных писем в табличной части Покупатели справочника ""ИсходящиеПисьма"" заполнить реквизит ""ЭлектроннаяПочта"" данными реквизита ""ЭлектроннаяПочта"" справочника ""Контрагенты"".  
      
Данные о состоянии исходящего письма берутся из регистра сведений ""СостояниеИсходящихПисем"".","{""InformationRegisters"": [{""id"": ""СостояниеИсходящихПисем"", ""name"": ""Состояние исходящих писем"", ""InformationRegisterPeriodicity"": ""Nonperiodical"", ""WriteMode"": ""Independent"", ""Dimensions"": [{""id"": ""Письмо"", ""name"": ""Письмо"", ""types"": [{""type"": ""Ref"", ""id"": ""Справочник.ИсходящиеПисьма""}]}], ""Resources"": [{""id"": ""Отправлено"", ""name"": ""Отправлено"", ""types"": []}]}], ""Catalogs"": [{""id"": ""ИсходящиеПисьма"", ""name"": ""Исходящие письма"", ""Attributes"": [{""id"": ""Дата"", ""name"": ""Дата"", ""types"": [{""type"": ""Date""}]}, {""id"": ""Получатель"", ""name"": ""Получатель"", ""types"": [{""type"": ""String"", ""StringQualifiers"": ""0""}]}, {""id"": ""Содержимое"", ""name"": ""Содержимое"", ""types"": []}, {""id"": ""Текст"", ""name"": ""Текст"", ""types"": [{""type"": ""String"", ""StringQualifiers"": ""0""}]}, {""id"": ""Контрагент"", ""name"": ""Контрагент"", ""types"": [{""type"": ""Ref"", ""id"": ""Справочник.Контрагенты""}]}], ""TabularSections"": [{""id"": ""Получатели"", ""name"": ""Получатели"", ""Attributes"": [{""id"": ""ЭлектроннаяПочта"", ""name"": ""Электронная почта"", ""types"": [{""type"": ""String"", ""StringQualifiers"": ""1000""}]}]}]}, {""id"": ""Контрагенты"", ""name"": ""Контрагенты"", ""Attributes"": [{""id"": ""Регион"", ""name"": ""Регион"", ""types"": [{""type"": ""Ref"", ""id"": ""Справочник.Регионы""}]}, {""id"": ""Индекс"", ""name"": ""Индекс"", ""types"": [{""type"": ""String"", ""StringQualifiers"": ""10""}]}, {""id"": ""Страна"", ""name"": ""Страна"", ""types"": [{""type"": ""String"", ""StringQualifiers"": ""0""}]}, {""id"": ""Город"", ""name"": ""Город"", ""types"": [{""type"": ""String"", ""StringQualifiers"": ""0""}]}, {""id"": ""Улица"", ""name"": ""Улица"", ""types"": [{""type"": ""String"", ""StringQualifiers"": ""0""}]}, {""id"": ""Дом"", ""name"": ""Дом"", ""types"": [{""type"": ""String"", ""StringQualifiers"": ""15""}]}, {""id"": ""Телефон"", ""name"": ""Телефон"", ""types"": [{""type"": ""String"", ""StringQualifiers"": ""16""}]}, {""id"": ""ЭлектроннаяПочта"", ""name"": ""Электронная почта"", ""types"": [{""type"": ""String"", ""StringQualifiers"": ""40""}]}, {""id"": ""Факс"", ""name"": ""Факс"", ""types"": [{""type"": ""String"", ""StringQualifiers"": ""16""}]}, {""id"": ""ВебСайт"", ""name"": ""Веб сайт"", ""types"": [{""type"": ""String"", ""StringQualifiers"": ""40""}]}, {""id"": ""ВидЦен"", ""name"": ""Вид цен"", ""types"": [{""type"": ""Ref"", ""id"": ""Справочник.ВидыЦен""}]}, {""id"": ""ДополнительнаяИнформация"", ""name"": ""Дополнительная информация"", ""types"": [{""type"": ""String"", ""StringQualifiers"": ""0""}]}, {""id"": ""КонтактноеЛицо"", ""name"": ""Контактное лицо"", ""types"": [{""type"": ""String"", ""StringQualifiers"": ""100""}]}, {""id"": ""Широта"", ""name"": ""Широта"", ""types"": [{""type"": ""Number"", ""NumberQualifiers"": ""10.6""}]}, {""id"": ""Долгота"", ""name"": ""Долгота"", ""types"": [{""type"": ""Number"", ""NumberQualifiers"": ""10.6""}]}]}]}",task_147,server,,task5_Куликова_v2.epf,"Процедура ДобавитьПолучателейИсходящихПисем(Получатели, Дата)
	
	Запрос = Новый Запрос;
	Запрос.Текст = 
	""ВЫБРАТЬ
	|	Контрагенты.Ссылка КАК Ссылка,
	|	Контрагенты.ЭлектроннаяПочта КАК ЭлектроннаяПочта
	|ПОМЕСТИТЬ ВТ_Получатели
	|ИЗ
	|	Справочник.Контрагенты КАК Контрагенты
	|ГДЕ
	|	Контрагенты.Ссылка В (&Получатели)
	|;
	|
	|////////////////////////////////////////////////////////////////////////////////
	|ВЫБРАТЬ
	|	ИсходящиеПисьма.Ссылка КАК Письмо
	|ИЗ
	|	Справочник.ИсходящиеПисьма КАК ИсходящиеПисьма
	|		ЛЕВОЕ СОЕДИНЕНИЕ РегистрСведений.СостояниеИсходящихПисем КАК СостояниеИсходящихПисем
	|		ПО ИсходящиеПисьма.Ссылка = СостояниеИсходящихПисем.Письмо
	|ГДЕ
	|	ИсходящиеПисьма.Дата > &Дата
	|	И ИсходящиеПисьма.ПометкаУдаления = ЛОЖЬ
	|	И (СостояниеИсходящихПисем.Отправлено = ЛОЖЬ
	|		ИЛИ СостояниеИсходящихПисем.Отправлено ЕСТЬ NULL)"";
	
	Запрос.УстановитьПараметр(""Получатели"", Получатели);
	Запрос.УстановитьПараметр(""Дата"", Дата);
	
	РезультатыЗапроса = Запрос.ВыполнитьПакет();
	
	ТаблицаПолучателей = РезультатыЗапроса[0].Выгрузить();
	ТаблицаПисем = РезультатыЗапроса[1].Выгрузить();
	
	Для Каждого СтрокаПисьма Из ТаблицаПисем Цикл
		
		ПисьмоОбъект = СтрокаПисьма.Письмо.ПолучитьОбъект();
		
		Для Каждого СтрокаПолучателя Из ТаблицаПолучателей Цикл
			НоваяСтрока = ПисьмоОбъект.Получатели.Добавить();
			НоваяСтрока.ЭлектроннаяПочта = СтрокаПолучателя.ЭлектроннаяПочта;
		КонецЦикла;
		
		ПисьмоОбъект.Записать();
		
	КонецЦикла;
	
КонецПроцедуры"
