task,context,task_id,env,complexity,original_filename,output
"Создай функцию ЗаполнитьТабличнуюЧастьОстатками(ДокументОбъект), которая заполняет табличную часть документа «Заказ» «Товары» остатками из регистра «ТоварныеЗапасы» для склада и даты, заданных в документе. Отбирать только товары видом товара = Товар. Для каждой позиции остатка нужно добавить строку в табличную часть и перенести туда товар и количество.","{
  ""Documents"": [
    {
      ""id"": ""Заказ"",
      ""properties"": [
        ""Номер"": ""string"",
        ""Дата"": ""date"",
        ""Клиент"": ""Ref.Контрагенты"",
        ""Склад"": ""Ref.Склады"",
      ],
      ""tabularSections"": [
        {
          ""Товары"": [
            ""Товар"": ""Ref.Товары"",
            ""Количество"": ""number"",
            ""Цена"": ""number"",
            ""Сумма"": ""number""
          ]
        }
      ]
    }
  ]
}",task_001,server,low,,"Функция ЗаполнитьТабличнуюЧастьОстатками(ДокументОбъект)
    // Очищаем табличную часть перед заполнением
    ДокументОбъект.Товары.Очистить();
    
    // Проверяем обязательные реквизиты
    Если ДокументОбъект.Дата = '00010101' Тогда
        Сообщить(""Не заполнена дата документа"");
        Возврат;
    КонецЕсли;
    Если Не ЗначениеЗаполнено(ДокументОбъект.Склад) Тогда
        Сообщить(""Не заполнен склад"");
        Возврат;
    КонецЕсли;
    
    Запрос = Новый Запрос;
    Запрос.Текст = 
    ""ВЫБРАТЬ
    |    ТоварныеЗапасыОстатки.Товар КАК Товар,
    |    ТоварныеЗапасыОстатки.КоличествоОстаток КАК Количество
    |ИЗ
    |    РегистрНакопления.ТоварныеЗапасы.Остатки(
    |        &ДатаДокумента,
    |        Склад = &Склад
    |            И Товар.ВидТовара = &ВидТовара) КАК ТоварныеЗапасыОстатки"";
    
    Запрос.УстановитьПараметр(""ДатаДокумента"", КонецДня(ДокументОбъект.Дата));
    Запрос.УстановитьПараметр(""Склад"", ДокументОбъект.Склад);
    Запрос.УстановитьПараметр(""ВидТовара"", Перечисления.ВидыТоваров.Товар); // Предполагается перечисление ВидыТоваров
    
    РезультатЗапроса = Запрос.Выполнить();
    
    Выборка = РезультатЗапроса.Выбрать();
    Пока Выборка.Следующий() Цикл
        НоваяСтрока = ДокументОбъект.Товары.Добавить();
        НоваяСтрока.Товар = Выборка.Товар;
        НоваяСтрока.Количество = Выборка.Количество;
        // Цена и Сумма остаются незаполненными
    КонецЦикла;
    
КонецФункции"
"Создай функцию ЗаполнитьТабличныйДокумент(ТабДокумент, Макет, Дата) которая выводит в табличный документ задолженность по контрагентам из регистра Взаиморасчеты на дату. В макете есть секции Шапка и Строка, в секции строка есть параметры “Контрагент” и “Задолженность”","{
  ""AccumulationRegisters"": [
    {
      ""id"": ""Взаиморасчеты"",
      ""name"": ""Взаиморасчеты"",
      ""RegisterType"": ""Balance"",
      ""Dimensions"": [
        {
          ""id"": ""Контрагент"",
          ""name"": ""Контрагент"",
          ""types"": [
            {
              ""type"": ""Ref"",
              ""id"": ""Справочник.Контрагенты""
            }
          ]
        },
        {
          ""id"": ""Валюта"",
          ""name"": ""Валюта"",
          ""types"": [
            {
              ""type"": ""Ref"",
              ""id"": ""Справочник.Валюты""
            }
          ]
        }
      ],
      ""Resources"": [
        {
          ""id"": ""Сумма"",
          ""name"": ""Сумма"",
          ""types"": [
            {
              ""type"": ""Number"",
              ""NumberQualifiers"": ""10.2""
            }
          ]
        }
      ]
    }
  ]
}",task_002,server,mid,,"Функция ЗаполнитьТабличныйДокумент(ТабДокумент, Макет, Дата) Экспорт

    // Очищаем табличный документ перед заполнением
    ТабДокумент.Очистить();
    
    // Выводим шапку
    ОбластьШапка = Макет.ПолучитьОбласть(""Шапка"");
    ТабДокумент.Вывести(ОбластьШапка);
    
    // Формируем запрос к регистру накопления ""Взаиморасчеты"" на указанную дату
    Запрос = Новый Запрос;
    Запрос.Текст = 
    ""ВЫБРАТЬ
    |    ВзаиморасчетыОстатки.Контрагент КАК Контрагент,
    |    ВзаиморасчетыОстатки.СуммаОстаток КАК Задолженность
    |ИЗ
    |    РегистрНакопления.Взаиморасчеты.Остатки(&Дата) КАК ВзаиморасчетыОстатки
    |УПОРЯДОЧИТЬ ПО
    |    Контрагент"";
    
    Запрос.УстановитьПараметр(""Дата"", Дата);
    
    Результат = Запрос.Выполнить();
    
    // Обходим результат запроса и выводим строки
    Выборка = Результат.Выбрать();
    Пока Выборка.Следующий() Цикл
        ОбластьСтрока = Макет.ПолучитьОбласть(""Строка"");
        ОбластьСтрока.Параметры.Контрагент = Выборка.Контрагент;
        ОбластьСтрока.Параметры.Задолженность = Выборка.Задолженность;
        ТабДокумент.Вывести(ОбластьСтрока);
    КонецЦикла;

КонецФункции"
Создай функцию УстановитьСклад(ДокументОбъект) которая устанавливает во всех строках ТЧ «Товары» значение поля «СкладСтроки» равным реквизиту документа «Склад».,"{
  ""AccumulationRegisters"": [
    {
      ""id"": ""Взаиморасчеты"",
      ""name"": ""Взаиморасчеты"",
      ""RegisterType"": ""Balance"",
      ""Dimensions"": [
        {
          ""id"": ""Контрагент"",
          ""name"": ""Контрагент"",
          ""types"": [
            {
              ""type"": ""Ref"",
              ""id"": ""Справочник.Контрагенты""
            }
          ]
        },
        {
          ""id"": ""Валюта"",
          ""name"": ""Валюта"",
          ""types"": [
            {
              ""type"": ""Ref"",
              ""id"": ""Справочник.Валюты""
            }
          ]
        }
      ],
      ""Resources"": [
        {
          ""id"": ""Сумма"",
          ""name"": ""Сумма"",
          ""types"": [
            {
              ""type"": ""Number"",
              ""NumberQualifiers"": ""10.2""
            }
          ]
        }
      ]
    }
  ]
}",task_003,server,low,,"Функция УстановитьСклад(ДокументОбъект) Экспорт
    // Проверяем, что переданный объект существует и содержит табличную часть ""Товары""
    Если ДокументОбъект = Неопределено Или Не ДокументОбъект.Метаданные().ТабличныеЧасти.Найти(""Товары"") <> Неопределено Тогда
        Возврат Ложь;
    КонецЕсли;
    
    // Устанавливаем значение склада для всех строк табличной части
    Для Каждого СтрокаТЧ Из ДокументОбъект.Товары Цикл
        СтрокаТЧ.СкладСтроки = ДокументОбъект.Склад;
    КонецЦикла;
    
    Возврат Истина;
КонецФункции"
Создай функцию УдалитьПоследнююЗапись(Валюта) которая удаляет последнюю по времени запись регистра сведений КурсыВалют с измерением Валюта = Валюта,"{
  ""InformationRegisters"": [
    {
      ""id"": ""КурсыВалют"",
      ""name"": ""Курсы валют"",
      ""InformationRegisterPeriodicity"": ""Day"",
      ""WriteMode"": ""Independent"",
      ""Dimensions"": [
        {
          ""id"": ""Валюта"",
          ""name"": ""Валюта"",
          ""types"": [
            {
              ""type"": ""Ref"",
              ""id"": ""Справочник.Валюты""
            }
          ]
        }
      ],
      ""Resources"": [
        {
          ""id"": ""Курс"",
          ""name"": ""Курс"",
          ""types"": [
            {
              ""type"": ""Number"",
              ""NumberQualifiers"": ""10.2""
            }
          ]
        }
      ]
    }
  ]
}",task_004,server,low,,"&НаСервере
Функция УдалитьПоследнююЗапись(Валюта)
    Запрос = Новый Запрос;
    Запрос.Текст = ""ВЫБРАТЬ
    |    МАКСИМУМ(КурсыВалют.Период) КАК Период
    |ИЗ
    |    РегистрСведений.КурсыВалют КАК КурсыВалют
    |ГДЕ
    |    КурсыВалют.Валюта = &Валюта"";
    Запрос.УстановитьПараметр(""Валюта"", Валюта);
    Результат = Запрос.Выполнить();
    Выборка = Результат.Выбрать();
    Если Не Выборка.Следующий() Тогда
        Возврат Ложь;
    КонецЕсли;
    МаксПериод = Выборка.Период;
    
    Запись = РегистрыСведений.КурсыВалют.СоздатьМенеджерЗаписи();
    Запись.Период = МаксПериод;
    Запись.Валюта = Валюта;
    Попытка
        Запись.Удалить();
        Возврат Истина;
    Исключение
        Возврат Ложь;
    КонецПопытки;
КонецФункции"
Создай функцию НеУстановленыЦены(Поставщик) которая возвращает СписокЗначений с элементами справочника Товары у которых Поставщик = Поставщик и нет записи в регистре сведений ЦеныТоваров,"{
  ""InformationRegisters"": [
    {
      ""id"": ""ЦеныТоваров"",
      ""name"": ""Цены товаров"",
      ""InformationRegisterPeriodicity"": ""Day"",
      ""WriteMode"": ""Independent"",
      ""Dimensions"": [
        {
          ""id"": ""Товар"",
          ""name"": ""Товар"",
          ""types"": [
            {
              ""type"": ""Ref"",
              ""id"": ""Справочник.Товары""
            }
          ]
        },
        {
          ""id"": ""ВидЦен"",
          ""name"": ""Вид цен"",
          ""types"": [
            {
              ""type"": ""Ref"",
              ""id"": ""Справочник.ВидыЦен""
            }
          ]
        }
      ],
      ""Resources"": [
        {
          ""id"": ""Цена"",
          ""name"": ""Цена"",
          ""types"": [
            {
              ""type"": ""Number"",
              ""NumberQualifiers"": ""10.2""
            }
          ]
        }
      ]
    }
  ]
}",task_005,server,low,,"Функция НеУстановленыЦены(Поставщик)
    СписокТоваров = Новый СписокЗначений;
    
    Запрос = Новый Запрос;
    Запрос.Текст = 
    ""ВЫБРАТЬ
    |    Товары.Ссылка КАК Товар
    |ИЗ
    |    Справочник.Товары КАК Товары
    |    ЛЕВОЕ СОЕДИНЕНИЕ РегистрСведений.ЦеныТоваров КАК ЦеныТоваров
    |    ПО Товары.Ссылка = ЦеныТоваров.Товар
    |ГДЕ
    |    Товары.Поставщик = &Поставщик
    |    И ЦеныТоваров.Товар ЕСТЬ NULL"";
    
    Запрос.УстановитьПараметр(""Поставщик"", Поставщик);
    
    Результат = Запрос.Выполнить();
    
    Выборка = Результат.Выбрать();
    Пока Выборка.Следующий() Цикл
        СписокТоваров.Добавить(Выборка.Товар);
    КонецЦикла;
    
    Возврат СписокТоваров;
КонецФункции"
"Создай функцию ВыгрузитьОстаткиСклада(Склад, МинимальныйОстаток, ФайлJson), которая получает остаки товаров склада на текущую дату из регистра ТоварныеЗапасы у которых остаток больше или равен значению МинимальныйОстаток. Записать файл в json формате как список с полями ""Товар_Код"", ""Товар_Наименование"", ""Остаток"" (число, округленное до целого). Строки списка должны быть упорядочены по возрастанию поля Товар_Код","{
  ""AccumulationRegisters"": [
    {
      ""id"": ""ТоварныеЗапасы"",
      ""name"": ""Товарные запасы"",
      ""RegisterType"": ""Balance"",
      ""Dimensions"": [
        {
          ""id"": ""Товар"",
          ""name"": ""Товар"",
          ""types"": [
            {
              ""type"": ""Ref"",
              ""id"": ""Справочник.Товары""
            }
          ]
        },
        {
          ""id"": ""Склад"",
          ""name"": ""Склад"",
          ""types"": [
            {
              ""type"": ""Ref"",
              ""id"": ""Справочник.Склады""
            }
          ]
        }
      ],
      ""Resources"": [
        {
          ""id"": ""Количество"",
          ""name"": ""Количество"",
          ""types"": [
            {
              ""type"": ""Number"",
              ""NumberQualifiers"": ""10.2""
            }
          ]
        }
      ]
    }
  ]
}",task_006,server,mid,,"Функция ВыгрузитьОстаткиСклада(Склад, МинимальныйОстаток, ФайлJson)
    
    Запрос = Новый Запрос;
    Запрос.Текст = 
    ""ВЫБРАТЬ
    |    ТоварныеЗапасыОстатки.Товар.Код КАК Товар_Код,
    |    ТоварныеЗапасыОстатки.Товар.Наименование КАК Товар_Наименование,
    |    ОКРУГЛИТЬ(ТоварныеЗапасыОстатки.КоличествоОстаток, 0) КАК Остаток
    |ИЗ
    |    РегистрНакопления.ТоварныеЗапасы.Остатки КАК ТоварныеЗапасыОстатки
    |ГДЕ
    |    ТоварныеЗапасыОстатки.Склад = &Склад
    |    И ТоварныеЗапасыОстатки.КоличествоОстаток >= &МинимальныйОстаток
    |УПОРЯДОЧИТЬ ПО
    |    Товар_Код ВОЗР"";
    
    Запрос.УстановитьПараметр(""Склад"", Склад);
    Запрос.УстановитьПараметр(""МинимальныйОстаток"", МинимальныйОстаток);
    
    РезультатЗапроса = Запрос.Выполнить();
    Выборка = РезультатЗапроса.Выбрать();
    
    МассивРезультатов = Новый Массив;
    
    Пока Выборка.Следующий() Цикл
        ДанныеТовара = Новый Структура;
        ДанныеТовара.Вставить(""Товар_Код"", Выборка.Товар_Код);
        ДанныеТовара.Вставить(""Товар_Наименование"", Выборка.Товар_Наименование);
        ДанныеТовара.Вставить(""Остаток"", Выборка.Остаток);
        МассивРезультатов.Добавить(ДанныеТовара);
    КонецЦикла;
    
    ЗаписьJSON = Новый ЗаписьJSON;
    ЗаписьJSON.ОткрытьФайл(ФайлJson, ""UTF-8"");
    ЗаписьJSON.Записать(МассивРезультатов);
    ЗаписьJSON.Закрыть();
    
КонецФункции"
"создай функцию ВыбратьСтрокиТаблицы(Таблица, Склад, Наименование), которая получает на вход параметр типа ТаблицаЗначений
в которой есть колонки ""Склад"", ""Товар"" типа справочник Товары, ""Количество"". Нужно вернуть ТаблицуЗначений, в которую войдут только те строки из входной таблицы, 
у которых значение в колонке ""Склад"" равно параметру Склад, а значение в колонке ""Товар.Наименование"" содержит подстроку параметра ""Наименование"".",,task_007,server,low,,"// Функция возвращает отфильтрованную таблицу значений.
// Фильтрация: Склад = параметр Склад,
// Товар.Наименование содержит подстроку Наименование (без учета регистра).
// Параметры:
//   Таблица - ТаблицаЗначений с колонками: Склад (произвольный тип), Товар (СправочникСсылка.Товары), Количество (Число).
//   Склад   - значение для сравнения с колонкой ""Склад"".
//   Наименование - Строка - подстрока для поиска в наименовании товара.
// Возвращаемое значение:
//   ТаблицаЗначений с той же структурой, содержащая подходящие строки.
Функция ВыбратьСтрокиТаблицы(Таблица, Склад, Наименование) Экспорт

    Если Таблица = Неопределено ИЛИ Таблица.Количество() = 0 Тогда
        // Если таблица пустая, можно сразу вернуть её копию с правильной структурой
        Результат = Новый ТаблицаЗначений;
        Результат.Колонки.Добавить(""Склад"");
        Результат.Колонки.Добавить(""Товар"");
        Результат.Колонки.Добавить(""Количество"");
        Возврат Результат;
    КонецЕсли;

    Запрос = Новый Запрос;
    // Текст запроса использует разделитель строк | для удобочитаемости
    Запрос.Текст = 
    ""ВЫБРАТЬ
    |	Таблица.Склад КАК Склад,
    |	Таблица.Товар КАК Товар,
    |	Таблица.Количество КАК Количество
    |ИЗ
    |	&Таблица КАК Таблица
    |ГДЕ
    |	Таблица.Склад = &Склад
    |	И Таблица.Товар.Наименование ПОДОБНО &Наименование"";
    
    Запрос.УстановитьПараметр(""Таблица"", Таблица);
    Запрос.УстановитьПараметр(""Склад"", Склад);
    // Для поиска подстроки используем ПОДОБНО с обрамлением процентами,
    // что соответствует логике ""содержит"" (регистронезависимо для ПОДОБНО)
    Запрос.УстановитьПараметр(""Наименование"", ""%"" + Наименование + ""%"");
    
    Возврат Запрос.Выполнить().Выгрузить();
    
КонецФункции"
"Создай функцию УшедшийТовар(Дата1, Дата2), которая возвращает таблицу значений с товаром, который был на складе (любом) на Дата1, но отсутствует на складе на Дата2. 
Использовать остатки регистра ""ТоварныеЗапасы"".
В таблице должны быть колонки: ""Товар"" (ссылка на справочник Товары), ""Количество"" (количество товара на Дата1).","{
  ""AccumulationRegisters"": [
    {
      ""id"": ""ТоварныеЗапасы"",
      ""name"": ""Товарные запасы"",
      ""RegisterType"": ""Balance"",
      ""Dimensions"": [
        {
          ""id"": ""Товар"",
          ""name"": ""Товар"",
          ""types"": [
            {
              ""type"": ""Ref"",
              ""id"": ""Справочник.Товары""
            }
          ]
        },
        {
          ""id"": ""Склад"",
          ""name"": ""Склад"",
          ""types"": [
            {
              ""type"": ""Ref"",
              ""id"": ""Справочник.Склады""
            }
          ]
        }
      ],
      ""Resources"": [
        {
          ""id"": ""Количество"",
          ""name"": ""Количество"",
          ""types"": [
            {
              ""type"": ""Number"",
              ""NumberQualifiers"": ""10.2""
            }
          ]
        }
      ]
    }
  ]
}",task_008,server,mid,,"Функция УшедшийТовар(Дата1, Дата2) Экспорт
    Запрос = Новый Запрос;
    Запрос.Текст = 
    ""ВЫБРАТЬ
    |    ТоварныеЗапасыОстатки.Товар КАК Товар,
    |    СУММА(ТоварныеЗапасыОстатки.Количество) КАК Количество
    |ПОМЕСТИТЬ ВТ_ОстаткиНаДату1
    |ИЗ
    |    РегистрНакопления.ТоварныеЗапасы.Остатки(&Дата1) КАК ТоварныеЗапасыОстатки
    |СГРУППИРОВАТЬ ПО
    |    ТоварныеЗапасыОстатки.Товар
    |ИМЕЮЩИЕ
    |    СУММА(ТоварныеЗапасыОстатки.Количество) > 0
    |
    |ИНДЕКСИРОВАТЬ ПО
    |    Товар
    |;
    |
    |ВЫБРАТЬ
    |    ТоварныеЗапасыОстатки.Товар КАК Товар,
    |    СУММА(ТоварныеЗапасыОстатки.Количество) КАК Количество
    |ПОМЕСТИТЬ ВТ_ОстаткиНаДату2
    |ИЗ
    |    РегистрНакопления.ТоварныеЗапасы.Остатки(&Дата2, , , , Ложь) КАК ТоварныеЗапасыОстатки
    |СГРУППИРОВАТЬ ПО
    |    ТоварныеЗапасыОстатки.Товар
    |;
    |
    |ВЫБРАТЬ
    |    ВТ_ОстаткиНаДату1.Товар КАК Товар,
    |    ВТ_ОстаткиНаДату1.Количество КАК Количество
    |ИЗ
    |    ВТ_ОстаткиНаДату1 КАК ВТ_ОстаткиНаДату1
    |    ЛЕВОЕ СОЕДИНЕНИЕ ВТ_ОстаткиНаДату2 КАК ВТ_ОстаткиНаДату2
    |    ПО ВТ_ОстаткиНаДату1.Товар = ВТ_ОстаткиНаДату2.Товар
    |ГДЕ
    |    ВТ_ОстаткиНаДату2.Товар ЕСТЬ NULL
    |    ИЛИ ВТ_ОстаткиНаДату2.Количество = 0"";
    
    Запрос.УстановитьПараметр(""Дата1"", Дата1);
    Запрос.УстановитьПараметр(""Дата2"", Дата2);
    
    РезультатЗапроса = Запрос.Выполнить();
    
    ТаблицаРезультат = Новый ТаблицаЗначений;
    ТаблицаРезультат.Колонки.Добавить(""Товар"", Новый ОписаниеТипов(""СправочникСсылка.Товары""));
    ТаблицаРезультат.Колонки.Добавить(""Количество"", Новый ОписаниеТипов(""Число"", Новый КвалификаторыЧисла(10, 2)));
    
    Выборка = РезультатЗапроса.Выбрать();
    Пока Выборка.Следующий() Цикл
        Строка = ТаблицаРезультат.Добавить();
        Строка.Товар = Выборка.Товар;
        Строка.Количество = Выборка.Количество;
    КонецЦикла;
    
    Возврат ТаблицаРезультат;
КонецФункции"
"создай функцию ПросроченныеДолги(Дата, МинДолг, СрокДолга), которая возвращает таблицу значений с контрагентами, 
у которых на заданную дату есть долг больше МинДолг, и этот долг, или его часть, образовался более СрокДолга дней назад. Задолженность смотреть в регистре накопления Взаиморасчеты.
В таблице должны быть колонки: Контрагент, ДолгВсего, ДолгПросроченный, ДатаОбразованияДолга.","{
  ""AccumulationRegisters"": [
    {
      ""id"": ""Взаиморасчеты"",
      ""name"": ""Взаиморасчеты"",
      ""RegisterType"": ""Balance"",
      ""Dimensions"": [
        {
          ""id"": ""Контрагент"",
          ""name"": ""Контрагент"",
          ""types"": [
            {
              ""type"": ""Ref"",
              ""id"": ""Справочник.Контрагенты""
            }
          ]
        },
        {
          ""id"": ""Валюта"",
          ""name"": ""Валюта"",
          ""types"": [
            {
              ""type"": ""Ref"",
              ""id"": ""Справочник.Валюты""
            }
          ]
        }
      ],
      ""Resources"": [
        {
          ""id"": ""Сумма"",
          ""name"": ""Сумма"",
          ""types"": [
            {
              ""type"": ""Number"",
              ""NumberQualifiers"": ""10.2""
            }
          ]
        }
      ]
    }
  ]
}",task_009,server,high,,"Функция ПросроченныеДолги(Дата, МинДолг, СрокДолга)

    // Создаём таблицу результатов с нужными колонками
    ТаблицаРезультат = Новый ТаблицаЗначений;
    ТаблицаРезультат.Колонки.Добавить(""Контрагент"", Новый ОписаниеТипов(""СправочникСсылка.Контрагенты""));
    ТаблицаРезультат.Колонки.Добавить(""ДолгВсего"", Новый ОписаниеТипов(""Число"", Новый КвалификаторыЧисла(15,2)));
    ТаблицаРезультат.Колонки.Добавить(""ДолгПросроченный"", Новый ОписаниеТипов(""Число"", Новый КвалификаторыЧисла(15,2)));
    ТаблицаРезультат.Колонки.Добавить(""ДатаОбразованияДолга"", Новый ОписаниеТипов(""Дата""));

    // 1. Получаем контрагентов с общим долгом больше МинДолг на заданную дату
    Запрос = Новый Запрос;
    Запрос.Текст = 
    ""ВЫБРАТЬ
    |    ВзаиморасчетыОстатки.Контрагент КАК Контрагент,
    |    СУММА(ВзаиморасчетыОстатки.СуммаОстаток) КАК ДолгВсего
    |ИЗ
    |    РегистрНакопления.Взаиморасчеты.Остатки(&Дата, ) КАК ВзаиморасчетыОстатки
    |СГРУППИРОВАТЬ ПО
    |    ВзаиморасчетыОстатки.Контрагент
    |ИМЕЮЩИЕ
    |    СУММА(ВзаиморасчетыОстатки.СуммаОстаток) > &МинДолг"";

    Запрос.УстановитьПараметр(""Дата"", Дата);
    Запрос.УстановитьПараметр(""МинДолг"", МинДолг);

    РезультатОстатков = Запрос.Выполнить();

    МассивКонтрагентов = Новый Массив;
    СоответствиеДолгВсего = Новый Соответствие;

    Выборка = РезультатОстатков.Выбрать();
    Пока Выборка.Следующий() Цикл
        Контрагент = Выборка.Контрагент;
        МассивКонтрагентов.Добавить(Контрагент);
        СоответствиеДолгВсего.Вставить(Контрагент, Выборка.ДолгВсего);
    КонецЦикла;

    Если МассивКонтрагентов.Количество() = 0 Тогда
        Возврат ТаблицаРезультат;
    КонецЕсли;

    // 2. Получаем все обороты с начала учёта до указанной даты для найденных контрагентов
    ЗапросОборотов = Новый Запрос;
    ЗапросОборотов.Текст = 
    ""ВЫБРАТЬ
    |    ВзаиморасчетыОбороты.Контрагент КАК Контрагент,
    |    ВзаиморасчетыОбороты.Период КАК ДатаОборотов,
    |    ВзаиморасчетыОбороты.СуммаПриход КАК Приход,
    |    ВзаиморасчетыОбороты.СуммаРасход КАК Расход
    |ИЗ
    |    РегистрНакопления.Взаиморасчеты.Обороты(
    |        &НачалоПериода,
    |        &КонецПериода,
    |        День,
    |        (Контрагент В (&Контрагенты))
    |    ) КАК ВзаиморасчетыОбороты"";

    ЗапросОборотов.УстановитьПараметр(""НачалоПериода"", '00010101');
    ЗапросОборотов.УстановитьПараметр(""КонецПериода"", КонецДня(Дата));
    ЗапросОборотов.УстановитьПараметр(""Контрагенты"", МассивКонтрагентов);

    РезультатОборотов = ЗапросОборотов.Выполнить();

    // Группируем обороты по контрагентам в списки значений
    ДанныеОборотов = Новый Соответствие;
    ВыборкаОборотов = РезультатОборотов.Выбрать();
    Пока ВыборкаОборотов.Следующий() Цикл
        Контрагент = ВыборкаОборотов.Контрагент;
        Список = ДанныеОборотов.Получить(Контрагент);
        Если Список = Неопределено Тогда
            Список = Новый СписокЗначений;
            ДанныеОборотов.Вставить(Контрагент, Список);
        КонецЕсли;
        
        СтрокаОбор = Новый Структура(""Дата, Приход, Расход"");
        СтрокаОбор.Дата = ВыборкаОборотов.ДатаОборотов;
        СтрокаОбор.Приход = ВыборкаОборотов.Приход;
        СтрокаОбор.Расход = ВыборкаОборотов.Расход;
        Список.Добавить(СтрокаОбор);
    КонецЦикла;

    // Определяем дату отсечки для просрочки
    ДатаОтсечки = НачалоДня(Дата - СрокДолга);

    // 3. Обрабатываем каждого контрагента методом FIFO
    Для Каждого Контрагент Из МассивКонтрагентов Цикл
        Список = ДанныеОборотов.Получить(Контрагент);
        Если Список = Неопределено Или Список.Количество() = 0 Тогда
            Продолжить;
        КонецЕсли;

        // Сортируем обороты по дате
        МассивОборотов = Новый Массив;
        Для Каждого Эл Из Список Цикл
            МассивОборотов.Добавить(Эл);
        КонецЦикла;
        МассивОборотов.Сортировать(""Дата"");

        // Модель FIFO: очередь непогашенных приходов
        ОчередьПриходов = Новый Массив;
        ТекущийОстаток = 0;

        Для Каждого Оборот Из МассивОборотов Цикл
            Если Оборот.Приход > 0 Тогда
                ОчередьПриходов.Добавить(Новый Структура(""Дата, Сумма"", Оборот.Дата, Оборот.Приход));
                ТекущийОстаток = ТекущийОстаток + Оборот.Приход;
            КонецЕсли;
            Если Оборот.Расход > 0 Тогда
                ОсталосьПогасить = Оборот.Расход;
                Пока ОсталосьПогасить > 0 И ОчередьПриходов.Количество() > 0 Цикл
                    ПервыйПриход = ОчередьПриходов[0];
                    Если ПервыйПриход.Сумма <= ОсталосьПогасить Тогда
                        ОсталосьПогасить = ОсталосьПогасить - ПервыйПриход.Сумма;
                        ТекущийОстаток = ТекущийОстаток - ПервыйПриход.Сумма;
                        ОчередьПриходов.Удалить(0);
                    Иначе
                        ПервыйПриход.Сумма = ПервыйПриход.Сумма - ОсталосьПогасить;
                        ТекущийОстаток = ТекущийОстаток - ОсталосьПогасить;
                        ОсталосьПогасить = 0;
                    КонецЕсли;
                КонецЦикла;
            КонецЕсли;
        КонецЦикла;

        // Определяем просроченную сумму и дату образования долга
        ПросроченныйДолг = 0;
        ДатаОбразования = Неопределено;
        ОбщийДолг = СоответствиеДолгВсего.Получить(Контрагент);

        Для Каждого ПриходСлой Из ОчередьПриходов Цикл
            Если ПриходСлой.Дата < ДатаОтсечки Тогда
                ПросроченныйДолг = ПросроченныйДолг + ПриходСлой.Сумма;
            КонецЕсли;
            Если ДатаОбразования = Неопределено Или ПриходСлой.Дата < ДатаОбразования Тогда
                ДатаОбразования = ПриходСлой.Дата;
            КонецЕсли;
        КонецЦикла;

        Если ПросроченныйДолг > 0 Тогда
            СтрокаРезультата = ТаблицаРезультат.Добавить();
            СтрокаРезультата.Контрагент = Контрагент;
            СтрокаРезультата.ДолгВсего = ОбщийДолг;
            СтрокаРезультата.ДолгПросроченный = ПросроченныйДолг;
            СтрокаРезультата.ДатаОбразованияДолга = ДатаОбразования;
        КонецЕсли;
    КонецЦикла;

    Возврат ТаблицаРезультат;

КонецФункции"
"создай функцию СоздатьИнтернетПочтовоеСообщение(Письмо, Отправитель)
Параметры:
 - Письмо - СправочникСсылка.ИсходящиеПисьма - элемент справочника, на основании которого
			следует оформить объект системы ИнтернетПочтовоеСообщение для дальнейшей
				отправки с помощью механизмов интернет почты.
- Отправитель - Строка – email отправителя почтового сообщения

Возвращаемое значение:
    Объект ИнтернетПочтовоеСообщение. Содержит почтовое сообщение, готовое к отправке.","{
  ""Catalogs"": [
    {
      ""id"": ""ИсходящиеПисьма"",
      ""name"": ""Исходящие письма"",
      ""Attributes"": [
        {
          ""id"": ""Дата"",
          ""name"": ""Дата"",
          ""types"": [
            {
              ""type"": ""Date""
            }
          ]
        },
        {
          ""id"": ""Получатель"",
          ""name"": ""Получатель"",
          ""types"": [
            {
              ""type"": ""String"",
              ""StringQualifiers"": ""0""
            }
          ]
        },
        {
          ""id"": ""Содержимое"",
          ""name"": ""Содержимое"",
          ""types"": []
        },
        {
          ""id"": ""Текст"",
          ""name"": ""Текст"",
          ""types"": [
            {
              ""type"": ""String"",
              ""StringQualifiers"": ""0""
            }
          ]
        },
        {
          ""id"": ""Контрагент"",
          ""name"": ""Контрагент"",
          ""types"": [
            {
              ""type"": ""Ref"",
              ""id"": ""Справочник.Контрагенты""
            }
          ]
        }
      ],
      ""TabularSections"": [
        {
          ""id"": ""Получатели"",
          ""name"": ""Получатели"",
          ""Attributes"": [
            {
              ""id"": ""ЭлектроннаяПочта"",
              ""name"": ""Электронная почта"",
              ""types"": [
                {
                  ""type"": ""String"",
                  ""StringQualifiers"": ""1000""
                }
              ]
            }
          ]
        }
      ]
    }
  ]
}",task_010,server,mid,,"Функция СоздатьИнтернетПочтовоеСообщение(Письмо, Отправитель) Экспорт
    // Создаем объект почтового сообщения
    Сообщение = Новый ИнтернетПочтовоеСообщение;
    
    // Тема письма — наименование элемента справочника
    Сообщение.Тема = Письмо.Наименование;
    
    // Добавляем текст письма (простой текст)
    Если ЗначениеЗаполнено(Письмо.Текст) Тогда
        ТекстПочты = Сообщение.Тексты.Добавить(Письмо.Текст);
        ТекстПочты.ТипТекста = ТипТекстаПочтовогоСообщения.ПростойТекст;
    КонецЕсли;
    
    // Обрабатываем содержимое (если оно есть)
    Если ЗначениеЗаполнено(Письмо.Содержимое) Тогда
        Если ТипЗнч(Письмо.Содержимое) = Тип(""Строка"") Тогда
            // Содержимое как HTML-текст
            ТекстHTML = Сообщение.Тексты.Добавить(Письмо.Содержимое);
            ТекстHTML.ТипТекста = ТипТекстаПочтовогоСообщения.HTML;
        ИначеЕсли ТипЗнч(Письмо.Содержимое) = Тип(""ДвоичныеДанные"") Тогда
            // Если потребуется, здесь можно добавить вложение
            // В рамках задачи не требуется
        КонецЕсли;
    КонецЕсли;
    
    // Устанавливаем отправителя
    Сообщение.Отправитель.Адрес = Отправитель;
    
    // Основной получатель (реквизит ""Получатель"")
    Если ЗначениеЗаполнено(Письмо.Получатель) Тогда
        Адрес = Сообщение.Получатели.Добавить(Письмо.Получатель);
        Адрес.Тип = ТипАдресаПочтовогоСообщения.Кому;
    КонецЕсли;
    
    // Получатели из табличной части
    Запрос = Новый Запрос;
    Запрос.Текст = 
    ""ВЫБРАТЬ
    |    ИсходящиеПисьмаПолучатели.ЭлектроннаяПочта КАК ЭлектроннаяПочта
    |ИЗ
    |    Справочник.ИсходящиеПисьма.Получатели КАК ИсходящиеПисьмаПолучатели
    |ГДЕ
    |    ИсходящиеПисьмаПолучатели.Ссылка = &Письмо"";
    
    Запрос.УстановитьПараметр(""Письмо"", Письмо);
    
    Результат = Запрос.Выполнить();
    
    Выборка = Результат.Выбрать();
    Пока Выборка.Следующий() Цикл
        Если ЗначениеЗаполнено(Выборка.ЭлектроннаяПочта) Тогда
            АдресТЧ = Сообщение.Получатели.Добавить(Выборка.ЭлектроннаяПочта);
            АдресТЧ.Тип = ТипАдресаПочтовогоСообщения.Кому;
        КонецЕсли;
    КонецЦикла;
    
    Возврат Сообщение;
КонецФункции"
"Создай функцию СоздатьДвиженияРегистраПродажи(ДокументСсылка), которая удаляет текущие движения документа и записывает новые движения регистра накопления «Продажи» 
по табличной части «Товары» документа ""РасходТовара""","{
  ""Catalogs"": [
    {
      ""id"": ""ИсходящиеПисьма"",
      ""name"": ""Исходящие письма"",
      ""Attributes"": [
        {
          ""id"": ""Дата"",
          ""name"": ""Дата"",
          ""types"": [
            {
              ""type"": ""Date""
            }
          ]
        },
        {
          ""id"": ""Получатель"",
          ""name"": ""Получатель"",
          ""types"": [
            {
              ""type"": ""String"",
              ""StringQualifiers"": ""0""
            }
          ]
        },
        {
          ""id"": ""Содержимое"",
          ""name"": ""Содержимое"",
          ""types"": []
        },
        {
          ""id"": ""Текст"",
          ""name"": ""Текст"",
          ""types"": [
            {
              ""type"": ""String"",
              ""StringQualifiers"": ""0""
            }
          ]
        },
        {
          ""id"": ""Контрагент"",
          ""name"": ""Контрагент"",
          ""types"": [
            {
              ""type"": ""Ref"",
              ""id"": ""Справочник.Контрагенты""
            }
          ]
        }
      ],
      ""TabularSections"": [
        {
          ""id"": ""Получатели"",
          ""name"": ""Получатели"",
          ""Attributes"": [
            {
              ""id"": ""ЭлектроннаяПочта"",
              ""name"": ""Электронная почта"",
              ""types"": [
                {
                  ""type"": ""String"",
                  ""StringQualifiers"": ""1000""
                }
              ]
            }
          ]
        }
      ]
    }
  ]
}",task_011,server,low,,"&НаСервере
Функция СоздатьДвиженияРегистраПродажи(ДокументСсылка)

    Если ДокументСсылка.Пустая() Тогда
        Возврат;
    КонецЕсли;
    
    ДокументОбъект = ДокументСсылка.ПолучитьОбъект();
    Если ДокументОбъект = Неопределено Тогда
        ВызватьИсключение ""Не удалось получить объект документа"";
    КонецЕсли;
    
    Движения = ДокументОбъект.Движения;
    Движения.Продажи.Очистить();
    
    Для Каждого СтрокаТЧ Из ДокументОбъект.Товары Цикл
        Движение = Движения.Продажи.Добавить();
        Движение.Период = ДокументОбъект.Дата;
        Движение.Контрагент = ДокументОбъект.Контрагент;
        Движение.Номенклатура = СтрокаТЧ.Номенклатура;
        Движение.Количество = СтрокаТЧ.Количество;
        Движение.Сумма = СтрокаТЧ.Сумма;
        Движение.ВидДвижения = ВидДвиженияНакопления.Приход;
    КонецЦикла;
    
    Движения.Продажи.Записать();
    
КонецФункции"
"Создай функцию ЗаменитьНоменклатуру(НоменклатураИсточник, НоменклатураЗамены, ДатаС, ДатаПо), которая находит документы ""Заказ"" в заданном интервале и в табличной части ""Товары"" 
заменяет номенклатуру НоменклатураИсточник на НоменклатураЗамены, оставляяя все прочие реквизиты низменными. Если в документе была хоть одна замена, и джокумент был проведен, документ перепроводится. 
Если документ помечен на удаление, пропускаем его. ","{
  ""Documents"": [
    {
      ""id"": ""Заказ"",
      ""properties"": [
        ""Номер"": ""string"",
        ""Дата"": ""date"",
        ""Клиент"": ""Ref.Контрагенты"",
        ""Склад"": ""Ref.Склады"",
      ],
      ""tabularSections"": [
        {
          ""Товары"": [
            ""Товар"": ""Ref.Товары"",
            ""Количество"": ""number"",
            ""Цена"": ""number"",
            ""Сумма"": ""number""
          ]
        }
      ]
    }
  ]
}",task_012,server,low,,"Функция ЗаменитьНоменклатуру(НоменклатураИсточник, НоменклатураЗамены, ДатаС, ДатаПо) Экспорт
    // Входные проверки
    Если НоменклатураИсточник = Неопределено ИЛИ НоменклатураЗамены = Неопределено Тогда
        Возврат 0;
    КонецЕсли;

    Запрос = Новый Запрос;
    Запрос.Текст = 
    ""ВЫБРАТЬ РАЗЛИЧНЫЕ
    |    Заказ.Ссылка КАК Ссылка
    |ИЗ
    |    Документ.Заказ КАК Заказ
    |    ВНУТРЕННЕЕ СОЕДИНЕНИЕ Документ.Заказ.Товары КАК Товары
    |    ПО Товары.Ссылка = Заказ.Ссылка
    |ГДЕ
    |    Заказ.Дата МЕЖДУ &ДатаС И &ДатаПо
    |    И Заказ.ПометкаУдаления = ЛОЖЬ
    |    И Товары.Товар = &НоменклатураИсточник"";

    Запрос.УстановитьПараметр(""ДатаС"", ДатаС);
    Запрос.УстановитьПараметр(""ДатаПо"", ДатаПо);
    Запрос.УстановитьПараметр(""НоменклатураИсточник"", НоменклатураИсточник);

    Результат = Запрос.Выполнить();
    Выборка = Результат.Выбрать();

    КоличествоЗамен = 0;

    Пока Выборка.Следующий() Цикл
        ДокСсылка = Выборка.Ссылка;
        Попытка
            ДокОбъект = ДокСсылка.ПолучитьОбъект();
            // Доп. проверка на пометку удаления (параллельные изменения)
            Если ДокОбъект.ПометкаУдаления Тогда
                Продолжить;
            КонецЕсли;

            ЗаменаБыла = Ложь;
            ПроведенИсходно = ДокОбъект.Проведен;

            Для Каждого СтрокаТЧ Из ДокОбъект.Товары Цикл
                Если СтрокаТЧ.Товар = НоменклатураИсточник Тогда
                    СтрокаТЧ.Товар = НоменклатураЗамены;
                    ЗаменаБыла = Истина;
                КонецЕсли;
            КонецЦикла;

            Если ЗаменаБыла Тогда
                Если ПроведенИсходно Тогда
                    ДокОбъект.Записать(РежимЗаписиДокумента.Проведение);
                Иначе
                    ДокОбъект.Записать(РежимЗаписиДокумента.Запись);
                КонецЕсли;
                КоличествоЗамен = КоличествоЗамен + 1;
            КонецЕсли;
        Исключение
            // Логирование ошибки (в реальном коде — запись в журнал регистрации)
            Сообщить(""Ошибка обработки документа "" + ДокСсылка + "": "" + ОписаниеОшибки());
        КонецПопытки;
    КонецЦикла;

    Возврат КоличествоЗамен;
КонецФункции"
"Создай функцию РасчетКомиссииМенеджера(ТаблицаКомиссий, Процент, ДатаС, ДатаПо), которая находит документы ""Заказ"" в заданном интервале и вычисляет комиссию менеджера исходя из сумм в табличной части Товары
1) Смотрим только проведенные заказы
2) Сумма заказа - это сумма всех строк по реквизиту Сумма
3) Комиссия менеджера - сумма всех заказов менеджера (реквизит Автор) в периоде, умноженная на Процент
Функция должна заполнить таблицу ТаблицаКомиссий, где должно быть три колонки: Менеджер (из реквизита Автор), СуммаЗаказов, Комиссия. Менеджер в таблице должен быть уникальным, один менеджер - одна строка ","{
  ""Documents"": [
    {
      ""id"": ""Заказ"",
      ""properties"": [
        ""Номер"": ""string"",
        ""Дата"": ""date"",
        ""Клиент"": ""Ref.Контрагенты"",
        ""Склад"": ""Ref.Склады"",
        ""Автор"": ""Ref.Пользователи"",
      ],
      ""tabularSections"": [
        {
          ""Товары"": [
            ""Товар"": ""Ref.Товары"",
            ""Количество"": ""number"",
            ""Цена"": ""number"",
            ""Сумма"": ""number""
          ]
        }
      ]
    }
  ]
}",task_013,server,mid,,"Функция РасчетКомиссииМенеджера(ТаблицаКомиссий, Процент, ДатаС, ДатаПо)
    // Проверяем и формируем колонки таблицы, если их нет
    Если ТаблицаКомиссий.Колонки.Найти(""Менеджер"") = Неопределено Тогда
        ТаблицаКомиссий.Колонки.Добавить(""Менеджер"");
    КонецЕсли;
    Если ТаблицаКомиссий.Колонки.Найти(""СуммаЗаказов"") = Неопределено Тогда
        ТаблицаКомиссий.Колонки.Добавить(""СуммаЗаказов"", Новый ОписаниеТипов(""Число""));
    КонецЕсли;
    Если ТаблицаКомиссий.Колонки.Найти(""Комиссия"") = Неопределено Тогда
        ТаблицаКомиссий.Колонки.Добавить(""Комиссия"", Новый ОписаниеТипов(""Число""));
    КонецЕсли;
    
    // Очищаем таблицу перед заполнением
    ТаблицаКомиссий.Очистить();
    
    // Формируем запрос для получения агрегированных данных по менеджерам
    Запрос = Новый Запрос;
    Запрос.Текст = 
    ""ВЫБРАТЬ
    |   Заказ.Автор КАК Менеджер,
    |   СУММА(Товары.Сумма) КАК СуммаЗаказов
    |ИЗ
    |   Документ.Заказ КАК Заказ
    |      ВНУТРЕННЕЕ СОЕДИНЕНИЕ Документ.Заказ.Товары КАК Товары
    |      ПО Заказ.Ссылка = Товары.Ссылка
    |ГДЕ
    |   Заказ.Проведен
    |   И Заказ.Дата МЕЖДУ &ДатаС И &ДатаПо
    |СГРУППИРОВАТЬ ПО
    |   Заказ.Автор"";
    
    Запрос.УстановитьПараметр(""ДатаС"", ДатаС);
    Запрос.УстановитьПараметр(""ДатаПо"", ДатаПо);
    
    РезультатЗапроса = Запрос.Выполнить();
    Выборка = РезультатЗапроса.Выбрать();
    
    // Заполняем таблицу результатами
    Пока Выборка.Следующий() Цикл
        НоваяСтрока = ТаблицаКомиссий.Добавить();
        НоваяСтрока.Менеджер = Выборка.Менеджер;
        НоваяСтрока.СуммаЗаказов = Выборка.СуммаЗаказов;
        // Процент передан как целое число (например 5 для 5%)
        НоваяСтрока.Комиссия = Выборка.СуммаЗаказов * Процент / 100;
    КонецЦикла;
    
    Возврат ТаблицаКомиссий;
КонецФункции"
"Создай функцию ПолучитьШиринуВысотуКартинкиИзФайлаJPEG(ИмяФайла), которая считывает jpeg файл и возвращает структуру с данными 
{ ""Высота"": <высота картинки в пикселах>, ""Ширина"": <ширина картинки в пикселах>} ",,task_014,server,high,,"Функция ПолучитьШиринуВысотуКартинкиИзФайлаJPEG(ИмяФайла)
    
    Результат = Новый Структура;
    Результат.Вставить(""Высота"", 0);
    Результат.Вставить(""Ширина"", 0);
    
    Чтение = Новый ЧтениеДвоичныхДанных(ИмяФайла);
    Попытка
        // Проверяем SOI маркер (0xFF 0xD8)
        ПервыйБайт = Чтение.Прочитать(1);
        Если ПервыйБайт = Неопределено Или ПервыйБайт.Размер() = 0 Тогда
            ВызватьИсключение ""Файл пуст или не является JPEG"";
        КонецЕсли;
        Если ПервыйБайт.ПолучитьБайты()[0] <> 255 Тогда
            ВызватьИсключение ""Неверный формат JPEG: отсутствует маркер SOI"";
        КонецЕсли;
        
        ВторойБайт = Чтение.Прочитать(1);
        Если ВторойБайт = Неопределено Или ВторойБайт.Размер() = 0 Тогда
            ВызватьИсключение ""Неверный формат JPEG: отсутствует маркер SOI"";
        КонецЕсли;
        Если ВторойБайт.ПолучитьБайты()[0] <> 216 Тогда // 0xD8
            ВызватьИсключение ""Неверный формат JPEG: отсутствует маркер SOI"";
        КонецЕсли;
        
        Пока Истина Цикл
            БайтДанные = Чтение.Прочитать(1);
            Если БайтДанные = Неопределено Или БайтДанные.Размер() = 0 Тогда
                Прервать;
            КонецЕсли;
            Байт = БайтДанные.ПолучитьБайты()[0];
            
            Если Байт <> 255 Тогда
                Продолжить;
            КонецЕсли;
            
            // Читаем следующий байт после 0xFF
            СледДанные = Чтение.Прочитать(1);
            Если СледДанные = Неопределено Или СледДанные.Размер() = 0 Тогда
                Прервать;
            КонецЕсли;
            Маркер = СледДанные.ПолучитьБайты()[0];
            
            // Обработка забивочных байтов (0xFF 0x00) – встречается в данных сканирования
            Если Маркер = 0 Тогда
                Продолжить;
            КонецЕсли;
            
            // Пропускаем множественные 0xFF
            Если Маркер = 255 Тогда
                Продолжить;
            КонецЕсли;
            
            Если Маркер = 216 Тогда // SOI – игнорируем, если вдруг встретился снова
                Продолжить;
            ИначеЕсли Маркер = 217 Тогда // EOI – конец файла
                Прервать;
            ИначеЕсли Маркер = 218 Тогда // SOS – начало данных изображения, размеры уже должны быть найдены
                Прервать;
            ИначеЕсли Маркер >= 192 И Маркер <= 195 Тогда // SOF0 – SOF3
                // Читаем длину сегмента (2 байта)
                ДлинаДанные = Чтение.Прочитать(2);
                Если ДлинаДанные = Неопределено Или ДлинаДанные.Размер() < 2 Тогда
                    ВызватьИсключение ""Ошибка чтения сегмента SOF"";
                КонецЕсли;
                БайтыДлины = ДлинаДанные.ПолучитьБайты();
                ДлинаСегмента = БайтыДлины[0] * 256 + БайтыДлины[1];
                
                // Пропускаем точность данных (1 байт)
                Чтение.Прочитать(1);
                
                // Читаем высоту (2 байта, big-endian)
                ДанныеВысоты = Чтение.Прочитать(2);
                Если ДанныеВысоты = Неопределено Или ДанныеВысоты.Размер() < 2 Тогда
                    ВызватьИсключение ""Ошибка чтения высоты изображения"";
                КонецЕсли;
                БайтыВысоты = ДанныеВысоты.ПолучитьБайты();
                Высота = БайтыВысоты[0] * 256 + БайтыВысоты[1];
                
                // Читаем ширину (2 байта, big-endian)
                ДанныеШирины = Чтение.Прочитать(2);
                Если ДанныеШирины = Неопределено Или ДанныеШирины.Размер() < 2 Тогда
                    ВызватьИсключение ""Ошибка чтения ширины изображения"";
                КонецЕсли;
                БайтыШирины = ДанныеШирины.ПолучитьБайты();
                Ширина = БайтыШирины[0] * 256 + БайтыШирины[1];
                
                Результат.Высота = Высота;
                Результат.Ширина = Ширина;
                Возврат Результат;
            Иначе
                // Любой другой маркер с длиной: читаем длину и пропускаем содержимое
                ДлинаДанные = Чтение.Прочитать(2);
                Если ДлинаДанные = Неопределено Или ДлинаДанные.Размер() < 2 Тогда
                    ВызватьИсключение ""Ошибка чтения длины маркера"";
                КонецЕсли;
                БайтыДлины = ДлинаДанные.ПолучитьБайты();
                ДлинаСегмента = БайтыДлины[0] * 256 + БайтыДлины[1];
                // Пропускаем данные сегмента (длина включает эти 2 байта)
                Чтение.Пропустить(ДлинаСегмента - 2);
            КонецЕсли;
        КонецЦикла;
        
        ВызватьИсключение ""Не удалось найти размеры изображения в JPEG-файле"";
    Исключение
        Чтение.Закрыть();
        ВызватьИсключение;
    КонецПопытки;
    
КонецФункции"
"Создай функцию ИзвлечьПартииФИФО(ТаблицаПартий, Сумма), которая возвращает таблицу партий на заданную сумму.
1) ТаблицаПартий имеет колонки ""Партия"", ""Дата"" типа Дата+Время, ""Сумма"" типа Число(14, 2)      
2) Нужно вернуть таблицу с аналогичными колонками, в которой будет список партий, идущих во времени первыми, которые в сумме дают Сумма
3) Если сумма накопленныех партий превышают требуемую, сумму последней по времени партии нужно подогнать, чтобы общаяя сумма сошлась с требуемым значением",,task_015,server,mid,,"Функция ИзвлечьПартииФИФО(ТаблицаПартий, Сумма)
    // Создаём результирующую таблицу с теми же колонками, что и исходная
    Результат = Новый ТаблицаЗначений;
    Для каждого Колонка из ТаблицаПартий.Колонки Цикл
        Результат.Колонки.Добавить(Колонка.Имя, Колонка.ТипЗначения, Колонка.Заголовок);
    КонецЦикла;
    
    // Если требуемая сумма не положительна – возвращаем пустую таблицу
    Если Сумма <= 0 Тогда
        Возврат Результат;
    КонецЕсли;
    
    // Сортируем партии по дате (FIFO: сначала более ранние)
    ОтсортированнаяТаблица = ТаблицаПартий.Скопировать();
    ОтсортированнаяТаблица.Сортировать(""Дата"");
    
    НакопленнаяСумма = 0;
    Для каждого Строка из ОтсортированнаяТаблица Цикл
        Если НакопленнаяСумма + Строка.Сумма <= Сумма Тогда
            // Партия помещается целиком
            НоваяСтрока = Результат.Добавить();
            ЗаполнитьЗначенияСвойств(НоваяСтрока, Строка);
            НакопленнаяСумма = НакопленнаяСумма + Строка.Сумма;
        ИначеЕсли НакопленнаяСумма < Сумма Тогда
            // Последняя партия – частично, чтобы точно выйти на требуемую сумму
            Остаток = Сумма - НакопленнаяСумма;
            Если Остаток > 0 Тогда
                НоваяСтрока = Результат.Добавить();
                ЗаполнитьЗначенияСвойств(НоваяСтрока, Строка);
                НоваяСтрока.Сумма = Остаток;
                НакопленнаяСумма = Сумма;
            КонецЕсли;
            Прервать;
        Иначе
            // Уже набрали нужную сумму
            Прервать;
        КонецЕсли;
    КонецЦикла;
    
    Возврат Результат;
КонецФункции"
"Создай функцию ДополнитьТаблицуЗначениямиИзВторой(Таблица1, Таблица2, КолонкаУникальности), которая добавляет в начало первой ТЗ значения из второй ТЗ с обеспечением уникальности значения в колонке КолонкаУникальности
1) колонки обеих ТЗ совпадают   
2) Значения в КолонкаУникальности заполнены в обеих таблицах
",,task_016,server,mid,,"Функция ДополнитьТаблицуЗначениямиИзВторой(Таблица1, Таблица2, КолонкаУникальности)
    // Проверка типов аргументов
    Если ТипЗнч(Таблица1) <> Тип(""ТаблицаЗначений"") Или ТипЗнч(Таблица2) <> Тип(""ТаблицаЗначений"") Тогда
        ВызватьИсключение ""Параметры должны быть таблицами значений"";
    КонецЕсли;
    
    // Проверка наличия колонки уникальности в обеих таблицах
    Если Таблица1.Колонки.Найти(КолонкаУникальности) = Неопределено Тогда
        ВызватьИсключение ""Колонка '"" + КолонкаУникальности + ""' не найдена в первой таблице"";
    КонецЕсли;
    Если Таблица2.Колонки.Найти(КолонкаУникальности) = Неопределено Тогда
        ВызватьИсключение ""Колонка '"" + КолонкаУникальности + ""' не найдена во второй таблице"";
    КонецЕсли;
    
    // Соответствие для быстрого поиска уже существующих уникальных значений
    УникальныеЗначения = Новый Соответствие;
    Для Каждого Строка Из Таблица1 Цикл
        Значение = Строка[КолонкаУникальности];
        Если Значение <> Неопределено Тогда
            УникальныеЗначения.Вставить(Значение, Истина);
        КонецЕсли;
    КонецЦикла;
    
    // Массив для временного хранения данных строк, которые требуется добавить
    ДанныеДляВставки = Новый Массив;
    
    // Отбор строк из второй таблицы, отсутствующих в первой, с обеспечением уникальности внутри второй таблицы
    Для Каждого Строка2 Из Таблица2 Цикл
        Значение = Строка2[КолонкаУникальности];
        Если Значение = Неопределено Тогда
            Продолжить; // По условию значения заполнены, но страховка не помешает
        КонецЕсли;
        
        Если Не УникальныеЗначения.Получить(Значение) Тогда
            // Фиксируем значение как использованное, чтобы избежать дублирования из второй таблицы
            УникальныеЗначения.Вставить(Значение, Истина);
            
            // Сохраняем все значения строки в структуру
            ДанныеСтроки = Новый Структура;
            Для Каждого Колонка Из Таблица2.Колонки Цикл
                ДанныеСтроки.Вставить(Колонка.Имя, Строка2[Колонка.Имя]);
            КонецЦикла;
            ДанныеДляВставки.Добавить(ДанныеСтроки);
        КонецЕсли;
    КонецЦикла;
    
    // Вставка собранных строк в начало первой таблицы с сохранением исходного порядка
    Для Индекс = ДанныеДляВставки.Количество() - 1 По 0 Цикл -1 Цикл
        ДанныеСтроки = ДанныеДляВставки[Индекс];
        НоваяСтрока = Таблица1.Вставить(0);
        Для Каждого Элемент Из ДанныеСтроки Цикл
            НоваяСтрока[Элемент.Ключ] = Элемент.Значение;
        КонецЦикла;
    КонецЦикла;
    
КонецФункции"
"Создай функцию ОбъектВСтруктуру(ОбъектДанных) принимает на вход объект и возвращает структуру с данными полученными из этого объекта 
1) Если у объекта есть табличные части, реквизиты и значения каждой табличной части должны быть представлены как массив со структурами
2) Стандартные реквизиты (Код, Наименование, Дата, и т.д.) тоже должный быть в структуре ответа
3) Общий вид выходной структуры 
{ ""Реквизит1"": ЗначениеРеквизита1, 
...    
""РеквизитN"": ЗначениеРеквизитаN,
""ТабличныеЧасти"": [  
	{ 
		""ИмяТабличнойЧасти1"": [ 
			{
				""Реквизит1ТабличнойЧасти1"": ЗначениеРеквизита1ВСтроке1,     
				""Реквизит2ТабличнойЧасти1"": ЗначениеРеквизита2ВСтроке1,  
				...
			},
			{
				""Реквизит1ТабличнойЧасти1"": ЗначениеРеквизита1ВСтроке2,     
				""Реквизит2ТабличнойЧасти1"": ЗначениеРеквизита2ВСтроке2,  
				...
			},	
		]
	}
]
}",,task_017,server,high,,"// Функция преобразует объект 1С (справочник, документ и т.п.) в структуру.
// В результирующую структуру включаются все обычные и стандартные реквизиты,
// а также табличные части в виде массива, каждый элемент которого — структура
// с единственным ключом (имя табличной части) и значением — массивом структур строк.
//
// Параметры:
//   ОбъектДанных - объект 1С (например, ДокументОбъект, СправочникОбъект), 
//                  для которого нужно построить представление.
// Возвращаемое значение:
//   Структура - данные объекта в описанном формате.
Функция ОбъектВСтруктуру(ОбъектДанных) Экспорт
    // Получаем метаданные объекта
    Мета = ОбъектДанных.Метаданные();
    
    Результат = Новый Структура;
    МассивТабличныхЧастей = Новый Массив; // будет содержать структуры вида {ИмяТЧ: [строки]}
    
    // Запоминаем имена табличных частей, чтобы не дублировать их как реквизиты
    ИменаТабличныхЧастей = Новый Соответствие;
    Для Каждого ТЧ_Мета Из Мета.ТабличныеЧасти Цикл
        ИменаТабличныхЧастей.Вставить(ТЧ_Мета.Имя, Истина);
    КонецЦикла;
    
    // Обрабатываем обычные и стандартные реквизиты объекта
    Для Каждого РеквизитМета Из Мета.Реквизиты Цикл
        ИмяРеквизита = РеквизитМета.Имя;
        // Пропускаем реквизиты, которые на самом деле являются табличными частями
        Если ИменаТабличныхЧастей.Получить(ИмяРеквизита) = Неопределено Тогда
            Попытка
                Значение = ОбъектДанных[ИмяРеквизита];
                Результат.Вставить(ИмяРеквизита, Значение);
            Исключение
                // Если доступ к свойству по каким-либо причинам невозможен,
                // просто пропускаем этот реквизит
            КонецПопытки;
        КонецЕсли;
    КонецЦикла;
    
    // Обрабатываем табличные части
    Для Каждого ТЧ_Мета Из Мета.ТабличныеЧасти Цикл
        ИмяТЧ = ТЧ_Мета.Имя;
        ТабличнаяЧасть = ОбъектДанных[ИмяТЧ];
        МассивСтрок = Новый Массив;
        
        Для Каждого СтрокаТЧ Из ТабличнаяЧасть Цикл
            СтрокаСтруктура = Новый Структура;
            // Перебираем все реквизиты строки табличной части,
            // включая стандартный НомерСтроки
            Для Каждого РеквизитТЧ_Мета Из ТЧ_Мета.Реквизиты Цикл
                ИмяРеквТЧ = РеквизитТЧ_Мета.Имя;
                Попытка
                    Значение = СтрокаТЧ[ИмяРеквТЧ];
                    СтрокаСтруктура.Вставить(ИмяРеквТЧ, Значение);
                Исключение
                    // Пропускаем реквизиты, к которым нет доступа
                КонецПопытки;
            КонецЦикла;
            МассивСтрок.Добавить(СтрокаСтруктура);
        КонецЦикла;
        
        // Формируем структуру для текущей табличной части: {ИмяТЧ: [строки]}
        ТЧ_Структура = Новый Структура;
        ТЧ_Структура.Вставить(ИмяТЧ, МассивСтрок);
        МассивТабличныхЧастей.Добавить(ТЧ_Структура);
    КонецЦикла;
    
    // Добавляем массив табличных частей, если он не пуст
    Если МассивТабличныхЧастей.Количество() > 0 Тогда
        Результат.Вставить(""ТабличныеЧасти"", МассивТабличныхЧастей);
    КонецЕсли;
    
    Возврат Результат;
КонецФункции"
"Создай функцию СкачкиЦен(Процент) Которая возвращает таблицу значений с колонками Товар, ЦенаБыла, ЦенаСтала, ДатаИзменения. 
В таблицу помещаются все ситуации, когда рост цен от одной записи к другой по одному товару больше чем Процент. Использовать запрос","{
  ""InformationRegisters"": [
    {
      ""id"": ""ЦеныТоваров"",
      ""name"": ""Цены товаров"",
      ""InformationRegisterPeriodicity"": ""Day"",
      ""WriteMode"": ""Independent"",
      ""Dimensions"": [
        {
          ""id"": ""Товар"",
          ""name"": ""Товар"",
          ""types"": [
            {
              ""type"": ""Ref"",
              ""id"": ""Справочник.Товары""
            }
          ]
        },
        {
          ""id"": ""ВидЦен"",
          ""name"": ""Вид цен"",
          ""types"": [
            {
              ""type"": ""Ref"",
              ""id"": ""Справочник.ВидыЦен""
            }
          ]
        }
      ],
      ""Resources"": [
        {
          ""id"": ""Цена"",
          ""name"": ""Цена"",
          ""types"": [
            {
              ""type"": ""Number"",
              ""NumberQualifiers"": ""10.2""
            }
          ]
        }
      ]
    }
  ]
}",task_018,server,mid,,"Функция СкачкиЦен(Процент)
    
    Запрос = Новый Запрос;
    Запрос.Текст = 
    ""ВЫБРАТЬ
    |    ЦеныТоваров.Товар КАК Товар,
    |    ЦеныТоваров.Период КАК Период,
    |    ЦеныТоваров.ВидЦен КАК ВидЦен,
    |    ЦеныТоваров.Цена КАК Цена
    |ПОМЕСТИТЬ ВТ_Исходные
    |ИЗ
    |    РегистрСведений.ЦеныТоваров КАК ЦеныТоваров
    |;
    |
    |////////////////////////////////////////////////////////////////////////////////
    |ВЫБРАТЬ
    |    ВТ_Исходные.Товар КАК Товар,
    |    ВТ_Исходные.Период КАК Период,
    |    ВТ_Исходные.Цена КАК Цена,
    |    (ВЫБРАТЬ
    |        КОЛИЧЕСТВО(ВТ2.Период)
    |    ИЗ
    |        ВТ_Исходные КАК ВТ2
    |    ГДЕ
    |        ВТ2.Товар = ВТ_Исходные.Товар
    |        И (ВТ2.Период < ВТ_Исходные.Период
    |                ИЛИ (ВТ2.Период = ВТ_Исходные.Период
    |                    И ВТ2.ВидЦен <= ВТ_Исходные.ВидЦен))) КАК НомерСтроки
    |ПОМЕСТИТЬ ВТ_Нумерованные
    |ИЗ
    |    ВТ_Исходные КАК ВТ_Исходные
    |;
    |
    |////////////////////////////////////////////////////////////////////////////////
    |ВЫБРАТЬ
    |    Тек.Товар КАК Товар,
    |    Пред.Цена КАК ЦенаБыла,
    |    Тек.Цена КАК ЦенаСтала,
    |    Тек.Период КАК ДатаИзменения
    |ИЗ
    |    ВТ_Нумерованные КАК Тек
    |    ВНУТРЕННЕЕ СОЕДИНЕНИЕ ВТ_Нумерованные КАК Пред
    |    ПО Тек.Товар = Пред.Товар
    |        И Тек.НомерСтроки = Пред.НомерСтроки + 1
    |ГДЕ
    |    Пред.Цена > 0
    |    И (Тек.Цена - Пред.Цена) / Пред.Цена * 100 > &Процент"";
    
    Запрос.УстановитьПараметр(""Процент"", Процент);
    Результат = Запрос.Выполнить();
    
    ТаблицаРезультат = Новый ТаблицаЗначений;
    ТаблицаРезультат.Колонки.Добавить(""Товар"", Новый ОписаниеТипов(""СправочникСсылка.Товары""));
    ТаблицаРезультат.Колонки.Добавить(""ЦенаБыла"", Новый ОписаниеТипов(""Число"", Новый КвалификаторыЧисла(10,2)));
    ТаблицаРезультат.Колонки.Добавить(""ЦенаСтала"", Новый ОписаниеТипов(""Число"", Новый КвалификаторыЧисла(10,2)));
    ТаблицаРезультат.Колонки.Добавить(""ДатаИзменения"", Новый ОписаниеТипов(""Дата""));
    
    Выборка = Результат.Выбрать();
    Пока Выборка.Следующий() Цикл
        НоваяСтрока = ТаблицаРезультат.Добавить();
        НоваяСтрока.Товар = Выборка.Товар;
        НоваяСтрока.ЦенаБыла = Выборка.ЦенаБыла;
        НоваяСтрока.ЦенаСтала = Выборка.ЦенаСтала;
        НоваяСтрока.ДатаИзменения = Выборка.ДатаИзменения;
    КонецЦикла;
    
    Возврат ТаблицаРезультат;
    
КонецФункции"
"Создай функцию ПересеченияРемонтов() которая возвращает пересечения периода ремонтов разных складов из регистра сведений ПериодыРемонтаСкладов
Возвращает таблицу значений с колонками Склад1, Склад2, НачалоПериода, КонецПериода. 
Где Склад1 и Склад2 - значения двух складов, периоды которых пересекаются, 
НачалоПериода и КонецПериода - начало и конец периодов пересечения.
Пример 
""Склад новый"" - ремонт с 12.08.2025 по 24.08.2025  
""Склад старый"" - ремонт с 22.08.2025 по 04.09.2025 

Результат: 
Склад1: ""Склад новый""
Склад2: ""Склад старый""   
НачалоПериода: 22.08.2025 
КонецПериода: 24.08.2025    

Результирующую таблицу отсортировать по возрастанию НачалоПериода                             

","{
  ""InformationRegisters"": [
    {
      ""id"": ""ПериодыРемонтаСкладов"",
      ""name"": ""Периоды ремонта складов"",
      ""InformationRegisterPeriodicity"": null,
      ""WriteMode"": ""Independent"",
      ""Dimensions"": [
        {
          ""id"": ""Склад"",
          ""name"": ""Склад"",
          ""types"": [
            {
              ""type"": ""Ref"",
              ""id"": ""Справочник.Склады""
            }
          ]
        },
        {
          ""id"": ""Начало"",
          ""name"": ""Начало"",
          ""types"": [
            {
              ""type"": ""Date""
            }
          ]
        },
        {
          ""id"": ""Окончание"",
          ""name"": ""Окончание"",
          ""types"": [
            {
              ""type"": ""Date""
            }
          ]
        }

      ],
      ""Resources"": []
    }
  ]
}
 
",task_019,server,mid,,"Функция ПересеченияРемонтов() Экспорт
    Запрос = Новый Запрос;
    Запрос.Текст = 
    ""ВЫБРАТЬ
    |    Периоды1.Склад КАК Склад1,
    |    Периоды2.Склад КАК Склад2,
    |    МАКСИМУМ(Периоды1.Начало, Периоды2.Начало) КАК НачалоПериода,
    |    МИНИМУМ(Периоды1.Окончание, Периоды2.Окончание) КАК КонецПериода
    |ИЗ
    |    РегистрСведений.ПериодыРемонтаСкладов КАК Периоды1
    |    ВНУТРЕННЕЕ СОЕДИНЕНИЕ РегистрСведений.ПериодыРемонтаСкладов КАК Периоды2
    |    ПО (Периоды1.Начало <= Периоды2.Окончание И Периоды1.Окончание >= Периоды2.Начало)
    |    И Периоды1.Склад < Периоды2.Склад
    |
    |УПОРЯДОЧИТЬ ПО
    |    НачалоПериода"";
    
    Результат = Запрос.Выполнить().Выгрузить();
    
    Возврат Результат;
КонецФункции"
"Создай функцию СформироватьОтчетПолучитьОстаток(Склад, Товар, Строка, Колонка) которая формирует отчет на сервере ""ОстаткиТоваровНаСкладах"" с отбором по складу и товару, 
и возвращает числовое значение из указанной ячейки табличного документа.  

Отчет ОстаткиТоваровНаСкладах сделан на СКД, основная схема которого имеет поля Склад и Товар для отбора.

Параметры функции:
- Склад - ссылка на элемент справочника Склады для отбора
- Товар - ссылка на элемент справочника Товары для отбора
- Строка - номер строки в табличном документе
- Колонка - номер колонки в табличном документе

Возвращаемое значение: целое число из указанной ячейки табличного документа.                           

",,task_020,server,high,,"&НаСервере
Функция СформироватьОтчетПолучитьОстаток(Склад, Товар, Строка, Колонка) Экспорт

    // Получаем основную схему компоновки данных отчета
    СхемаКомпоновкиДанных = Отчеты.ОстаткиТоваровНаСкладах.ПолучитьМакет(""ОсновнаяСхемаКомпоновкиДанных"");
    
    // Создаем компоновщик настроек и загружаем настройки по умолчанию
    КомпоновщикНастроек = Новый КомпоновщикНастроекКомпоновкиДанных;
    КомпоновщикНастроек.Инициализировать(Новый ИсточникДоступныхНастроекКомпоновкиДанных(СхемаКомпоновкиДанных));
    КомпоновщикНастроек.ЗагрузитьНастройки(СхемаКомпоновкиДанных.НастройкиПоУмолчанию);
    
    Настройки = КомпоновщикНастроек.Настройки;
    
    // Добавляем отбор по складу
    ЭлементОтбораСклад = Настройки.Отбор.Элементы.Добавить(Тип(""ЭлементОтбораКомпоновкиДанных""));
    ЭлементОтбораСклад.ЛевоеЗначение = Новый ПолеКомпоновкиДанных(""Склад"");
    ЭлементОтбораСклад.ВидСравнения = ВидСравненияКомпоновкиДанных.Равно;
    ЭлементОтбораСклад.ПравоеЗначение = Склад;
    
    // Добавляем отбор по товару
    ЭлементОтбораТовар = Настройки.Отбор.Элементы.Добавить(Тип(""ЭлементОтбораКомпоновкиДанных""));
    ЭлементОтбораТовар.ЛевоеЗначение = Новый ПолеКомпоновкиДанных(""Товар"");
    ЭлементОтбораТовар.ВидСравнения = ВидСравненияКомпоновкиДанных.Равно;
    ЭлементОтбораТовар.ПравоеЗначение = Товар;
    
    // Компонуем макет
    МакетКомпоновки = Новый МакетКомпоновкиДанных;
    МакетКомпоновки.Выполнить(СхемаКомпоновкиДанных, Настройки, , , Тип(""ГенераторМакетаКомпоновкиДанныхДляКоллекцииЗначений""));
    
    // Выполняем компоновку данных
    ПроцессорКомпоновкиДанных = Новый ПроцессорКомпоновкиДанных;
    ПроцессорКомпоновкиДанных.Инициализировать(МакетКомпоновки);
    
    // Выводим результат в табличный документ
    ТабДок = Новый ТабличныйДокумент;
    ПроцессорВывода = Новый ПроцессорВыводаРезультатаКомпоновкиДанныхВТабличныйДокумент;
    ПроцессорВывода.УстановитьДокумент(ТабДок);
    ПроцессорВывода.Вывести(ПроцессорКомпоновкиДанных);
    
    // Извлекаем значение из указанной ячейки
    ЗначениеЯчейки = ТабДок.Область(Строка, Колонка).Текст;
    
    // Преобразуем в целое число (если ячейка пуста — возвращаем 0)
    Возврат ?(ЗначениеЗаполнено(ЗначениеЯчейки), Цел(Число(ЗначениеЯчейки)), 0);
    
КонецФункции"
"Написать функция ЗаполнитьТабличнуюЧастьЗаказаЦенами(Заказ,ВидЦен).

Где параметры:

- Заказ - ДокументСсылка Заказ
- ВидЦен - СправочникСсылка ВидыЦен

Необходимо для каждой строки табличной части Товары документа Заказ:
- получить актуальную цену товара на дату документа Заказ из регистра сведений ЦеныТоваров по переданному виду цен;
- заполнить поле Цена.
- функция должна вернуть ссылку на заказ

Требования:
- Использовать запрос к СрезПоследних регистра сведений ЦеныТоваров.
- Не выполнять отдельный запрос на каждую строку (получение должно выполняться одним запросом).
- Заполнять только строки, где указан Товар. Если попались строки с пустым товаром - цену и сумму обнулить.
- Сохранить исходную сортировку табличной части
- Если к Товару цена не найдена, но при этом заполнена в табличной части - такую цену не обнулять, оставить исходную
- Пересчитать и заполнить сумму по каждой строке как Количество * Цена
- Все расчеты выполнить одним запросом","{""Documents"": [{""id"": ""Заказ"", ""name"": ""Заказ"", ""Attributes"": [{""id"": ""Покупатель"", ""name"": ""Покупатель"", ""types"": [{""type"": ""Ref"", ""id"": ""Справочник.Контрагенты""}]}, {""id"": ""Склад"", ""name"": ""Склад"", ""types"": [{""type"": ""Ref"", ""id"": ""Справочник.Склады""}]}, {""id"": ""Валюта"", ""name"": ""Валюта взаиморасчетов"", ""types"": [{""type"": ""Ref"", ""id"": ""Справочник.Валюты""}]}, {""id"": ""ВидЦен"", ""name"": ""Вид цен"", ""types"": [{""type"": ""Ref"", ""id"": ""Справочник.ВидыЦен""}]}, {""id"": ""Организация"", ""name"": ""Организация"", ""types"": [{""type"": ""Ref"", ""id"": ""Справочник.Организации""}]}, {""id"": ""СостояниеЗаказа"", ""name"": ""Состояние заказа"", ""types"": [{""type"": ""Ref"", ""id"": ""Перечисление.СостоянияЗаказов""}]}, {""id"": ""Автор"", ""name"": ""Автор"", ""types"": [{""type"": ""Ref"", ""id"": ""Справочник.Пользователи""}]}, {""id"": ""Сумма"", ""name"": ""Сумма"", ""types"": [{""type"": ""Number"", ""NumberQualifiers"": ""10.2""}]}], ""TabularSections"": [{""id"": ""Товары"", ""name"": ""Товары"", ""Attributes"": [{""id"": ""Товар"", ""name"": ""Товар"", ""types"": [{""type"": ""Ref"", ""id"": ""Справочник.Товары""}]}, {""id"": ""Цена"", ""name"": ""Цена"", ""types"": [{""type"": ""Number"", ""NumberQualifiers"": ""10.2""}]}, {""id"": ""Количество"", ""name"": ""Количество"", ""types"": [{""type"": ""Number"", ""NumberQualifiers"": ""10.0""}]}, {""id"": ""Сумма"", ""name"": ""Сумма"", ""types"": [{""type"": ""Number"", ""NumberQualifiers"": ""10.2""}]}]}]}], ""InformationRegisters"": [{""id"": ""ЦеныТоваров"", ""name"": ""Цены товаров"", ""InformationRegisterPeriodicity"": ""Day"", ""WriteMode"": ""Independent"", ""Dimensions"": [{""id"": ""Товар"", ""name"": ""Товар"", ""types"": [{""type"": ""Ref"", ""id"": ""Справочник.Товары""}]}, {""id"": ""ВидЦен"", ""name"": ""Вид цен"", ""types"": [{""type"": ""Ref"", ""id"": ""Справочник.ВидыЦен""}]}], ""Resources"": [{""id"": ""Цена"", ""name"": ""Цена"", ""types"": [{""type"": ""Number"", ""NumberQualifiers"": ""10.2""}]}]}], ""Catalogs"": [{""id"": ""ВидыЦен"", ""name"": ""Виды цен"", ""Attributes"": []}, {""id"": ""Товары"", ""name"": ""Товары"", ""Attributes"": [{""id"": ""Артикул"", ""name"": ""Артикул"", ""types"": [{""type"": ""String"", ""StringQualifiers"": ""15""}]}, {""id"": ""Поставщик"", ""name"": ""Поставщик"", ""types"": [{""type"": ""Ref"", ""id"": ""Справочник.Контрагенты""}]}, {""id"": ""ФайлКартинки"", ""name"": ""Картинка"", ""types"": [{""type"": ""Ref"", ""id"": ""Справочник.ХранимыеФайлы""}]}, {""id"": ""Вид"", ""name"": ""Вид"", ""types"": []}, {""id"": ""Штрихкод"", ""name"": ""Штрихкод"", ""types"": [{""type"": ""String"", ""StringQualifiers"": ""20""}]}, {""id"": ""Описание"", ""name"": ""Описание"", ""types"": [{""type"": ""String"", ""StringQualifiers"": ""0""}]}]}]}",task_021,server,high,Task2_Коробов_Сложная.epf,"Функция ЗаполнитьТабличнуюЧастьЗаказаЦенами(Заказ, ВидЦен)
    
    // Получаем объект документа по ссылке, чтобы иметь возможность изменять табличную часть
    ОбъектЗаказ = Заказ.ПолучитьОбъект();
    
    Если ОбъектЗаказ = Неопределено Тогда
        Возврат Заказ; // если документ не найден (например, помечен на удаление) — выходим без изменений
    КонецЕсли;
    
    // Формируем запрос, который за одно обращение к базе данных рассчитывает итоговые цены и суммы
    Запрос = Новый Запрос;
    Запрос.Текст = 
    ""ВЫБРАТЬ
    |    Товары.НомерСтроки КАК НомерСтроки,
    |    ВЫБОР
    |        КОГДА Товары.Товар ЕСТЬ NULL ТОГДА 0
    |        ИНАЧЕ ЕСТЬNULL(ВЫБОР
    |                КОГДА ЦеныСрез.Цена ЕСТЬ NULL ТОГДА Товары.Цена
    |                ИНАЧЕ ЦеныСрез.Цена
    |            КОНЕЦ, 0)
    |    КОНЕЦ КАК Цена,
    |    Товары.Количество * ВЫБОР
    |        КОГДА Товары.Товар ЕСТЬ NULL ТОГДА 0
    |        ИНАЧЕ ЕСТЬNULL(ВЫБОР
    |                КОГДА ЦеныСрез.Цена ЕСТЬ NULL ТОГДА Товары.Цена
    |                ИНАЧЕ ЦеныСрез.Цена
    |            КОНЕЦ, 0)
    |    КОНЕЦ КАК Сумма
    |ИЗ
    |    Документ.Заказ.Товары КАК Товары
    |        ЛЕВОЕ СОЕДИНЕНИЕ РегистрСведений.ЦеныТоваров.СрезПоследних(
    |                &ДатаДокумента,
    |                ВидЦен = &ВидЦен,
    |                Товар = Товары.Товар) КАК ЦеныСрез
    |        ПО Товары.Товар = ЦеныСрез.Товар
    |ГДЕ
    |    Товары.Ссылка = &СсылкаЗаказ
    |УПОРЯДОЧИТЬ ПО
    |    Товары.НомерСтроки"";
    
    Запрос.УстановитьПараметр(""ДатаДокумента"", ОбъектЗаказ.Дата);
    Запрос.УстановитьПараметр(""ВидЦен"", ВидЦен);
    Запрос.УстановитьПараметр(""СсылкаЗаказ"", Заказ);
    
    // Выполняем запрос и обрабатываем результат
    Выборка = Запрос.Выполнить().Выбрать();
    Пока Выборка.Следующий() Цикл
        СтрокаТЧ = ОбъектЗаказ.Товары.Получить(Выборка.НомерСтроки);
        СтрокаТЧ.Цена = Выборка.Цена;
        СтрокаТЧ.Сумма = Выборка.Сумма;
    КонецЦикла;
    
    // Сохраняем изменения документа
    ОбъектЗаказ.Записать();
    
    // Возвращаем ссылку на изменённый документ
    Возврат ОбъектЗаказ.Ссылка;
    
КонецФункции"
"Написать функцию ПолучитьСреднююЦенуПоНоменклатуре(ТаблицаПродаж). Функция принимает Таблицу значений.

Таблица значений содержит колонки:
- Номенклатура (Строка)
- Количество (Число)
- СуммаПродажи (Число)

Таблица может содержать несколько строк с одинаковой Номенклатурой.

Необходимо вернуть новую Таблицу значений с колонками:
- Номенклатура (Строка)
- Количество (Число)
- СуммаПродажи (Число)
- СредняяЦенаПродажи (Число)

Для каждой Номенклатуры должна остаться одна строка. Количество и Сумма должны быть суммой по всем исходным строкам.
СредняяЦена = Сумма / Количество. Если Количество = 0, то СредняяЦена = 0.

Требования:
- Использовать язык запросов.
- Не изменять входную ТаблицуЗначений.
- В возвращаемой таблице строки должны быть отсортированы по Номенклатуре по возрастанию.
- СредняяЦенаПродажи должна быть округлена до 15 знаков целочисленной части и до 2 знаков после запятой.",{},task_022,server,mid,Task2_Коробов_Средняя.epf,"Функция ПолучитьСреднююЦенуПоНоменклатуре(ТаблицаПродаж)
    Запрос = Новый Запрос;
    Запрос.Текст = 
    ""ВЫБРАТЬ
    |   Продажи.Номенклатура КАК Номенклатура,
    |   СУММА(Продажи.Количество) КАК Количество,
    |   СУММА(Продажи.СуммаПродажи) КАК СуммаПродажи,
    |   ОКР(ВЫБОР
    |           КОГДА СУММА(Продажи.Количество) = 0
    |           ТОГДА 0
    |           ИНАЧЕ СУММА(Продажи.СуммаПродажи) / СУММА(Продажи.Количество)
    |       КОНЕЦ, 2) КАК СредняяЦенаПродажи
    |ИЗ
    |   &ТаблицаПродаж КАК Продажи
    |СГРУППИРОВАТЬ ПО
    |   Продажи.Номенклатура
    |УПОРЯДОЧИТЬ ПО
    |   Номенклатура ВОЗР"";
    
    Запрос.УстановитьПараметр(""ТаблицаПродаж"", ТаблицаПродаж);
    Результат = Запрос.Выполнить();
    Возврат Результат.Выгрузить();
КонецФункции"
"Написать функцию ПолучитьОстатокНоменклатуры(Номенклатура, Склад, Дата).

Необходимо получить остаток указанной номенклатуры на указанном складе на указанную дату включительно. Остаток взять из регистра накопления ТоварныеЗапасы.

Функция должна вернуть число — остаток на дату.

Требования:
- Использовать запрос к виртуальной таблице Остатки регистра накопления.
- Если записи отсутствуют — вернуть 0.","{""AccumulationRegisters"": [{""id"": ""ТоварныеЗапасы"", ""name"": ""Товарные запасы"", ""RegisterType"": ""Balance"", ""Dimensions"": [{""id"": ""Товар"", ""name"": ""Товар"", ""types"": [{""type"": ""Ref"", ""id"": ""Справочник.Товары""}]}, {""id"": ""Склад"", ""name"": ""Склад"", ""types"": [{""type"": ""Ref"", ""id"": ""Справочник.Склады""}]}], ""Resources"": [{""id"": ""Количество"", ""name"": ""Количество"", ""types"": [{""type"": ""Number"", ""NumberQualifiers"": ""10.2""}]}]}]}",task_023,server,mid,Task3_Коробов_Средняя.epf,"Функция ПолучитьОстатокНоменклатуры(Номенклатура, Склад, Дата)

    Запрос = Новый Запрос;
    Запрос.Текст = 
    ""ВЫБРАТЬ
    |   ЕСТЬNULL(ТоварныеЗапасыОстатки.КоличествоОстаток, 0) КАК Остаток
    |ИЗ
    |   РегистрНакопления.ТоварныеЗапасы.Остатки(
    |       &Дата,
    |       Товар = &Номенклатура
    |       И Склад = &Склад) КАК ТоварныеЗапасыОстатки"";

    Запрос.УстановитьПараметр(""Дата"", Дата);
    Запрос.УстановитьПараметр(""Номенклатура"", Номенклатура);
    Запрос.УстановитьПараметр(""Склад"", Склад);

    Результат = Запрос.Выполнить();

    Если Результат.Пустой() Тогда
        Возврат 0;
    Иначе
        Выборка = Результат.Выбрать();
        Выборка.Следующий();
        Возврат Выборка.Остаток;
    КонецЕсли;

КонецФункции"
"Реализовать функцию импорта прайс-листа из CSV ЗагрузитьПрайсЛистИзCSV(ПутьКФайлу,ВидЦен).

Файл csv содержит 3 колонки
- Артикул
- Наименование
- Цена

Необходимо:
1) Прочитать файл.
2) Найти товар. Поиск должен быть осуществлен сначала по артикулу и наименованию. Если товар не найден - искать по артикулу. Если не найден - только по наименованию
3) Обновить цены в регистре сведений ЦеныТоваров по виду цен и найденной номенклатуре на начало текущего дня.

Функция должна вернуть структуру, содержащую:

- КоличествоОбработанныхСтрок - количество успешно обработанных строк
- ТаблицаОшибок - таблица с информацией, об ошибочно обработанных строках. В таблице две колонки: НомерСтроки - номер строки файла, Причина - описание ошибки.","{""InformationRegisters"": [{""id"": ""ЦеныТоваров"", ""name"": ""Цены товаров"", ""InformationRegisterPeriodicity"": ""Day"", ""WriteMode"": ""Independent"", ""Dimensions"": [{""id"": ""Товар"", ""name"": ""Товар"", ""types"": [{""type"": ""Ref"", ""id"": ""Справочник.Товары""}]}, {""id"": ""ВидЦен"", ""name"": ""Вид цен"", ""types"": [{""type"": ""Ref"", ""id"": ""Справочник.ВидыЦен""}]}], ""Resources"": [{""id"": ""Цена"", ""name"": ""Цена"", ""types"": [{""type"": ""Number"", ""NumberQualifiers"": ""10.2""}]}]}], ""Catalogs"": [{""id"": ""ВидыЦен"", ""name"": ""Виды цен"", ""Attributes"": []}, {""id"": ""Товары"", ""name"": ""Товары"", ""Attributes"": [{""id"": ""Артикул"", ""name"": ""Артикул"", ""types"": [{""type"": ""String"", ""StringQualifiers"": ""15""}]}, {""id"": ""Поставщик"", ""name"": ""Поставщик"", ""types"": [{""type"": ""Ref"", ""id"": ""Справочник.Контрагенты""}]}, {""id"": ""ФайлКартинки"", ""name"": ""Картинка"", ""types"": [{""type"": ""Ref"", ""id"": ""Справочник.ХранимыеФайлы""}]}, {""id"": ""Вид"", ""name"": ""Вид"", ""types"": []}, {""id"": ""Штрихкод"", ""name"": ""Штрихкод"", ""types"": [{""type"": ""String"", ""StringQualifiers"": ""20""}]}, {""id"": ""Описание"", ""name"": ""Описание"", ""types"": [{""type"": ""String"", ""StringQualifiers"": ""0""}]}]}]}",task_024,server,high,Task4_Коробов_Сложная.epf,"Функция ЗагрузитьПрайсЛистИзCSV(ПутьКФайлу, ВидЦен)
    
    // Инициализация структуры результата
    ТаблицаОшибок = Новый ТаблицаЗначений;
    ТаблицаОшибок.Колонки.Добавить(""НомерСтроки"", Новый ОписаниеТипов(""Число""));
    ТаблицаОшибок.Колонки.Добавить(""Причина"", Новый ОписаниеТипов(""Строка""));
    
    Результат = Новый Структура;
    Результат.Вставить(""КоличествоОбработанныхСтрок"", 0);
    Результат.Вставить(""ТаблицаОшибок"", ТаблицаОшибок);
    
    // Проверка корректности переданного ВидаЦен
    Если ТипЗнч(ВидЦен) <> Тип(""СправочникСсылка.ВидыЦен"") Тогда
        НоваяОшибка = ТаблицаОшибок.Добавить();
        НоваяОшибка.НомерСтроки = 0;
        НоваяОшибка.Причина = ""Передан некорректный вид цены"";
        Возврат Результат;
    КонецЕсли;
    
    // Открытие файла
    Чтение = Новый ЧтениеТекста;
    Попытка
        Чтение.Открыть(ПутьКФайлу, ""UTF-8""); // Предполагаем кодировку UTF-8
    Исключение
        НоваяОшибка = ТаблицаОшибок.Добавить();
        НоваяОшибка.НомерСтроки = 0;
        НоваяОшибка.Причина = ""Ошибка открытия файла: "" + ОписаниеОшибки();
        Возврат Результат;
    КонецПопытки;
    
    КоличествоОбработанныхСтрок = 0;
    НомерСтроки = 0;
    
    // Построчное чтение и обработка
    Пока Чтение.Строка(Стр) Цикл
        НомерСтроки = НомерСтроки + 1;
        Стр = СокрЛП(Стр);
        Если Стр = """" Тогда
            Продолжить;
        КонецЕсли;
        
        Попытка
            // Определение разделителя
            Разделитель = "";"";
            МассивЧастей = СтрРазделить(Стр, Разделитель, Ложь);
            Если МассивЧастей.Количество() <> 3 Тогда
                Разделитель = "","";
                МассивЧастей = СтрРазделить(Стр, Разделитель, Ложь);
            КонецЕсли;
            Если МассивЧастей.Количество() <> 3 Тогда
                ВызватьИсключение ""Неверный формат строки. Ожидается 3 колонки: Артикул, Наименование, Цена"";
            КонецЕсли;
            
            Артикул = СокрЛП(МассивЧастей[0]);
            Наименование = СокрЛП(МассивЧастей[1]);
            ЦенаСтрокой = СокрЛП(МассивЧастей[2]);
            
            // Преобразование цены
            Цена = Число(ЦенаСтрокой);
            
            // Проверка на пустоту ключевых полей
            Если ПустаяСтрока(Артикул) И ПустаяСтрока(Наименование) Тогда
                ВызватьИсключение ""Артикул и наименование не могут быть одновременно пустыми"";
            КонецЕсли;
            
            // Поиск товара
            НайденныйТовар = Неопределено;
            
            // 1. Поиск по артикулу и наименованию
            Если Не ПустаяСтрока(Артикул) И Не ПустаяСтрока(Наименование) Тогда
                НайденныйТовар = НайтиТоварПоАртикулуИНаименованию(Артикул, Наименование);
            КонецЕсли;
            
            // 2. Если не найден – поиск только по артикулу
            Если НайденныйТовар = Неопределено И Не ПустаяСтрока(Артикул) Тогда
                НайденныйТовар = НайтиТоварПоАртикулу(Артикул);
            КонецЕсли;
            
            // 3. Если не найден – поиск только по наименованию
            Если НайденныйТовар = Неопределено И Не ПустаяСтрока(Наименование) Тогда
                НайденныйТовар = НайтиТоварПоНаименованию(Наименование);
            КонецЕсли;
            
            Если НайденныйТовар = Неопределено Тогда
                ВызватьИсключение ""Товар не найден (артикул: "" + Артикул + "", наименование: "" + Наименование + "")"";
            КонецЕсли;
            
            // Запись цены в регистр сведений на начало текущего дня
            МенеджерЗаписи = РегистрыСведений.ЦеныТоваров.СоздатьМенеджерЗаписи();
            МенеджерЗаписи.Период = НачалоДня(ТекущаяДатаСеанса());
            МенеджерЗаписи.Товар = НайденныйТовар;
            МенеджерЗаписи.ВидЦен = ВидЦен;
            МенеджерЗаписи.Цена = Цена;
            МенеджерЗаписи.Записать();
            
            КоличествоОбработанныхСтрок = КоличествоОбработанныхСтрок + 1;
            
        Исключение
            НоваяОшибка = ТаблицаОшибок.Добавить();
            НоваяОшибка.НомерСтроки = НомерСтроки;
            НоваяОшибка.Причина = ОписаниеОшибки();
        КонецПопытки;
        
    КонецЦикла;
    
    Чтение.Закрыть();
    Результат.КоличествоОбработанныхСтрок = КоличествоОбработанныхСтрок;
    Возврат Результат;
    
КонецФункции

// Вспомогательные функции поиска товара

Функция НайтиТоварПоАртикулуИНаименованию(Артикул, Наименование)
    Запрос = Новый Запрос;
    Запрос.Текст = 
    ""ВЫБРАТЬ
    |   Товары.Ссылка КАК Ссылка
    |ИЗ
    |   Справочник.Товары КАК Товары
    |ГДЕ
    |   Товары.Артикул = &Артикул
    |   И Товары.Наименование = &Наименование"";
    
    Запрос.УстановитьПараметр(""Артикул"", Артикул);
    Запрос.УстановитьПараметр(""Наименование"", Наименование);
    
    Результат = Запрос.Выполнить();
    Если Результат.Пустой() Тогда
        Возврат Неопределено;
    Иначе
        Выборка = Результат.Выбрать();
        Выборка.Следующий();
        Возврат Выборка.Ссылка;
    КонецЕсли;
КонецФункции

Функция НайтиТоварПоАртикулу(Артикул)
    Запрос = Новый Запрос;
    Запрос.Текст = 
    ""ВЫБРАТЬ
    |   Товары.Ссылка КАК Ссылка
    |ИЗ
    |   Справочник.Товары КАК Товары
    |ГДЕ
    |   Товары.Артикул = &Артикул"";
    
    Запрос.УстановитьПараметр(""Артикул"", Артикул);
    
    Результат = Запрос.Выполнить();
    Если Результат.Пустой() Тогда
        Возврат Неопределено;
    Иначе
        Выборка = Результат.Выбрать();
        Выборка.Следующий();
        Возврат Выборка.Ссылка;
    КонецЕсли;
КонецФункции

Функция НайтиТоварПоНаименованию(Наименование)
    Запрос = Новый Запрос;
    Запрос.Текст = 
    ""ВЫБРАТЬ
    |   Товары.Ссылка КАК Ссылка
    |ИЗ
    |   Справочник.Товары КАК Товары
    |ГДЕ
    |   Товары.Наименование = &Наименование"";
    
    Запрос.УстановитьПараметр(""Наименование"", Наименование);
    
    Результат = Запрос.Выполнить();
    Если Результат.Пустой() Тогда
        Возврат Неопределено;
    Иначе
        Выборка = Результат.Выбрать();
        Выборка.Следующий();
        Возврат Выборка.Ссылка;
    КонецЕсли;
КонецФункции"
"Написать функцию ПолучитьАктуальнуюЦену(Товар, ВидЦен, Дата).

Необходимо получить цену указанного товара по переданному виду цен на дату из регистра сведений ЦеныТоваров.

Функция должна вернуть число — цену.

Требования:
- Использовать запрос к СрезПоследних.
- Если цена не найдена — вернуть 0.","{""InformationRegisters"": [{""id"": ""ЦеныТоваров"", ""name"": ""Цены товаров"", ""InformationRegisterPeriodicity"": ""Day"", ""WriteMode"": ""Independent"", ""Dimensions"": [{""id"": ""Товар"", ""name"": ""Товар"", ""types"": [{""type"": ""Ref"", ""id"": ""Справочник.Товары""}]}, {""id"": ""ВидЦен"", ""name"": ""Вид цен"", ""types"": [{""type"": ""Ref"", ""id"": ""Справочник.ВидыЦен""}]}], ""Resources"": [{""id"": ""Цена"", ""name"": ""Цена"", ""types"": [{""type"": ""Number"", ""NumberQualifiers"": ""10.2""}]}]}]}",task_025,server,mid,Task4_Коробов_Средняя.epf,"Функция ПолучитьАктуальнуюЦену(Товар, ВидЦен, Дата)
    Запрос = Новый Запрос;
    Запрос.Текст = 
    ""ВЫБРАТЬ
    |    ЦеныТоваровСрезПоследних.Цена КАК Цена
    |ИЗ
    |    РегистрСведений.ЦеныТоваров.СрезПоследних(
    |        &Период,
    |        Товар = &Товар
    |            И ВидЦен = &ВидЦен) КАК ЦеныТоваровСрезПоследних"";
    
    Запрос.УстановитьПараметр(""Период"", Дата);
    Запрос.УстановитьПараметр(""Товар"", Товар);
    Запрос.УстановитьПараметр(""ВидЦен"", ВидЦен);
    
    Результат = Запрос.Выполнить();
    Если Результат.Пустой() Тогда
        Возврат 0;
    КонецЕсли;
    
    Выборка = Результат.Выбрать();
    Выборка.Следующий();
    Возврат Выборка.Цена;
КонецФункции"
"Написать функцию ВыгрузитьТаблицуВCSV(ТаблицаДанных, ПутьФайла).

Функция должна:
1) Записать данные ТаблицаЗначений в CSV-файл по указанному пути.
2) Первая строка файла должна содержать заголовки колонок.
3) Вернуть строку — путь к созданному файлу.

Требования:
- Использовать файлы записи.
- Не изменять входную ТаблицуЗначений.
- Разделитель — "";"".
- Файл сохранить в каталог временных файлов",{},task_026,server,mid,Task5_Коробов_Средняя.epf,"// Функция выгружает таблицу значений в CSV-файл с разделителем "";"".
// Первая строка содержит заголовки колонок.
// Файл сохраняется в каталог временных файлов, используется переданное имя файла.
// Возвращает полный путь к созданному файлу.
//
// Параметры:
//   ТаблицаДанных - ТаблицаЗначений - данные для выгрузки.
//   ПутьФайла     - Строка          - имя файла (может содержать относительный путь).
// 
// Возвращаемое значение:
//   Строка - полный путь к созданному CSV-файлу.
Функция ВыгрузитьТаблицуВCSV(ТаблицаДанных, ПутьФайла) Экспорт

    // Проверка типа входного параметра
    Если ТипЗнч(ТаблицаДанных) <> Тип(""ТаблицаЗначений"") Тогда
        ВызватьИсключение ""Параметр ТаблицаДанных должен быть типа ТаблицаЗначений"";
    КонецЕсли;

    // Формируем полный путь к файлу в каталоге временных файлов
    ПолныйПуть = КаталогВременныхФайлов() + ПутьФайла;

    // Создаем объект записи текста (UTF-8 без BOM для совместимости)
    Запись = Новый ЗаписьТекста(ПолныйПуть, КодировкаТекста.UTF8NoBOM);

    // Вспомогательная функция для экранирования значения CSV
    Функция ЭкранироватьCSV(Значение)
        СтроковоеЗначение = Строка(Значение);
        Если СтроковоеЗначение = Неопределено Тогда
            СтроковоеЗначение = """";
        КонецЕсли;
        
        // Если значение содержит разделитель, кавычку или перевод строки, заключаем в кавычки
        Если Найти(СтроковоеЗначение, "";"") > 0 
           Или Найти(СтроковоеЗначение, """""""") > 0 
           Или Найти(СтроковоеЗначение, Символы.ПС) > 0 
           Или Найти(СтроковоеЗначение, Символы.ВК) > 0 Тогда
            // Удваиваем кавычки внутри значения
            СтроковоеЗначение = СтрЗаменить(СтроковоеЗначение, """""""", """""""""""");
            Возврат """""""" + СтроковоеЗначение + """""""";
        Иначе
            Возврат СтроковоеЗначение;
        КонецЕсли;
    КонецФункции

    // Формируем строку заголовков
    Заголовки = Новый Массив;
    Для Каждого Колонка Из ТаблицаДанных.Колонки Цикл
        Заголовки.Добавить(ЭкранироватьCSV(Колонка.Имя));
    КонецЦикла;
    Запись.ЗаписатьСтроку(СтрСоединить(Заголовки, "";""));

    // Выгружаем данные построчно
    Для Каждого СтрокаТЗ Из ТаблицаДанных Цикл
        ЗначенияСтроки = Новый Массив;
        Для Каждого Колонка Из ТаблицаДанных.Колонки Цикл
            Значение = СтрокаТЗ[Колонка.Имя];
            ЗначенияСтроки.Добавить(ЭкранироватьCSV(Значение));
        КонецЦикла;
        Запись.ЗаписатьСтроку(СтрСоединить(ЗначенияСтроки, "";""));
    КонецЦикла;

    Запись.Закрыть();

    Возврат ПолныйПуть;

КонецФункции"
"Написать функцию СвернутьДубли(ТаблицаДанных).
ТаблицаЗначений содержит колонки:
- КлючСтроки (Строка длина 100)
- Значение (Число)

Таблица может содержать несколько строк с одинаковым значением поля Ключ.

Необходимо вернуть новую ТаблицуЗначений:
- КлючСтроки
- Значение

Для каждого значения Ключ должна остаться одна строка.
Значение должно быть суммой всех строк с одинаковым Ключ.

Требования:
- Использовать язык запросов.
- Не изменять входную таблицу.
- Результат отсортировать по Ключ.",{},task_027,server,mid,Task6_Коробов_Средняя.epf,"Функция СвернутьДубли(ТаблицаДанных)
    // Проверка входного параметра
    Если ТипЗнч(ТаблицаДанных) <> Тип(""ТаблицаЗначений"") Тогда
        ВызватьИсключение ""Параметр должен быть таблицей значений"";
    КонецЕсли;

    Запрос = Новый Запрос;
    Запрос.Текст = 
    ""ВЫБРАТЬ
    |    ТаблицаДанных.КлючСтроки КАК КлючСтроки,
    |    СУММА(ТаблицаДанных.Значение) КАК Значение
    |ИЗ
    |    &ТаблицаДанных КАК ТаблицаДанных
    |
    |СГРУППИРОВАТЬ ПО
    |    ТаблицаДанных.КлючСтроки
    |
    |УПОРЯДОЧИТЬ ПО
    |    КлючСтроки"";

    Запрос.УстановитьПараметр(""ТаблицаДанных"", ТаблицаДанных);

    // Выполняем запрос и получаем таблицу результатов
    РезультатЗапроса = Запрос.Выполнить().Выгрузить();

    // Формируем выходную таблицу с точными типами колонок
    НоваяТаблица = Новый ТаблицаЗначений;
    НоваяТаблица.Колонки.Добавить(""КлючСтроки"", 
        Новый ОписаниеТипов(""Строка"", , Новый КвалификаторыСтроки(100)));
    НоваяТаблица.Колонки.Добавить(""Значение"", 
        Новый ОписаниеТипов(""Число""));

    // Заполняем из результата запроса
    Для Каждого Строка Из РезультатЗапроса Цикл
        НоваяСтрока = НоваяТаблица.Добавить();
        НоваяСтрока.КлючСтроки = Строка.КлючСтроки;
        НоваяСтрока.Значение = Строка.Значение;
    КонецЦикла;

    Возврат НоваяТаблица;
КонецФункции"
"Написать функцию ПолучитьСреднийКурс(Валюта, ДатаНачала,ДатаОкончания).

Необходимо получить средний курс валюты из регистра сведений КурсыВалют за указанный период с точностью до 4 знаков после запятой

Функция должна вернуть число — средний курс валюты.

Требования:
- Использовать запрос к СрезПоследних регистра сведений КурсыВалют.
- Если курс отсутствует — вернуть Неопределено.","{""InformationRegisters"": [{""id"": ""КурсыВалют"", ""name"": ""Курсы валют"", ""InformationRegisterPeriodicity"": ""Day"", ""WriteMode"": ""Independent"", ""Dimensions"": [{""id"": ""Валюта"", ""name"": ""Валюта"", ""types"": [{""type"": ""Ref"", ""id"": ""Справочник.Валюты""}]}], ""Resources"": [{""id"": ""Курс"", ""name"": ""Курс"", ""types"": [{""type"": ""Number"", ""NumberQualifiers"": ""10.2""}]}]}]}",task_028,server,mid,Task7_Коробов_Средняя.epf,"Функция ПолучитьСреднийКурс(Валюта, ДатаНачала, ДатаОкончания)
    Запрос = Новый Запрос;
    Запрос.Текст = 
    ""ВЫБРАТЬ
    |    СУММА(Курсы.Курс) КАК Сумма,
    |    КОЛИЧЕСТВО(Курсы.Курс) КАК Количество
    |ИЗ
    |    РегистрСведений.КурсыВалют.СрезПоследних(&Период, Валюта = &Валюта) КАК Курсы"";

    Запрос.УстановитьПараметр(""Валюта"", Валюта);
    Запрос.УстановитьПараметр(""Период"", 
        Новый СтандартныйПериод(НачПериода(ДатаНачала), КонПериода(ДатаОкончания)));

    Результат = Запрос.Выполнить();
    Выборка = Результат.Выбрать();

    Если Выборка.Следующий() Тогда
        Если Выборка.Количество > 0 Тогда
            Возврат Окр(Выборка.Сумма / Выборка.Количество, 4);
        Иначе
            Возврат Неопределено;
        КонецЕсли;
    Иначе
        Возврат Неопределено;
    КонецЕсли;
КонецФункции"
"Написать функцию ДобавитьХарактиристикуТовара(Товар, ВидХарактеристики, Значение, Замещать), которая добавляет характеристику товара и присваивает заданное значение характеристики.
Функция добавляет запись в регистр сведений ""Характеристики"". 

В случае, когда запись с заданными полями ""Товар"", ""ВидХарактеристики"" не существует, тогда функция добавляет новую запись в регистр.
Иначе, если:
  
1.Параметр функции ""Замещать"" = Ложь. Тогда если количество существующих записей равно 1, новая запись не добавлется.   
2.Параметр функции ""Замещать"" = Истина. Тогда если количество существующих записей равно 1, новая запись замещает существующую. 

В иных случаях новая запись добавляется и измерение ""Номер"" увеличивается на единицу.

Параметры функции:
Товар (тип: СправочникСсылка.Товар) - товар.
ВидХарактеристики (тип: ПланВидовХарактеристикСсылка.ВидыХарактеристик.Товары) - вид характиристики.
Значение (тип: Характеристика.ВидыХарактеристик) - значение характеристики товара.
Замещать (тип: Булево) - флаг замещения записи.","{""InformationRegisters"": [{""id"": ""Характеристики"", ""name"": ""Характеристики"", ""InformationRegisterPeriodicity"": ""Nonperiodical"", ""WriteMode"": ""Independent"", ""Dimensions"": [{""id"": ""Объект"", ""name"": ""Объект"", ""types"": [{""type"": ""Ref"", ""id"": ""Справочник.Контрагенты""}]}, {""id"": ""ВидХарактеристики"", ""name"": ""Вид характеристики"", ""types"": []}, {""id"": ""Номер"", ""name"": ""Номер"", ""types"": [{""type"": ""Number"", ""NumberQualifiers"": ""10.0""}]}], ""Resources"": [{""id"": ""Значение"", ""name"": ""Значение"", ""types"": []}]}], ""Catalogs"": [{""id"": ""ЗначенияХарактеристик"", ""name"": ""Значения характеристик"", ""Attributes"": []}, {""id"": ""Товары"", ""name"": ""Товары"", ""Attributes"": [{""id"": ""Артикул"", ""name"": ""Артикул"", ""types"": [{""type"": ""String"", ""StringQualifiers"": ""15""}]}, {""id"": ""Поставщик"", ""name"": ""Поставщик"", ""types"": [{""type"": ""Ref"", ""id"": ""Справочник.Контрагенты""}]}, {""id"": ""ФайлКартинки"", ""name"": ""Картинка"", ""types"": [{""type"": ""Ref"", ""id"": ""Справочник.ХранимыеФайлы""}]}, {""id"": ""Вид"", ""name"": ""Вид"", ""types"": []}, {""id"": ""Штрихкод"", ""name"": ""Штрихкод"", ""types"": [{""type"": ""String"", ""StringQualifiers"": ""20""}]}, {""id"": ""Описание"", ""name"": ""Описание"", ""types"": [{""type"": ""String"", ""StringQualifiers"": ""0""}]}]}]}",task_029,server,,task1_Куликова_v1.epf,"Функция ДобавитьХарактеристикуТовара(Товар, ВидХарактеристики, Значение, Замещать)
    Запрос = Новый Запрос;
    Запрос.Текст = 
    ""ВЫБРАТЬ
    |   КОЛИЧЕСТВО(*) КАК Количество,
    |   МАКСИМУМ(Характеристики.Номер) КАК МаксНомер
    |ИЗ
    |   РегистрСведений.Характеристики КАК Характеристики
    |ГДЕ
    |   Характеристики.Объект = &Товар
    |   И Характеристики.ВидХарактеристики = &ВидХарактеристики"";
    
    Запрос.УстановитьПараметр(""Товар"", Товар);
    Запрос.УстановитьПараметр(""ВидХарактеристики"", ВидХарактеристики);
    
    Результат = Запрос.Выполнить();
    Выборка = Результат.Выбрать();
    Если Выборка.Следующий() Тогда
        Количество = Выборка.Количество;
        МаксНомер = Выборка.МаксНомер;
    Иначе
        Количество = 0;
        МаксНомер = 0;
    КонецЕсли;
    
    Регистр = РегистрыСведений.Характеристики;
    
    Если Количество = 0 Тогда
        Запись = Регистр.СоздатьМенеджерЗаписи();
        Запись.Объект = Товар;
        Запись.ВидХарактеристики = ВидХарактеристики;
        Запись.Номер = 1;
        Запись.Значение = Значение;
        Запись.Записать();
        Возврат Истина;
    ИначеЕсли Количество = 1 Тогда
        Если Замещать Тогда
            ЗапросНомер = Новый Запрос;
            ЗапросНомер.Текст = 
            ""ВЫБРАТЬ
            |   Характеристики.Номер КАК Номер
            |ИЗ
            |   РегистрСведений.Характеристики КАК Характеристики
            |ГДЕ
            |   Характеристики.Объект = &Товар
            |   И Характеристики.ВидХарактеристики = &ВидХарактеристики"";
            
            ЗапросНомер.УстановитьПараметр(""Товар"", Товар);
            ЗапросНомер.УстановитьПараметр(""ВидХарактеристики"", ВидХарактеристики);
            
            ВыборкаНомер = ЗапросНомер.Выполнить().Выбрать();
            Если ВыборкаНомер.Следующий() Тогда
                Запись = Регистр.СоздатьМенеджерЗаписи();
                Запись.Объект = Товар;
                Запись.ВидХарактеристики = ВидХарактеристики;
                Запись.Номер = ВыборкаНомер.Номер;
                Запись.Значение = Значение;
                Запись.Записать();
                Возврат Истина;
            Иначе
                Возврат Ложь;
            КонецЕсли;
        Иначе
            Возврат Ложь;
        КонецЕсли;
    Иначе // Количество > 1
        Запись = Регистр.СоздатьМенеджерЗаписи();
        Запись.Объект = Товар;
        Запись.ВидХарактеристики = ВидХарактеристики;
        Запись.Номер = МаксНомер + 1;
        Запись.Значение = Значение;
        Запись.Записать();
        Возврат Истина;
    КонецЕсли;
КонецФункции"
"Написать функцию НайтиГруппировкуПоИмени(Структура, Имя) ищет в структуре настроек отчета группировку по имени элемента.
Возвращаемое значение функции имеет тип: ""ГруппировкаКомпоновкиДанных"" или ""ТаблицаКомпоновкиДанных"". Может быть Неопределено, если группировка не найдена.  

Параметры:
Структура (тип: КоллекцияЭлементовСтруктурыНастроекКомпоновкиДанных) - набор группировок данного уровня настроек.
Имя (тип: Строка) - имя искомого элемента структуры отчета.",{},task_030,server,high,task1_слож_Куликова_v1.epf,"Функция НайтиГруппировкуПоИмени(Структура, Имя)

    // Проверка на случай, если передана пустая коллекция или Неопределено
    Если Структура = Неопределено Тогда
        Возврат Неопределено;
    КонецЕсли;

    Для Каждого Элемент Из Структура Цикл

        // Проверяем, является ли элемент искомой группировкой или таблицей
        Если ТипЗнч(Элемент) = Тип(""ГруппировкаКомпоновкиДанных"")
           Или ТипЗнч(Элемент) = Тип(""ТаблицаКомпоновкиДанных"") Тогда

            Если Элемент.Имя = Имя Тогда
                Возврат Элемент;
            КонецЕсли;

        КонецЕсли;

        // Если элемент — группировка, рекурсивно ищем в её вложенной структуре
        Если ТипЗнч(Элемент) = Тип(""ГруппировкаКомпоновкиДанных"") Тогда

            Результат = НайтиГруппировкуПоИмени(Элемент.Структура, Имя);
            Если Результат <> Неопределено Тогда
                Возврат Результат;
            КонецЕсли;

        КонецЕсли;

    КонецЦикла;

    Возврат Неопределено;

КонецФункции"
"Написать функцию ЗначенияРеквизитовОбъекта(Ссылка, Реквизиты), которая возвращает структуру, содержащую значения реквизитов, прочитанные из информационной базы по ссылке на объект.
Параметры:
Ссылка (тип: ЛюбаяСсылка) - объект, значения реквизитов которого необходимо получить.
Реквизиты (тип: Строка) - имена реквизитов, перечисленные через запятую в формате требований к свойствам структуры.             
          (тип: Структура)
          (тип:ФиксированнаяСтруктура) - в качестве ключа передается
                       псевдоним поля для возвращаемой структуры с результатом, а в качестве
                       значения (опционально) фактическое имя поля в таблице.
                       Если ключ задан, а значение не определено, то имя поля берется из ключа.
                       Допускается указание имени поля через точку
           (тип Массив из Строка)
           (тип ФиксированныйМассив из Строка) - имена реквизитов в формате требований к свойствам структуры.
Функция возвращает структуру, которая содержит имена(ключи) и значения требуемых реквизитов.

Если в параметр ""Реквизиты"" передана пустая строка, то возвращается пустая структура.
Если в параметр ""Ссылка"" передана пустая ссылка, то возвращается структура, соответствующуя именам реквизитов со значениями Неопределено.
Если в параметр ""Ссылка"" передана битая ссылка, то возвращается структура, соответствующуя именам реквизитов со значениями Неопределено. 
Если в параметр ""Реквизиты"" передано имя табличной части, то возвращается результат запроса.",{},task_031,server,high,task2_cложн_Куликова_v1.epf,"Функция ЗначенияРеквизитовОбъекта(Ссылка, Реквизиты)
    // Определяем тип ссылки для доступа к метаданным
    ТипСсылки = ТипЗнч(Ссылка);
    
    // Обработка параметра Реквизиты в зависимости от типа
    Если ТипЗнч(Реквизиты) = Тип(""Строка"") Тогда
        Если ПустаяСтрока(Реквизиты) Тогда
            Возврат Новый Структура;
        КонецЕсли;
        
        МассивСтрок = РазложитьСтрокуВМассивИмен(Реквизиты);
        Если МассивСтрок.Количество() = 1 Тогда
            Имя = МассивСтрок[0];
            Если ЭтоТабличнаяЧасть(ТипСсылки, Имя) Тогда
                Возврат РезультатЗапросаТабличнойЧасти(Ссылка, Имя);
            КонецЕсли;
        КонецЕсли;
        СписокПолей = ПреобразоватьМассивСтрокВСписокПолей(МассивСтрок);
    ИначеЕсли ТипЗнч(Реквизиты) = Тип(""Структура"") Или ТипЗнч(Реквизиты) = Тип(""ФиксированнаяСтруктура"") Тогда
        СписокПолей = ПреобразоватьСтруктуруВСписокПолей(Реквизиты);
    ИначеЕсли ТипЗнч(Реквизиты) = Тип(""Массив"") Или ТипЗнч(Реквизиты) = Тип(""ФиксированныйМассив"") Тогда
        Если Реквизиты.Количество() = 1 И ТипЗнч(Реквизиты[0]) = Тип(""Строка"") Тогда
            Имя = Реквизиты[0];
            Если ЭтоТабличнаяЧасть(ТипСсылки, Имя) Тогда
                Возврат РезультатЗапросаТабличнойЧасти(Ссылка, Имя);
            КонецЕсли;
        КонецЕсли;
        СписокПолей = ПреобразоватьМассивВСписокПолей(Реквизиты);
    Иначе
        ВызватьИсключение ""Параметр 'Реквизиты' имеет недопустимый тип."";
    КонецЕсли;
    
    Если СписокПолей.Количество() = 0 Тогда
        Возврат Новый Структура;
    КонецЕсли;
    
    Возврат ВыполнитьЗапросРеквизитов(Ссылка, СписокПолей);
КонецФункции

// Разбивает строку вида ""Реквизит1, Реквизит2"" в массив очищенных строк
Функция РазложитьСтрокуВМассивИмен(СтрокаРеквизитов)
    Массив = Новый Массив;
    Части = СтрРазделить(СтрокаРеквизитов, "","");
    Для Каждого Часть Из Части Цикл
        Очищенная = СокрЛП(Часть);
        Если Не ПустаяСтрока(Очищенная) Тогда
            Массив.Добавить(Очищенная);
        КонецЕсли;
    КонецЦикла;
    Возврат Массив;
КонецФункции

Функция ПреобразоватьМассивСтрокВСписокПолей(МассивСтрок)
    Список = Новый Массив;
    Для Каждого Имя Из МассивСтрок Цикл
        Список.Добавить(Новый Структура(""Путь, Псевдоним"", Имя, Имя));
    КонецЦикла;
    Возврат Список;
КонецФункции

Функция ПреобразоватьСтруктуруВСписокПолей(СтруктураРеквизитов)
    Список = Новый Массив;
    Для Каждого КлючЗначение Из СтруктураРеквизитов Цикл
        Псевдоним = КлючЗначение.Ключ;
        Значение  = КлючЗначение.Значение;
        Если Значение = Неопределено Тогда
            Путь = Псевдоним;
        Иначе
            Путь = Значение;
        КонецЕсли;
        Список.Добавить(Новый Структура(""Путь, Псевдоним"", Путь, Псевдоним));
    КонецЦикла;
    Возврат Список;
КонецФункции

Функция ПреобразоватьМассивВСписокПолей(МассивРеквизитов)
    Список = Новый Массив;
    Для Каждого Элемент Из МассивРеквизитов Цикл
        Список.Добавить(Новый Структура(""Путь, Псевдоним"", Элемент, Элемент));
    КонецЦикла;
    Возврат Список;
КонецФункции

// Проверяет, является ли имя табличной частью объекта данного типа
Функция ЭтоТабличнаяЧасть(ТипСсылки, Имя)
    Попытка
        ОбъектМетаданных = Метаданные.НайтиПоТипу(ТипСсылки);
        Если ОбъектМетаданных <> Неопределено Тогда
            Возврат ОбъектМетаданных.ТабличныеЧасти.Найти(Имя) <> Неопределено;
        КонецЕсли;
    Исключение
    КонецПопытки;
    Возврат Ложь;
КонецФункции

// Выполняет запрос для получения табличной части
Функция РезультатЗапросаТабличнойЧасти(Ссылка, ИмяТабличнойЧасти)
    ОбъектМетаданных = Метаданные.НайтиПоТипу(ТипЗнч(Ссылка));
    ПолноеИмя = ОбъектМетаданных.ПолноеИмя();
    
    Запрос = Новый Запрос;
    Запрос.Текст = 
    ""ВЫБРАТЬ *
    |ИЗ "" + ПолноеИмя + ""."" + ИмяТабличнойЧасти + ""
    |ГДЕ Ссылка = &Ссылка"";
    
    Запрос.УстановитьПараметр(""Ссылка"", Ссылка);
    
    Результат = Запрос.Выполнить();
    Возврат Результат.Выгрузить();
КонецФункции

// Генерирует уникальный алиас на основе базового имени
Функция ПолучитьУникальныйАлиас(БазовыйАлиас, ЗанятыеАлиасы)
    Алиас = БазовыйАлиас;
    Счетчик = 1;
    Пока ЗанятыеАлиасы.Получить(Алиас) <> Неопределено Цикл
        Алиас = БазовыйАлиас + ""_"" + Счетчик;
        Счетчик = Счетчик + 1;
    КонецЦикла;
    ЗанятыеАлиасы.Вставить(Алиас, Истина);
    Возврат Алиас;
КонецФункции

// Основной запрос для получения реквизитов объекта
Функция ВыполнитьЗапросРеквизитов(Ссылка, СписокПолей)
    ТипСсылки = ТипЗнч(Ссылка);
    ОбъектМетаданных = Метаданные.НайтиПоТипу(ТипСсылки);
    ПолноеИмя = ОбъектМетаданных.ПолноеИмя();
    
    ПоляЗапроса = Новый Массив;
    СоответствиеАлиасов = Новый Соответствие;
    ЗанятыеАлиасы = Новый Соответствие;
    
    Для Каждого Поле Из СписокПолей Цикл
        Путь = Поле.Путь;
        Псевдоним = Поле.Псевдоним;
        БазовыйАлиас = СтрЗаменить(Псевдоним, ""."", ""_"");
        АлиасЗапроса = ПолучитьУникальныйАлиас(БазовыйАлиас, ЗанятыеАлиасы);
        
        ПоляЗапроса.Добавить(""Ссылка."" + Путь + "" КАК "" + АлиасЗапроса);
        СоответствиеАлиасов.Вставить(АлиасЗапроса, Псевдоним);
    КонецЦикла;
    
    ТекстЗапроса = 
    ""ВЫБРАТЬ
    |"" + СтрСоединить(ПоляЗапроса, "","") + ""
    |ИЗ "" + ПолноеИмя + ""
    |ГДЕ Ссылка = &Ссылка"";
    
    Запрос = Новый Запрос;
    Запрос.Текст = ТекстЗапроса;
    Запрос.УстановитьПараметр(""Ссылка"", Ссылка);
    
    Результат = Запрос.Выполнить();
    Выборка = Результат.Выбрать();
    
    Если Выборка.Следующий() Тогда
        РезультатСтруктура = Новый Структура;
        Для Каждого Алиас Из СоответствиеАлиасов Цикл
            ОригинальныйПсевдоним = СоответствиеАлиасов[Алиас.Ключ];
            Значение = Выборка[Алиас.Ключ];
            РезультатСтруктура.Вставить(ОригинальныйПсевдоним, Значение);
        КонецЦикла;
        Возврат РезультатСтруктура;
    Иначе
        // Объект не найден: пустая или битая ссылка
        РезультатСтруктура = Новый Структура;
        Для Каждого Поле Из СписокПолей Цикл
            РезультатСтруктура.Вставить(Поле.Псевдоним, Неопределено);
        КонецЦикла;
        Возврат РезультатСтруктура;
    КонецЕсли;
КонецФункции"
"Написать функцию ПодставитьПараметрыВСтроку(ШаблонСтроки, Параметр1, Параметр2, Параметр3, Параметр4, Параметр5), которая подставляет параметры в строку. 
Параметры в строке задаются как %<номер параметра>. Нумерация параметров начинается с единицы.
Возвращает строку с подставленными параметрами. 

Параметры функции:
ШаблонСтроки (тип : Строка) - шаблон строки с параметрами (вхождениями вида ""%<номер параметра>"").
Параметр1 (тип : Строка) - значение подставляемого параметра.
Параметр2 (тип : Строка) - значение подставляемого параметра.
Параметр3 (тип : Строка) - значение подставляемого параметра. 
Параметр4 (тип : Строка) - значение подставляемого параметра.
Параметр5 (тип : Строка) - значение подставляемого параметра.",{},task_032,server,,task2_Куликова_v1.epf,"Функция ПодставитьПараметрыВСтроку(ШаблонСтроки, Параметр1, Параметр2, Параметр3, Параметр4, Параметр5)
    Возврат СтрШаблон(ШаблонСтроки, Параметр1, Параметр2, Параметр3, Параметр4, Параметр5);
КонецФункции"
"Написать функцию СформироватьРеестрРеализаций(),
которая формирует реестр документов реализации товаров в виде таблицы значений.
Реестр должен включать только проведенные документы «РасходТовара».
Данные выбираются из документа РасходТовара с отбором по признаку Проведен = Истина.
Результат должен представлять таблицу значений (ТаблицаЗначений), где каждая строка соответствует одному документу реализации.
Таблица должна содержать следующие поля:
Дата — дата документа реализации (в формате ДД.ММ.ГГГГ)
Покупатель — ссылка на контрагента (реквизит Покупатель документа РасходТовара)
Склад — склад, с которого произведена отгрузка (реквизит Склад)
Валюта — валюта документа (реквизит Валюта)
ВидЦен — вид цен, используемый в документе (реквизит ВидЦен)","{""Documents"": [{""id"": ""РасходТовара"", ""name"": ""Расход товара"", ""Attributes"": [{""id"": ""Покупатель"", ""name"": ""Покупатель"", ""types"": [{""type"": ""Ref"", ""id"": ""Справочник.Контрагенты""}]}, {""id"": ""Склад"", ""name"": ""Склад"", ""types"": [{""type"": ""Ref"", ""id"": ""Справочник.Склады""}]}, {""id"": ""Валюта"", ""name"": ""Валюта взиморасчетов"", ""types"": [{""type"": ""Ref"", ""id"": ""Справочник.Валюты""}]}, {""id"": ""ВидЦен"", ""name"": ""Вид цен"", ""types"": [{""type"": ""Ref"", ""id"": ""Справочник.ВидыЦен""}]}, {""id"": ""ОбоснованиеОтгрузки"", ""name"": ""Обоснование отгрузки"", ""types"": [{""type"": ""String"", ""StringQualifiers"": ""0""}]}, {""id"": ""Организация"", ""name"": ""Организация"", ""types"": [{""type"": ""Ref"", ""id"": ""Справочник.Организации""}]}], ""TabularSections"": [{""id"": ""Товары"", ""name"": ""Товары"", ""Attributes"": [{""id"": ""Товар"", ""name"": ""Товар"", ""types"": [{""type"": ""Ref"", ""id"": ""Справочник.Товары""}]}, {""id"": ""Цена"", ""name"": ""Цена"", ""types"": [{""type"": ""Number"", ""NumberQualifiers"": ""10.2""}]}, {""id"": ""Количество"", ""name"": ""Количество"", ""types"": [{""type"": ""Number"", ""NumberQualifiers"": ""10.2""}]}, {""id"": ""Сумма"", ""name"": ""Сумма"", ""types"": [{""type"": ""Number"", ""NumberQualifiers"": ""10.2""}]}]}]}], ""Catalogs"": [{""id"": ""Валюты"", ""name"": ""Валюты"", ""Attributes"": [{""id"": ""НаименованиеОсновнойВалюты"", ""name"": ""Наименование основной валюты"", ""types"": [{""type"": ""String"", ""StringQualifiers"": ""0""}]}, {""id"": ""НаименованиеРазменнойВалюты"", ""name"": ""Наименование разменной валюты"", ""types"": [{""type"": ""String"", ""StringQualifiers"": ""0""}]}]}, {""id"": ""ВидыЦен"", ""name"": ""Виды цен"", ""Attributes"": []}, {""id"": ""Контрагенты"", ""name"": ""Контрагенты"", ""Attributes"": [{""id"": ""Регион"", ""name"": ""Регион"", ""types"": [{""type"": ""Ref"", ""id"": ""Справочник.Регионы""}]}, {""id"": ""Индекс"", ""name"": ""Индекс"", ""types"": [{""type"": ""String"", ""StringQualifiers"": ""10""}]}, {""id"": ""Страна"", ""name"": ""Страна"", ""types"": [{""type"": ""String"", ""StringQualifiers"": ""0""}]}, {""id"": ""Город"", ""name"": ""Город"", ""types"": [{""type"": ""String"", ""StringQualifiers"": ""0""}]}, {""id"": ""Улица"", ""name"": ""Улица"", ""types"": [{""type"": ""String"", ""StringQualifiers"": ""0""}]}, {""id"": ""Дом"", ""name"": ""Дом"", ""types"": [{""type"": ""String"", ""StringQualifiers"": ""15""}]}, {""id"": ""Телефон"", ""name"": ""Телефон"", ""types"": [{""type"": ""String"", ""StringQualifiers"": ""16""}]}, {""id"": ""ЭлектроннаяПочта"", ""name"": ""Электронная почта"", ""types"": [{""type"": ""String"", ""StringQualifiers"": ""40""}]}, {""id"": ""Факс"", ""name"": ""Факс"", ""types"": [{""type"": ""String"", ""StringQualifiers"": ""16""}]}, {""id"": ""ВебСайт"", ""name"": ""Веб сайт"", ""types"": [{""type"": ""String"", ""StringQualifiers"": ""40""}]}, {""id"": ""ВидЦен"", ""name"": ""Вид цен"", ""types"": [{""type"": ""Ref"", ""id"": ""Справочник.ВидыЦен""}]}, {""id"": ""ДополнительнаяИнформация"", ""name"": ""Дополнительная информация"", ""types"": [{""type"": ""String"", ""StringQualifiers"": ""0""}]}, {""id"": ""КонтактноеЛицо"", ""name"": ""Контактное лицо"", ""types"": [{""type"": ""String"", ""StringQualifiers"": ""100""}]}, {""id"": ""Широта"", ""name"": ""Широта"", ""types"": [{""type"": ""Number"", ""NumberQualifiers"": ""10.6""}]}, {""id"": ""Долгота"", ""name"": ""Долгота"", ""types"": [{""type"": ""Number"", ""NumberQualifiers"": ""10.6""}]}]}, {""id"": ""Склады"", ""name"": ""Склады"", ""Attributes"": [{""id"": ""НеИспользовать"", ""name"": ""Не использовать"", ""types"": [{""type"": ""Boolean""}]}]}]}",task_033,server,mid,task2_Средняя_СформироватьРеестрРеализацийБезСФ_v2.epf,"Функция СформироватьРеестрРеализаций()
    Запрос = Новый Запрос;
    Запрос.Текст = 
    ""ВЫБРАТЬ
    |   РасходТовара.Дата КАК Дата,
    |   РасходТовара.Покупатель КАК Покупатель,
    |   РасходТовара.Склад КАК Склад,
    |   РасходТовара.Валюта КАК Валюта,
    |   РасходТовара.ВидЦен КАК ВидЦен
    |ИЗ
    |   Документ.РасходТовара КАК РасходТовара
    |ГДЕ
    |   РасходТовара.Проведен
    |УПОРЯДОЧИТЬ ПО
    |   РасходТовара.Дата"";
    
    РезультатЗапроса = Запрос.Выполнить();
    
    ТаблицаРезультат = Новый ТаблицаЗначений;
    ТаблицаРезультат.Колонки.Добавить(""Дата"",       Новый ОписаниеТипов(""Строка""));
    ТаблицаРезультат.Колонки.Добавить(""Покупатель"", Новый ОписаниеТипов(""СправочникСсылка.Контрагенты""));
    ТаблицаРезультат.Колонки.Добавить(""Склад"",      Новый ОписаниеТипов(""СправочникСсылка.Склады""));
    ТаблицаРезультат.Колонки.Добавить(""Валюта"",     Новый ОписаниеТипов(""СправочникСсылка.Валюты""));
    ТаблицаРезультат.Колонки.Добавить(""ВидЦен"",     Новый ОписаниеТипов(""СправочникСсылка.ВидыЦен""));
    
    Выборка = РезультатЗапроса.Выбрать();
    Пока Выборка.Следующий() Цикл
        НоваяСтрока = ТаблицаРезультат.Добавить();
        НоваяСтрока.Дата       = Формат(Выборка.Дата, ""ДФ=dd.MM.yyyy"");
        НоваяСтрока.Покупатель = Выборка.Покупатель;
        НоваяСтрока.Склад      = Выборка.Склад;
        НоваяСтрока.Валюта     = Выборка.Валюта;
        НоваяСтрока.ВидЦен     = Выборка.ВидЦен;
    КонецЦикла;
    
    Возврат ТаблицаРезультат;
КонецФункции"
"Написать функцию ПолучитьТаблицуЗаказовПоКурсуВалют(ДатаНачала, ДатаОкончания), формирующая таблицу заказов за определенный период. 
Сумму документа пересчитать с учетом курса валют. Данные курсов валют следует брать из регистра сведений ""КурсыВалют"".
Функция должна выбирать только заказы непомеченные на удаления. 

Параметры функции:
ДатаНачала (тип: Дата) - дата начала периода.
ДатаОкончания (тип: Дата) - дата окончания периода. 
  
Если в качестве параметра ДатаНачала передана пустая дата, тогда отбирать документы, дата которых меньше параметра ДатаОкончания.
Если в качестве параметра ДатаОкончания передана пустая дата, тогда отбирать документы, дата которых больше параметра ДатаНачала.
Если в качестве параметров ДатаНачала и ДатаОкончания переданы пустые даты, тогда возвращаются все документы.
 
Вернуть таблицу с колонками:
Дата (тип: Число) - дата документа
Заказ (тип: ДокументСсылка.Заказ) - документ заказа.
Сумма (тип: Число) - сумма документа. 
Покупатель (тип: СправочникСсылка.Контаргент) - покупатель.

Строки таблицы отсортировать по убыванию Дата.","{""Documents"": [{""id"": ""Заказ"", ""name"": ""Заказ"", ""Attributes"": [{""id"": ""Покупатель"", ""name"": ""Покупатель"", ""types"": [{""type"": ""Ref"", ""id"": ""Справочник.Контрагенты""}]}, {""id"": ""Склад"", ""name"": ""Склад"", ""types"": [{""type"": ""Ref"", ""id"": ""Справочник.Склады""}]}, {""id"": ""Валюта"", ""name"": ""Валюта взаиморасчетов"", ""types"": [{""type"": ""Ref"", ""id"": ""Справочник.Валюты""}]}, {""id"": ""ВидЦен"", ""name"": ""Вид цен"", ""types"": [{""type"": ""Ref"", ""id"": ""Справочник.ВидыЦен""}]}, {""id"": ""Организация"", ""name"": ""Организация"", ""types"": [{""type"": ""Ref"", ""id"": ""Справочник.Организации""}]}, {""id"": ""СостояниеЗаказа"", ""name"": ""Состояние заказа"", ""types"": [{""type"": ""Ref"", ""id"": ""Перечисление.СостоянияЗаказов""}]}, {""id"": ""Автор"", ""name"": ""Автор"", ""types"": [{""type"": ""Ref"", ""id"": ""Справочник.Пользователи""}]}, {""id"": ""Сумма"", ""name"": ""Сумма"", ""types"": [{""type"": ""Number"", ""NumberQualifiers"": ""10.2""}]}], ""TabularSections"": [{""id"": ""Товары"", ""name"": ""Товары"", ""Attributes"": [{""id"": ""Товар"", ""name"": ""Товар"", ""types"": [{""type"": ""Ref"", ""id"": ""Справочник.Товары""}]}, {""id"": ""Цена"", ""name"": ""Цена"", ""types"": [{""type"": ""Number"", ""NumberQualifiers"": ""10.2""}]}, {""id"": ""Количество"", ""name"": ""Количество"", ""types"": [{""type"": ""Number"", ""NumberQualifiers"": ""10.0""}]}, {""id"": ""Сумма"", ""name"": ""Сумма"", ""types"": [{""type"": ""Number"", ""NumberQualifiers"": ""10.2""}]}]}]}], ""InformationRegisters"": [{""id"": ""КурсыВалют"", ""name"": ""Курсы валют"", ""InformationRegisterPeriodicity"": ""Day"", ""WriteMode"": ""Independent"", ""Dimensions"": [{""id"": ""Валюта"", ""name"": ""Валюта"", ""types"": [{""type"": ""Ref"", ""id"": ""Справочник.Валюты""}]}], ""Resources"": [{""id"": ""Курс"", ""name"": ""Курс"", ""types"": [{""type"": ""Number"", ""NumberQualifiers"": ""10.2""}]}]}], ""Catalogs"": [{""id"": ""Контрагенты"", ""name"": ""Контрагенты"", ""Attributes"": [{""id"": ""Регион"", ""name"": ""Регион"", ""types"": [{""type"": ""Ref"", ""id"": ""Справочник.Регионы""}]}, {""id"": ""Индекс"", ""name"": ""Индекс"", ""types"": [{""type"": ""String"", ""StringQualifiers"": ""10""}]}, {""id"": ""Страна"", ""name"": ""Страна"", ""types"": [{""type"": ""String"", ""StringQualifiers"": ""0""}]}, {""id"": ""Город"", ""name"": ""Город"", ""types"": [{""type"": ""String"", ""StringQualifiers"": ""0""}]}, {""id"": ""Улица"", ""name"": ""Улица"", ""types"": [{""type"": ""String"", ""StringQualifiers"": ""0""}]}, {""id"": ""Дом"", ""name"": ""Дом"", ""types"": [{""type"": ""String"", ""StringQualifiers"": ""15""}]}, {""id"": ""Телефон"", ""name"": ""Телефон"", ""types"": [{""type"": ""String"", ""StringQualifiers"": ""16""}]}, {""id"": ""ЭлектроннаяПочта"", ""name"": ""Электронная почта"", ""types"": [{""type"": ""String"", ""StringQualifiers"": ""40""}]}, {""id"": ""Факс"", ""name"": ""Факс"", ""types"": [{""type"": ""String"", ""StringQualifiers"": ""16""}]}, {""id"": ""ВебСайт"", ""name"": ""Веб сайт"", ""types"": [{""type"": ""String"", ""StringQualifiers"": ""40""}]}, {""id"": ""ВидЦен"", ""name"": ""Вид цен"", ""types"": [{""type"": ""Ref"", ""id"": ""Справочник.ВидыЦен""}]}, {""id"": ""ДополнительнаяИнформация"", ""name"": ""Дополнительная информация"", ""types"": [{""type"": ""String"", ""StringQualifiers"": ""0""}]}, {""id"": ""КонтактноеЛицо"", ""name"": ""Контактное лицо"", ""types"": [{""type"": ""String"", ""StringQualifiers"": ""100""}]}, {""id"": ""Широта"", ""name"": ""Широта"", ""types"": [{""type"": ""Number"", ""NumberQualifiers"": ""10.6""}]}, {""id"": ""Долгота"", ""name"": ""Долгота"", ""types"": [{""type"": ""Number"", ""NumberQualifiers"": ""10.6""}]}]}]}",task_034,server,,task3_Куликова_v2.epf,"Функция ПолучитьТаблицуЗаказовПоКурсуВалют(ДатаНачала, ДатаОкончания)
    
    Запрос = Новый Запрос;
    
    // Формируем базовый текст запроса
    ТекстЗапроса = 
        ""ВЫБРАТЬ
        |    Заказ.Дата КАК Дата,
        |    Заказ.Ссылка КАК Заказ,
        |    Заказ.Сумма КАК Сумма,
        |    Заказ.Валюта КАК ВалютаДокумента,
        |    Заказ.Покупатель КАК Покупатель
        |ИЗ
        |    Документ.Заказ КАК Заказ
        |ГДЕ
        |    Заказ.ПометкаУдаления = ЛОЖЬ"";
    
    // Динамическое построение условий по датам в зависимости от параметров
    Если ЗначениеЗаполнено(ДатаНачала) И ЗначениеЗаполнено(ДатаОкончания) Тогда
        ТекстЗапроса = ТекстЗапроса + 
            ""
            |    И Заказ.Дата МЕЖДУ &ДатаНачала И &ДатаОкончания"";
    ИначеЕсли ЗначениеЗаполнено(ДатаНачала) Тогда
        ТекстЗапроса = ТекстЗапроса + 
            ""
            |    И Заказ.Дата > &ДатаНачала"";
    ИначеЕсли ЗначениеЗаполнено(ДатаОкончания) Тогда
        ТекстЗапроса = ТекстЗапроса + 
            ""
            |    И Заказ.Дата < &ДатаОкончания"";
    КонецЕсли;
    
    // Сортировка по убыванию даты
    ТекстЗапроса = ТекстЗапроса + 
        ""
        |УПОРЯДОЧИТЬ ПО
        |    Заказ.Дата УБЫВ"";
    
    Запрос.Текст = ТекстЗапроса;
    
    // Установка параметров запроса
    Если ЗначениеЗаполнено(ДатаНачала) И ЗначениеЗаполнено(ДатаОкончания) Тогда
        Запрос.УстановитьПараметр(""ДатаНачала"", НачалоДня(ДатаНачала));
        Запрос.УстановитьПараметр(""ДатаОкончания"", КонецДня(ДатаОкончания));
    ИначеЕсли ЗначениеЗаполнено(ДатаНачала) Тогда
        Запрос.УстановитьПараметр(""ДатаНачала"", ДатаНачала);
    ИначеЕсли ЗначениеЗаполнено(ДатаОкончания) Тогда
        Запрос.УстановитьПараметр(""ДатаОкончания"", ДатаОкончания);
    КонецЕсли;
    
    РезультатЗапроса = Запрос.Выполнить();
    
    // Создание результирующей таблицы значений
    ТЗ = Новый ТаблицаЗначений;
    ТЗ.Колонки.Добавить(""Дата"", Новый ОписаниеТипов(""Дата""));
    ТЗ.Колонки.Добавить(""Заказ"", Новый ОписаниеТипов(""ДокументСсылка.Заказ""));
    ТЗ.Колонки.Добавить(""Сумма"", Новый ОписаниеТипов(""Число"", Новый КвалификаторыЧисла(15,2)));
    ТЗ.Колонки.Добавить(""Покупатель"", Новый ОписаниеТипов(""СправочникСсылка.Контрагенты""));
    
    // Кэш курсов валют для ускорения (ключ: ""Валюта_Дата"")
    КурсыВалютКэш = Новый Соответствие;
    
    // Обработка выборки
    Выборка = РезультатЗапроса.Выбрать();
    Пока Выборка.Следующий() Цикл
        СуммаДокумента = Выборка.Сумма;
        ВалютаДокумента = Выборка.ВалютаДокумента;
        ДатаДокумента = Выборка.Дата;
        
        Курс = 1; // Значение по умолчанию, если курс не найден
        Если ЗначениеЗаполнено(ВалютаДокумента) Тогда
            КлючКэша = Строка(ВалютаДокумента) + ""_"" + Формат(ДатаДокумента, ""ДФ=yyyyMMdd"");
            ЗначениеКурса = КурсыВалютКэш.Получить(КлючКэша);
            Если ЗначениеКурса = Неопределено Тогда
                // Получаем курс из регистра сведений на дату документа
                ЗапросКурс = Новый Запрос;
                ЗапросКурс.Текст = 
                    ""ВЫБРАТЬ
                    |    КурсыВалютСрезПоследних.Курс КАК Курс
                    |ИЗ
                    |    РегистрСведений.КурсыВалют.СрезПоследних(&ДатаДокумента, Валюта = &Валюта) КАК КурсыВалютСрезПоследних"";
                
                ЗапросКурс.УстановитьПараметр(""ДатаДокумента"", ДатаДокумента);
                ЗапросКурс.УстановитьПараметр(""Валюта"", ВалютаДокумента);
                
                РезультатКурс = ЗапросКурс.Выполнить();
                Если Не РезультатКурс.Пустой() Тогда
                    ВыборкаКурс = РезультатКурс.Выбрать();
                    ВыборкаКурс.Следующий();
                    Курс = ВыборкаКурс.Курс;
                КонецЕсли;
                
                КурсыВалютКэш.Вставить(КлючКэша, Курс);
            Иначе
                Курс = ЗначениеКурса;
            КонецЕсли;
        КонецЕсли;
        
        ПересчитаннаяСумма = Окр(СуммаДокумента * Курс, 2);
        
        // Добавление строки в итоговую таблицу
        НоваяСтрока = ТЗ.Добавить();
        НоваяСтрока.Дата = ДатаДокумента;
        НоваяСтрока.Заказ = Выборка.Заказ;
        НоваяСтрока.Сумма = ПересчитаннаяСумма;
        НоваяСтрока.Покупатель = Выборка.Покупатель;
    КонецЦикла;
    
    // Гарантированная сортировка (основная уже выполнена в запросе)
    ТЗ.Сортировать(""Дата Убыв"");
    
    Возврат ТЗ;
    
КонецФункции"
"Написать функцию СформироватьОтчетЗадолженностьКонтрагентов(ДатаНачала, ДатаОкончания, Валюта) которая формирует отчет на сервере ""ОтчетПоВзаиморасчетам""  на заданный период с отбором по Валюте и по СуммаКонечныйОстаток, где СуммаКонечныйОстаток < 0. 
Функция должна программно сформировать отчет ""ОтчетПоВзаиморасчетам"", вариант отчета ""Основной"". 
Настройки отчета:
	Параметры отчета: Период. 
	    Значения парамета: Период.ДатаНачала = ДатаНачала, Период.ДатаОкончания = ДатаОкончания. 
	Структура отчета: Таблица
	                     *cтроки: Контргант.    
	                     *столбцы: Валюта.
	Выбранные поля: СуммаКонечныйОстаток, Контрагент.
	Отбор: СуммаКонечныйОстаток < 0, Валюта = Валюта.
	Параметры вывода: ВыводитьПараметрыДанных = Не выводить,
	                  ВыводитьОтбор = Не выводить. 
	УсловноеОформление: 
	                 Оформление - Формат = ""ЧЦ=10; ЧДЦ=2; ЧО=1"".  
	                 Оформляемые поля - СуммаКонечныйОстаток
Параметры функции:  
ДатаНачала (тип: Дата) - начало периода.
ДатаОкончания (тип: Дата) - окончание периода.
Валюта (тип: СправочникСсылка.Валюты) - валюта.

Возвращаемое значение: ТабличныйДокумент.","{""Catalogs"": [{""id"": ""Валюты"", ""name"": ""Валюты"", ""Attributes"": [{""id"": ""НаименованиеОсновнойВалюты"", ""name"": ""Наименование основной валюты"", ""types"": [{""type"": ""String"", ""StringQualifiers"": ""0""}]}, {""id"": ""НаименованиеРазменнойВалюты"", ""name"": ""Наименование разменной валюты"", ""types"": [{""type"": ""String"", ""StringQualifiers"": ""0""}]}]}]}",task_035,server,high,task3_сложн_Куликова_v1.epf,"&НаСервере
Функция СформироватьОтчетЗадолженностьКонтрагентов(ДатаНачала, ДатаОкончания, Валюта)
    // Создаем объект отчета
    ОтчетОбъект = Отчеты.ОтчетПоВзаиморасчетам.Создать();
    
    // Получаем схему компоновки данных
    СхемаКД = ОтчетОбъект.ПолучитьСхемуКомпоновкиДанных();
    
    // Находим вариант ""Основной""
    Вариант = СхемаКД.ВариантыНастроек.Найти(""Основной"");
    Если Вариант = Неопределено Тогда
        ВызватьИсключение ""Вариант отчета """"Основной"""" не найден."";
    КонецЕсли;
    
    // Загружаем настройки варианта в компоновщик для редактирования
    КомпоновщикНастроек = Новый КомпоновщикНастроекКомпоновкиДанных();
    КомпоновщикНастроек.Инициализировать(Новый ИсточникДоступныхНастроекКомпоновкиДанных(СхемаКД));
    КомпоновщикНастроек.ЗагрузитьНастройки(Вариант.Настройки);
    Настройки = КомпоновщикНастроек.Настройки;
    
    // Очищаем существующие элементы, чтобы задать новые в соответствии с заданием
    Настройки.Структура.Очистить();
    Настройки.Отбор.Очистить();
    Настройки.Выбор.Очистить();
    Настройки.УсловноеОформление.Очистить();
    
    // Устанавливаем параметр периода
    ЗначениеПериода = Новый Структура(""ДатаНачала, ДатаОкончания"", ДатаНачала, ДатаОкончания);
    ПараметрНайден = Ложь;
    Для Каждого Элемент Из Настройки.ПараметрыДанных Цикл
        Если Элемент.Параметр.Имя = ""Период"" Тогда
            Элемент.Значение = ЗначениеПериода;
            ПараметрНайден = Истина;
            Прервать;
        КонецЕсли;
    КонецЦикла;
    Если Не ПараметрНайден Тогда
        ВызватьИсключение ""Параметр отчета """"Период"""" не найден."";
    КонецЕсли;
    
    // Параметры вывода
    Настройки.ПараметрыВывода.ВыводитьПараметрыДанных = Ложь;
    Настройки.ПараметрыВывода.ВыводитьОтбор = Ложь;
    
    // Структура отчета: Таблица (строки: Контрагент, столбцы: Валюта)
    ГруппировкаТаблица = Настройки.Структура.Добавить(Тип(""ГруппировкаТаблицыКомпоновкиДанных""));
    
    ГруппировкаСтрок = ГруппировкаТаблица.Строки.Добавить(Тип(""ГруппировкаКомпоновкиДанных""));
    ГруппировкаСтрок.Поле = Новый ПолеКомпоновкиДанных(""Контрагент"");
    
    ГруппировкаКолонок = ГруппировкаТаблица.Колонки.Добавить(Тип(""ГруппировкаКомпоновкиДанных""));
    ГруппировкаКолонок.Поле = Новый ПолеКомпоновкиДанных(""Валюта"");
    
    // Выбранные поля
    ВыбПолеСумма = Настройки.Выбор.Добавить(Тип(""ВыбранноеПолеКомпоновкиДанных""));
    ВыбПолеСумма.Поле = Новый ПолеКомпоновкиДанных(""СуммаКонечныйОстаток"");
    
    ВыбПолеКонтрагент = Настройки.Выбор.Добавить(Тип(""ВыбранноеПолеКомпоновкиДанных""));
    ВыбПолеКонтрагент.Поле = Новый ПолеКомпоновкиДанных(""Контрагент"");
    
    // Отборы
    ОтборСумма = Настройки.Отбор.Добавить(Тип(""ОтборКомпоновкиДанных""));
    ОтборСумма.ЛевоеЗначение = Новый ПолеКомпоновкиДанных(""СуммаКонечныйОстаток"");
    ОтборСумма.ВидСравнения = ВидСравненияКомпоновкиДанных.Меньше;
    ОтборСумма.ПравоеЗначение = 0;
    
    ОтборВалюта = Настройки.Отбор.Добавить(Тип(""ОтборКомпоновкиДанных""));
    ОтборВалюта.ЛевоеЗначение = Новый ПолеКомпоновкиДанных(""Валюта"");
    ОтборВалюта.ВидСравнения = ВидСравненияКомпоновкиДанных.Равно;
    ОтборВалюта.ПравоеЗначение = Валюта;
    
    // Условное оформление: формат для поля СуммаКонечныйОстаток
    ЭлементУО = Настройки.УсловноеОформление.Добавить();
    ЭлементУО.Оформление.Формат = ""ЧЦ=10; ЧДЦ=2; ЧО=1"";
    ЭлементУО.Поля.Добавить(Новый ПолеКомпоновкиДанных(""СуммаКонечныйОстаток""));
    
    // Компоновка макета
    КомпоновщикМакета = Новый КомпоновщикМакетаКомпоновкиДанных();
    Макет = КомпоновщикМакета.Выполнить(СхемаКД, Настройки);
    
    // Процессор компоновки данных
    ПроцессорКомпоновки = Новый ПроцессорКомпоновкиДанных();
    ПроцессорКомпоновки.Инициализировать(Макет);
    
    // Вывод в табличный документ
    ТабДок = Новый ТабличныйДокумент;
    ПроцессорВывода = Новый ПроцессорВыводаРезультатаКомпоновкиДанныхВТабличныйДокумент;
    ПроцессорВывода.УстановитьДокумент(ТабДок);
    ПроцессорВывода.Вывести(ПроцессорКомпоновки, Истина);
    
    Возврат ТабДок;
КонецФункции"
"Написать функцию ПолучитьТаблицуНепрочитанныхПисемКонтрагентов(мКонтрагенты), которая формирует таблицу непрочитанных писем от контрагентов за предыдущий месяц.
Предыдущий месяц - это календарный месяц, предшествующий текущей дате. 
 
Таблица должна содержать колонки:
Письмо (тип: СправочникСсылка.ВходящиеПисьма) - письмо.
Тема (тип: Строка) - тема письма.
Контрагента (тип: СправочникСсылка.Контрагенты) - дата письма.
Дата (тип: Дата) - дата письма.

Параметры функции: 
мКонтрагенты (тип: Массив из СправочникСсылка.Контрагенты) - контрагенты для отбора писем.

Данные о состоянии письма берутся из регистра сведений ""СостояниеВходящихПисем"". Данные электронной почты контрагента хранятся в справочнике ""Контрагенты"".","{""InformationRegisters"": [{""id"": ""СостояниеВходящихПисем"", ""name"": ""Состояние входящих писем"", ""InformationRegisterPeriodicity"": ""Nonperiodical"", ""WriteMode"": ""Independent"", ""Dimensions"": [{""id"": ""Письмо"", ""name"": ""Письмо"", ""types"": [{""type"": ""Ref"", ""id"": ""Справочник.ВходящиеПисьма""}]}], ""Resources"": [{""id"": ""Прочитано"", ""name"": ""Прочитано"", ""types"": []}]}], ""Catalogs"": [{""id"": ""ВходящиеПисьма"", ""name"": ""Входящие письма"", ""Attributes"": [{""id"": ""Дата"", ""name"": ""Дата"", ""types"": [{""type"": ""Date""}]}, {""id"": ""Отправитель"", ""name"": ""Отправитель"", ""types"": [{""type"": ""String"", ""StringQualifiers"": ""0""}]}, {""id"": ""Текст"", ""name"": ""Текст"", ""types"": [{""type"": ""String"", ""StringQualifiers"": ""0""}]}, {""id"": ""ВидСодержимого"", ""name"": ""Вид содержимого"", ""types"": []}, {""id"": ""Идентификатор"", ""name"": ""Идентификатор"", ""types"": [{""type"": ""String"", ""StringQualifiers"": ""0""}]}, {""id"": ""ПочтовыйЯщик"", ""name"": ""Почтовый ящик"", ""types"": [{""type"": ""String"", ""StringQualifiers"": ""64""}]}]}, {""id"": ""Контрагенты"", ""name"": ""Контрагенты"", ""Attributes"": [{""id"": ""Регион"", ""name"": ""Регион"", ""types"": [{""type"": ""Ref"", ""id"": ""Справочник.Регионы""}]}, {""id"": ""Индекс"", ""name"": ""Индекс"", ""types"": [{""type"": ""String"", ""StringQualifiers"": ""10""}]}, {""id"": ""Страна"", ""name"": ""Страна"", ""types"": [{""type"": ""String"", ""StringQualifiers"": ""0""}]}, {""id"": ""Город"", ""name"": ""Город"", ""types"": [{""type"": ""String"", ""StringQualifiers"": ""0""}]}, {""id"": ""Улица"", ""name"": ""Улица"", ""types"": [{""type"": ""String"", ""StringQualifiers"": ""0""}]}, {""id"": ""Дом"", ""name"": ""Дом"", ""types"": [{""type"": ""String"", ""StringQualifiers"": ""15""}]}, {""id"": ""Телефон"", ""name"": ""Телефон"", ""types"": [{""type"": ""String"", ""StringQualifiers"": ""16""}]}, {""id"": ""ЭлектроннаяПочта"", ""name"": ""Электронная почта"", ""types"": [{""type"": ""String"", ""StringQualifiers"": ""40""}]}, {""id"": ""Факс"", ""name"": ""Факс"", ""types"": [{""type"": ""String"", ""StringQualifiers"": ""16""}]}, {""id"": ""ВебСайт"", ""name"": ""Веб сайт"", ""types"": [{""type"": ""String"", ""StringQualifiers"": ""40""}]}, {""id"": ""ВидЦен"", ""name"": ""Вид цен"", ""types"": [{""type"": ""Ref"", ""id"": ""Справочник.ВидыЦен""}]}, {""id"": ""ДополнительнаяИнформация"", ""name"": ""Дополнительная информация"", ""types"": [{""type"": ""String"", ""StringQualifiers"": ""0""}]}, {""id"": ""КонтактноеЛицо"", ""name"": ""Контактное лицо"", ""types"": [{""type"": ""String"", ""StringQualifiers"": ""100""}]}, {""id"": ""Широта"", ""name"": ""Широта"", ""types"": [{""type"": ""Number"", ""NumberQualifiers"": ""10.6""}]}, {""id"": ""Долгота"", ""name"": ""Долгота"", ""types"": [{""type"": ""Number"", ""NumberQualifiers"": ""10.6""}]}]}]}",task_036,server,,task4_Куликова_ v1.epf,"Функция ПолучитьТаблицуНепрочитанныхПисемКонтрагентов(мКонтрагенты)
    
    // Определяем начало и конец предыдущего месяца
    ТекущаяДата = ТекущаяДата();
    НачалоПериода = НачалоМесяца(ДобавитьМесяц(ТекущаяДата, -1));
    КонецПериода = КонецМесяца(ДобавитьМесяц(ТекущаяДата, -1));
    
    Запрос = Новый Запрос;
    Запрос.Текст = 
    ""ВЫБРАТЬ
    |    ВходящиеПисьма.Ссылка КАК Письмо,
    |    ВходящиеПисьма.Отправитель КАК Тема,
    |    Контрагенты.Ссылка КАК Контрагент,
    |    ВходящиеПисьма.Дата КАК Дата
    |ИЗ
    |    Справочник.ВходящиеПисьма КАК ВходящиеПисьма
    |    ВНУТРЕННЕЕ СОЕДИНЕНИЕ РегистрСведений.СостояниеВходящихПисем КАК Состояние
    |    ПО ВходящиеПисьма.Ссылка = Состояние.Письмо
    |    ВНУТРЕННЕЕ СОЕДИНЕНИЕ Справочник.Контрагенты КАК Контрагенты
    |    ПО ВходящиеПисьма.ПочтовыйЯщик = Контрагенты.ЭлектроннаяПочта
    |ГДЕ
    |    Состояние.Прочитано = ЛОЖЬ
    |    И ВходящиеПисьма.Дата МЕЖДУ &НачалоПериода И &КонецПериода
    |    И Контрагенты.Ссылка В (&мКонтрагенты)"";
    
    Запрос.УстановитьПараметр(""НачалоПериода"", НачалоПериода);
    Запрос.УстановитьПараметр(""КонецПериода"", КонецПериода);
    Запрос.УстановитьПараметр(""мКонтрагенты"", мКонтрагенты);
    
    Результат = Запрос.Выполнить();
    
    Таблица = Новый ТаблицаЗначений;
    Таблица.Колонки.Добавить(""Письмо"", Новый ОписаниеТипов(""СправочникСсылка.ВходящиеПисьма""));
    Таблица.Колонки.Добавить(""Тема"", Новый ОписаниеТипов(""Строка""));
    Таблица.Колонки.Добавить(""Контрагент"", Новый ОписаниеТипов(""СправочникСсылка.Контрагенты""));
    Таблица.Колонки.Добавить(""Дата"", Новый ОписаниеТипов(""Дата""));
    
    Выборка = Результат.Выбрать();
    Пока Выборка.Следующий() Цикл
        Строка = Таблица.Добавить();
        Строка.Письмо = Выборка.Письмо;
        Строка.Тема = Выборка.Тема;
        Строка.Контрагент = Выборка.Контрагент;
        Строка.Дата = Выборка.Дата;
    КонецЦикла;
    
    Возврат Таблица;
    
КонецФункции"
"Написать функцию ВыгрузитьЗаказыВXMLФайл(),     
которая формирует выгрузку заказов в работе в файл формата XML.
Выгрузка должна включать только проведенные документы «Заказ».
Данные выбираются из документа Заказ с отбором по следующим условиям:
признак Проведен = Истина;
состояние заказа равно значению перечисления СостоянияЗаказов.ВРаботе.
Результат формирования должен представлять XML-файл, сохранённый во временный каталог, путь к которому возвращается функцией.
Структура формирования XML выполняется следующим образом:
Создаётся временный XML-файл в кодировке UTF-8.
В файл записывается объявление XML.
Формируется корневой элемент «Заказ» с атрибутом Имя = ""ЗаказТовары"".
Для каждой записи выборки из документа Заказ формируется элемент «Запись», содержащий детальные сведения о заказе.
После завершения записи всех элементов XML-документ корректно закрывается и сохраняется в файл.
Источник данных:
Документ.Заказ (реквизиты: Номер, Дата, Покупатель, Склад, Валюта, ВидЦен, Организация, СостояниеЗаказа);
дополнительные представления ссылочных реквизитов (Покупатель, Склад, Организация) используются для формирования читаемого текста.","{""Documents"": [{""id"": ""Заказ"", ""name"": ""Заказ"", ""Attributes"": [{""id"": ""Покупатель"", ""name"": ""Покупатель"", ""types"": [{""type"": ""Ref"", ""id"": ""Справочник.Контрагенты""}]}, {""id"": ""Склад"", ""name"": ""Склад"", ""types"": [{""type"": ""Ref"", ""id"": ""Справочник.Склады""}]}, {""id"": ""Валюта"", ""name"": ""Валюта взаиморасчетов"", ""types"": [{""type"": ""Ref"", ""id"": ""Справочник.Валюты""}]}, {""id"": ""ВидЦен"", ""name"": ""Вид цен"", ""types"": [{""type"": ""Ref"", ""id"": ""Справочник.ВидыЦен""}]}, {""id"": ""Организация"", ""name"": ""Организация"", ""types"": [{""type"": ""Ref"", ""id"": ""Справочник.Организации""}]}, {""id"": ""СостояниеЗаказа"", ""name"": ""Состояние заказа"", ""types"": [{""type"": ""Ref"", ""id"": ""Перечисление.СостоянияЗаказов""}]}, {""id"": ""Автор"", ""name"": ""Автор"", ""types"": [{""type"": ""Ref"", ""id"": ""Справочник.Пользователи""}]}, {""id"": ""Сумма"", ""name"": ""Сумма"", ""types"": [{""type"": ""Number"", ""NumberQualifiers"": ""10.2""}]}], ""TabularSections"": [{""id"": ""Товары"", ""name"": ""Товары"", ""Attributes"": [{""id"": ""Товар"", ""name"": ""Товар"", ""types"": [{""type"": ""Ref"", ""id"": ""Справочник.Товары""}]}, {""id"": ""Цена"", ""name"": ""Цена"", ""types"": [{""type"": ""Number"", ""NumberQualifiers"": ""10.2""}]}, {""id"": ""Количество"", ""name"": ""Количество"", ""types"": [{""type"": ""Number"", ""NumberQualifiers"": ""10.0""}]}, {""id"": ""Сумма"", ""name"": ""Сумма"", ""types"": [{""type"": ""Number"", ""NumberQualifiers"": ""10.2""}]}]}]}]}",task_037,server,mid,task4_СредняяВыгрузкаЗаказовВФайлXML_v2.epf,"Функция ВыгрузитьЗаказыВXMLФайл()
    // Создаем временный файл
    ИмяФайла = ПолучитьИмяВременногоФайла(""xml"");
    
    // Создаем объект записи XML
    ЗаписьXML = Новый ЗаписьXML;
    ЗаписьXML.ОткрытьФайл(ИмяФайла, ""UTF-8"");
    ЗаписьXML.ЗаписатьОбъявлениеXML();
    
    // Начинаем корневой элемент
    ЗаписьXML.ЗаписатьНачалоЭлемента(""Заказ"");
    ЗаписьXML.ЗаписатьАтрибут(""Имя"", ""ЗаказТовары"");
    
    // Формируем запрос для получения заказов
    Запрос = Новый Запрос;
    Запрос.Текст = 
    ""ВЫБРАТЬ
    |    Заказ.Номер КАК Номер,
    |    Заказ.Дата КАК Дата,
    |    ПРЕДСТАВЛЕНИЕ(Заказ.Покупатель) КАК Покупатель,
    |    ПРЕДСТАВЛЕНИЕ(Заказ.Склад) КАК Склад,
    |    ПРЕДСТАВЛЕНИЕ(Заказ.Валюта) КАК Валюта,
    |    ПРЕДСТАВЛЕНИЕ(Заказ.ВидЦен) КАК ВидЦен,
    |    ПРЕДСТАВЛЕНИЕ(Заказ.Организация) КАК Организация,
    |    ПРЕДСТАВЛЕНИЕ(Заказ.СостояниеЗаказа) КАК СостояниеЗаказа,
    |    Заказ.Сумма КАК Сумма,
    |    Заказ.Ссылка КАК Ссылка
    |ИЗ
    |    Документ.Заказ КАК Заказ
    |ГДЕ
    |    Заказ.Проведен
    |    И Заказ.СостояниеЗаказа = &Состояние"";
    
    Запрос.УстановитьПараметр(""Состояние"", Перечисления.СостоянияЗаказов.ВРаботе);
    
    Результат = Запрос.Выполнить();
    
    // Запрос для товаров
    ЗапросТовары = Новый Запрос;
    ЗапросТовары.Текст = 
    ""ВЫБРАТЬ
    |    Товары.Товар КАК Товар,
    |    ПРЕДСТАВЛЕНИЕ(Товары.Товар) КАК ТоварПредставление,
    |    Товары.Цена КАК Цена,
    |    Товары.Количество КАК Количество,
    |    Товары.Сумма КАК Сумма
    |ИЗ
    |    Документ.Заказ.Товары КАК Товары
    |ГДЕ
    |    Товары.Ссылка = &Ссылка"";
    
    // Обходим заказы
    ВыборкаЗаказов = Результат.Выбрать();
    Пока ВыборкаЗаказов.Следующий() Цикл
        // Начинаем элемент Запись
        ЗаписьXML.ЗаписатьНачалоЭлемента(""Запись"");
        
        // Записываем реквизиты шапки
        ЗаписьXML.ЗаписатьНачалоЭлемента(""Номер"");
        ЗаписьXML.ЗаписатьТекст(ВыборкаЗаказов.Номер);
        ЗаписьXML.ЗаписатьКонецЭлемента();
        
        ЗаписьXML.ЗаписатьНачалоЭлемента(""Дата"");
        ЗаписьXML.ЗаписатьТекст(Формат(ВыборкаЗаказов.Дата, ""ДФ=dd.MM.yyyy""));
        ЗаписьXML.ЗаписатьКонецЭлемента();
        
        ЗаписьXML.ЗаписатьНачалоЭлемента(""Покупатель"");
        ЗаписьXML.ЗаписатьТекст(ВыборкаЗаказов.Покупатель);
        ЗаписьXML.ЗаписатьКонецЭлемента();
        
        ЗаписьXML.ЗаписатьНачалоЭлемента(""Склад"");
        ЗаписьXML.ЗаписатьТекст(ВыборкаЗаказов.Склад);
        ЗаписьXML.ЗаписатьКонецЭлемента();
        
        ЗаписьXML.ЗаписатьНачалоЭлемента(""Валюта"");
        ЗаписьXML.ЗаписатьТекст(ВыборкаЗаказов.Валюта);
        ЗаписьXML.ЗаписатьКонецЭлемента();
        
        ЗаписьXML.ЗаписатьНачалоЭлемента(""ВидЦен"");
        ЗаписьXML.ЗаписатьТекст(ВыборкаЗаказов.ВидЦен);
        ЗаписьXML.ЗаписатьКонецЭлемента();
        
        ЗаписьXML.ЗаписатьНачалоЭлемента(""Организация"");
        ЗаписьXML.ЗаписатьТекст(ВыборкаЗаказов.Организация);
        ЗаписьXML.ЗаписатьКонецЭлемента();
        
        ЗаписьXML.ЗаписатьНачалоЭлемента(""СостояниеЗаказа"");
        ЗаписьXML.ЗаписатьТекст(ВыборкаЗаказов.СостояниеЗаказа);
        ЗаписьXML.ЗаписатьКонецЭлемента();
        
        ЗаписьXML.ЗаписатьНачалоЭлемента(""Сумма"");
        ЗаписьXML.ЗаписатьТекст(Формат(ВыборкаЗаказов.Сумма, ""ЧДЦ=2""));
        ЗаписьXML.ЗаписатьКонецЭлемента();
        
        // Получаем товары для этого заказа
        ЗапросТовары.УстановитьПараметр(""Ссылка"", ВыборкаЗаказов.Ссылка);
        ВыборкаТоваров = ЗапросТовары.Выполнить().Выбрать();
        
        Если ВыборкаТоваров.Следующий() Тогда
            ЗаписьXML.ЗаписатьНачалоЭлемента(""Товары"");
            Пока Истина Цикл
                ЗаписьXML.ЗаписатьНачалоЭлемента(""Товар"");
                
                ЗаписьXML.ЗаписатьНачалоЭлемента(""Наименование"");
                ЗаписьXML.ЗаписатьТекст(ВыборкаТоваров.ТоварПредставление);
                ЗаписьXML.ЗаписатьКонецЭлемента();
                
                ЗаписьXML.ЗаписатьНачалоЭлемента(""Цена"");
                ЗаписьXML.ЗаписатьТекст(Формат(ВыборкаТоваров.Цена, ""ЧДЦ=2""));
                ЗаписьXML.ЗаписатьКонецЭлемента();
                
                ЗаписьXML.ЗаписатьНачалоЭлемента(""Количество"");
                ЗаписьXML.ЗаписатьТекст(Формат(ВыборкаТоваров.Количество, ""ЧДЦ=0""));
                ЗаписьXML.ЗаписатьКонецЭлемента();
                
                ЗаписьXML.ЗаписатьНачалоЭлемента(""Сумма"");
                ЗаписьXML.ЗаписатьТекст(Формат(ВыборкаТоваров.Сумма, ""ЧДЦ=2""));
                ЗаписьXML.ЗаписатьКонецЭлемента();
                
                ЗаписьXML.ЗаписатьКонецЭлемента(); // Товар
                
                Если Не ВыборкаТоваров.Следующий() Тогда
                    Прервать;
                КонецЕсли;
            КонецЦикла;
            ЗаписьXML.ЗаписатьКонецЭлемента(); // Товары
        КонецЕсли;
        
        ЗаписьXML.ЗаписатьКонецЭлемента(); // Запись
    КонецЦикла;
    
    // Закрываем корневой элемент
    ЗаписьXML.ЗаписатьКонецЭлемента(); // Заказ
    ЗаписьXML.Закрыть();
    
    Возврат ИмяФайла;
КонецФункции"
"Создай функцию РазложитьСтрокуВМассивПодстрок(Знач Стр, Разделитель = "",""), которая ""расщепляет"" строку на подстроки, используя заданный разделитель (параметр №2). 
Разделитель может иметь любую длину. Если в качестве разделителя задан пробел, рядом стоящие пробелы считаются одним разделителем, а ведущие и хвостовые пробелы параметра Стр игнорируются.
     Например,
      РазложитьСтрокуВМассивПодстрок("",один,,,два"", "","") возвратит массив значений из пяти элементов,
      три из которых - пустые строки, а
      РазложитьСтрокуВМассивПодстрок("" один   два"", "" "") возвратит массив значений из двух элементов
В качестве первого параметра передается строка, которую необходимо разложить, строка передается по значению, 
в качестве второго параметра ""Разделитель"" используется   строка-разделитель, по умолчанию - запятая.
Возвращает  массив значений, элементы которого - подстроки",{},task_038,server,,task_1_amir_v4.epf,"Функция РазложитьСтрокуВМассивПодстрок(Знач Стр, Разделитель = "","")
    // Создаём пустой массив, который будет наполняться подстроками
    Результат = Новый Массив;
    
    // Если разделитель — пробел, применяем особую логику:
    // ведущие/хвостовые пробелы игнорируются, несколько пробелов подряд считаются одним разделителем
    Если Разделитель = "" "" Тогда
        // Убираем пробелы в начале и в конце переданной строки
        Строка = СокрЛП(Стр);
        Если Строка = """" Тогда
            // Строка пуста или состояла только из пробелов – возвращаем пустой массив
            Возврат Результат;
        КонецЕсли;
        
        Длина = СтрДлина(Строка);
        Индекс = 1;
        Пока Индекс <= Длина Цикл
            // Пропускаем все пробельные символы перед началом следующего слова
            Пока Индекс <= Длина И Сред(Строка, Индекс, 1) = "" "" Цикл
                Индекс = Индекс + 1;
            КонецЦикла;
            
            Если Индекс > Длина Тогда
                Прервать; // Достигнут конец строки после пропуска пробелов
            КонецЕсли;
            
            // Запоминаем начало текущего слова
            Начало = Индекс;
            // Двигаемся до конца слова (следующего пробела или окончания строки)
            Пока Индекс <= Длина И Сред(Строка, Индекс, 1) <> "" "" Цикл
                Индекс = Индекс + 1;
            КонецЦикла;
            
            // Добавляем выделенное слово в результат
            Результат.Добавить(Сред(Строка, Начало, Индекс - Начало));
        КонецЦикла;
        
        Возврат Результат;
    Иначе
        // Для всех остальных разделителей (в том числе длинных) используем штатную функцию,
        // явно указывая, что пустые подстроки нужно включать в результат
        Возврат СтрРазделить(Стр, Разделитель, Истина);
    КонецЕсли;
КонецФункции"
"Создай функцию ЗарегистрированныеКОбменуБитыеСсылки(Узел, ТипМетаданных), которая вернет таблицу значений с колонками ""МетаИмя"" - Полное имя метаданных,""УИД"" - уникальный идентификатор ссылки и ТипМетаданных - тип значения ссылки,
 где параметр ТипМетаданных является не обязательным и может быть не указан, тогда отбор выполняется по всем ссылочным метаданным из состава плана обмена

Параметры:
 Узел     - ПланОбменаСсылка - узел плана обмена, по которому выполняется поиск
 ТипМетаданных - ОбъектМетаданных - метаданные из состава плана обмена. Значение по умолчанию Неопределено

Возвращает таблицу значений с колонками МетаИмя, ТипМетаданных, УИД содержащей значения из зарегистрированных объектов на узле плана обмена
Результатом решения является проверка на количество элементов в таблице значений",{},task_039,server,,task_3_amir.epf,"Функция ЗарегистрированныеКОбменуБитыеСсылки(Узел, ТипМетаданных = Неопределено)
    ТЗ = Новый ТаблицаЗначений;
    ТЗ.Колонки.Добавить(""МетаИмя"", Новый ОписаниеТипов(""Строка""));
    ТЗ.Колонки.Добавить(""ТипМетаданных"", Новый ОписаниеТипов(""ОбъектМетаданных""));
    ТЗ.Колонки.Добавить(""УИД"", Новый ОписаниеТипов(""УникальныйИдентификатор""));
    
    ПланОбменаМенеджер = Узел.Метаданные();
    ИмяПланаОбмена = ПланОбменаМенеджер.Имя;
    
    // Подготовка списка метаданных для обработки
    Если ТипМетаданных = Неопределено Тогда
        МассивТипов = Новый Массив;
        Для Каждого Элемент Из ПланОбменаМенеджер.Состав Цикл
            МетаданныеОбъекта = Элемент.Метаданные;
            // Проверяем, что метаданные содержат значения ссылочного типа (справочники, документы и т.п.)
            Если МетаданныеОбъекта.СодержитЗначенияСсылочногоТипа Тогда
                МассивТипов.Добавить(МетаданныеОбъекта);
            КонецЕсли;
        КонецЦикла;
    Иначе
        МассивТипов = Новый Массив;
        МассивТипов.Добавить(ТипМетаданных);
    КонецЕсли;
    
    Для Каждого Тип Из МассивТипов Цикл
        ПолноеИмя = Тип.ПолноеИмя(); // Например ""Справочник.Номенклатура""
        Запрос = Новый Запрос;
        Запрос.Текст = 
        ""ВЫБРАТЬ
        |    Изменения.Ссылка КАК Ссылка
        |ИЗ
        |    ПланОбмена."" + ИмяПланаОбмена + "".Изменения КАК Изменения
        |ГДЕ
        |    Изменения.Узел = &Узел
        |    И Изменения.Ссылка ССЫЛКА "" + ПолноеИмя;
        Запрос.УстановитьПараметр(""Узел"", Узел);
        
        Выборка = Запрос.Выполнить().Выбрать();
        Пока Выборка.Следующий() Цикл
            Ссылка = Выборка.Ссылка;
            Попытка
                // Попытка получить объект — для битой ссылки возникнет исключение
                Объект = Ссылка.ПолучитьОбъект();
            Исключение
                Стр = ТЗ.Добавить();
                Стр.МетаИмя = ПолноеИмя;
                Стр.ТипМетаданных = Тип;
                Стр.УИД = Ссылка.УникальныйИдентификатор();
            КонецПопытки;
        КонецЦикла;
    КонецЦикла;
    
    Возврат ТЗ;
КонецФункции"
"Создай клиентскую функцию НайтиАдресПоКоординатам(Широта, Долгота, APIКлюч), которая вернет строковое пресдтавление адреса при HTTP запросе к серверу geocode-maps.yandex.ru

Параметры:
 Широта - координата X      
 Долгота - координата Y 
 APIКлюч - ключ api яндекс гео 
 
Возвращает строковое представление адреса по координатам",{},task_040,server,,task_4_amir.epf,"&НаКлиенте
Функция НайтиАдресПоКоординатам(Широта, Долгота, APIКлюч)
    
    ЗащищенноеСоединение = Новый ЗащищенноеСоединениеOpenSSL();
    HTTPСоединение = Новый HTTPСоединение(""geocode-maps.yandex.ru"", , , , , , , ЗащищенноеСоединение);
    
    // Кодируем API ключ для безопасной передачи в URL
    APIКлючURL = КодироватьСтроку(APIКлюч, СпособКодированияСтроки.URL);
    
    // Формируем путь запроса с параметрами обратного геокодирования
    Путь = ""/1.x/?format=json&apikey="" + APIКлючURL 
         + ""&geocode="" + Долгота + "","" + Широта 
         + ""&sco=latlong&kind=house&results=1"";
    
    HTTPЗапрос = Новый HTTPЗапрос(Путь);
    Ответ = HTTPСоединение.Получить(HTTPЗапрос);
    
    Если Ответ.КодСостояния = 200 Тогда
        ТелоОтвета = Ответ.ПолучитьТелоКакСтроку();
        
        ЧтениеJSON = Новый ЧтениеJSON;
        ЧтениеJSON.УстановитьСтроку(ТелоОтвета);
        Данные = ПрочитатьJSON(ЧтениеJSON);
        ЧтениеJSON.Закрыть();
        
        Если Данные <> Неопределено 
           И Данные.response <> Неопределено 
           И Данные.response.GeoObjectCollection <> Неопределено 
           И Данные.response.GeoObjectCollection.featureMember.Количество() > 0 Тогда
            
            ГеоОбъект = Данные.response.GeoObjectCollection.featureMember[0].GeoObject;
            
            Если ГеоОбъект <> Неопределено 
               И ГеоОбъект.metaDataProperty <> Неопределено 
               И ГеоОбъект.metaDataProperty.GeocoderMetaData <> Неопределено Тогда
                
                Возврат ГеоОбъект.metaDataProperty.GeocoderMetaData.text;
                
            КонецЕсли;
        КонецЕсли;
    КонецЕсли;
    
    // Если адрес не найден или произошла ошибка, возвращаем пустую строку
    Возврат """";
    
КонецФункции"
"Написать функцию ПроверкаЛимитаЗадолженности(Заказ, ЛимитВРублях), которая проверяет
превышение лимита дебиторской задолженности контрагента перед проведением заказа.
Учесть, что взаиморасчеты с контрагентами могут быть указаны в разных валюта.
Учесть, что заказ может быть в разных валютах.
Привести все расчеты к валюте Рубли (RUB).

Параметры:
- Заказ: Структура с полями:
    * Контрагент (СправочникСсылка.Контрагенты)
    * Валюта (СправочникСсылка.Валюты) — валюта суммы заказа
    * Дата (Дата)
    * Сумма (Число) — сумма заказа в валюте Заказ.Валюта
- ЛимитВРублях: Число — лимит в валюте RUB

Функция должна возвращать структуру, где:

Ключ СуммаДебиторскойЗадолженности, Значение - Сумма
Ключ СуммаДебиторскойЗадолженностиСЗаказом, Значение - Сумма
Ключ СуммаЗаказаВРублях, Значение - Сумма
Ключ ЛимитНеПревышен, Значение - Булево
Ключ СообщениеПользователю, Значение - Строка

Требования:
- Использовать запрос к виртуальной таблице Остатки регистра накопления Взаиморасчеты
- Использовать запрос к СрезПоследних регистра сведений КурсыВалют.","{""Documents"": [{""id"": ""Заказ"", ""name"": ""Заказ"", ""Attributes"": [{""id"": ""Покупатель"", ""name"": ""Покупатель"", ""types"": [{""type"": ""Ref"", ""id"": ""Справочник.Контрагенты""}]}, {""id"": ""Склад"", ""name"": ""Склад"", ""types"": [{""type"": ""Ref"", ""id"": ""Справочник.Склады""}]}, {""id"": ""Валюта"", ""name"": ""Валюта взаиморасчетов"", ""types"": [{""type"": ""Ref"", ""id"": ""Справочник.Валюты""}]}, {""id"": ""ВидЦен"", ""name"": ""Вид цен"", ""types"": [{""type"": ""Ref"", ""id"": ""Справочник.ВидыЦен""}]}, {""id"": ""Организация"", ""name"": ""Организация"", ""types"": [{""type"": ""Ref"", ""id"": ""Справочник.Организации""}]}, {""id"": ""СостояниеЗаказа"", ""name"": ""Состояние заказа"", ""types"": [{""type"": ""Ref"", ""id"": ""Перечисление.СостоянияЗаказов""}]}, {""id"": ""Автор"", ""name"": ""Автор"", ""types"": [{""type"": ""Ref"", ""id"": ""Справочник.Пользователи""}]}, {""id"": ""Сумма"", ""name"": ""Сумма"", ""types"": [{""type"": ""Number"", ""NumberQualifiers"": ""10.2""}]}], ""TabularSections"": [{""id"": ""Товары"", ""name"": ""Товары"", ""Attributes"": [{""id"": ""Товар"", ""name"": ""Товар"", ""types"": [{""type"": ""Ref"", ""id"": ""Справочник.Товары""}]}, {""id"": ""Цена"", ""name"": ""Цена"", ""types"": [{""type"": ""Number"", ""NumberQualifiers"": ""10.2""}]}, {""id"": ""Количество"", ""name"": ""Количество"", ""types"": [{""type"": ""Number"", ""NumberQualifiers"": ""10.0""}]}, {""id"": ""Сумма"", ""name"": ""Сумма"", ""types"": [{""type"": ""Number"", ""NumberQualifiers"": ""10.2""}]}]}]}], ""AccumulationRegisters"": [{""id"": ""Взаиморасчеты"", ""name"": ""Взаиморасчеты"", ""RegisterType"": ""Balance"", ""Dimensions"": [{""id"": ""Контрагент"", ""name"": ""Контрагент"", ""types"": [{""type"": ""Ref"", ""id"": ""Справочник.Контрагенты""}]}, {""id"": ""Валюта"", ""name"": ""Валюта"", ""types"": [{""type"": ""Ref"", ""id"": ""Справочник.Валюты""}]}], ""Resources"": [{""id"": ""Сумма"", ""name"": ""Сумма"", ""types"": [{""type"": ""Number"", ""NumberQualifiers"": ""10.2""}]}]}], ""InformationRegisters"": [{""id"": ""КурсыВалют"", ""name"": ""Курсы валют"", ""InformationRegisterPeriodicity"": ""Day"", ""WriteMode"": ""Independent"", ""Dimensions"": [{""id"": ""Валюта"", ""name"": ""Валюта"", ""types"": [{""type"": ""Ref"", ""id"": ""Справочник.Валюты""}]}], ""Resources"": [{""id"": ""Курс"", ""name"": ""Курс"", ""types"": [{""type"": ""Number"", ""NumberQualifiers"": ""10.2""}]}]}], ""Catalogs"": [{""id"": ""Валюты"", ""name"": ""Валюты"", ""Attributes"": [{""id"": ""НаименованиеОсновнойВалюты"", ""name"": ""Наименование основной валюты"", ""types"": [{""type"": ""String"", ""StringQualifiers"": ""0""}]}, {""id"": ""НаименованиеРазменнойВалюты"", ""name"": ""Наименование разменной валюты"", ""types"": [{""type"": ""String"", ""StringQualifiers"": ""0""}]}]}, {""id"": ""Контрагенты"", ""name"": ""Контрагенты"", ""Attributes"": [{""id"": ""Регион"", ""name"": ""Регион"", ""types"": [{""type"": ""Ref"", ""id"": ""Справочник.Регионы""}]}, {""id"": ""Индекс"", ""name"": ""Индекс"", ""types"": [{""type"": ""String"", ""StringQualifiers"": ""10""}]}, {""id"": ""Страна"", ""name"": ""Страна"", ""types"": [{""type"": ""String"", ""StringQualifiers"": ""0""}]}, {""id"": ""Город"", ""name"": ""Город"", ""types"": [{""type"": ""String"", ""StringQualifiers"": ""0""}]}, {""id"": ""Улица"", ""name"": ""Улица"", ""types"": [{""type"": ""String"", ""StringQualifiers"": ""0""}]}, {""id"": ""Дом"", ""name"": ""Дом"", ""types"": [{""type"": ""String"", ""StringQualifiers"": ""15""}]}, {""id"": ""Телефон"", ""name"": ""Телефон"", ""types"": [{""type"": ""String"", ""StringQualifiers"": ""16""}]}, {""id"": ""ЭлектроннаяПочта"", ""name"": ""Электронная почта"", ""types"": [{""type"": ""String"", ""StringQualifiers"": ""40""}]}, {""id"": ""Факс"", ""name"": ""Факс"", ""types"": [{""type"": ""String"", ""StringQualifiers"": ""16""}]}, {""id"": ""ВебСайт"", ""name"": ""Веб сайт"", ""types"": [{""type"": ""String"", ""StringQualifiers"": ""40""}]}, {""id"": ""ВидЦен"", ""name"": ""Вид цен"", ""types"": [{""type"": ""Ref"", ""id"": ""Справочник.ВидыЦен""}]}, {""id"": ""ДополнительнаяИнформация"", ""name"": ""Дополнительная информация"", ""types"": [{""type"": ""String"", ""StringQualifiers"": ""0""}]}, {""id"": ""КонтактноеЛицо"", ""name"": ""Контактное лицо"", ""types"": [{""type"": ""String"", ""StringQualifiers"": ""100""}]}, {""id"": ""Широта"", ""name"": ""Широта"", ""types"": [{""type"": ""Number"", ""NumberQualifiers"": ""10.6""}]}, {""id"": ""Долгота"", ""name"": ""Долгота"", ""types"": [{""type"": ""Number"", ""NumberQualifiers"": ""10.6""}]}]}]}",task_041,server,high,Коробов_Сложная_задача.epf,"Функция ПроверкаЛимитаЗадолженности(Заказ, ЛимитВРублях)
    // Проверка заполненности параметров
    Если Заказ = Неопределено Тогда
        ВызватьИсключение ""Параметр Заказ не определен"";
    КонецЕсли;
    
    Контрагент = Заказ.Контрагент;
    ДатаЗаказа = Заказ.Дата;
    ВалютаЗаказа = Заказ.Валюта;
    СуммаЗаказа = Заказ.Сумма;
    
    // 1. Получение остатков задолженности по контрагенту на дату заказа
    ЗапросОстатки = Новый Запрос;
    ЗапросОстатки.Текст = 
    ""ВЫБРАТЬ
    |    ВзаиморасчетыОстатки.Валюта КАК Валюта,
    |    ВзаиморасчетыОстатки.СуммаОстаток КАК СуммаОстатка
    |ИЗ
    |    РегистрНакопления.Взаиморасчеты.Остатки(&ДатаЗаказа, Контрагент = &Контрагент) КАК ВзаиморасчетыОстатки"";
    
    ЗапросОстатки.УстановитьПараметр(""ДатаЗаказа"", ДатаЗаказа);
    ЗапросОстатки.УстановитьПараметр(""Контрагент"", Контрагент);
    
    РезультатОстатки = ЗапросОстатки.Выполнить();
    ТаблицаОстатков = РезультатОстатки.Выгрузить();
    
    // 2. Формирование списка валют для запроса курсов (исключая RUB)
    СписокВалют = Новый Массив;
    ВалютаРубль = Справочники.Валюты.НайтиПоКоду(""RUB""); // Или другой способ получения рубля
    Для Каждого Строка Из ТаблицаОстатков Цикл
        Если Строка.Валюта <> ВалютаРубль Тогда
            СписокВалют.Добавить(Строка.Валюта);
        КонецЕсли;
    КонецЦикла;
    
    Если ВалютаЗаказа <> ВалютаРубль И СписокВалют.Найти(ВалютаЗаказа) = Неопределено Тогда
        СписокВалют.Добавить(ВалютаЗаказа);
    КонецЕсли;
    
    // 3. Получение курсов валют на дату заказа
    КурсыВалют = Новый Соответствие;
    Если СписокВалют.Количество() > 0 Тогда
        ЗапросКурсы = Новый Запрос;
        ЗапросКурсы.Текст = 
        ""ВЫБРАТЬ
        |    КурсыВалют.Валюта КАК Валюта,
        |    КурсыВалют.Курс КАК Курс
        |ИЗ
        |    РегистрСведений.КурсыВалют.СрезПоследних(&ДатаЗаказа, Валюта В (&СписокВалют)) КАК КурсыВалют"";
        
        ЗапросКурсы.УстановитьПараметр(""ДатаЗаказа"", ДатаЗаказа);
        ЗапросКурсы.УстановитьПараметр(""СписокВалют"", СписокВалют);
        
        РезультатКурсы = ЗапросКурсы.Выполнить();
        ТаблицаКурсов = РезультатКурсы.Выгрузить();
        
        Для Каждого СтрокаКурс Из ТаблицаКурсов Цикл
            КурсыВалют.Вставить(СтрокаКурс.Валюта, СтрокаКурс.Курс);
        КонецЦикла;
    КонецЕсли;
    
    // 4. Расчет суммы дебиторской задолженности в рублях
    СуммаДЗВРублях = 0;
    ЕстьОшибкаКурса = Ложь;
    СообщениеОшибки = """";
    
    Для Каждого СтрокаОстаток Из ТаблицаОстатков Цикл
        Если СтрокаОстаток.Валюта = ВалютаРубль Тогда
            Курс = 1;
        Иначе
            Курс = КурсыВалют.Получить(СтрокаОстаток.Валюта);
            Если Курс = Неопределено Тогда
                ЕстьОшибкаКурса = Истина;
                СообщениеОшибки = ""Не найден курс для валюты "" + СтрокаОстаток.Валюта + "" на дату "" + ДатаЗаказа;
                Прервать;
            КонецЕсли;
        КонецЕсли;
        СуммаДЗВРублях = СуммаДЗВРублях + СтрокаОстаток.СуммаОстатка * Курс;
    КонецЦикла;
    
    Если ЕстьОшибкаКурса Тогда
        Результат = Новый Структура;
        Результат.Вставить(""СуммаДебиторскойЗадолженности"", 0);
        Результат.Вставить(""СуммаДебиторскойЗадолженностиСЗаказом"", 0);
        Результат.Вставить(""СуммаЗаказаВРублях"", 0);
        Результат.Вставить(""ЛимитНеПревышен"", Ложь);
        Результат.Вставить(""СообщениеПользователю"", СообщениеОшибки);
        Возврат Результат;
    КонецЕсли;
    
    // 5. Расчет суммы заказа в рублях
    Если ВалютаЗаказа = ВалютаРубль Тогда
        КурсЗаказа = 1;
    Иначе
        КурсЗаказа = КурсыВалют.Получить(ВалютаЗаказа);
        Если КурсЗаказа = Неопределено Тогда
            Результат = Новый Структура;
            Результат.Вставить(""СуммаДебиторскойЗадолженности"", СуммаДЗВРублях);
            Результат.Вставить(""СуммаДебиторскойЗадолженностиСЗаказом"", 0);
            Результат.Вставить(""СуммаЗаказаВРублях"", 0);
            Результат.Вставить(""ЛимитНеПревышен"", Ложь);
            Результат.Вставить(""СообщениеПользователю"", ""Не найден курс для валюты заказа "" + ВалютаЗаказа + "" на дату "" + ДатаЗаказа);
            Возврат Результат;
        КонецЕсли;
    КонецЕсли;
    
    СуммаЗаказаВРублях = СуммаЗаказа * КурсЗаказа;
    
    // 6. Сумма задолженности с учетом заказа
    СуммаДЗСЗаказом = СуммаДЗВРублях + СуммаЗаказаВРублях;
    
    // 7. Проверка лимита
    ЛимитНеПревышен = СуммаДЗСЗаказом <= ЛимитВРублях;
    
    // 8. Формирование сообщения пользователю
    Сообщение = ""Дебиторская задолженность: "" + Формат(СуммаДЗВРублях, ""ЧДЦ=2"") + "" руб."" + Символы.ПС;
    Сообщение = Сообщение + ""Сумма заказа: "" + Формат(СуммаЗаказаВРублях, ""ЧДЦ=2"") + "" руб."" + Символы.ПС;
    Сообщение = Сообщение + ""Задолженность с заказом: "" + Формат(СуммаДЗСЗаказом, ""ЧДЦ=2"") + "" руб."" + Символы.ПС;
    Сообщение = Сообщение + ""Лимит: "" + Формат(ЛимитВРублях, ""ЧДЦ=2"") + "" руб."" + Символы.ПС;
    Если ЛимитНеПревышен Тогда
        Сообщение = Сообщение + ""Лимит не превышен."";
    Иначе
        Сообщение = Сообщение + ""Лимит превышен!"";
    КонецЕсли;
    
    // 9. Возврат результирующей структуры
    Результат = Новый Структура;
    Результат.Вставить(""СуммаДебиторскойЗадолженности"", СуммаДЗВРублях);
    Результат.Вставить(""СуммаДебиторскойЗадолженностиСЗаказом"", СуммаДЗСЗаказом);
    Результат.Вставить(""СуммаЗаказаВРублях"", СуммаЗаказаВРублях);
    Результат.Вставить(""ЛимитНеПревышен"", ЛимитНеПревышен);
    Результат.Вставить(""СообщениеПользователю"", Сообщение);
    
    Возврат Результат;
КонецФункции"
"Написать функцию ПолучитьОстаткиПоНоменклатуреПоВсемСкладам(ТаблицаТовары). Функция принимает ТаблицуЗначений.
Таблица значений содержит информацию по остаткам номенклатуры со следующими колонками:

- Номенклатура (Строка)
- Склад (Строка)
- Количество (Число)
- Сумма (Число)

Таблица может содержать несколько строк с одинаковой Номенклатурой по разным складам. 
Необходимо вернуть новую ТаблицуЗначений с тремя колонками:
- Номенклатура (Строка)
- Количество (Число)
- Сумма (Число)

Для каждой Номенклатуры должна остаться одна строка, а Количество и Сумма должны быть суммой по всем исходным строкам.

Требования:
- Использовать язык запросов.
- Не изменять входную ТаблицуЗначений.
- В возвращаемой таблице строки должны быть отсортированы по Номенклатуре по возрастанию.","{""AccumulationRegisters"": [{""id"": ""ТоварныеЗапасы"", ""name"": ""Товарные запасы"", ""RegisterType"": ""Balance"", ""Dimensions"": [{""id"": ""Товар"", ""name"": ""Товар"", ""types"": [{""type"": ""Ref"", ""id"": ""Справочник.Товары""}]}, {""id"": ""Склад"", ""name"": ""Склад"", ""types"": [{""type"": ""Ref"", ""id"": ""Справочник.Склады""}]}], ""Resources"": [{""id"": ""Количество"", ""name"": ""Количество"", ""types"": [{""type"": ""Number"", ""NumberQualifiers"": ""10.2""}]}]}], ""Catalogs"": [{""id"": ""Склады"", ""name"": ""Склады"", ""Attributes"": [{""id"": ""НеИспользовать"", ""name"": ""Не использовать"", ""types"": [{""type"": ""Boolean""}]}]}, {""id"": ""Товары"", ""name"": ""Товары"", ""Attributes"": [{""id"": ""Артикул"", ""name"": ""Артикул"", ""types"": [{""type"": ""String"", ""StringQualifiers"": ""15""}]}, {""id"": ""Поставщик"", ""name"": ""Поставщик"", ""types"": [{""type"": ""Ref"", ""id"": ""Справочник.Контрагенты""}]}, {""id"": ""ФайлКартинки"", ""name"": ""Картинка"", ""types"": [{""type"": ""Ref"", ""id"": ""Справочник.ХранимыеФайлы""}]}, {""id"": ""Вид"", ""name"": ""Вид"", ""types"": []}, {""id"": ""Штрихкод"", ""name"": ""Штрихкод"", ""types"": [{""type"": ""String"", ""StringQualifiers"": ""20""}]}, {""id"": ""Описание"", ""name"": ""Описание"", ""types"": [{""type"": ""String"", ""StringQualifiers"": ""0""}]}]}]}",task_042,server,mid,Коробов_Средняя_задача_V2.epf,"Функция ПолучитьОстаткиПоНоменклатуреПоВсемСкладам(ТаблицаТовары)
    Запрос = Новый Запрос;
    Запрос.МенеджерВременныхТаблиц = Новый МенеджерВременныхТаблиц;
    
    Запрос.Текст = 
    ""ВЫБРАТЬ
    |   ТаблицаТовары.Номенклатура КАК Номенклатура,
    |   ТаблицаТовары.Склад КАК Склад,
    |   ТаблицаТовары.Количество КАК Количество,
    |   ТаблицаТовары.Сумма КАК Сумма
    |ПОМЕСТИТЬ ВТ_Товары
    |ИЗ
    |   &ТаблицаТовары КАК ТаблицаТовары
    |
    |ИНДЕКСИРОВАТЬ ПО
    |   Номенклатура
    |;
    |
    |////////////////////////////////////////////////////////////////////////////////
    |ВЫБРАТЬ
    |   ВТ_Товары.Номенклатура КАК Номенклатура,
    |   СУММА(ВТ_Товары.Количество) КАК Количество,
    |   СУММА(ВТ_Товары.Сумма) КАК Сумма
    |ИЗ
    |   ВТ_Товары КАК ВТ_Товары
    |
    |СГРУППИРОВАТЬ ПО
    |   ВТ_Товары.Номенклатура
    |
    |УПОРЯДОЧИТЬ ПО
    |   Номенклатура ВОЗР"";
    
    Запрос.УстановитьПараметр(""ТаблицаТовары"", ТаблицаТовары);
    
    Результат = Запрос.Выполнить().Выгрузить();
    
    Возврат Результат;
КонецФункции"
"Написать функцию ПолучитьТаблицуАнализаПродаж(НачалоПериода, ОкончаниеПериода, НормаПродаж), которая формирует таблицу, анализирующую продажи товара за указанный период.
Таблица должна содержать колонки:
Товар (тип: СправочникСсылка.Товары) - проданный товар.
КоличествоДнейМин (тип: Число) - количество дней за период, когда товар не продавался(продажи = 0).
КоличествоДнейМакс - (тип: Число) - количество дней за период, когда продажи товара были максимальными.
КоличествоДнейНорма - (тип: Число) - количество дней за период, когда продажи товара превышали норму. 
СуммаВсего - (тип: Число) - сумма продаж за период.
ОстатокНаКонецПериода - (тип: Число) - остаток товара на конец периода.

Параметры функции: 
НачалоПериода (тип: Дата) - начало периода.
ОкончаниеПериода (тип: Дата) - окончание периода.
НормаПродаж (тип: Число) - норма, с которой сверяются продажи товара.

Данные продаж товаров берутся из регистра накопления ""Продажи"". Данные остатков по товарам берутся из регистра накопления ""ТоварныеЗапасы"".","{""AccumulationRegisters"": [{""id"": ""Продажи"", ""name"": ""Продажи"", ""RegisterType"": ""Turnovers"", ""Dimensions"": [{""id"": ""Покупатель"", ""name"": ""Покупатель"", ""types"": [{""type"": ""Ref"", ""id"": ""Справочник.Контрагенты""}]}, {""id"": ""Товар"", ""name"": ""Товар"", ""types"": [{""type"": ""Ref"", ""id"": ""Справочник.Товары""}]}], ""Resources"": [{""id"": ""Количество"", ""name"": ""Количество"", ""types"": [{""type"": ""Number"", ""NumberQualifiers"": ""10.2""}]}, {""id"": ""Сумма"", ""name"": ""Сумма"", ""types"": [{""type"": ""Number"", ""NumberQualifiers"": ""10.2""}]}]}, {""id"": ""ТоварныеЗапасы"", ""name"": ""Товарные запасы"", ""RegisterType"": ""Balance"", ""Dimensions"": [{""id"": ""Товар"", ""name"": ""Товар"", ""types"": [{""type"": ""Ref"", ""id"": ""Справочник.Товары""}]}, {""id"": ""Склад"", ""name"": ""Склад"", ""types"": [{""type"": ""Ref"", ""id"": ""Справочник.Склады""}]}], ""Resources"": [{""id"": ""Количество"", ""name"": ""Количество"", ""types"": [{""type"": ""Number"", ""NumberQualifiers"": ""10.2""}]}]}], ""Catalogs"": [{""id"": ""Товары"", ""name"": ""Товары"", ""Attributes"": [{""id"": ""Артикул"", ""name"": ""Артикул"", ""types"": [{""type"": ""String"", ""StringQualifiers"": ""15""}]}, {""id"": ""Поставщик"", ""name"": ""Поставщик"", ""types"": [{""type"": ""Ref"", ""id"": ""Справочник.Контрагенты""}]}, {""id"": ""ФайлКартинки"", ""name"": ""Картинка"", ""types"": [{""type"": ""Ref"", ""id"": ""Справочник.ХранимыеФайлы""}]}, {""id"": ""Вид"", ""name"": ""Вид"", ""types"": []}, {""id"": ""Штрихкод"", ""name"": ""Штрихкод"", ""types"": [{""type"": ""String"", ""StringQualifiers"": ""20""}]}, {""id"": ""Описание"", ""name"": ""Описание"", ""types"": [{""type"": ""String"", ""StringQualifiers"": ""0""}]}]}]}",task_043,server,high,Куликова_Сложная_задача.epf,"Функция ПолучитьТаблицуАнализаПродаж(НачалоПериода, ОкончаниеПериода, НормаПродаж)
    // Создаём результирующую таблицу значений
    ТЗРезультат = Новый ТаблицаЗначений;
    ТЗРезультат.Колонки.Добавить(""Товар"",                   Новый ОписаниеТипов(""СправочникСсылка.Товары""));
    ТЗРезультат.Колонки.Добавить(""КоличествоДнейМин"",      Новый ОписаниеТипов(""Число""));
    ТЗРезультат.Колонки.Добавить(""КоличествоДнейМакс"",     Новый ОписаниеТипов(""Число""));
    ТЗРезультат.Колонки.Добавить(""КоличествоДнейНорма"",    Новый ОписаниеТипов(""Число""));
    ТЗРезультат.Колонки.Добавить(""СуммаВсего"",             Новый ОписаниеТипов(""Число""));
    ТЗРезультат.Колонки.Добавить(""ОстатокНаКонецПериода"",  Новый ОписаниеТипов(""Число""));

    // 1. Получаем продажи с детализацией по дням и товарам
    ЗапросПродажи = Новый Запрос;
    ЗапросПродажи.Текст = 
    ""ВЫБРАТЬ
    |    ПродажиОбороты.Товар КАК Товар,
    |    ПродажиОбороты.Период КАК Период,
    |    ПродажиОбороты.СуммаОборот КАК СуммаДня
    |ИЗ
    |    РегистрНакопления.Продажи.Обороты(
    |        &НачалоПериода,
    |        &ОкончаниеПериода,
    |        День,
    |        ,
    |        Товар) КАК ПродажиОбороты"";

    ЗапросПродажи.УстановитьПараметр(""НачалоПериода"",   НачалоПериода);
    ЗапросПродажи.УстановитьПараметр(""ОкончаниеПериода"", ОкончаниеПериода);
    ТЗПродажиПоДням = ЗапросПродажи.Выполнить().Выгрузить();

    // Группируем дневные продажи в соответствие: товар -> таблица дней
    СоответствиеПродажи = Новый Соответствие;
    Для каждого Строка Из ТЗПродажиПоДням Цикл
        ТоварКлюч = Строка.Товар;
        Если Не СоответствиеПродажи.Свойство(ТоварКлюч, ТабПродажТовара) Тогда
            ТабПродажТовара = Новый ТаблицаЗначений;
            ТабПродажТовара.Колонки.Добавить(""Период"",   Новый ОписаниеТипов(""Дата""));
            ТабПродажТовара.Колонки.Добавить(""СуммаДня"", Новый ОписаниеТипов(""Число""));
            СоответствиеПродажи.Вставить(ТоварКлюч, ТабПродажТовара);
        КонецЕсли;
        НоваяСтр = ТабПродажТовара.Добавить();
        НоваяСтр.Период   = Строка.Период;
        НоваяСтр.СуммаДня = Строка.СуммаДня;
    КонецЦикла;

    // 2. Получаем остатки товаров на конец периода (суммарно по всем складам)
    ЗапросОстатки = Новый Запрос;
    ЗапросОстатки.Текст = 
    ""ВЫБРАТЬ
    |    ТоварныеЗапасыОстатки.Товар КАК Товар,
    |    ТоварныеЗапасыОстатки.КоличествоОстаток КАК Остаток
    |ИЗ
    |    РегистрНакопления.ТоварныеЗапасы.Остатки(
    |        &ДатаОстатков,
    |        Товар) КАК ТоварныеЗапасыОстатки"";

    ЗапросОстатки.УстановитьПараметр(""ДатаОстатков"", ОкончаниеПериода);
    ТЗОстатки = ЗапросОстатки.Выполнить().Выгрузить();

    СоответствиеОстатков = Новый Соответствие;
    Для каждого Строка Из ТЗОстатки Цикл
        СоответствиеОстатков.Вставить(Строка.Товар, Строка.Остаток);
    КонецЦикла;

    // 3. Формируем полный набор товаров (есть продажи или есть остатки)
    МножествоТоваров = Новый Соответствие;
    Для каждого КлючИзПродаж Из СоответствиеПродажи Цикл
        МножествоТоваров.Вставить(КлючИзПродаж.Ключ, Истина);
    КонецЦикла;
    Для каждого КлючИзОстатков Из СоответствиеОстатков Цикл
        МножествоТоваров.Вставить(КлючИзОстатков.Ключ, Истина);
    КонецЦикла;

    // 4. Рассчитываем показатели для каждого товара
    Для каждого Элемент Из МножествоТоваров Цикл
        Товар = Элемент.Ключ;

        // Достаём дневные продажи товара (если есть)
        ТабПродажТовара = Неопределено;
        СоответствиеПродажи.Свойство(Товар, ТабПродажТовара);
        СоотвДеньСумма = Новый Соответствие;
        Если ТабПродажТовара <> Неопределено Тогда
            Для каждого СтрПродажи Из ТабПродажТовара Цикл
                СоотвДеньСумма.Вставить(СтрПродажи.Период, СтрПродажи.СуммаДня);
            КонецЦикла;
        КонецЕсли;

        // Первый проход – сумма всего и максимальная сумма дня
        СуммаВсего = 0;
        МаксСумма  = 0;
        ДатаТек = НачалоПериода;
        Пока ДатаТек <= ОкончаниеПериода Цикл
            Знач = СоотвДеньСумма.Получить(ДатаТек);
            ТекСумма = ?(Знач <> Неопределено, Знач, 0);
            СуммаВсего = СуммаВсего + ТекСумма;
            Если ТекСумма > МаксСумма Тогда
                МаксСумма = ТекСумма;
            КонецЕсли;
            ДатаТек = ДатаТек + 86400; // следующий день
        КонецЦикла;

        // Второй проход – подсчёт дней по критериям
        ДнейМин   = 0;
        ДнейМакс  = 0;
        ДнейНорма = 0;
        ДатаТек = НачалоПериода;
        Пока ДатаТек <= ОкончаниеПериода Цикл
            Знач = СоотвДеньСумма.Получить(ДатаТек);
            ТекСумма = ?(Знач <> Неопределено, Знач, 0);
            Если ТекСумма = 0 Тогда
                ДнейМин = ДнейМин + 1;
            КонецЕсли;
            Если ТекСумма = МаксСумма Тогда
                ДнейМакс = ДнейМакс + 1;
            КонецЕсли;
            Если ТекСумма > НормаПродаж Тогда
                ДнейНорма = ДнейНорма + 1;
            КонецЕсли;
            ДатаТек = ДатаТек + 86400;
        КонецЦикла;

        ОстатокНаКонец = ?(СоответствиеОстатков.Свойство(Товар, Ост), Ост, 0);

        НовСтрока = ТЗРезультат.Добавить();
        НовСтрока.Товар                   = Товар;
        НовСтрока.КоличествоДнейМин      = ДнейМин;
        НовСтрока.КоличествоДнейМакс     = ДнейМакс;
        НовСтрока.КоличествоДнейНорма    = ДнейНорма;
        НовСтрока.СуммаВсего             = СуммаВсего;
        НовСтрока.ОстатокНаКонецПериода  = ОстатокНаКонец;
    КонецЦикла;

    Возврат ТЗРезультат;
КонецФункции"
"Создай функцию ЗаполнитьТабличныйДокумент(ТабДокумент, Макет, Дата, ВидЦен) которая выводит в табличный документ актуальные цены товаров на заданную дату.
 
Параметры функции:
ТабДокумент (тип: ТабличныйДокумент) - результирующий табличный документ. 
Макет - (тип: ТабличныйДокумент). Шаблон, по которому заполняется табличный документ. В макете есть области Шапка, ШапкаТаблицы и Строка. 
В области Шапка есть параметр ""НаДату"", в области Строка есть параметры ""Товар"", ""Артикул"", ""ВидЦен"", ""Цена"". 
Дата (тип: Дата) - дата, на которую нужно получить цены товаров. 
ВидЦен - (тип: СправочникСсылка.ВидыЦен) - вид используемых цен товаров. Параметр может быть не задан, тогда выводятся цены товаров с учетом различных видов цен. 

Данные цен товаров хранятся в регистре сведений ""ЦеныТоваров"".","{""InformationRegisters"": [{""id"": ""ЦеныТоваров"", ""name"": ""Цены товаров"", ""InformationRegisterPeriodicity"": ""Day"", ""WriteMode"": ""Independent"", ""Dimensions"": [{""id"": ""Товар"", ""name"": ""Товар"", ""types"": [{""type"": ""Ref"", ""id"": ""Справочник.Товары""}]}, {""id"": ""ВидЦен"", ""name"": ""Вид цен"", ""types"": [{""type"": ""Ref"", ""id"": ""Справочник.ВидыЦен""}]}], ""Resources"": [{""id"": ""Цена"", ""name"": ""Цена"", ""types"": [{""type"": ""Number"", ""NumberQualifiers"": ""10.2""}]}]}], ""Catalogs"": [{""id"": ""ВидыЦен"", ""name"": ""Виды цен"", ""Attributes"": []}, {""id"": ""Товары"", ""name"": ""Товары"", ""Attributes"": [{""id"": ""Артикул"", ""name"": ""Артикул"", ""types"": [{""type"": ""String"", ""StringQualifiers"": ""15""}]}, {""id"": ""Поставщик"", ""name"": ""Поставщик"", ""types"": [{""type"": ""Ref"", ""id"": ""Справочник.Контрагенты""}]}, {""id"": ""ФайлКартинки"", ""name"": ""Картинка"", ""types"": [{""type"": ""Ref"", ""id"": ""Справочник.ХранимыеФайлы""}]}, {""id"": ""Вид"", ""name"": ""Вид"", ""types"": []}, {""id"": ""Штрихкод"", ""name"": ""Штрихкод"", ""types"": [{""type"": ""String"", ""StringQualifiers"": ""20""}]}, {""id"": ""Описание"", ""name"": ""Описание"", ""types"": [{""type"": ""String"", ""StringQualifiers"": ""0""}]}]}]}",task_044,server,mid,Куликова_Средняя_задача.epf,"Функция ЗаполнитьТабличныйДокумент(ТабДокумент, Макет, Дата, ВидЦен) Экспорт

    ТабДокумент.Очистить();
    
    // Вывод шапки
    ОбластьШапка = Макет.Область(""Шапка"");
    ОбластьШапка.Параметры.НаДату = Дата;
    ТабДокумент.Вывести(ОбластьШапка);
    
    // Вывод шапки таблицы
    ОбластьШапкаТаблицы = Макет.Область(""ШапкаТаблицы"");
    ТабДокумент.Вывести(ОбластьШапкаТаблицы);
    
    // Построение запроса актуальных цен на дату
    Запрос = Новый Запрос;
    Запрос.Текст = 
    ""ВЫБРАТЬ
    |    ЦеныТоваровСрезПоследних.Товар КАК Товар,
    |    Товары.Артикул КАК Артикул,
    |    ЦеныТоваровСрезПоследних.ВидЦен КАК ВидЦен,
    |    ЦеныТоваровСрезПоследних.Цена КАК Цена
    |ИЗ
    |    РегистрСведений.ЦеныТоваров.СрезПоследних(&Дата) КАК ЦеныТоваровСрезПоследних
    |        ЛЕВОЕ СОЕДИНЕНИЕ Справочник.Товары КАК Товары
    |        ПО ЦеныТоваровСрезПоследних.Товар = Товары.Ссылка"";
    
    Если ВидЦен <> Неопределено Тогда
        Запрос.Текст = Запрос.Текст + ""
        |ГДЕ
        |    ЦеныТоваровСрезПоследних.ВидЦен = &ВидЦен"";
        Запрос.УстановитьПараметр(""ВидЦен"", ВидЦен);
    КонецЕсли;
    
    Запрос.УстановитьПараметр(""Дата"", Дата);
    
    Результат = Запрос.Выполнить();
    
    // Вывод строк с ценами
    ОбластьСтрокаШаблон = Макет.Область(""Строка"");
    
    Выборка = Результат.Выбрать();
    Пока Выборка.Следующий() Цикл
        ОбластьСтрока = ОбластьСтрокаШаблон.Копировать();
        ОбластьСтрока.Параметры.Товар = Выборка.Товар;
        ОбластьСтрока.Параметры.Артикул = Выборка.Артикул;
        ОбластьСтрока.Параметры.ВидЦен = Выборка.ВидЦен;
        ОбластьСтрока.Параметры.Цена = Выборка.Цена;
        ТабДокумент.Вывести(ОбластьСтрока);
    КонецЦикла;

КонецФункции"
"Написать функцию НайтиКонтрагентовПоКонтактнойИнформации(СтрокаКонтактнойИнформации), 
которая возвращает стуктуру со ссылками на найденных контрагентов вида:
	Ключ: ""КонтактнаяИнформация"",			Значение: тип Строка - переданное значение ""СтрокаКонтактнойИнформации""
	Ключ: ""Количество"",						Значение: тип Число - количество найденных соответствий
	Ключ: ""КоличествоПолныхСоответствий"",	Значение: тип Число - количество полных соответствий
	Ключ: ""Контрагенты"",					Значение: тип ТаблицаЗначений - с колонками 
		""Контрагент""				- тип СправочникСсылка.Контрагенты 
		""ТипКонтактнойИнформации""	- тип Строка, принимающая одно из значений ""Телефон"", ""Факс"", ""ЭлектроннаяПочта"", ""ВебСайт"" и равно имени поля, где найдено соответствие
		""Значение"" 					- тип Строка, найденное значение
		""ПолноеСоответствие""		- тип Булево, 
			""Истина""	- содержимое полей ""Телефон"",""Факс"" равно ""СтрокаКонтактнойИнформации"" после удаления всех символов кроме цифр в сравниваемых значениях
						или содержимое полей ""ЭлектроннаяПочта"", ""ВебСайт"" равно ""СтрокаКонтактнойИнформации"" после удаления пробелов в началах и концах строк;
			""Ложь""		- в противном случае 
		таблица значений должна быть отсортирована так, чтобы сначала выводились контрагенты, имеющие ""ПолноеСоответствие""е
Параметры функции: 
	""СтрокаКонтактнойИнформации"" - тип Строка, номер телефона, адрес e-mail или web-сайта, может быть передана только часть искомого значения (например ""5289621"", ""528-96-"", ""@techno.ru"" и т.п.)
								Если передана пустая строка, то возвращается структура со значениями ключей = ""Неопределено""
	
Данные контрагентов хранятся в справочнике ""Контрагенты""","{""Catalogs"": [{""id"": ""Контрагенты"", ""name"": ""Контрагенты"", ""Attributes"": [{""id"": ""Регион"", ""name"": ""Регион"", ""types"": [{""type"": ""Ref"", ""id"": ""Справочник.Регионы""}]}, {""id"": ""Индекс"", ""name"": ""Индекс"", ""types"": [{""type"": ""String"", ""StringQualifiers"": ""10""}]}, {""id"": ""Страна"", ""name"": ""Страна"", ""types"": [{""type"": ""String"", ""StringQualifiers"": ""0""}]}, {""id"": ""Город"", ""name"": ""Город"", ""types"": [{""type"": ""String"", ""StringQualifiers"": ""0""}]}, {""id"": ""Улица"", ""name"": ""Улица"", ""types"": [{""type"": ""String"", ""StringQualifiers"": ""0""}]}, {""id"": ""Дом"", ""name"": ""Дом"", ""types"": [{""type"": ""String"", ""StringQualifiers"": ""15""}]}, {""id"": ""Телефон"", ""name"": ""Телефон"", ""types"": [{""type"": ""String"", ""StringQualifiers"": ""16""}]}, {""id"": ""ЭлектроннаяПочта"", ""name"": ""Электронная почта"", ""types"": [{""type"": ""String"", ""StringQualifiers"": ""40""}]}, {""id"": ""Факс"", ""name"": ""Факс"", ""types"": [{""type"": ""String"", ""StringQualifiers"": ""16""}]}, {""id"": ""ВебСайт"", ""name"": ""Веб сайт"", ""types"": [{""type"": ""String"", ""StringQualifiers"": ""40""}]}, {""id"": ""ВидЦен"", ""name"": ""Вид цен"", ""types"": [{""type"": ""Ref"", ""id"": ""Справочник.ВидыЦен""}]}, {""id"": ""ДополнительнаяИнформация"", ""name"": ""Дополнительная информация"", ""types"": [{""type"": ""String"", ""StringQualifiers"": ""0""}]}, {""id"": ""КонтактноеЛицо"", ""name"": ""Контактное лицо"", ""types"": [{""type"": ""String"", ""StringQualifiers"": ""100""}]}, {""id"": ""Широта"", ""name"": ""Широта"", ""types"": [{""type"": ""Number"", ""NumberQualifiers"": ""10.6""}]}, {""id"": ""Долгота"", ""name"": ""Долгота"", ""types"": [{""type"": ""Number"", ""NumberQualifiers"": ""10.6""}]}]}]}",task_045,server,high,Петров_Сложная_Задача.epf,"Функция НайтиКонтрагентовПоКонтактнойИнформации(СтрокаКонтактнойИнформации)

    Если ПустаяСтрока(СтрокаКонтактнойИнформации) Тогда
        Возврат Новый Структура(""КонтактнаяИнформация,Количество,КоличествоПолныхСоответствий,Контрагенты"", 
            Неопределено, Неопределено, Неопределено, Неопределено);
    КонецЕсли;

    // Подготовка таблицы результатов
    ТаблицаРезультатов = Новый ТаблицаЗначений;
    ТаблицаРезультатов.Колонки.Добавить(""Контрагент"", Новый ОписаниеТипов(""СправочникСсылка.Контрагенты""));
    ТаблицаРезультатов.Колонки.Добавить(""ТипКонтактнойИнформации"", Новый ОписаниеТипов(""Строка""));
    ТаблицаРезультатов.Колонки.Добавить(""Значение"", Новый ОписаниеТипов(""Строка""));
    ТаблицаРезультатов.Колонки.Добавить(""ПолноеСоответствие"", Новый ОписаниеТипов(""Булево""));

    // Запрос на получение всех контрагентов с нужными реквизитами
    Запрос = Новый Запрос;
    Запрос.Текст = 
    ""ВЫБРАТЬ
    | Контрагенты.Ссылка КАК Ссылка,
    | Контрагенты.Телефон КАК Телефон,
    | Контрагенты.Факс КАК Факс,
    | Контрагенты.ЭлектроннаяПочта КАК ЭлектроннаяПочта,
    | Контрагенты.ВебСайт КАК ВебСайт
    |ИЗ
    | Справочник.Контрагенты КАК Контрагенты
    |ГДЕ
    | Контрагенты.ПометкаУдаления = Ложь
    | И (Контрагенты.Телефон <> """" ИЛИ Контрагенты.Факс <> """" ИЛИ Контрагенты.ЭлектроннаяПочта <> """" ИЛИ Контрагенты.ВебСайт <> """")"";

    Выборка = Запрос.Выполнить().Выбрать();

    // Предварительная очистка искомой строки для разных типов полей
    ИскомаяСтрокаБезЦифр = УдалитьНеЦифры(СтрокаКонтактнойИнформации);
    ИскомаяСтрокаСокрЛП = СокрЛП(СтрокаКонтактнойИнформации);

    ОбщееКоличество = 0;
    КоличествоПолных = 0;

    Пока Выборка.Следующий() Цикл
        // Обработка поля ""Телефон""
        Если ИскомаяСтрокаБезЦифр <> """" Тогда
            Результат = ПроверитьПоле(Выборка.Телефон, ИскомаяСтрокаБезЦифр, Ложь);
            Если Результат.Найдено Тогда
                НоваяСтрока = ТаблицаРезультатов.Добавить();
                НоваяСтрока.Контрагент = Выборка.Ссылка;
                НоваяСтрока.ТипКонтактнойИнформации = ""Телефон"";
                НоваяСтрока.Значение = Выборка.Телефон;
                НоваяСтрока.ПолноеСоответствие = Результат.ПолноеСоответствие;
                ОбщееКоличество = ОбщееКоличество + 1;
                Если Результат.ПолноеСоответствие Тогда
                    КоличествоПолных = КоличествоПолных + 1;
                КонецЕсли;
            КонецЕсли;
        КонецЕсли;

        // Обработка поля ""Факс""
        Если ИскомаяСтрокаБезЦифр <> """" Тогда
            Результат = ПроверитьПоле(Выборка.Факс, ИскомаяСтрокаБезЦифр, Ложь);
            Если Результат.Найдено Тогда
                НоваяСтрока = ТаблицаРезультатов.Добавить();
                НоваяСтрока.Контрагент = Выборка.Ссылка;
                НоваяСтрока.ТипКонтактнойИнформации = ""Факс"";
                НоваяСтрока.Значение = Выборка.Факс;
                НоваяСтрока.ПолноеСоответствие = Результат.ПолноеСоответствие;
                ОбщееКоличество = ОбщееКоличество + 1;
                Если Результат.ПолноеСоответствие Тогда
                    КоличествоПолных = КоличествоПолных + 1;
                КонецЕсли;
            КонецЕсли;
        КонецЕсли;

        // Обработка поля ""ЭлектроннаяПочта""
        Если ИскомаяСтрокаСокрЛП <> """" Тогда
            Результат = ПроверитьПоле(Выборка.ЭлектроннаяПочта, ИскомаяСтрокаСокрЛП, Истина);
            Если Результат.Найдено Тогда
                НоваяСтрока = ТаблицаРезультатов.Добавить();
                НоваяСтрока.Контрагент = Выборка.Ссылка;
                НоваяСтрока.ТипКонтактнойИнформации = ""ЭлектроннаяПочта"";
                НоваяСтрока.Значение = Выборка.ЭлектроннаяПочта;
                НоваяСтрока.ПолноеСоответствие = Результат.ПолноеСоответствие;
                ОбщееКоличество = ОбщееКоличество + 1;
                Если Результат.ПолноеСоответствие Тогда
                    КоличествоПолных = КоличествоПолных + 1;
                КонецЕсли;
            КонецЕсли;
        КонецЕсли;

        // Обработка поля ""ВебСайт""
        Если ИскомаяСтрокаСокрЛП <> """" Тогда
            Результат = ПроверитьПоле(Выборка.ВебСай"
"Написать функцию ВыполнитьABCАнализПродаж(ДатаНач, ДатаКон),
которая выполняет ABC-анализ продаж товаров за указанный период и возвращает таблицу с результатами анализа.
ДатаНачала (тип: Дата) — начало периода анализа
ДатаОкончания (тип: Дата) — окончание периода анализа
Источник данных
Данные берутся из регистра накопления Продажи.
Используются:
измерение Товар
ресурс Сумма
В анализ включаются обороты за период между ДатаНачала и ДатаОкончания.
Определить категорию:
A — товары, формирующие первые 80% оборота
B — следующие 15% оборота (до 95%)
C — оставшиеся 5%
Проценты должны рассчитываться динамически от фактической общей суммы продаж.
Требования к результату
Функция должна возвращать ТаблицуЗначений, содержащую поля:
Товар — ссылка на товар
НаименованиеТовара — представление товара
СуммаПродаж — сумма продаж за период
ДоляПроцентов — процент вклада в общий оборот
НакопительныйПроцент — накопительный процент
КатегорияABC — строка: ""A"", ""B"" или ""C""","{""AccumulationRegisters"": [{""id"": ""Продажи"", ""name"": ""Продажи"", ""RegisterType"": ""Turnovers"", ""Dimensions"": [{""id"": ""Покупатель"", ""name"": ""Покупатель"", ""types"": [{""type"": ""Ref"", ""id"": ""Справочник.Контрагенты""}]}, {""id"": ""Товар"", ""name"": ""Товар"", ""types"": [{""type"": ""Ref"", ""id"": ""Справочник.Товары""}]}], ""Resources"": [{""id"": ""Количество"", ""name"": ""Количество"", ""types"": [{""type"": ""Number"", ""NumberQualifiers"": ""10.2""}]}, {""id"": ""Сумма"", ""name"": ""Сумма"", ""types"": [{""type"": ""Number"", ""NumberQualifiers"": ""10.2""}]}]}], ""Catalogs"": [{""id"": ""Товары"", ""name"": ""Товары"", ""Attributes"": [{""id"": ""Артикул"", ""name"": ""Артикул"", ""types"": [{""type"": ""String"", ""StringQualifiers"": ""15""}]}, {""id"": ""Поставщик"", ""name"": ""Поставщик"", ""types"": [{""type"": ""Ref"", ""id"": ""Справочник.Контрагенты""}]}, {""id"": ""ФайлКартинки"", ""name"": ""Картинка"", ""types"": [{""type"": ""Ref"", ""id"": ""Справочник.ХранимыеФайлы""}]}, {""id"": ""Вид"", ""name"": ""Вид"", ""types"": []}, {""id"": ""Штрихкод"", ""name"": ""Штрихкод"", ""types"": [{""type"": ""String"", ""StringQualifiers"": ""20""}]}, {""id"": ""Описание"", ""name"": ""Описание"", ""types"": [{""type"": ""String"", ""StringQualifiers"": ""0""}]}]}]}",task_046,server,high,Попков_Сложная_задача.epf,"Функция ВыполнитьABCАнализПродаж(ДатаНач, ДатаКон) Экспорт
    
    // Создаём таблицу для результата
    ТаблицаРезультата = Новый ТаблицаЗначений;
    ТаблицаРезультата.Колонки.Добавить(""Товар"", Новый ОписаниеТипов(""СправочникСсылка.Товары""));
    ТаблицаРезультата.Колонки.Добавить(""НаименованиеТовара"", Новый ОписаниеТипов(""Строка""));
    ТаблицаРезультата.Колонки.Добавить(""СуммаПродаж"", Новый ОписаниеТипов(""Число"", Новый КвалификаторыЧисла(15, 2)));
    ТаблицаРезультата.Колонки.Добавить(""ДоляПроцентов"", Новый ОписаниеТипов(""Число"", Новый КвалификаторыЧисла(10, 2)));
    ТаблицаРезультата.Колонки.Добавить(""НакопительныйПроцент"", Новый ОписаниеТипов(""Число"", Новый КвалификаторыЧисла(10, 2)));
    ТаблицаРезультата.Колонки.Добавить(""КатегорияABC"", Новый ОписаниеТипов(""Строка"", , , Новый КвалификаторыСтроки(1)));
    
    // Формируем запрос для получения оборотов по товарам за период
    Запрос = Новый Запрос;
    Запрос.Текст = 
    ""ВЫБРАТЬ
    |    ПродажиОбороты.Товар КАК Товар,
    |    Товар.Наименование КАК НаименованиеТовара,
    |    СУММА(ПродажиОбороты.Сумма) КАК СуммаПродаж
    |ИЗ
    |    РегистрНакопления.Продажи.Обороты(&ДатаНач, &ДатаКон, ) КАК ПродажиОбороты
    |        ЛЕВОЕ СОЕДИНЕНИЕ Справочник.Товары КАК Товар
    |        ПО ПродажиОбороты.Товар = Товар.Ссылка
    |СГРУППИРОВАТЬ ПО
    |    ПродажиОбороты.Товар,
    |    Товар.Наименование
    |УПОРЯДОЧИТЬ ПО
    |    СуммаПродаж УБЫВ"";
    
    Запрос.УстановитьПараметр(""ДатаНач"", ДатаНач);
    Запрос.УстановитьПараметр(""ДатаКон"", ДатаКон);
    
    // Выполняем запрос и собираем данные
    РезультатЗапроса = Запрос.Выполнить();
    
    Выборка = РезультатЗапроса.Выбрать();
    
    // Первый проход: заполняем таблицу значений и накапливаем общую сумму
    ОбщаяСумма = 0;
    Пока Выборка.Следующий() Цикл
        НоваяСтрока = ТаблицаРезультата.Добавить();
        НоваяСтрока.Товар = Выборка.Товар;
        НоваяСтрока.НаименованиеТовара = Выборка.НаименованиеТовара;
        НоваяСтрока.СуммаПродаж = Выборка.СуммаПродаж;
        ОбщаяСумма = ОбщаяСумма + Выборка.СуммаПродаж;
        // Временные значения для последующего расчёта
        НоваяСтрока.ДоляПроцентов = 0;
        НоваяСтрока.НакопительныйПроцент = 0;
        НоваяСтрока.КатегорияABC = """";
    КонецЦикла;
    
    // Второй проход: расчёт процентов и присвоение категорий
    Если ОбщаяСумма > 0 Тогда
        ТекущийНакопленныйПроцент = 0;
        Для Каждого Строка Из ТаблицаРезультата Цикл
            Доля = Строка.СуммаПродаж / ОбщаяСумма * 100;
            Строка.ДоляПроцентов = Окр(Доля, 2);
            ТекущийНакопленныйПроцент = ТекущийНакопленныйПроцент + Доля;
            Строка.НакопительныйПроцент = Окр(ТекущийНакопленныйПроцент, 2);
            
            // Определение категории
            Если Строка.НакопительныйПроцент <= 80 Тогда
                Строка.КатегорияABC = ""A"";
            ИначеЕсли Строка.НакопительныйПроцент <= 95 Тогда
                Строка.КатегорияABC = ""B"";
            Иначе
                Строка.КатегорияABC = ""C"";
            КонецЕсли;
        КонецЦикла;
    КонецЕсли;
    
    Возврат ТаблицаРезультата;
    
КонецФункции"
"Написать функцию ВыгрузитьЗадолженностьВФайлJSON(),
которая выгружает текущую дебиторскую и кредиторскую задолженность контрагентов во временный файл формата JSON.
Файл должен представлять массив записей, каждая запись должна содержать поля:
Контрагент — наименование контрагента
КодКонтрагента — код контрагента (реквизит Код справочника Контрагенты)
СуммаОстаток — сумма задолженности
ВидЗадолженности — строковое значение:
""Дебиторская"" — если сумма остатка больше 0
""Кредиторская"" — если сумма остатка меньше 0
Данные о задолженности берутся из регистра накопления Взаиморасчеты (используются текущие остатки).
Функция должна возвращать путь к получившемуся файлу.","{""AccumulationRegisters"": [{""id"": ""Взаиморасчеты"", ""name"": ""Взаиморасчеты"", ""RegisterType"": ""Balance"", ""Dimensions"": [{""id"": ""Контрагент"", ""name"": ""Контрагент"", ""types"": [{""type"": ""Ref"", ""id"": ""Справочник.Контрагенты""}]}, {""id"": ""Валюта"", ""name"": ""Валюта"", ""types"": [{""type"": ""Ref"", ""id"": ""Справочник.Валюты""}]}], ""Resources"": [{""id"": ""Сумма"", ""name"": ""Сумма"", ""types"": [{""type"": ""Number"", ""NumberQualifiers"": ""10.2""}]}]}], ""Catalogs"": [{""id"": ""Контрагенты"", ""name"": ""Контрагенты"", ""Attributes"": [{""id"": ""Регион"", ""name"": ""Регион"", ""types"": [{""type"": ""Ref"", ""id"": ""Справочник.Регионы""}]}, {""id"": ""Индекс"", ""name"": ""Индекс"", ""types"": [{""type"": ""String"", ""StringQualifiers"": ""10""}]}, {""id"": ""Страна"", ""name"": ""Страна"", ""types"": [{""type"": ""String"", ""StringQualifiers"": ""0""}]}, {""id"": ""Город"", ""name"": ""Город"", ""types"": [{""type"": ""String"", ""StringQualifiers"": ""0""}]}, {""id"": ""Улица"", ""name"": ""Улица"", ""types"": [{""type"": ""String"", ""StringQualifiers"": ""0""}]}, {""id"": ""Дом"", ""name"": ""Дом"", ""types"": [{""type"": ""String"", ""StringQualifiers"": ""15""}]}, {""id"": ""Телефон"", ""name"": ""Телефон"", ""types"": [{""type"": ""String"", ""StringQualifiers"": ""16""}]}, {""id"": ""ЭлектроннаяПочта"", ""name"": ""Электронная почта"", ""types"": [{""type"": ""String"", ""StringQualifiers"": ""40""}]}, {""id"": ""Факс"", ""name"": ""Факс"", ""types"": [{""type"": ""String"", ""StringQualifiers"": ""16""}]}, {""id"": ""ВебСайт"", ""name"": ""Веб сайт"", ""types"": [{""type"": ""String"", ""StringQualifiers"": ""40""}]}, {""id"": ""ВидЦен"", ""name"": ""Вид цен"", ""types"": [{""type"": ""Ref"", ""id"": ""Справочник.ВидыЦен""}]}, {""id"": ""ДополнительнаяИнформация"", ""name"": ""Дополнительная информация"", ""types"": [{""type"": ""String"", ""StringQualifiers"": ""0""}]}, {""id"": ""КонтактноеЛицо"", ""name"": ""Контактное лицо"", ""types"": [{""type"": ""String"", ""StringQualifiers"": ""100""}]}, {""id"": ""Широта"", ""name"": ""Широта"", ""types"": [{""type"": ""Number"", ""NumberQualifiers"": ""10.6""}]}, {""id"": ""Долгота"", ""name"": ""Долгота"", ""types"": [{""type"": ""Number"", ""NumberQualifiers"": ""10.6""}]}]}]}",task_047,server,mid,Попков_Средняя_задача.epf,"Функция ВыгрузитьЗадолженностьВФайлJSON()
    
    // Формирование запроса для получения текущих остатков по контрагентам
    Запрос = Новый Запрос;
    Запрос.Текст = 
        ""ВЫБРАТЬ
        |    ВзаиморасчетыОстатки.Контрагент КАК Контрагент,
        |    ВзаиморасчетыОстатки.Контрагент.Код КАК КодКонтрагента,
        |    ВзаиморасчетыОстатки.СуммаОстаток КАК СуммаОстаток
        |ИЗ
        |    РегистрНакопления.Взаиморасчеты.Остатки КАК ВзаиморасчетыОстатки
        |ГДЕ
        |    ВзаиморасчетыОстатки.СуммаОстаток <> 0
        |УПОРЯДОЧИТЬ ПО
        |    Контрагент"";
    
    РезультатЗапроса = Запрос.Выполнить();
    
    // Подготовка временного файла
    ИмяФайла = ПолучитьИмяВременногоФайла(""json"");
    ЗаписьJSON = Новый ЗаписьJSON;
    ЗаписьJSON.ОткрытьФайл(ИмяФайла, ""UTF-8"");
    
    // Начало массива
    ЗаписьJSON.ЗаписатьНачалоМассива();
    
    Выборка = РезультатЗапроса.Выбрать();
    Пока Выборка.Следующий() Цикл
        
        // Определение вида задолженности
        Если Выборка.СуммаОстаток > 0 Тогда
            ВидЗадолженности = ""Дебиторская"";
        Иначе
            ВидЗадолженности = ""Кредиторская"";
        КонецЕсли;
        
        // Запись объекта
        ЗаписьJSON.ЗаписатьНачалоОбъекта();
        ЗаписьJSON.ЗаписатьИмяСвойства(""Контрагент"");
        ЗаписьJSON.ЗаписатьЗначение(Строка(Выборка.Контрагент));
        ЗаписьJSON.ЗаписатьИмяСвойства(""КодКонтрагента"");
        ЗаписьJSON.ЗаписатьЗначение(Строка(Выборка.КодКонтрагента));
        ЗаписьJSON.ЗаписатьИмяСвойства(""СуммаОстаток"");
        ЗаписьJSON.ЗаписатьЗначение(Выборка.СуммаОстаток);
        ЗаписьJSON.ЗаписатьИмяСвойства(""ВидЗадолженности"");
        ЗаписьJSON.ЗаписатьЗначение(ВидЗадолженности);
        ЗаписьJSON.ЗаписатьКонецОбъекта();
        
    КонецЦикла;
    
    // Завершение массива
    ЗаписьJSON.ЗаписатьКонецМассива();
    ЗаписьJSON.Закрыть();
    
    Возврат ИмяФайла;
    
КонецФункции"
"Написать функцию ПериодыУстановленныхКурсовВалют() возвращающую таблицу значений с курсами валют по периодам.
Колонки таблицы:
Валюта - Ссылка на справочник Валюты
НачалоПериода - Дата с которой установлен курс
КонецПериода - Дата по которую курс действут
Курс - значение курса валюты
Строки таблицы значений должны быть упорядочены по валюте (в алфавитном порядке) и началу периода.
Последовательные периоды с одним курсом должны быть объединены в 1 период.
Таблица должнв быть получена запросом и возвращена методом Запрос.Выполнить().Выгрузить().
Для текущих курсов КонецПериода должен быть '39991231235959'","{""InformationRegisters"": [{""id"": ""КурсыВалют"", ""name"": ""Курсы валют"", ""InformationRegisterPeriodicity"": ""Day"", ""WriteMode"": ""Independent"", ""Dimensions"": [{""id"": ""Валюта"", ""name"": ""Валюта"", ""types"": [{""type"": ""Ref"", ""id"": ""Справочник.Валюты""}]}], ""Resources"": [{""id"": ""Курс"", ""name"": ""Курс"", ""types"": [{""type"": ""Number"", ""NumberQualifiers"": ""10.2""}]}]}], ""Catalogs"": [{""id"": ""Валюты"", ""name"": ""Валюты"", ""Attributes"": [{""id"": ""НаименованиеОсновнойВалюты"", ""name"": ""Наименование основной валюты"", ""types"": [{""type"": ""String"", ""StringQualifiers"": ""0""}]}, {""id"": ""НаименованиеРазменнойВалюты"", ""name"": ""Наименование разменной валюты"", ""types"": [{""type"": ""String"", ""StringQualifiers"": ""0""}]}]}]}",task_048,server,mid,Чудородов_Средняя_задача.epf,"Функция ПериодыУстановленныхКурсовВалют()
    Запрос = Новый Запрос;
    Запрос.Текст = 
    ""ВЫБРАТЬ
    |    КурсыВалют.Валюта,
    |    КурсыВалют.Период,
    |    КурсыВалют.Курс
    |ПОМЕСТИТЬ ВТ_ЗаписиРегистра
    |ИЗ РегистрСведений.КурсыВалют КАК КурсыВалют
    |;
    |
    |////////////////////////////////////////////////////////////////////////////////
    |// Максимальная предыдущая дата для каждой записи (чтобы найти предыдущий курс)
    |////////////////////////////////////////////////////////////////////////////////
    |ВЫБРАТЬ
    |    Зап.Валюта,
    |    Зап.Период,
    |    МАКСИМУМ(ПредЗап.Период) КАК ПредПериод
    |ПОМЕСТИТЬ ВТ_ПредПериод
    |ИЗ ВТ_ЗаписиРегистра КАК Зап
    |    ЛЕВОЕ СОЕДИНЕНИЕ ВТ_ЗаписиРегистра КАК ПредЗап
    |    ПО (Зап.Валюта = ПредЗап.Валюта)
    |        И (ПредЗап.Период < Зап.Период)
    |СГРУППИРОВАТЬ ПО Зап.Валюта, Зап.Период
    |;
    |
    |////////////////////////////////////////////////////////////////////////////////
    |// Присоединяем предыдущий курс
    |////////////////////////////////////////////////////////////////////////////////
    |ВЫБРАТЬ
    |    Зап.Валюта,
    |    Зап.Период,
    |    Зап.Курс,
    |    ПредЗап.Курс КАК ПредыдущийКурс
    |ПОМЕСТИТЬ ВТ_СПредыдущими
    |ИЗ ВТ_ЗаписиРегистра КАК Зап
    |    ЛЕВОЕ СОЕДИНЕНИЕ ВТ_ПредПериод КАК Период
    |    ПО (Зап.Валюта = Период.Валюта)
    |        И (Зап.Период = Период.Период)
    |    ЛЕВОЕ СОЕДИНЕНИЕ ВТ_ЗаписиРегистра КАК ПредЗап
    |    ПО (Период.Валюта = ПредЗап.Валюта)
    |        И (Период.ПредПериод = ПредЗап.Период)
    |;
    |
    |////////////////////////////////////////////////////////////////////////////////
    |// Точки изменения курса (первая запись или смена значения)
    |////////////////////////////////////////////////////////////////////////////////
    |ВЫБРАТЬ
    |    Валюта,
    |    Период,
    |    Курс
    |ПОМЕСТИТЬ ВТ_ТочкиИзменения
    |ИЗ ВТ_СПредыдущими
    |ГДЕ ПредыдущийКурс ЕСТЬ NULL
    |    ИЛИ Курс <> ПредыдущийКурс
    |;
    |
    |////////////////////////////////////////////////////////////////////////////////
    |// Для каждой точки изменения находим дату следующей точки (начало следующего периода)
    |////////////////////////////////////////////////////////////////////////////////
    |ВЫБРАТЬ
    |    Тек.Валюта,
    |    Тек.Период КАК НачалоПериода,
    |    МИНИМУМ(След.Период) КАК НачалоСледующегоПериода,
    |    Тек.Курс
    |ПОМЕСТИТЬ ВТ_ТочкиСоСлед
    |ИЗ ВТ_ТочкиИзменения КАК Тек
    |    ЛЕВОЕ СОЕДИНЕНИЕ ВТ_ТочкиИзменения КАК След
    |    ПО (Тек.Валюта = След.Валюта)
    |        И (Тек.Период < След.Период)
    |СГРУППИРОВАТЬ ПО Тек.Валюта, Тек.Период, Тек.Курс
    |;
    |
    |////////////////////////////////////////////////////////////////////////////////
    |// Формируем итоговые периоды
    |////////////////////////////////////////////////////////////////////////////////
    |ВЫБРАТЬ
    |    Валюта,
    |    НачалоПериода,
    |    ВЫБОР
    |        КОГДА НачалоСледующегоПериода ЕСТЬ NULL
    |            ТОГДА ДАТАВРЕМЯ(3999, 12, 31, 23, 59, 59)
    |        ИНАЧЕ ДОБАВИТЬКДАТЕ(НачалоСледующегоПериода, ДЕНЬ, -1)
    |    КОНЕЦ КАК КонецПериода,
    |    Курс
    |ПОМЕСТИТЬ ВТ_Итог
    |ИЗ ВТ_ТочкиСоСлед
    |;
    |
    |////////////////////////////////////////////////////////////////////////////////
    |// Возвращаем результат, упорядоченный по валюте и началу периода
    |////////////////////////////////////////////////////////////////////////////////
    |ВЫБРАТЬ
    |    ВТ_Итог.Валюта,
    |    ВТ_Итог.НачалоПериода,
    |    ВТ_Итог.КонецПериода,
    |    ВТ_Итог.Курс
    |ИЗ ВТ_Итог
    |УПОРЯДОЧИТЬ ПО
    |    Валюта.Наименование,
    |    НачалоПериода"";

    Возврат Запрос.Выполнить().Выгрузить();
КонецФункции"
"Реализовать целевую функцию СформироватьОтчетОстаткиПоНоменклатуре(ДатаОтчета, МассивТоваров, Склад)

Где
- ДатаОтчета - Дата
- МассивТоваров - массив товар для отбора в запросе. Может быть не передан, тогда отчет формируется без отбора по номенклатуре
- Склад - отбор по складу в запросе

Отчет должен содержать:
- Заголовок ""Остатки номенклатуры""
- Номенклатуру
- Остаток
- Итоги

Результат вывести в ТабличныйДокумент.

Требования:
- Получение данных через запрос.
- Запрос выполнять к виртуальной таблице Остатки регистра ТоварныеЗапасы","{""AccumulationRegisters"": [{""id"": ""ТоварныеЗапасы"", ""name"": ""Товарные запасы"", ""RegisterType"": ""Balance"", ""Dimensions"": [{""id"": ""Товар"", ""name"": ""Товар"", ""types"": [{""type"": ""Ref"", ""id"": ""Справочник.Товары""}]}, {""id"": ""Склад"", ""name"": ""Склад"", ""types"": [{""type"": ""Ref"", ""id"": ""Справочник.Склады""}]}], ""Resources"": [{""id"": ""Количество"", ""name"": ""Количество"", ""types"": [{""type"": ""Number"", ""NumberQualifiers"": ""10.2""}]}]}], ""Catalogs"": [{""id"": ""Склады"", ""name"": ""Склады"", ""Attributes"": [{""id"": ""НеИспользовать"", ""name"": ""Не использовать"", ""types"": [{""type"": ""Boolean""}]}]}, {""id"": ""Товары"", ""name"": ""Товары"", ""Attributes"": [{""id"": ""Артикул"", ""name"": ""Артикул"", ""types"": [{""type"": ""String"", ""StringQualifiers"": ""15""}]}, {""id"": ""Поставщик"", ""name"": ""Поставщик"", ""types"": [{""type"": ""Ref"", ""id"": ""Справочник.Контрагенты""}]}, {""id"": ""ФайлКартинки"", ""name"": ""Картинка"", ""types"": [{""type"": ""Ref"", ""id"": ""Справочник.ХранимыеФайлы""}]}, {""id"": ""Вид"", ""name"": ""Вид"", ""types"": []}, {""id"": ""Штрихкод"", ""name"": ""Штрихкод"", ""types"": [{""type"": ""String"", ""StringQualifiers"": ""20""}]}, {""id"": ""Описание"", ""name"": ""Описание"", ""types"": [{""type"": ""String"", ""StringQualifiers"": ""0""}]}]}]}",task_049,server,high,Task10_Коробов_Сложная_ОстаткиНоменклатуры.epf,"Функция СформироватьОтчетОстаткиПоНоменклатуре(ДатаОтчета, МассивТоваров = Неопределено, Склад = Неопределено)
    
    Запрос = Новый Запрос;
    Запрос.Текст = 
    ""ВЫБРАТЬ
    |    Товар КАК Номенклатура,
    |    Количество КАК Остаток
    |ИЗ
    |    РегистрНакопления.ТоварныеЗапасы.Остатки(&ДатаОтчета) КАК Остатки"";
    
    // Динамическое построение условий отбора
    Условия = """";
    Если МассивТоваров <> Неопределено И МассивТоваров.Количество() > 0 Тогда
        Условия = Условия + ?(ПустаяСтрока(Условия), """", "" И "") + ""Товар В (&МассивТоваров)"";
    КонецЕсли;
    Если Склад <> Неопределено Тогда
        Условия = Условия + ?(ПустаяСтрока(Условия), """", "" И "") + ""Склад = &Склад"";
    КонецЕсли;
    
    Если Не ПустаяСтрока(Условия) Тогда
        Запрос.Текст = Запрос.Текст + ""
        |ГДЕ
        |    "" + Условия;
    КонецЕсли;
    
    Запрос.УстановитьПараметр(""ДатаОтчета"", ДатаОтчета);
    Если МассивТоваров <> Неопределено И МассивТоваров.Количество() > 0 Тогда
        Запрос.УстановитьПараметр(""МассивТоваров"", МассивТоваров);
    КонецЕсли;
    Если Склад <> Неопределено Тогда
        Запрос.УстановитьПараметр(""Склад"", Склад);
    КонецЕсли;
    
    РезультатЗапроса = Запрос.Выполнить();
    
    // Формирование табличного документа
    ТабДок = Новый ТабличныйДокумент;
    ТабДок.Очистить();
    
    // Заголовок
    ОбластьЗаголовок = ТабДок.Область(1, 1, 1, 2);
    ОбластьЗаголовок.Объединить();
    ОбластьЗаголовок.Текст = ""Остатки номенклатуры"";
    ОбластьЗаголовок.Шрифт = Новый Шрифт(, 12, Истина);
    ОбластьЗаголовок.ГоризонтальноеПоложение = ГоризонтальноеПоложение.Центр;
    ТабДок.Вывести(ОбластьЗаголовок);
    
    // Шапка таблицы
    ОбластьШапки = ТабДок.Область(2, 1, 2, 2);
    ОбластьШапки.Область(1, 1).Текст = ""Номенклатура"";
    ОбластьШапки.Область(1, 2).Текст = ""Остаток"";
    ОбластьШапки.Шрифт = Новый Шрифт(, 10, Истина);
    ТабДок.Вывести(ОбластьШапки);
    
    // Вывод данных и расчет итогов
    ИтогоОстаток = 0;
    НомерСтроки = 3;
    Пока РезультатЗапроса.Следующий() Цикл
        ОбластьСтроки = ТабДок.Область(НомерСтроки, 1, НомерСтроки, 2);
        ОбластьСтроки.Область(1, 1).Текст = РезультатЗапроса.Номенклатура;
        ОстатокТек = РезультатЗапроса.Остаток;
        ОбластьСтроки.Область(1, 2).Текст = ОстатокТек;
        ОбластьСтроки.Область(1, 2).ГоризонтальноеПоложение = ГоризонтальноеПоложение.Право;
        ТабДок.Вывести(ОбластьСтроки);
        ИтогоОстаток = ИтогоОстаток + ОстатокТек;
        НомерСтроки = НомерСтроки + 1;
    КонецЦикла;
    
    // Итоговая строка (только если были записи)
    Если НомерСтроки > 3 Тогда
        ОбластьИтогов = ТабДок.Область(НомерСтроки, 1, НомерСтроки, 2);
        ОбластьИтогов.Область(1, 1).Текст = ""Итого"";
        ОбластьИтогов.Область(1, 2).Текст = ИтогоОстаток;
        ОбластьИтогов.Шрифт = Новый Шрифт(, 10, Истина);
        ОбластьИтогов.Область(1, 2).ГоризонтальноеПоложение = ГоризонтальноеПоложение.Право;
        ТабДок.Вывести(ОбластьИтогов);
    КонецЕсли;
    
    Возврат ТабДок;
    
КонецФункции"
"Реализовать функцию РассчитатьОборачиваемость(Товар, Склад, ДатаНачала, ДатаОкончания).

Оборачиваемость = Оборот за период / Средний остаток за период.

Необходимо:
1) Получить обороты по товару и складу за период из виртуальной таблицы Обороты.
2) Получить остаток на начало и конец периода из виртуальной таблицы Остатки.
3) Рассчитать средний остаток: (ОстатокНачало + ОстатокКонец) / 2.
4) Рассчитать оборачиваемость. Если средний остаток = 0 — вернуть 0.

Требования:
- Использовать виртуальные таблицы Остатки и Обороты регистра накопления ТоварныеЗапасы.
- Не использовать циклы по дням/периодам.
- Результат — число.","{""AccumulationRegisters"": [{""id"": ""ТоварныеЗапасы"", ""name"": ""Товарные запасы"", ""RegisterType"": ""Balance"", ""Dimensions"": [{""id"": ""Товар"", ""name"": ""Товар"", ""types"": [{""type"": ""Ref"", ""id"": ""Справочник.Товары""}]}, {""id"": ""Склад"", ""name"": ""Склад"", ""types"": [{""type"": ""Ref"", ""id"": ""Справочник.Склады""}]}], ""Resources"": [{""id"": ""Количество"", ""name"": ""Количество"", ""types"": [{""type"": ""Number"", ""NumberQualifiers"": ""10.2""}]}]}]}",task_050,server,high,Task9_Коробов_Сложная_Оборачиваемость.epf,"Функция РассчитатьОборачиваемость(Товар, Склад, ДатаНачала, ДатаОкончания)
    
    // Приводим даты к началу и концу дня для корректного получения остатков и оборотов
    ДатаНачалаОст = НачалоДня(ДатаНачала);
    ДатаОкончанияОст = КонецДня(ДатаОкончания);
    
    Запрос = Новый Запрос;
    Запрос.Текст = 
    ""ВЫБРАТЬ
    |   Товар,
    |   Склад,
    |   Количество КАК ОстатокНачало
    |ПОМЕСТИТЬ НачальныеОстатки
    |ИЗ
    |   РегистрНакопления.ТоварныеЗапасы.Остатки(&ДатаНачалаОст, Товар = &Товар И Склад = &Склад)
    |;
    |
    |ВЫБРАТЬ
    |   Товар,
    |   Склад,
    |   Количество КАК ОстатокКонец
    |ПОМЕСТИТЬ КонечныеОстатки
    |ИЗ
    |   РегистрНакопления.ТоварныеЗапасы.Остатки(&ДатаОкончанияОст, Товар = &Товар И Склад = &Склад)
    |;
    |
    |ВЫБРАТЬ
    |   Товар,
    |   Склад,
    |   КоличествоОборот КАК Оборот
    |ПОМЕСТИТЬ ОборотыЗаПериод
    |ИЗ
    |   РегистрНакопления.ТоварныеЗапасы.Обороты(&ДатаНачалаОст, &ДатаОкончанияОст, , Товар = &Товар И Склад = &Склад)
    |;
    |
    |// Собираем все уникальные пары измерений, которые могли появиться в любом из разрезов
    |ВЫБРАТЬ
    |   Товар,
    |   Склад
    |ПОМЕСТИТЬ Измерения
    |ИЗ
    |   (ВЫБРАТЬ Товар, Склад ИЗ НачальныеОстатки
    |    ОБЪЕДИНИТЬ
    |    ВЫБРАТЬ Товар, Склад ИЗ КонечныеОстатки
    |    ОБЪЕДИНИТЬ
    |    ВЫБРАТЬ Товар, Склад ИЗ ОборотыЗаПериод) КАК ВсеИзмерения
    |;
    |
    |// Объединяем данные
    |ВЫБРАТЬ
    |   ЕСТЬNULL(Нач.ОстатокНачало, 0) КАК ОстатокНачало,
    |   ЕСТЬNULL(Кон.ОстатокКонец, 0) КАК ОстатокКонец,
    |   ЕСТЬNULL(Об.Оборот, 0) КАК Оборот
    |ИЗ
    |   Измерения КАК Измерения
    |   ЛЕВОЕ СОЕДИНЕНИЕ НачальныеОстатки КАК Нач ПО Измерения.Товар = Нач.Товар И Измерения.Склад = Нач.Склад
    |   ЛЕВОЕ СОЕДИНЕНИЕ КонечныеОстатки КАК Кон ПО Измерения.Товар = Кон.Товар И Измерения.Склад = Кон.Склад
    |   ЛЕВОЕ СОЕДИНЕНИЕ ОборотыЗаПериод КАК Об ПО Измерения.Товар = Об.Товар И Измерения.Склад = Об.Склад"";
    
    Запрос.УстановитьПараметр(""ДатаНачалаОст"", ДатаНачалаОст);
    Запрос.УстановитьПараметр(""ДатаОкончанияОст"", ДатаОкончанияОст);
    Запрос.УстановитьПараметр(""Товар"", Товар);
    Запрос.УстановитьПараметр(""Склад"", Склад);
    
    Результат = Запрос.Выполнить();
    
    // Если за весь период не было ни остатков, ни оборотов – возвращаем 0
    Если Результат.Пустой() Тогда
        Возврат 0;
    КонецЕсли;
    
    Выборка = Результат.Выбрать();
    Выборка.Следующий();
    
    ОстатокНачало = Выборка.ОстатокНачало;
    ОстатокКонец = Выборка.ОстатокКонец;
    Оборот = Выборка.Оборот;
    
    СреднийОстаток = (ОстатокНачало + ОстатокКонец) / 2;
    
    Если СреднийОстаток = 0 Тогда
        Возврат 0;
    Иначе
        Возврат Оборот / СреднийОстаток;
    КонецЕсли;
    
КонецФункции"
"Написать функцию СформироватьПрайсТоваровНаСкладе(Дата = Неопределено),
которая формирует прайс товаров, имеющихся в наличии на складе, на указанную дату.
Формирование прайса должно выполняться на основании данных регистра накопления «ТоварныеЗапасы» и регистра сведений «ЦеныТоваров».
Если параметр Дата не передан, в качестве даты формирования прайса используется конец текущего дня (КонецДня(ТекущаяДата())).
Алгоритм формирования данных выполняется следующим образом:
Сначала выполняется запрос к регистру накопления РегистрНакопления.ТоварныеЗапасы.Остатки, где:
отбираются только товары с положительным остатком (КоличествоОстаток > 0);
данные агрегируются по товару;
результат помещается во временную таблицу (ВременнаяТаблица), содержащую:
Товар;
КоличествоОстаток (суммарный остаток по товару).
Далее выполняется основной запрос, в котором:
используются актуальные цены из регистра сведений РегистрСведений.ЦеныТоваров (СрезПоследних);
выполняется внутреннее соединение с временной таблицей остатков по полю Товар;
рассчитываются итоговые показатели:
Цена — актуальная цена товара;
Остаток — количество товара на складе;
СуммаОстатков — произведение остатка на цену (стоимость складского запаса).
Результат запроса выгружается в таблицу значений.
На основании полученных данных формируется итоговая таблица (ТаблицаЗначений) со следующей структурой колонок:
Товар (СправочникСсылка.Товары);
Наименование (строковое представление товара);
Остаток (число);
Цена (число);
СуммаОстатков (число).
Для каждой строки выборки:
создаётся новая строка в таблице значений;
заполняются поля Товар, Остаток, Цена и СуммаОстатков.
После заполнения таблица сортируется по наименованию товара по возрастанию, что обеспечивает удобный вид прайса для анализа и печати.
Функция возвращает таблицу значений, содержащую прайс товаров на складе с актуальными остатками и ценами на указанную дату.
Функция ЗадачаРешена(ТабДок) предназначена для проверки корректности сформированного прайса и выполняет следующие проверки:
результат является типом ТаблицаЗначений;
таблица содержит обязательные колонки: Товар, Цена, Остаток;
таблица не пустая;
у каждой строки заполнен товар;
остаток товара не является отрицательным.
Если все проверки выполняются успешно, функция возвращает Истина, что подтверждает корректное формирование прайса товаров на складе.","{""AccumulationRegisters"": [{""id"": ""ТоварныеЗапасы"", ""name"": ""Товарные запасы"", ""RegisterType"": ""Balance"", ""Dimensions"": [{""id"": ""Товар"", ""name"": ""Товар"", ""types"": [{""type"": ""Ref"", ""id"": ""Справочник.Товары""}]}, {""id"": ""Склад"", ""name"": ""Склад"", ""types"": [{""type"": ""Ref"", ""id"": ""Справочник.Склады""}]}], ""Resources"": [{""id"": ""Количество"", ""name"": ""Количество"", ""types"": [{""type"": ""Number"", ""NumberQualifiers"": ""10.2""}]}]}], ""InformationRegisters"": [{""id"": ""ЦеныТоваров"", ""name"": ""Цены товаров"", ""InformationRegisterPeriodicity"": ""Day"", ""WriteMode"": ""Independent"", ""Dimensions"": [{""id"": ""Товар"", ""name"": ""Товар"", ""types"": [{""type"": ""Ref"", ""id"": ""Справочник.Товары""}]}, {""id"": ""ВидЦен"", ""name"": ""Вид цен"", ""types"": [{""type"": ""Ref"", ""id"": ""Справочник.ВидыЦен""}]}], ""Resources"": [{""id"": ""Цена"", ""name"": ""Цена"", ""types"": [{""type"": ""Number"", ""NumberQualifiers"": ""10.2""}]}]}], ""Catalogs"": [{""id"": ""Товары"", ""name"": ""Товары"", ""Attributes"": [{""id"": ""Артикул"", ""name"": ""Артикул"", ""types"": [{""type"": ""String"", ""StringQualifiers"": ""15""}]}, {""id"": ""Поставщик"", ""name"": ""Поставщик"", ""types"": [{""type"": ""Ref"", ""id"": ""Справочник.Контрагенты""}]}, {""id"": ""ФайлКартинки"", ""name"": ""Картинка"", ""types"": [{""type"": ""Ref"", ""id"": ""Справочник.ХранимыеФайлы""}]}, {""id"": ""Вид"", ""name"": ""Вид"", ""types"": []}, {""id"": ""Штрихкод"", ""name"": ""Штрихкод"", ""types"": [{""type"": ""String"", ""StringQualifiers"": ""20""}]}, {""id"": ""Описание"", ""name"": ""Описание"", ""types"": [{""type"": ""String"", ""StringQualifiers"": ""0""}]}]}]}",task_051,server,mid,task10_СредняяФормированиеПрайсаПоОстаткамТовара_v3.epf,"Функция СформироватьПрайсТоваровНаСкладе(Дата = Неопределено) Экспорт
    // Определяем дату запроса: если параметр не передан, используем конец текущего дня
    Если Дата = Неопределено Тогда
        ДатаЗапроса = КонецДня(ТекущаяДата());
    Иначе
        ДатаЗапроса = КонецДня(Дата);
    КонецЕсли;

    Запрос = Новый Запрос;
    Запрос.Текст = 
    ""ВЫБРАТЬ
    |    ТоварныеЗапасыОстатки.Товар КАК Товар,
    |    СУММА(ТоварныеЗапасыОстатки.Количество) КАК КоличествоОстаток
    |ПОМЕСТИТЬ ВТОстатки
    |ИЗ
    |    РегистрНакопления.ТоварныеЗапасы.Остатки(&Дата) КАК ТоварныеЗапасыОстатки
    |ГДЕ
    |    ТоварныеЗапасыОстатки.Количество > 0
    |СГРУППИРОВАТЬ ПО
    |    ТоварныеЗапасыОстатки.Товар
    |;
    |ВЫБРАТЬ
    |    Цены.Товар КАК Товар,
    |    Цены.Товар.Наименование КАК Наименование,
    |    ВТОстатки.КоличествоОстаток КАК Остаток,
    |    Цены.Цена КАК Цена,
    |    ВТОстатки.КоличествоОстаток * Цены.Цена КАК СуммаОстатков
    |ИЗ
    |    РегистрСведений.ЦеныТоваров.СрезПоследних(&Дата) КАК Цены
    |        ВНУТРЕННЕЕ СОЕДИНЕНИЕ ВТОстатки КАК ВТОстатки
    |        ПО Цены.Товар = ВТОстатки.Товар"";

    Запрос.УстановитьПараметр(""Дата"", ДатаЗапроса);
    РезультатЗапроса = Запрос.Выполнить();
    ТаблицаРезультат = РезультатЗапроса.Выгрузить();

    // Сортировка по наименованию товара для получения прайса в алфавитном порядке
    ТаблицаРезультат.Сортировать(""Наименование Возр"");

    Возврат ТаблицаРезультат;
КонецФункции"
"Написать функцию СформироватьОтчетДинамикаПродажТовара(ДатаНачала, ДатаОкончания, Товар), которая формирует отчет на сервере ""ДинамикаПродаж"" на заданный период с отбором по ""Товар"" 
и подменяет стандартную структуру отчета(диаграмма) на группировку по полю ""Период"".

Функция должна программно сформировать отчет ""ДинамикаПродаж"", вариант отчета ""СуммаИКоличество"". 
Настройки отчета:   
    Структура отчета: Группировка
	                     ""Период"" ТипГруппировки = Элементы, ТипДополнения = БезДополнения.
	    Параметры отчета: Период 
	    Значения параметов: Период.ДатаНачала = ДатаНачала, Период.ДатаОкончания = ДатаОкончания.
	Параметры вывода: ВыводитьПараметрыДанных = Не выводить,
	                  ВыводитьОтбор = Не выводить. 
	Отбор : Товар = Товар.
	                  
Параметры функции:  
ДатаНачала (тип: Дата) - начало периода.
ДатаОкончания (тип: Дата) - окончание периода.
Товар (тип: СправочникСсылка.Товары) - товар.

Возвращаемое значение: ТабличныйДокумент.","{""Catalogs"": [{""id"": ""Товары"", ""name"": ""Товары"", ""Attributes"": [{""id"": ""Артикул"", ""name"": ""Артикул"", ""types"": [{""type"": ""String"", ""StringQualifiers"": ""15""}]}, {""id"": ""Поставщик"", ""name"": ""Поставщик"", ""types"": [{""type"": ""Ref"", ""id"": ""Справочник.Контрагенты""}]}, {""id"": ""ФайлКартинки"", ""name"": ""Картинка"", ""types"": [{""type"": ""Ref"", ""id"": ""Справочник.ХранимыеФайлы""}]}, {""id"": ""Вид"", ""name"": ""Вид"", ""types"": []}, {""id"": ""Штрихкод"", ""name"": ""Штрихкод"", ""types"": [{""type"": ""String"", ""StringQualifiers"": ""20""}]}, {""id"": ""Описание"", ""name"": ""Описание"", ""types"": [{""type"": ""String"", ""StringQualifiers"": ""0""}]}]}]}",task_052,server,high,task10_сложн_Куликова_v1.epf,"&НаСервере
Функция СформироватьОтчетДинамикаПродажТовара(ДатаНачала, ДатаОкончания, Товар) Экспорт

    // Создаём объект отчета
    ОтчетОбъект = Отчеты.ДинамикаПродаж.Создать();
    
    // Получаем компоновщик настроек
    КомпоновщикНастроек = ОтчетОбъект.КомпоновщикНастроек;
    
    // Загружаем настройки нужного варианта отчета
    ВариантНастроек = КомпоновщикНастроек.ВариантыНастроек.Найти(Новый Структура(""Имя"", ""СуммаИКоличество""));
    Если ВариантНастроек <> Неопределено Тогда
        КомпоновщикНастроек.ЗагрузитьНастройки(ВариантНастроек);
    КонецЕсли;
    
    Настройки = КомпоновщикНастроек.Настройки;
    
    // 1. Изменяем структуру отчета: очищаем и создаём группировку ""Период""
    Настройки.Структура.Элементы.Очистить();
    ГруппировкаПериод = Настройки.Структура.Добавить(Тип(""ГруппировкаКомпоновкиДанных""));
    ГруппировкаПериод.Имя = ""Период"";
    ГруппировкаПериод.Поле = Новый ПолеКомпоновкиДанных(""Период"");
    ГруппировкаПериод.ТипГруппировки = ТипГруппировкиКомпоновкиДанных.Элементы;
    ГруппировкаПериод.ТипДополнения = ТипДополненияПериодаКомпоновкиДанных.БезДополнения;
    
    // 2. Устанавливаем параметры данных: период
    ПараметрПериод = Настройки.ПараметрыДанных.Элементы.Найти(""Период"");
    Если ПараметрПериод = Неопределено Тогда
        // На некоторых компоновках параметр может отсутствовать, игнорируем
    Иначе
        СтандартныйПериод = Новый СтандартныйПериод;
        СтандартныйПериод.ДатаНачала = ДатаНачала;
        СтандартныйПериод.ДатаОкончания = ДатаОкончания;
        ПараметрПериод.Значение = СтандартныйПериод;
        ПараметрПериод.Использование = Истина;
    КонецЕсли;
    
    // 3. Настройки вывода
    Настройки.ПараметрыВывода.ВыводитьПараметрыДанных = Ложь;
    Настройки.ПараметрыВывода.ВыводитьОтбор = Ложь;
    
    // 4. Отбор по товару
    Отборы = Настройки.Отбор.Элементы;
    Отборы.Очистить();
    НовыйОтбор = Отборы.Добавить(Тип(""ЭлементОтбораКомпоновкиДанных""));
    НовыйОтбор.ЛевоеЗначение = Новый ПолеКомпоновкиДанных(""Товар"");
    НовыйОтбор.ВидСравнения = ВидСравненияКомпоновкиДанных.Равно;
    НовыйОтбор.ПравоеЗначение = Товар;
    НовыйОтбор.Использование = Истина;
    
    // Формируем табличный документ
    ТабличныйДокумент = Новый ТабличныйДокумент;
    ОтчетОбъект.СкомпоноватьРезультат(ТабличныйДокумент, Настройки);
    
    Возврат ТабличныйДокумент;
    
КонецФункции"
"Написать функцию СформироватьПереоценкуТоваровНаСкладе(Дата, ПроцентПереоценки),
которая формирует расчет переоценки товаров на складе и выводит прайс с учетом увеличения цены на заданный процент (по умолчанию 10%).
Расчет должен выполняться на основании остатков товаров на складе и актуальных цен номенклатуры.
В обработку должны попадать только те товары, по которым есть положительные остатки на складе.
Если параметр Дата не задан, используется текущая дата (конец дня).
Если процент переоценки не задан, используется значение 10%.
Источник данных:
Регистр накопления ТоварныеЗапасы (остатки товаров на складе);
Регистр сведений ЦеныТоваров (актуальные цены товаров, срез последних на дату).
Логика формирования данных:
Из регистра накопления ТоварныеЗапасы.Остатки выбираются товары с положительным количеством остатка на указанную дату.
Данные агрегируются по измерению Товар с расчетом:
Остаток — суммарное количество товара на складе.
К полученным остаткам выполняется присоединение регистра сведений ЦеныТоваров.СрезПоследних на ту же дату для получения актуальной цены.
Рассчитываются показатели переоценки:
СтараяЦена — текущая цена из регистра цен;
НоваяЦена — цена с учетом переоценки (СтараяЦена * (1 + ПроцентПереоценки / 100));
СуммаПереоценки — общий эффект переоценки по складу (разница цены * остаток товара).
Результат формирования должен представлять таблицу значений (ТаблицаЗначений), содержащую следующие колонки:
Товар (СправочникСсылка.Товары);
Наименование (представление товара);
Остаток (число);
СтараяЦена (число);
НоваяЦена (число);
СуммаПереоценки (число).
В итоговую таблицу включаются только товары, имеющие цену и положительные остатки.
Наименование товара заполняется через представление ссылочного поля номенклатуры для удобства анализа.
После заполнения данных выполняется сортировка таблицы по убыванию суммы переоценки, что позволяет в первую очередь анализировать товары с наибольшим финансовым эффектом от изменения цены.
Функция должна возвращать сформированную таблицу значений, пригодную для:
анализа розничной переоценки;
формирования прайса после изменения цен;
оценки влияния переоценки на стоимость складских остатков;
использования в управленческих отчетах по складу и рознице.","{""AccumulationRegisters"": [{""id"": ""ТоварныеЗапасы"", ""name"": ""Товарные запасы"", ""RegisterType"": ""Balance"", ""Dimensions"": [{""id"": ""Товар"", ""name"": ""Товар"", ""types"": [{""type"": ""Ref"", ""id"": ""Справочник.Товары""}]}, {""id"": ""Склад"", ""name"": ""Склад"", ""types"": [{""type"": ""Ref"", ""id"": ""Справочник.Склады""}]}], ""Resources"": [{""id"": ""Количество"", ""name"": ""Количество"", ""types"": [{""type"": ""Number"", ""NumberQualifiers"": ""10.2""}]}]}], ""InformationRegisters"": [{""id"": ""ЦеныТоваров"", ""name"": ""Цены товаров"", ""InformationRegisterPeriodicity"": ""Day"", ""WriteMode"": ""Independent"", ""Dimensions"": [{""id"": ""Товар"", ""name"": ""Товар"", ""types"": [{""type"": ""Ref"", ""id"": ""Справочник.Товары""}]}, {""id"": ""ВидЦен"", ""name"": ""Вид цен"", ""types"": [{""type"": ""Ref"", ""id"": ""Справочник.ВидыЦен""}]}], ""Resources"": [{""id"": ""Цена"", ""name"": ""Цена"", ""types"": [{""type"": ""Number"", ""NumberQualifiers"": ""10.2""}]}]}], ""Catalogs"": [{""id"": ""Товары"", ""name"": ""Товары"", ""Attributes"": [{""id"": ""Артикул"", ""name"": ""Артикул"", ""types"": [{""type"": ""String"", ""StringQualifiers"": ""15""}]}, {""id"": ""Поставщик"", ""name"": ""Поставщик"", ""types"": [{""type"": ""Ref"", ""id"": ""Справочник.Контрагенты""}]}, {""id"": ""ФайлКартинки"", ""name"": ""Картинка"", ""types"": [{""type"": ""Ref"", ""id"": ""Справочник.ХранимыеФайлы""}]}, {""id"": ""Вид"", ""name"": ""Вид"", ""types"": []}, {""id"": ""Штрихкод"", ""name"": ""Штрихкод"", ""types"": [{""type"": ""String"", ""StringQualifiers"": ""20""}]}, {""id"": ""Описание"", ""name"": ""Описание"", ""types"": [{""type"": ""String"", ""StringQualifiers"": ""0""}]}]}]}",task_053,server,mid,task11_СредняяСформироватьПереоценкуТоваровНаСкладе_v3.epf,"Функция СформироватьПереоценкуТоваровНаСкладе(Знач Дата = Неопределено, Знач ПроцентПереоценки = 10) Экспорт
    // Обработка параметров
    Если Дата = Неопределено Тогда
        ДатаРасчета = КонецДня(ТекущаяДата());
    Иначе
        ДатаРасчета = КонецДня(Дата);
    КонецЕсли;

    // Определение вида цен для получения актуальной цены.
    // В реальной конфигурации требуется уточнение: здесь используется
    // предопределённый элемент справочника ВидыЦен с именем ""ОсновнаяЦена"".
    ВидЦен = Справочники.ВидыЦен.ОсновнаяЦена;

    // Формирование запроса
    Запрос = Новый Запрос;
    Запрос.Текст = 
    ""ВЫБРАТЬ
    |    ТоварныеЗапасыОстатки.Товар КАК Товар,
    |    ТоварныеЗапасыОстатки.КоличествоОстаток КАК Остаток,
    |    ЦеныТоваровСрезПоследних.Цена КАК СтараяЦена
    |ИЗ
    |    РегистрНакопления.ТоварныеЗапасы.Остатки(
    |        &ДатаРасчета,
    |        Товар
    |        И Количество > 0) КАК ТоварныеЗапасыОстатки
    |    ЛЕВОЕ СОЕДИНЕНИЕ РегистрСведений.ЦеныТоваров.СрезПоследних(
    |        &ДатаРасчета,
    |        ВидЦен = &ВидЦен) КАК ЦеныТоваровСрезПоследних
    |    ПО ТоварныеЗапасыОстатки.Товар = ЦеныТоваровСрезПоследних.Товар
    |ГДЕ
    |    ЦеныТоваровСрезПоследних.Цена > 0"";

    Запрос.УстановитьПараметр(""ДатаРасчета"", ДатаРасчета);
    Запрос.УстановитьПараметр(""ВидЦен"", ВидЦен);

    РезультатЗапроса = Запрос.Выполнить();

    // Создание итоговой таблицы значений
    Таблица = Новый ТаблицаЗначений;
    Таблица.Колонки.Добавить(""Товар"", Новый ОписаниеТипов(""СправочникСсылка.Товары""));
    Таблица.Колонки.Добавить(""Наименование"", Новый ОписаниеТипов(""Строка""));
    Таблица.Колонки.Добавить(""Остаток"", Новый ОписаниеТипов(""Число"", Новый КвалификаторыЧисла(15, 2)));
    Таблица.Колонки.Добавить(""СтараяЦена"", Новый ОписаниеТипов(""Число"", Новый КвалификаторыЧисла(15, 2)));
    Таблица.Колонки.Добавить(""НоваяЦена"", Новый ОписаниеТипов(""Число"", Новый КвалификаторыЧисла(15, 2)));
    Таблица.Колонки.Добавить(""СуммаПереоценки"", Новый ОписаниеТипов(""Число"", Новый КвалификаторыЧисла(15, 2)));

    // Заполнение таблицы
    Выборка = РезультатЗапроса.Выбрать();
    Пока Выборка.Следующий() Цикл
        Товар = Выборка.Товар;
        Остаток = Выборка.Остаток;
        СтараяЦена = Выборка.СтараяЦена;
        
        НоваяЦена = СтараяЦена * (1 + ПроцентПереоценки / 100);
        СуммаПереоценки = (НоваяЦена - СтараяЦена) * Остаток;
        
        НоваяСтрока = Таблица.Добавить();
        НоваяСтрока.Товар = Товар;
        НоваяСтрока.Наименование = Товар.Наименование;
        НоваяСтрока.Остаток = Остаток;
        НоваяСтрока.СтараяЦена = СтараяЦена;
        НоваяСтрока.НоваяЦена = НоваяЦена;
        НоваяСтрока.СуммаПереоценки = СуммаПереоценки;
    КонецЦикла;

    // Сортировка по убыванию суммы переоценки для приоритетного анализа
    Таблица.Сортировать(""СуммаПереоценки Убыв"");

    Возврат Таблица;
КонецФункции"
"Написать функцию СформироватьОтчетДинамикаПродажКонтрольВТаблице(ДатаНачала, ДатаОкончания, СуммаКонтроль, ТипКонтроля), которая формирует отчет на сервере ""ДинамикаПродаж"" на заданный период с отбором по ""СуммаОборот"" 
и подменяет стандартную структуру отчета(диаграмма) на группировку по полю ""Период"".

Функция должна программно сформировать отчет ""ДинамикаПродаж"", вариант отчета ""ДиаграммаПоПериодам"". 
Настройки отчета:   
    Структура отчета: Группировка
	                     ""Период"" ТипГруппировки = Элементы, ТипДополнения = БезДополнения.
	Параметры отчета: Период 
	    Значения параметов: Период.ДатаНачала = ДатаНачала, Период.ДатаОкончания = ДатаОкончания.    
	Параметры вывода: ВыводитьПараметрыДанных = Не выводить,
	                  ВыводитьОтбор = Не выводить. 
	Отбор : В зависимости от параметра ТипКонтроля, применятется отбор к полю Сумма.
	Если ТипКонтроля = Равно, тогда отбор:  СуммаОборот = СуммаКонтроль.
	Если ТипКонтроля = БольшеИлиРавно, тогда отбор:  ССуммаОборот >= СуммаКонтроль.
	Если ТипКонтроля = МеньшеИлиРавно, тогда отбор:  СуммаОборот <= СуммаКонтроль.
	Если ТипКонтроля = Больше, тогда отбор:  СуммаОборот > СуммаКонтроль.
	Если ТипКонтроля = Меньше, тогда отбор:  СуммаОборот < СуммаКонтроль. 
    Для других значений ТипКонтроля формирование отчета не поддерживается.
	                 
Параметры функции:  
ДатаНачала (тип: Дата) - начало периода.
ДатаОкончания (тип: Дата) - окончание периода.
СуммаКонтроль (тип: Число) - значение для отбора по СуммаОборот.
ТипКонтроля (тип: ВидСравненияКомпоновкиДанных) - вид сравнения для отбора по СуммаОборот.

Возвращаемое значение: ТабличныйДокумент.",{},task_054,server,high,task11_сложн_Куликова_v1.epf,"&НаСервере
Функция СформироватьОтчетДинамикаПродажКонтрольВТаблице(ДатаНачала, ДатаОкончания, СуммаКонтроль, ТипКонтроля)
    // Проверка поддерживаемых видов сравнения
    Если Не (ТипКонтроля = ВидСравненияКомпоновкиДанных.Равно
          Или ТипКонтроля = ВидСравненияКомпоновкиДанных.БольшеИлиРавно
          Или ТипКонтроля = ВидСравненияКомпоновкиДанных.МеньшеИлиРавно
          Или ТипКонтроля = ВидСравненияКомпоновкиДанных.Больше
          Или ТипКонтроля = ВидСравненияКомпоновкиДанных.Меньше) Тогда
        ВызватьИсключение ""Формирование отчета для данного типа контроля не поддерживается."";
    КонецЕсли;
    
    // Получение схемы компоновки данных отчета
    Схема = Отчеты.ДинамикаПродаж.ПолучитьМакет(""ОсновнаяСхемаКомпоновкиДанных"");
    
    // Поиск варианта настроек ""ДиаграммаПоПериодам""
    Вариант = Схема.ВариантыНастроек.Найти(""ДиаграммаПоПериодам"");
    Если Вариант = Неопределено Тогда
        ВызватьИсключение ""Вариант отчета 'ДиаграммаПоПериодам' не найден."";
    КонецЕсли;
    
    // Базовые настройки варианта
    Настройки = Вариант.Настройки;
    
    // Замена структуры: удаляем диаграмму, добавляем группировку по полю ""Период""
    Настройки.Структура.Очистить();
    Группировка = Настройки.Структура.Добавить(Тип(""ГруппировкаКомпоновкиДанных""));
    Группировка.Имя = ""Период"";
    Группировка.Поле = Новый ПолеКомпоновкиДанных(""Период"");
    Группировка.ТипГруппировки = ТипГруппировкиКомпоновкиДанных.Элементы;
    Группировка.ТипДополнения = ТипДополненияПериодаКомпоновкиДанных.БезДополнения;
    
    // Явное указание выбранных полей для вывода в группировку
    ВыбранноеПолеПериод = Группировка.Выбор.Элементы.Добавить(Тип(""ВыбранноеПолеКомпоновкиДанных""));
    ВыбранноеПолеПериод.Поле = Новый ПолеКомпоновкиДанных(""Период"");
    ВыбранноеПолеСумма = Группировка.Выбор.Элементы.Добавить(Тип(""ВыбранноеПолеКомпоновкиДанных""));
    ВыбранноеПолеСумма.Поле = Новый ПолеКомпоновкиДанных(""СуммаОборот"");
    
    // Установка параметров периода
    Период = Новый СтандартныйПериод(ДатаНачала, ДатаОкончания);
    Настройки.ПараметрыДанных.УстановитьЗначениеПараметра(""Период"", Период);
    
    // Параметры вывода
    Настройки.ВыводитьПараметрыДанных = Ложь;
    Настройки.ВыводитьОтбор = Ложь;
    
    // Настройка отбора по сумме
    ЭлементОтбора = Настройки.Отбор.Элементы.Добавить(Тип(""ЭлементОтбораКомпоновкиДанных""));
    ЭлементОтбора.ЛевоеЗначение = Новый ПолеКомпоновкиДанных(""СуммаОборот"");
    ЭлементОтбора.ВидСравнения = ТипКонтроля;
    ЭлементОтбора.ПравоеЗначение = СуммаКонтроль;
    ЭлементОтбора.Использование = Истина;
    
    // Компоновка и вывод результата в табличный документ
    КомпоновщикМакета = Новый КомпоновщикМакетаКомпоновкиДанных;
    МакетКомпоновки = КомпоновщикМакета.Выполнить(Схема, Настройки);
    
    ПроцессорКомпоновки = Новый ПроцессорКомпоновкиДанных;
    ПроцессорКомпоновки.Инициализировать(МакетКомпоновки);
    
    ТабДок = Новый ТабличныйДокумент;
    ПроцессорВывода = Новый ПроцессорВыводаРезультатаКомпоновкиДанныхВТабличныйДокумент;
    ПроцессорВывода.УстановитьДокумент(ТабДок);
    ПроцессорВывода.Вывести(ПроцессорКомпоновки);
    
    Возврат ТабДок;
КонецФункции"
"Написать функцию СформироватьРезервированиеТоваровПодЗаказы(Дата = Неопределено),
которая формирует отчет по резервированию товаров на складе под заказы клиентов в виде таблицы значений.
Отчет должен показывать, какое количество товара уже заказано клиентами, какой остаток есть на складе и хватает ли его для обеспечения заказов.
Если дата не передана в параметрах, расчет должен выполняться на конец текущего дня (КонецДня(ТекущаяДата())).
Данные для формирования отчета выбираются из следующих источников метаданных:
Документ.Заказ (табличная часть Товары);
РегистрНакопления.ТоварныеЗапасы.Остатки.
Отбор заказов выполняется по следующим условиям:
документ Заказ проведен (Проведен = Истина);
состояние заказа равно значению перечисления СостоянияЗаказов.ВРаботе.
Алгоритм формирования отчета выполняется следующим образом:
Выполняется запрос к табличной части Документ.Заказ.Товары, где:
данные агрегируются по номенклатуре (Товар);
рассчитывается суммарное количество товара в активных заказах клиентов (КоличествоВЗаказах).
Полученные данные помещаются во временную таблицу.
Далее выполняется запрос к регистру накопления ТоварныеЗапасы.Остатки на указанную дату:
определяется остаток товара на складе (КоличествоОстаток);
выполняется левое соединение с временной таблицей заказов.
Рассчитываются итоговые показатели:
ОстатокНаСкладе — текущий складской остаток товара;
КоличествоВЗаказах — общее количество товара в заказах клиентов;
ДоступныйОстаток — разница между остатком и количеством в заказах;
РезервКОбеспечению — дефицит товара (если заказов больше, чем остатка).
Результат работы функции должен представлять ТаблицаЗначений, где каждая строка соответствует одному товару.
Таблица должна содержать следующие колонки:
Товар — ссылка на элемент справочника Товары;
Наименование — наименование номенклатуры;
ОстатокНаСкладе — текущий остаток товара на складе;
КоличествоВЗаказах — суммарное количество товара в активных заказах клиентов;
ДоступныйОстаток — доступный остаток с учетом резервирования;
РезервКОбеспечению — количество товара, которого не хватает для обеспечения заказов.
В итоговую таблицу включаются только товары, по которым есть остатки или заказы клиентов.
После формирования данных таблица сортируется по полю РезервКОбеспечению в порядке убывания, что позволяет в первую очередь видеть наиболее дефицитные позиции.
Функция ЗадачаРешена(ТабДок) должна выполнять проверку корректности результата:
результат должен быть типа ТаблицаЗначений;
таблица должна содержать обязательные колонки (Товар, ОстатокНаСкладе, КоличествоВЗаказах, РезервКОбеспечению);
у всех строк должен быть заполнен товар;
значение резерва не должно быть отрицательным.
Если структура данных корректна, функция возвращает Истина, в противном случае — Ложь.","{""Documents"": [{""id"": ""Заказ"", ""name"": ""Заказ"", ""Attributes"": [{""id"": ""Покупатель"", ""name"": ""Покупатель"", ""types"": [{""type"": ""Ref"", ""id"": ""Справочник.Контрагенты""}]}, {""id"": ""Склад"", ""name"": ""Склад"", ""types"": [{""type"": ""Ref"", ""id"": ""Справочник.Склады""}]}, {""id"": ""Валюта"", ""name"": ""Валюта взаиморасчетов"", ""types"": [{""type"": ""Ref"", ""id"": ""Справочник.Валюты""}]}, {""id"": ""ВидЦен"", ""name"": ""Вид цен"", ""types"": [{""type"": ""Ref"", ""id"": ""Справочник.ВидыЦен""}]}, {""id"": ""Организация"", ""name"": ""Организация"", ""types"": [{""type"": ""Ref"", ""id"": ""Справочник.Организации""}]}, {""id"": ""СостояниеЗаказа"", ""name"": ""Состояние заказа"", ""types"": [{""type"": ""Ref"", ""id"": ""Перечисление.СостоянияЗаказов""}]}, {""id"": ""Автор"", ""name"": ""Автор"", ""types"": [{""type"": ""Ref"", ""id"": ""Справочник.Пользователи""}]}, {""id"": ""Сумма"", ""name"": ""Сумма"", ""types"": [{""type"": ""Number"", ""NumberQualifiers"": ""10.2""}]}], ""TabularSections"": [{""id"": ""Товары"", ""name"": ""Товары"", ""Attributes"": [{""id"": ""Товар"", ""name"": ""Товар"", ""types"": [{""type"": ""Ref"", ""id"": ""Справочник.Товары""}]}, {""id"": ""Цена"", ""name"": ""Цена"", ""types"": [{""type"": ""Number"", ""NumberQualifiers"": ""10.2""}]}, {""id"": ""Количество"", ""name"": ""Количество"", ""types"": [{""type"": ""Number"", ""NumberQualifiers"": ""10.0""}]}, {""id"": ""Сумма"", ""name"": ""Сумма"", ""types"": [{""type"": ""Number"", ""NumberQualifiers"": ""10.2""}]}]}]}], ""AccumulationRegisters"": [{""id"": ""ТоварныеЗапасы"", ""name"": ""Товарные запасы"", ""RegisterType"": ""Balance"", ""Dimensions"": [{""id"": ""Товар"", ""name"": ""Товар"", ""types"": [{""type"": ""Ref"", ""id"": ""Справочник.Товары""}]}, {""id"": ""Склад"", ""name"": ""Склад"", ""types"": [{""type"": ""Ref"", ""id"": ""Справочник.Склады""}]}], ""Resources"": [{""id"": ""Количество"", ""name"": ""Количество"", ""types"": [{""type"": ""Number"", ""NumberQualifiers"": ""10.2""}]}]}], ""Catalogs"": [{""id"": ""Товары"", ""name"": ""Товары"", ""Attributes"": [{""id"": ""Артикул"", ""name"": ""Артикул"", ""types"": [{""type"": ""String"", ""StringQualifiers"": ""15""}]}, {""id"": ""Поставщик"", ""name"": ""Поставщик"", ""types"": [{""type"": ""Ref"", ""id"": ""Справочник.Контрагенты""}]}, {""id"": ""ФайлКартинки"", ""name"": ""Картинка"", ""types"": [{""type"": ""Ref"", ""id"": ""Справочник.ХранимыеФайлы""}]}, {""id"": ""Вид"", ""name"": ""Вид"", ""types"": []}, {""id"": ""Штрихкод"", ""name"": ""Штрихкод"", ""types"": [{""type"": ""String"", ""StringQualifiers"": ""20""}]}, {""id"": ""Описание"", ""name"": ""Описание"", ""types"": [{""type"": ""String"", ""StringQualifiers"": ""0""}]}]}]}",task_055,server,mid,task12_СредняяРезервированиеТоваровПодЗаказыКлиентов_v3.epf,"Функция СформироватьРезервированиеТоваровПодЗаказы(Дата = Неопределено)

    // Определяем дату расчета остатков
    Если Дата = Неопределено Тогда
        ДатаОстатков = КонецДня(ТекущаяДата());
    Иначе
        ДатаОстатков = Дата;
    КонецЕсли;

    Запрос = Новый Запрос;
    Запрос.Текст = 
    ""ВЫБРАТЬ
    |   ЗаказТовары.Товар КАК Товар,
    |   СУММА(ЗаказТовары.Количество) КАК КоличествоВЗаказах
    |ПОМЕСТИТЬ ВТ_Заказы
    |ИЗ
    |   Документ.Заказ.Товары КАК ЗаказТовары
    |   ВНУТРЕННЕЕ СОЕДИНЕНИЕ Документ.Заказ КАК Заказ ПО ЗаказТовары.Ссылка = Заказ.Ссылка
    |ГДЕ
    |   Заказ.Проведен = ИСТИНА
    |   И Заказ.СостояниеЗаказа = &Состояние
    |СГРУППИРОВАТЬ ПО
    |   ЗаказТовары.Товар
    |
    |;
    |////////////////////////////////////////////////////////////////////////////////
    |ВЫБРАТЬ
    |   ТоварныеЗапасыОстатки.Товар КАК Товар,
    |   СУММА(ТоварныеЗапасыОстатки.КоличествоОстаток) КАК ОстатокНаСкладе
    |ПОМЕСТИТЬ ВТ_Остатки
    |ИЗ
    |   РегистрНакопления.ТоварныеЗапасы.Остатки(&ДатаОстатков) КАК ТоварныеЗапасыОстатки
    |СГРУППИРОВАТЬ ПО
    |   ТоварныеЗапасыОстатки.Товар
    |
    |;
    |////////////////////////////////////////////////////////////////////////////////
    |ВЫБРАТЬ
    |   ВТ_Остатки.Товар КАК Товар,
    |   ВТ_Остатки.ОстатокНаСкладе КАК ОстатокНаСкладе,
    |   ЕСТЬNULL(ВТ_Заказы.КоличествоВЗаказах, 0) КАК КоличествоВЗаказах
    |ПОМЕСТИТЬ ВТ_ВсеТовары
    |ИЗ
    |   ВТ_Остатки КАК ВТ_Остатки
    |   ЛЕВОЕ СОЕДИНЕНИЕ ВТ_Заказы КАК ВТ_Заказы
    |   ПО ВТ_Остатки.Товар = ВТ_Заказы.Товар
    |
    |ОБЪЕДИНИТЬ
    |
    |ВЫБРАТЬ
    |   ВТ_Заказы.Товар,
    |   0,
    |   ВТ_Заказы.КоличествоВЗаказах
    |ИЗ
    |   ВТ_Заказы КАК ВТ_Заказы
    |   ЛЕВОЕ СОЕДИНЕНИЕ ВТ_Остатки КАК ВТ_Остатки
    |   ПО ВТ_Заказы.Товар = ВТ_Остатки.Товар
    |ГДЕ
    |   ВТ_Остатки.Товар ЕСТЬ NULL
    |
    |;
    |////////////////////////////////////////////////////////////////////////////////
    |ВЫБРАТЬ
    |   ВТ_ВсеТовары.Товар КАК Товар,
    |   Товары.Наименование КАК Наименование,
    |   ВТ_ВсеТовары.ОстатокНаСкладе КАК ОстатокНаСкладе,
    |   ВТ_ВсеТовары.КоличествоВЗаказах КАК КоличествоВЗаказах,
    |   ВТ_ВсеТовары.ОстатокНаСкладе - ВТ_ВсеТовары.КоличествоВЗаказах КАК ДоступныйОстаток,
    |   ВЫБОР КОГДА ВТ_ВсеТовары.КоличествоВЗаказах > ВТ_ВсеТовары.ОстатокНаСкладе
    |        ТОГДА ВТ_ВсеТовары.КоличествоВЗаказах - ВТ_ВсеТовары.ОстатокНаСкладе
    |        ИНАЧЕ 0
    |   КОНЕЦ КАК РезервКОбеспечению
    |ИЗ
    |   ВТ_ВсеТовары КАК ВТ_ВсеТовары
    |   ЛЕВОЕ СОЕДИНЕНИЕ Справочник.Товары КАК Товары
    |   ПО ВТ_ВсеТовары.Товар = Товары.Ссылка
    |
    |УПОРЯДОЧИТЬ ПО
    |   РезервКОбеспечению УБЫВ"";

    Запрос.УстановитьПараметр(""Состояние"", Перечисления.СостоянияЗаказов.ВРаботе);
    Запрос.УстановитьПараметр(""ДатаОстатков"", ДатаОстатков);

    РезультатЗапроса = Запрос.Выполнить();
    
    Возврат РезультатЗапроса.Выгрузить();

КонецФункции

Функция ЗадачаРешена(ТабДок)

    // Проверяем, что результат — таблица значений
    Если ТипЗнч(ТабДок) <> Тип(""ТаблицаЗначений"") Тогда
        Возврат Ложь;
    КонецЕсли;

    // Проверяем наличие обязательных колонок
    ОбязательныеКолонки = Новый Массив;
    ОбязательныеКолонки.Добавить(""Товар"");
    ОбязательныеКолонки.Добавить(""ОстатокНаСкладе"");
    ОбязательныеКолонки.Добавить(""КоличествоВЗаказах"");
    ОбязательныеКолонки.Добавить(""РезервКОбеспечению"");

    Для Каждого ИмяКолонки Из ОбязательныеКолонки Цикл
        Если ТабДок.Колонки.Найти(ИмяКолонки) = Неопределено Тогда
            Возврат Ложь;
        КонецЕсли;
    КонецЦикла;

    // Проверяем содержимое строк
    Для Каждого Строка Из ТабДок Цикл
        Если Не ЗначениеЗаполнено(Строка.Товар) Тогда
            Возврат Ложь;
        КонецЕсли;
        Если Строка.РезервКОбеспечению < 0 Тогда
            Возврат Ложь;
        КонецЕсли;
    КонецЦикла;

    Возврат Истина;

КонецФункции"
"Написать функцию СформироватьОтчетДниПродажВышеНормы(ДатаНачала, ДатаОкончания, КоличествоНорма), которая формирует отчет на сервере ""ДинамикаПродаж"" на заданный период с отбором по ""КоличествоОборот"" 
и подменяет стандартную структуру отчета(диаграмма) на группировку по полю ""Период"".

Функция должна программно сформировать отчет ""ДинамикаПродаж"", вариант отчета ""СуммаИКоличество"". 
Настройки отчета:   
    Структура отчета: Группировка
	                     ""Период"" ТипГруппировки = Элементы, ТипДополнения = БезДополнения.
	    Параметры отчета: Период 
	    Значения параметов: Период.ДатаНачала = ДатаНачала, Период.ДатаОкончания = ДатаОкончания.
	Параметры вывода: ВыводитьПараметрыДанных = Не выводить,
	                  ВыводитьОтбор = Не выводить. 
	Отбор : КоличествоОборот >= КоличествоНорма.
	                  
Параметры функции:  
ДатаНачала (тип: Дата) - начало периода.
ДатаОкончания (тип: Дата) - окончание периода.
КоличествоНорма (тип: Число) - норма количества продаж.

Возвращаемое значение: ТабличныйДокумент.",{},task_056,server,high,task12_сложн_Куликова_v1.epf,"Функция СформироватьОтчетДниПродажВышеНормы(ДатаНачала, ДатаОкончания, КоличествоНорма) Экспорт

    // Получаем схему компоновки данных отчета ""ДинамикаПродаж""
    СхемаКомпоновкиДанных = Отчеты.ДинамикаПродаж.ПолучитьМакет(""ОсновнаяСхемаКомпоновкиДанных"");
    Если СхемаКомпоновкиДанных = Неопределено Тогда
        ВызватьИсключение ""Не удалось получить основную схему компоновки данных отчета ДинамикаПродаж"";
    КонецЕсли;

    // Инициализируем компоновщик настроек
    КомпоновщикНастроек = Новый КомпоновщикНастроекКомпоновкиДанных;
    КомпоновщикНастроек.Инициализировать(Новый ИсточникДоступныхНастроекКомпоновкиДанных(СхемаКомпоновкиДанных));

    // Загружаем настройки варианта ""СуммаИКоличество""
    ВариантНайден = Ложь;
    Для Каждого Вариант Из СхемаКомпоновкиДанных.ВариантыНастроек Цикл
        Если Вариант.Имя = ""СуммаИКоличество"" Тогда
            КомпоновщикНастроек.ЗагрузитьНастройки(Вариант.Настройки);
            ВариантНайден = Истина;
            Прервать;
        КонецЕсли;
    КонецЦикла;

    Если Не ВариантНайден Тогда
        ВызватьИсключение ""Вариант отчета 'СуммаИКоличество' не найден"";
    КонецЕсли;

    // Получаем текущие настройки
    Настройки = КомпоновщикНастроек.ПолучитьНастройки();

    // Очищаем структуру отчета (убираем диаграмму и прочее)
    Настройки.Структура.Очистить();

    // Добавляем группировку по полю ""Период""
    ГруппировкаПериод = Настройки.Структура.Добавить(Тип(""ГруппировкаКомпоновкиДанных""));
    ГруппировкаПериод.Поле = Новый ПолеКомпоновкиДанных(""Период"");
    ГруппировкаПериод.ТипГруппировки = ТипГруппировкиКомпоновкиДанных.Элементы;
    ГруппировкаПериод.ТипДополнения = ТипДополненияПериодаКомпоновкиДанных.БезДополнения;
    ГруппировкаПериод.Использование = Истина;

    // Устанавливаем параметры периода
    ПараметрПериод = Настройки.ПараметрыДанных.Элементы.Найти(Новый ПараметрКомпоновкиДанных(""Период""));
    Если ПараметрПериод = Неопределено Тогда
        ПараметрПериод = Настройки.ПараметрыДанных.Элементы.Добавить(Тип(""ЗначениеПараметраНастроекКомпоновкиДанных""));
        ПараметрПериод.Параметр = Новый ПараметрКомпоновкиДанных(""Период"");
    КонецЕсли;
    ПараметрПериод.Значение = Новый СтандартныйПериод(ДатаНачала, ДатаОкончания);
    ПараметрПериод.Использование = Истина;

    // Настройка параметров вывода
    Настройки.ПараметрыВывода.ВыводитьПараметрыДанных = Ложь;
    Настройки.ПараметрыВывода.ВыводитьОтбор = Ложь;

    // Очищаем существующие отборы и добавляем новый
    Настройки.Отбор.Элементы.Очистить();
    ЭлементОтбора = Настройки.Отбор.Элементы.Добавить(Тип(""ЭлементОтбораКомпоновкиДанных""));
    ЭлементОтбора.ЛевоеЗначение = Новый ПолеКомпоновкиДанных(""КоличествоОборот"");
    ЭлементОтбора.ВидСравнения = ВидСравненияКомпоновкиДанных.БольшеИлиРавно;
    ЭлементОтбора.ПравоеЗначение = КоличествоНорма;
    ЭлементОтбора.Использование = Истина;

    // Применяем измененные настройки
    КомпоновщикНастроек.ЗагрузитьНастройки(Настройки);

    // Формируем макет компоновки
    КомпоновщикМакета = Новый КомпоновщикМакетаКомпоновкиДанных;
    МакетКомпоновки = КомпоновщикМакета.Выполнить(СхемаКомпоновкиДанных, КомпоновщикНастроек.ПолучитьНастройки(), , , Тип(""ГенераторМакетаКомпоновкиДанныхДляКоллекцииЗначений""));

    // Выполняем компоновку данных
    ПроцессорКомпоновки = Новый ПроцессорКомпоновкиДанных;
    ПроцессорКомпоновки.Инициализировать(МакетКомпоновки);

    // Выводим результат в табличный документ
    ТабличныйДокумент = Новый ТабличныйДокумент;
    ПроцессорВывода = Новый ПроцессорВыводаРезультатаКомпоновкиДанныхВТабличныйДокумент;
    ПроцессорВывода.УстановитьДокумент(ТабличныйДокумент);
    ПроцессорВывода.Вывести(ПроцессорКомпоновки);

    Возврат ТабличныйДокумент;

КонецФункции"
"Написать функцию СформироватьАнализТоваровВПутиНаличие(Дата),
которая формирует анализ наличия товаров с учетом заказов клиентов в работе в виде таблицы значений.
Анализ должен выполняться на основании данных:
регистра накопления «ТоварныеЗапасы» (остатки товаров на складе);
документа «Заказ» (табличная часть «Товары»), находящегося в состоянии ВРаботе.
Если параметр Дата не задан, в качестве даты анализа используется текущая дата (КонецДня(ТекущаяДата())).
Формирование анализа выполняется в два этапа:
На первом этапе формируется временная таблица, содержащая суммарное количество товаров по заказам клиентов, находящимся в работе.
Данные выбираются из табличной части Документ.Заказ.Товары с отбором по условию:
состояние заказа равно значению перечисления СостоянияЗаказов.ВРаботе.
Данные группируются по полю Товар, рассчитывается суммарное количество заказанного товара (Количество).
На втором этапе выполняется объединение остатков товаров на складе с временной таблицей заказов:
остатки берутся из регистра накопления РегистрНакопления.ТоварныеЗапасы.Остатки на указанную дату;
соединение выполняется по полю Товар;
рассчитываются итоговые показатели:
ОстатокНаСкладе — суммарный остаток товара на складе;
КоличествоВПути — суммарное количество товара в заказах (резерв под заказы клиентов);
НаличиеДляЗаказа — доступное количество товара с учетом заказов, вычисляемое как:
ОстатокНаСкладе − КоличествоВПути.
Результат должен представлять таблицу значений (ТаблицаЗначений), где каждая строка соответствует одному товару, участвующему в заказах клиентов.
Таблица должна содержать следующие поля:
Товар — ссылка на элемент справочника Товары;
ОстатокНаСкладе — текущий остаток товара на складе на дату анализа;
КоличествоВПути — суммарное количество товара в активных заказах клиентов (в работе);
НаличиеДляЗаказа — доступное количество товара после учета заказов;
НедостачаТовара — булево значение, принимающее Истина, если доступное наличие меньше нуля (дефицит товара), и Ложь в противном случае.
В процессе формирования результата:
для каждой строки выборки создается новая строка таблицы значений;
заполняются поля Товар, ОстатокНаСкладе, КоличествоВПути и НаличиеДляЗаказа;
признак НедостачаТовара устанавливается в Истина, если НаличиеДляЗаказа < 0, что позволяет выявить товары с недостатком запасов под текущие заказы клиентов.
После формирования всех строк функция возвращает заполненную таблицу значений, предназначенную для анализа обеспеченности заказов и выявления дефицита товаров на складе","{""Documents"": [{""id"": ""Заказ"", ""name"": ""Заказ"", ""Attributes"": [{""id"": ""Покупатель"", ""name"": ""Покупатель"", ""types"": [{""type"": ""Ref"", ""id"": ""Справочник.Контрагенты""}]}, {""id"": ""Склад"", ""name"": ""Склад"", ""types"": [{""type"": ""Ref"", ""id"": ""Справочник.Склады""}]}, {""id"": ""Валюта"", ""name"": ""Валюта взаиморасчетов"", ""types"": [{""type"": ""Ref"", ""id"": ""Справочник.Валюты""}]}, {""id"": ""ВидЦен"", ""name"": ""Вид цен"", ""types"": [{""type"": ""Ref"", ""id"": ""Справочник.ВидыЦен""}]}, {""id"": ""Организация"", ""name"": ""Организация"", ""types"": [{""type"": ""Ref"", ""id"": ""Справочник.Организации""}]}, {""id"": ""СостояниеЗаказа"", ""name"": ""Состояние заказа"", ""types"": [{""type"": ""Ref"", ""id"": ""Перечисление.СостоянияЗаказов""}]}, {""id"": ""Автор"", ""name"": ""Автор"", ""types"": [{""type"": ""Ref"", ""id"": ""Справочник.Пользователи""}]}, {""id"": ""Сумма"", ""name"": ""Сумма"", ""types"": [{""type"": ""Number"", ""NumberQualifiers"": ""10.2""}]}], ""TabularSections"": [{""id"": ""Товары"", ""name"": ""Товары"", ""Attributes"": [{""id"": ""Товар"", ""name"": ""Товар"", ""types"": [{""type"": ""Ref"", ""id"": ""Справочник.Товары""}]}, {""id"": ""Цена"", ""name"": ""Цена"", ""types"": [{""type"": ""Number"", ""NumberQualifiers"": ""10.2""}]}, {""id"": ""Количество"", ""name"": ""Количество"", ""types"": [{""type"": ""Number"", ""NumberQualifiers"": ""10.0""}]}, {""id"": ""Сумма"", ""name"": ""Сумма"", ""types"": [{""type"": ""Number"", ""NumberQualifiers"": ""10.2""}]}]}]}], ""AccumulationRegisters"": [{""id"": ""ТоварныеЗапасы"", ""name"": ""Товарные запасы"", ""RegisterType"": ""Balance"", ""Dimensions"": [{""id"": ""Товар"", ""name"": ""Товар"", ""types"": [{""type"": ""Ref"", ""id"": ""Справочник.Товары""}]}, {""id"": ""Склад"", ""name"": ""Склад"", ""types"": [{""type"": ""Ref"", ""id"": ""Справочник.Склады""}]}], ""Resources"": [{""id"": ""Количество"", ""name"": ""Количество"", ""types"": [{""type"": ""Number"", ""NumberQualifiers"": ""10.2""}]}]}], ""Catalogs"": [{""id"": ""Товары"", ""name"": ""Товары"", ""Attributes"": [{""id"": ""Артикул"", ""name"": ""Артикул"", ""types"": [{""type"": ""String"", ""StringQualifiers"": ""15""}]}, {""id"": ""Поставщик"", ""name"": ""Поставщик"", ""types"": [{""type"": ""Ref"", ""id"": ""Справочник.Контрагенты""}]}, {""id"": ""ФайлКартинки"", ""name"": ""Картинка"", ""types"": [{""type"": ""Ref"", ""id"": ""Справочник.ХранимыеФайлы""}]}, {""id"": ""Вид"", ""name"": ""Вид"", ""types"": []}, {""id"": ""Штрихкод"", ""name"": ""Штрихкод"", ""types"": [{""type"": ""String"", ""StringQualifiers"": ""20""}]}, {""id"": ""Описание"", ""name"": ""Описание"", ""types"": [{""type"": ""String"", ""StringQualifiers"": ""0""}]}]}]}",task_057,server,mid,task13_СредняяАнализНаличияТоваровВпути_v3.epf,"&НаСервере
Функция СформироватьАнализТоваровВПутиНаличие(Дата = Неопределено)
    // Если дата не задана, используем конец текущего дня
    Если Дата = Неопределено Тогда
        Дата = КонецДня(ТекущаяДата());
    КонецЕсли;
    
    Запрос = Новый Запрос;
    Запрос.Текст = 
    ""ВЫБРАТЬ
    |    Заказы.Товар КАК Товар,
    |    ЕСТЬNULL(Остатки.Количество, 0) КАК ОстатокНаСкладе,
    |    Заказы.Количество КАК КоличествоВПути,
    |    ЕСТЬNULL(Остатки.Количество, 0) - Заказы.Количество КАК НаличиеДляЗаказа,
    |    ВЫБОР
    |        КОГДА ЕСТЬNULL(Остатки.Количество, 0) - Заказы.Количество < 0
    |            ТОГДА ИСТИНА
    |        ИНАЧЕ ЛОЖЬ
    |    КОНЕЦ КАК НедостачаТовара
    |ИЗ
    |    (ВЫБРАТЬ
    |        Товары.Товар КАК Товар,
    |        СУММА(Товары.Количество) КАК Количество
    |    ИЗ
    |        Документ.Заказ.Товары КАК Товары
    |    ГДЕ
    |        Товары.Ссылка.СостояниеЗаказа = &СостояниеВРаботе
    |    СГРУППИРОВАТЬ ПО
    |        Товары.Товар) КАК Заказы
    |    ЛЕВОЕ СОЕДИНЕНИЕ (ВЫБРАТЬ
    |        ТоварныеЗапасы.Товар КАК Товар,
    |        СУММА(ТоварныеЗапасы.Количество) КАК Количество
    |    ИЗ
    |        РегистрНакопления.ТоварныеЗапасы.Остатки(&Дата) КАК ТоварныеЗапасы
    |    СГРУППИРОВАТЬ ПО
    |        ТоварныеЗапасы.Товар) КАК Остатки
    |    ПО Заказы.Товар = Остатки.Товар
    |
    |УПОРЯДОЧИТЬ ПО
    |    Товар"";
    
    Запрос.УстановитьПараметр(""Дата"", Дата);
    Запрос.УстановитьПараметр(""СостояниеВРаботе"", Перечисления.СостоянияЗаказов.ВРаботе);
    
    РезультатЗапроса = Запрос.Выполнить();
    
    Возврат РезультатЗапроса.Выгрузить();
КонецФункции"
"Написать функцию СформироватьОтчетПродажиПоПокупателям(ДатаНачала, ДатаОкончания), которая формирует отчет на сервере ""ДинамикаПродаж"" на заданный период.
Функция должна программно сформировать отчет ""ДинамикаПродаж"", вариант отчета ""ПродажиТоваровПоПокупателям"". Стандартную группировку (Товар, Покупатель) подменить на новую группировку (Покупатель, Товар).
Настройки отчета: 
   Структура отчета: Группировка:
	                     ""Покупатель"": ТипГруппировки = Элементы, ТипДополнения = БезДополнения.
	                         ""Товар"":  ТипГруппировки = Элементы, ТипДополнения = БезДополнения.
	Параметры отчета: Период 
	    Значения параметов: Период.ДатаНачала = ДатаНачала, Период.ДатаОкончания = ДатаОкончания.
	Параметры вывода: ВыводитьПараметрыДанных = Не выводить,
	                  ВыводитьОтбор = Не выводить.
	                  
Параметры функции:  
ДатаНачала (тип: Дата) - начало периода.
ДатаОкончания (тип: Дата) - окончание периода.

Возвращаемое значение: ТабличныйДокумент.",{},task_058,server,high,task13_сложн_Куликова_v1.epf,"Функция СформироватьОтчетПродажиПоПокупателям(ДатаНачала, ДатаОкончания)

    // Получаем схему компоновки данных из отчета ""ДинамикаПродаж""
    Схема = Отчеты.ДинамикаПродаж.ПолучитьМакет(""ОсновнаяСхемаКомпоновкиДанных"");
    
    // Создаем компоновщик настроек и инициализируем его
    КомпоновщикНастроек = Новый КомпоновщикНастроекКомпоновкиДанных;
    ИсточникДоступныхНастроек = Новый ИсточникДоступныхНастроекКомпоновкиДанных(Схема);
    КомпоновщикНастроек.Инициализировать(ИсточникДоступныхНастроек);
    
    // Загружаем вариант настроек ""ПродажиТоваровПоПокупателям""
    НайденныйВариант = Неопределено;
    Для Каждого Вариант Из КомпоновщикНастроек.ВариантыНастроек Цикл
        Если Вариант.Имя = ""ПродажиТоваровПоПокупателям"" Тогда
            НайденныйВариант = Вариант;
            Прервать;
        КонецЕсли;
    КонецЦикла;
    
    Если НайденныйВариант = Неопределено Тогда
        ВызватьИсключение ""Вариант отчета """"ПродажиТоваровПоПокупателям"""" не найден."";
    КонецЕсли;
    
    КомпоновщикНастроек.ЗагрузитьВариантНастроек(НайденныйВариант);
    Настройки = КомпоновщикНастроек.Настройки;
    
    // Подменяем стандартную группировку (Товар, Покупатель) на новую (Покупатель, Товар)
    Настройки.Структура.Группировки.Очистить();
    
    // Группировка верхнего уровня ""Покупатель""
    ГруппировкаПокупатель = Настройки.Структура.Группировки.Добавить();
    ГруппировкаПокупатель.Имя = ""Покупатель"";
    ГруппировкаПокупатель.ТипГруппировки = ТипГруппировкиКомпоновкиДанных.Элементы;
    ГруппировкаПокупатель.ДополнениеПериода = ДополнениеПериодаКомпоновкиДанных.БезДополнения;
    
    НовоеПолеПокупатель = ГруппировкаПокупатель.ПоляГруппировки.Добавить();
    НовоеПолеПокупатель.Имя = ""Покупатель"";
    
    // Вложенная группировка ""Товар""
    ГруппировкаТовар = ГруппировкаПокупатель.Структура.Группировки.Добавить();
    ГруппировкаТовар.Имя = ""Товар"";
    ГруппировкаТовар.ТипГруппировки = ТипГруппировкиКомпоновкиДанных.Элементы;
    ГруппировкаТовар.ДополнениеПериода = ДополнениеПериодаКомпоновкиДанных.БезДополнения;
    
    НовоеПолеТовар = ГруппировкаТовар.ПоляГруппировки.Добавить();
    НовоеПолеТовар.Имя = ""Товар"";
    
    // Установка параметров отчета: период
    ПараметрПериод = Настройки.ПараметрыДанных.Найти(""Период"");
    Если ПараметрПериод <> Неопределено Тогда
        ПараметрПериод.Значение = Новый СтандартныйПериод(ДатаНачала, ДатаОкончания);
        ПараметрПериод.Использование = Истина;
    КонецЕсли;
    
    // Параметры вывода: не выводить параметры данных и отбор
    Настройки.ВыводитьПараметрыДанных = Ложь;
    Настройки.ВыводитьОтбор = Ложь;
    
    // Компоновка отчета
    КомпоновщикМакета = Новый КомпоновщикМакетаКомпоновкиДанных;
    МакетКомпоновки = КомпоновщикМакета.Выполнить(
        Схема,
        КомпоновщикНастроек.ПолучитьНастройки(),
        ,
        , // Для управляемых форм можно указать Тип(""ГенераторМакетаКомпоновкиДанныхДляКоллекцииЗначений"")
        ,
        Тип(""ГенераторМакетаКомпоновкиДанных"")
    );
    
    ПроцессорКомпоновки = Новый ПроцессорКомпоновкиДанных;
    ПроцессорКомпоновки.Инициализировать(МакетКомпоновки);
    
    ПроцессорВывода = Новый ПроцессорВыводаРезультатаКомпоновкиДанныхВТабличныйДокумент;
    ТабДок = Новый ТабличныйДокумент;
    ПроцессорВывода.УстановитьДокумент(ТабДок);
    ПроцессорВывода.Вывести(ПроцессорКомпоновки);
    
    Возврат ТабДок;

КонецФункции"
"Написать функцию СформироватьОтчетПоОплатамПоставшика(ПоставщикФильтр, ВидСравненияКД), которая формирует отчет на сервере ""ДокументыОплата"" с отбором по поставщику.
Функция должна программно сформировать отчет ""ДокументыОплата"", вариант отчета ""Основной"".
Настройки отчета: 
	Параметры вывода: ВыводитьПараметрыДанных = Не выводить,
	                  ВыводитьОтбор = Не выводить.
	Отбор : добавляется отбор по полю ""Поставщик"", где ПравоеЗначение = ПоставщикФильтр, ВидСравнения = ВидСравненияКД.                
Параметры функции:  
ПоставщикФильтр (тип: СправочникСсылка.Контрагенты, Массив, СписокЗначений) - фильтр по поставшику.
ВидСравненияКД (тип: ВидСравненияКомпоновкиДанных) - вид сравнения для отбора по Поставщик.
Допускаются значения: ВидСравненияКомпоновкиДанных.Равно, ВидСравненияКомпоновкиДанных.НеРавно, ВидСравненияКомпоновкиДанных.Заполнено, ВидСравненияКомпоновкиДанных.НеЗаполнено,
                      ВидСравненияКомпоновкиДанных.ВГруппе, ВидСравненияКомпоновкиДанных.ВСписке, ВидСравненияКомпоновкиДанных.НеВГруппе, ВидСравненияКомпоновкиДанных.НеВСписке,
                      ВидСравненияКомпоновкиДанных.ВИерархии, ВидСравненияКомпоновкиДанных.НеВИерархии, ВидСравненияКомпоновкиДанных.ВСпискеПоИерархии, ВидСравнения = ВидСравненияКомпоновкиДанных.НеВСпискеПоИерархии.
Возвращаемое значение: ТабличныйДокумент.","{""Catalogs"": [{""id"": ""Контрагенты"", ""name"": ""Контрагенты"", ""Attributes"": [{""id"": ""Регион"", ""name"": ""Регион"", ""types"": [{""type"": ""Ref"", ""id"": ""Справочник.Регионы""}]}, {""id"": ""Индекс"", ""name"": ""Индекс"", ""types"": [{""type"": ""String"", ""StringQualifiers"": ""10""}]}, {""id"": ""Страна"", ""name"": ""Страна"", ""types"": [{""type"": ""String"", ""StringQualifiers"": ""0""}]}, {""id"": ""Город"", ""name"": ""Город"", ""types"": [{""type"": ""String"", ""StringQualifiers"": ""0""}]}, {""id"": ""Улица"", ""name"": ""Улица"", ""types"": [{""type"": ""String"", ""StringQualifiers"": ""0""}]}, {""id"": ""Дом"", ""name"": ""Дом"", ""types"": [{""type"": ""String"", ""StringQualifiers"": ""15""}]}, {""id"": ""Телефон"", ""name"": ""Телефон"", ""types"": [{""type"": ""String"", ""StringQualifiers"": ""16""}]}, {""id"": ""ЭлектроннаяПочта"", ""name"": ""Электронная почта"", ""types"": [{""type"": ""String"", ""StringQualifiers"": ""40""}]}, {""id"": ""Факс"", ""name"": ""Факс"", ""types"": [{""type"": ""String"", ""StringQualifiers"": ""16""}]}, {""id"": ""ВебСайт"", ""name"": ""Веб сайт"", ""types"": [{""type"": ""String"", ""StringQualifiers"": ""40""}]}, {""id"": ""ВидЦен"", ""name"": ""Вид цен"", ""types"": [{""type"": ""Ref"", ""id"": ""Справочник.ВидыЦен""}]}, {""id"": ""ДополнительнаяИнформация"", ""name"": ""Дополнительная информация"", ""types"": [{""type"": ""String"", ""StringQualifiers"": ""0""}]}, {""id"": ""КонтактноеЛицо"", ""name"": ""Контактное лицо"", ""types"": [{""type"": ""String"", ""StringQualifiers"": ""100""}]}, {""id"": ""Широта"", ""name"": ""Широта"", ""types"": [{""type"": ""Number"", ""NumberQualifiers"": ""10.6""}]}, {""id"": ""Долгота"", ""name"": ""Долгота"", ""types"": [{""type"": ""Number"", ""NumberQualifiers"": ""10.6""}]}]}]}",task_059,server,high,task14_сложн_Куликова_v1.epf,"Функция СформироватьОтчетПоОплатамПоставшика(ПоставщикФильтр, ВидСравненияКД) Экспорт

    // Получаем объект отчета
    ОтчетОбъект = Отчеты.ДокументыОплата.Создать();
    
    // Получаем схему компоновки данных
    СхемаКомпоновки = ОтчетОбъект.СхемаКомпоновкиДанных;
    
    // Ищем вариант отчета ""Основной""
    ВариантОсновной = Неопределено;
    Для Каждого Вариант Из СхемаКомпоновки.ВариантыНастроек Цикл
        Если Вариант.Имя = ""Основной"" Тогда
            ВариантОсновной = Вариант;
            Прервать;
        КонецЕсли;
    КонецЦикла;
    
    // Если вариант не найден, берем настройки по умолчанию
    Если ВариантОсновной = Неопределено Тогда
        НастройкиСКД = СхемаКомпоновки.НастройкиПоУмолчанию;
    Иначе
        НастройкиСКД = ВариантОсновной.Настройки;
    КонецЕсли;
    
    // Компоновщик настроек
    КомпоновщикНастроек = Новый КомпоновщикНастроекКомпоновкиДанных;
    ИсточникДоступныхНастроек = Новый ИсточникДоступныхНастроекКомпоновкиДанных(СхемаКомпоновки);
    КомпоновщикНастроек.Инициализировать(ИсточникДоступныхНастроек);
    КомпоновщикНастроек.ЗагрузитьНастройки(НастройкиСКД);
    
    // Получаем текущие настройки
    Настройки = КомпоновщикНастроек.ПолучитьНастройки();
    
    // Устанавливаем параметры вывода
    Настройки.ПараметрыВывода.ВыводитьПараметрыДанных = ТипВыводаТекстаКомпоновкиДанных.НеВыводить;
    Настройки.ПараметрыВывода.ВыводитьОтбор = ТипВыводаТекстаКомпоновкиДанных.НеВыводить;
    
    // Добавляем отбор по полю ""Поставщик""
    ЭлементОтбора = Настройки.Отбор.Элементы.Добавить(Тип(""ЭлементОтбораКомпоновкиДанных""));
    ЭлементОтбора.ЛевоеЗначение = Новый ПолеКомпоновкиДанных(""Поставщик"");
    ЭлементОтбора.ВидСравнения = ВидСравненияКД;
    
    // Устанавливаем правое значение только для видов сравнения, которые его используют
    Если Не (ВидСравненияКД = ВидСравненияКомпоновкиДанных.Заполнено
          Или ВидСравненияКД = ВидСравненияКомпоновкиДанных.НеЗаполнено) Тогда
        ЭлементОтбора.ПравоеЗначение = ПоставщикФильтр;
    КонецЕсли;
    
    // Компоновка макета
    КомпоновщикМакета = Новый КомпоновщикМакетаКомпоновкиДанных;
    МакетКомпоновки = КомпоновщикМакета.Выполнить(СхемаКомпоновки, Настройки);
    
    // Процессор компоновки
    ПроцессорКомпоновки = Новый ПроцессорКомпоновкиДанных;
    ПроцессорКомпоновки.Инициализировать(МакетКомпоновки);
    
    // Вывод в табличный документ
    ТабличныйДокумент = Новый ТабличныйДокумент;
    ПроцессорВывода = Новый ПроцессорВыводаРезультатаКомпоновкиДанныхВТабличныйДокумент;
    ПроцессорВывода.УстановитьДокумент(ТабличныйДокумент);
    ПроцессорВывода.Вывести(ПроцессорКомпоновки);
    
    Возврат ТабличныйДокумент;
    
КонецФункции"
"Написать функцию СформироватьАнализНеликвидныхТоваров(ДатаНач, ДатаКон),
которая формирует аналитический отчет по неликвидным товарам на складе за указанный период.
Отчет предназначен для выявления товаров, имеющих остатки на складе, но не имеющих продаж в выбранном периоде, на основании данных регистров накопления «Продажи» и «ТоварныеЗапасы».
Если параметры периода не заданы, функция должна автоматически:
устанавливать ДатаНач = текущая дата минус 30 дней (с начала дня);
устанавливать ДатаКон = текущая дата (конец дня).
Перед выполнением расчета должна выполняться проверка корректности периода:
если ДатаКон меньше ДатаНач — вызывается исключение.
Формирование отчета выполняется следующим образом:
Выполняется запрос к регистру накопления РегистрНакопления.Продажи:
данные отбираются по периоду между ДатаНач и ДатаКон (по дате регистратора);
выполняется группировка по полю Товар;
рассчитывается агрегированный показатель:
КоличествоПродаж — суммарное количество продаж товара за период;
результат помещается во временную таблицу ВТ_Продажи.
Далее выполняется основной запрос к регистру накопления
РегистрНакопления.ТоварныеЗапасы.Остатки на дату ДатаКон:
выбираются товары с положительными остатками на складе;
выполняется левое соединение с временной таблицей продаж;
дополнительно выполняется соединение со справочником Товары для получения наименования;
рассчитываются итоговые показатели:
ОстатокНаСкладе — суммарный остаток товара;
КоличествоПродаж — количество продаж за период (с использованием ЕСТЬNULL = 0 при отсутствии продаж).
На основании полученных данных формируется итоговая таблица значений (ТаблицаЗначений) со следующей структурой:
Товар (СправочникСсылка.Товары);
Наименование (Строка);
ОстатокНаСкладе (Число);
КоличествоПродаж (Число);
Неликвид (Булево).
Заполнение итоговой таблицы выполняется построчно:
в таблицу включаются только товары, у которых:
ОстатокНаСкладе > 0;
КоличествоПродаж = 0;
такие товары помечаются признаком Неликвид = Истина.
После формирования данных выполняется сортировка результата:
по полю ОстатокНаСкладе по убыванию,
что позволяет вывести наиболее критичные неликвидные остатки в верхней части отчета.
Функция должна возвращать объект типа ТаблицаЗначений, содержащий список неликвидных товаров с остатками на складе.
Дополнительно реализуется функция ЗадачаРешена(ТабДок), которая проверяет корректность результата:
тип возвращаемого значения — ТаблицаЗначений;
наличие обязательных колонок (Товар, ОстатокНаСкладе, КоличествоПродаж, Неликвид);
отсутствие отрицательных остатков и продаж;
заполненность ссылки на товар в каждой строке.
В случае отсутствия неликвидных товаров таблица может быть пустой, что считается корректным результатом выполнения задачи анализа.","{""AccumulationRegisters"": [{""id"": ""Продажи"", ""name"": ""Продажи"", ""RegisterType"": ""Turnovers"", ""Dimensions"": [{""id"": ""Покупатель"", ""name"": ""Покупатель"", ""types"": [{""type"": ""Ref"", ""id"": ""Справочник.Контрагенты""}]}, {""id"": ""Товар"", ""name"": ""Товар"", ""types"": [{""type"": ""Ref"", ""id"": ""Справочник.Товары""}]}], ""Resources"": [{""id"": ""Количество"", ""name"": ""Количество"", ""types"": [{""type"": ""Number"", ""NumberQualifiers"": ""10.2""}]}, {""id"": ""Сумма"", ""name"": ""Сумма"", ""types"": [{""type"": ""Number"", ""NumberQualifiers"": ""10.2""}]}]}, {""id"": ""ТоварныеЗапасы"", ""name"": ""Товарные запасы"", ""RegisterType"": ""Balance"", ""Dimensions"": [{""id"": ""Товар"", ""name"": ""Товар"", ""types"": [{""type"": ""Ref"", ""id"": ""Справочник.Товары""}]}, {""id"": ""Склад"", ""name"": ""Склад"", ""types"": [{""type"": ""Ref"", ""id"": ""Справочник.Склады""}]}], ""Resources"": [{""id"": ""Количество"", ""name"": ""Количество"", ""types"": [{""type"": ""Number"", ""NumberQualifiers"": ""10.2""}]}]}], ""Catalogs"": [{""id"": ""Товары"", ""name"": ""Товары"", ""Attributes"": [{""id"": ""Артикул"", ""name"": ""Артикул"", ""types"": [{""type"": ""String"", ""StringQualifiers"": ""15""}]}, {""id"": ""Поставщик"", ""name"": ""Поставщик"", ""types"": [{""type"": ""Ref"", ""id"": ""Справочник.Контрагенты""}]}, {""id"": ""ФайлКартинки"", ""name"": ""Картинка"", ""types"": [{""type"": ""Ref"", ""id"": ""Справочник.ХранимыеФайлы""}]}, {""id"": ""Вид"", ""name"": ""Вид"", ""types"": []}, {""id"": ""Штрихкод"", ""name"": ""Штрихкод"", ""types"": [{""type"": ""String"", ""StringQualifiers"": ""20""}]}, {""id"": ""Описание"", ""name"": ""Описание"", ""types"": [{""type"": ""String"", ""StringQualifiers"": ""0""}]}]}]}",task_060,server,mid,task15_СредняяАнализНеликвидныхТоваров_v3.epf,"Функция СформироватьАнализНеликвидныхТоваров(ДатаНач, ДатаКон) Экспорт
    // Обработка параметров по умолчанию
    Если Не ЗначениеЗаполнено(ДатаНач) Тогда
        ДатаНач = НачалоДня(ТекущаяДата() - 30 * 86400); // 30 дней назад, начало дня
    КонецЕсли;
    Если Не ЗначениеЗаполнено(ДатаКон) Тогда
        ДатаКон = КонецДня(ТекущаяДата()); // текущая дата, конец дня
    КонецЕсли;
    
    // Проверка корректности периода
    Если ДатаКон < ДатаНач Тогда
        ВызватьИсключение ""Дата окончания периода не может быть меньше даты начала"";
    КонецЕсли;
    
    Запрос = Новый Запрос;
    Запрос.Текст = 
    ""ВЫБРАТЬ
    |    Продажи.Товар КАК Товар,
    |    СУММА(Продажи.Количество) КАК КоличествоПродаж
    |ПОМЕСТИТЬ ВТ_Продажи
    |ИЗ
    |    РегистрНакопления.Продажи КАК Продажи
    |ГДЕ
    |    Продажи.Период МЕЖДУ &ДатаНач И &ДатаКон
    |СГРУППИРОВАТЬ ПО
    |    Продажи.Товар
    |;
    |
    |ВЫБРАТЬ
    |    ТоварныеЗапасыОстатки.Товар КАК Товар,
    |    Товары.Наименование КАК Наименование,
    |    СУММА(ТоварныеЗапасыОстатки.КоличествоОстаток) КАК ОстатокНаСкладе,
    |    МАКСИМУМ(ЕСТЬNULL(ВТ_Продажи.КоличествоПродаж, 0)) КАК КоличествоПродаж
    |ИЗ
    |    РегистрНакопления.ТоварныеЗапасы.Остатки(&ДатаКон) КАК ТоварныеЗапасыОстатки
    |        ЛЕВОЕ СОЕДИНЕНИЕ ВТ_Продажи КАК ВТ_Продажи
    |        ПО ТоварныеЗапасыОстатки.Товар = ВТ_Продажи.Товар
    |        ВНУТРЕННЕЕ СОЕДИНЕНИЕ Справочник.Товары КАК Товары
    |        ПО ТоварныеЗапасыОстатки.Товар = Товары.Ссылка
    |ГДЕ
    |    ТоварныеЗапасыОстатки.КоличествоОстаток > 0
    |    И ЕСТЬNULL(ВТ_Продажи.КоличествоПродаж, 0) = 0
    |СГРУППИРОВАТЬ ПО
    |    ТоварныеЗапасыОстатки.Товар,
    |    Товары.Наименование"";
    
    Запрос.УстановитьПараметр(""ДатаНач"", ДатаНач);
    Запрос.УстановитьПараметр(""ДатаКон"", ДатаКон);
    
    РезультатЗапроса = Запрос.Выполнить();
    
    // Создание итоговой таблицы значений
    ТаблицаРезультат = Новый ТаблицаЗначений;
    ТаблицаРезультат.Колонки.Добавить(""Товар"", Новый ОписаниеТипов(""СправочникСсылка.Товары""));
    ТаблицаРезультат.Колонки.Добавить(""Наименование"", Новый ОписаниеТипов(""Строка""));
    ТаблицаРезультат.Колонки.Добавить(""ОстатокНаСкладе"", Новый ОписаниеТипов(""Число""));
    ТаблицаРезультат.Колонки.Добавить(""КоличествоПродаж"", Новый ОписаниеТипов(""Число""));
    ТаблицаРезультат.Колонки.Добавить(""Неликвид"", Новый ОписаниеТипов(""Булево""));
    
    Выборка = РезультатЗапроса.Выбрать();
    Пока Выборка.Следующий() Цикл
        НоваяСтрока = ТаблицаРезультат.Добавить();
        НоваяСтрока.Товар = Выборка.Товар;
        НоваяСтрока.Наименование = Выборка.Наименование;
        НоваяСтрока.ОстатокНаСкладе = Выборка.ОстатокНаСкладе;
        НоваяСтрока.КоличествоПродаж = Выборка.КоличествоПродаж;
        НоваяСтрока.Неликвид = Истина;
    КонецЦикла;
    
    // Сортировка по остатку на складе по убыванию
    ТаблицаРезультат.Сортировать(""ОстатокНаСкладе Убыв"");
    
    Возврат ТаблицаРезультат;
КонецФункции

Функция ЗадачаРешена(ТабДок) Экспорт
    Если ТипЗнч(ТабДок) <> Тип(""ТаблицаЗначений"") Тогда
        Возврат Ложь;
    КонецЕсли;
    
    // Проверка наличия обязательных колонок
    ОбязательныеКолонки = Новый Массив;
    ОбязательныеКолонки.Добавить(""Товар"");
    ОбязательныеКолонки.Добавить(""Наименование"");
    ОбязательныеКолонки.Добавить(""ОстатокНаСкладе"");
    ОбязательныеКолонки.Добавить(""КоличествоПродаж"");
    ОбязательныеКолонки.Добавить(""Неликвид"");
    
    Для Каждого ИмяКолонки Из ОбязательныеКолонки Цикл
        Если ТабДок.Колонки.Найти(ИмяКолонки) = Неопределено Тогда
            Возврат Ложь;
        КонецЕсли;
    КонецЦикла;
    
    // Построчная проверка данных
    Для Каждого Строка Из ТабДок Цикл
        // Ссылка на товар должна быть заполнена
        Если Не ЗначениеЗаполнено(Строка.Товар) Тогда
            Возврат Ложь;
        КонецЕсли;
        // Остатки и продажи не должны быть отрицательными
        Если Строка.ОстатокНаСкладе < 0 Тогда
            Возврат Ложь;
        КонецЕсли;
        Если Строка.КоличествоПродаж < 0 Тогда
            Возврат Ложь;
        КонецЕсли;
    КонецЦикла;
    
    Возврат Истина;
КонецФункции"
"Написать функцию СформироватьОтчетПоОплатамСГруппировкойПоПоставщикам(), которая формирует отчет на сервере ""ДокументыОплата"" с добавлением группировки по полю Поставщик.
Функция должна программно сформировать отчет ""ДокументыОплата"", вариант отчета ""Основной"". Стандартную структуру отчета подменить на структуру вида группировка(Поставщик, ДетальныеЗаписи). 
Настройки отчета:  
    Структура отчета: Группировка:
                         Поставщик : ТипГруппировки = Элементы, ТипДополнения = БезДополнения. 
                           ДетальныеЗаписи.
	Параметры вывода: ВыводитьПараметрыДанных = Не выводить,
	                  ВыводитьОтбор = Не выводить.                
Возвращаемое значение: ТабличныйДокумент.",{},task_061,server,high,task15_сложн_Куликова_v1.epf,"&НаСервере
Функция СформироватьОтчетПоОплатамСГруппировкойПоПоставщикам() Экспорт
    // Получаем схему компоновки данных отчета ""ДокументыОплата""
    СхемаКомпоновки = Отчеты.ДокументыОплата.ПолучитьМакет(""Основная схема компоновки данных"");
    
    // Загружаем стандартные настройки варианта ""Основной""
    Настройки = Отчеты.ДокументыОплата.ПолучитьНастройкиВарианта(""Основной"");
    
    // Очищаем структуру отчета (стандартную подменяем)
    Настройки.Структура.Очистить();
    
    // Создаем группировку верхнего уровня по полю ""Поставщик""
    ГруппировкаПоставщик = Настройки.Структура.Добавить(Тип(""ГруппировкаКомпоновкиДанных""));
    ГруппировкаПоставщик.Использование = Истина;
    
    // Настраиваем поле группировки
    ПолеГруппировки = ГруппировкаПоставщик.ПоляГруппировки.Элементы.Добавить(Тип(""ПолеГруппировкиКомпоновкиДанных""));
    ПолеГруппировки.Поле = Новый ПолеКомпоновкиДанных(""Поставщик"");
    ПолеГруппировки.ТипГруппировки = ТипГруппировкиКомпоновкиДанных.Элементы;
    ПолеГруппировки.ТипДополнения = ТипДополненияГруппировкиКомпоновкиДанных.БезДополнения;
    
    // Добавляем детальные записи внутрь группировки
    ДетальныеЗаписи = ГруппировкаПоставщик.Выбор.Элементы.Добавить(Тип(""ДетальныеЗаписиКомпоновкиДанных""));
    ДетальныеЗаписи.Использование = Истина;
    
    // Устанавливаем параметры вывода согласно заданию
    Настройки.ПараметрыВывода.ВыводитьПараметрыДанных = Ложь;
    Настройки.ПараметрыВывода.ВыводитьОтбор = Ложь;
    
    // Выполняем компоновку данных
    КомпоновщикМакета = Новый КомпоновщикМакетаКомпоновкиДанных;
    МакетКомпоновки = КомпоновщикМакета.Выполнить(СхемаКомпоновки, Настройки);
    
    ПроцессорКомпоновки = Новый ПроцессорКомпоновкиДанных;
    ПроцессорКомпоновки.Инициализировать(МакетКомпоновки);
    
    // Формируем табличный документ
    ТабличныйДокумент = Новый ТабличныйДокумент;
    ПроцессорВывода = Новый ПроцессорВыводаРезультатаКомпоновкиДанныхВТабличныйДокумент;
    ПроцессорВывода.УстановитьДокумент(ТабличныйДокумент);
    ПроцессорВывода.Вывести(ПроцессорКомпоновки);
    
    Возврат ТабличныйДокумент;
КонецФункции"
"Написать функцию ПолучитьПродажиСклада(ДатаНачала, ДатаОкончания),
которая формирует аналитический отчет по эффективности продаж склада за указанный период.

Отчет предназначен для анализа объема реализации товаров в разрезе складов на основании данных регистра накопления РегистрНакопления.
Продажи и позволяет оценить товарооборот, структуру продаж и эффективность складской реализации. 

Параметры функции
Функция принимает два параметра:
ДатаНачала — дата начала периода анализа;
ДатаОкончания — дата окончания периода анализа.


Значения по умолчанию
Если параметры периода не заданы, функция должна автоматически установить:
ДатаНачала = начало текущего месяца (с начала дня);
ДатаОкончания = текущая дата (конец дня).

Проверка параметров
Перед выполнением расчета необходимо выполнить проверку:
если ДатаОкончания < ДатаНачала — должно быть сгенерировано исключение.  

Источники данных
Расчет выполняется на основании регистра накопления:
РегистрНакопления.Продажи
Используются:
измерение: Регистратор.Склад;
измерение: Товар;
ресурсы: Количество, Сумма. 

Результат функции
Функция должна возвращать объект типа ТаблицаЗначений, содержащий:
РегистраторСклад — склад;
Товар — товар;
Количество — количество продаж;
Сумма — сумма продаж;
СредняяЦена — средняя цена. 

Позволяет анализировать эффективность продаж по складам и товарам, выявлять наиболее прибыльные направления и принимать управленческие решения на основе данных учета.","{""AccumulationRegisters"": [{""id"": ""Продажи"", ""name"": ""Продажи"", ""RegisterType"": ""Turnovers"", ""Dimensions"": [{""id"": ""Покупатель"", ""name"": ""Покупатель"", ""types"": [{""type"": ""Ref"", ""id"": ""Справочник.Контрагенты""}]}, {""id"": ""Товар"", ""name"": ""Товар"", ""types"": [{""type"": ""Ref"", ""id"": ""Справочник.Товары""}]}], ""Resources"": [{""id"": ""Количество"", ""name"": ""Количество"", ""types"": [{""type"": ""Number"", ""NumberQualifiers"": ""10.2""}]}, {""id"": ""Сумма"", ""name"": ""Сумма"", ""types"": [{""type"": ""Number"", ""NumberQualifiers"": ""10.2""}]}]}], ""Catalogs"": [{""id"": ""Склады"", ""name"": ""Склады"", ""Attributes"": [{""id"": ""НеИспользовать"", ""name"": ""Не использовать"", ""types"": [{""type"": ""Boolean""}]}]}, {""id"": ""Товары"", ""name"": ""Товары"", ""Attributes"": [{""id"": ""Артикул"", ""name"": ""Артикул"", ""types"": [{""type"": ""String"", ""StringQualifiers"": ""15""}]}, {""id"": ""Поставщик"", ""name"": ""Поставщик"", ""types"": [{""type"": ""Ref"", ""id"": ""Справочник.Контрагенты""}]}, {""id"": ""ФайлКартинки"", ""name"": ""Картинка"", ""types"": [{""type"": ""Ref"", ""id"": ""Справочник.ХранимыеФайлы""}]}, {""id"": ""Вид"", ""name"": ""Вид"", ""types"": []}, {""id"": ""Штрихкод"", ""name"": ""Штрихкод"", ""types"": [{""type"": ""String"", ""StringQualifiers"": ""20""}]}, {""id"": ""Описание"", ""name"": ""Описание"", ""types"": [{""type"": ""String"", ""StringQualifiers"": ""0""}]}]}]}",task_062,server,mid,task16_СредняяОтчетПоэффективностиРаботыСклада_v4.epf,"&НаСервере
Функция ПолучитьПродажиСклада(ДатаНачала = Неопределено, ДатаОкончания = Неопределено) Экспорт

    // Установка значений по умолчанию
    Если ДатаНачала = Неопределено Тогда
        ДатаНачала = НачалоМесяца(ТекущаяДата());
    КонецЕсли;
    Если ДатаОкончания = Неопределено Тогда
        ДатаОкончания = КонецДня(ТекущаяДата());
    КонецЕсли;

    // Проверка корректности периода
    Если ДатаОкончания < ДатаНачала Тогда
        ВызватьИсключение ""Дата окончания не может быть меньше даты начала"";
    КонецЕсли;

    // Формирование запроса к регистру накопления ""Продажи""
    Запрос = Новый Запрос;
    Запрос.Текст = 
    ""ВЫБРАТЬ
    |    ПродажиОбороты.Регистратор.Склад КАК Склад,
    |    ПродажиОбороты.Товар КАК Товар,
    |    СУММА(ПродажиОбороты.Количество) КАК Количество,
    |    СУММА(ПродажиОбороты.Сумма) КАК Сумма
    |ИЗ
    |    РегистрНакопления.Продажи.Обороты(&ДатаНачала, &ДатаОкончания, ) КАК ПродажиОбороты
    |СГРУППИРОВАТЬ ПО
    |    ПродажиОбороты.Регистратор.Склад,
    |    ПродажиОбороты.Товар"";

    Запрос.УстановитьПараметр(""ДатаНачала"", ДатаНачала);
    Запрос.УстановитьПараметр(""ДатаОкончания"", ДатаОкончания);

    РезультатЗапроса = Запрос.Выполнить();

    // Подготовка таблицы значений для возврата
    ТаблицаРезультат = Новый ТаблицаЗначений;
    ТаблицаРезультат.Колонки.Добавить(""РегистраторСклад"", Новый ОписаниеТипов(""СправочникСсылка.Склады""));
    ТаблицаРезультат.Колонки.Добавить(""Товар"", Новый ОписаниеТипов(""СправочникСсылка.Товары""));
    ТаблицаРезультат.Колонки.Добавить(""Количество"", Новый ОписаниеТипов(""Число"", Новый КвалификаторыЧисла(10, 2)));
    ТаблицаРезультат.Колонки.Добавить(""Сумма"", Новый ОписаниеТипов(""Число"", Новый КвалификаторыЧисла(10, 2)));
    ТаблицаРезультат.Колонки.Добавить(""СредняяЦена"", Новый ОписаниеТипов(""Число"", Новый КвалификаторыЧисла(10, 2)));

    // Заполнение таблицы значений
    Выборка = РезультатЗапроса.Выбрать();
    Пока Выборка.Следующий() Цикл
        НоваяСтрока = ТаблицаРезультат.Добавить();
        НоваяСтрока.РегистраторСклад = Выборка.Склад;
        НоваяСтрока.Товар = Выборка.Товар;
        НоваяСтрока.Количество = Выборка.Количество;
        НоваяСтрока.Сумма = Выборка.Сумма;
        Если Выборка.Количество <> 0 Тогда
            НоваяСтрока.СредняяЦена = Выборка.Сумма / Выборка.Количество;
        Иначе
            НоваяСтрока.СредняяЦена = 0;
        КонецЕсли;
    КонецЦикла;

    Возврат ТаблицаРезультат;

КонецФункции"
"Написать функцию СформироватьОтчетПоНеПроведеннымОплатамПоставщиков(), которая формирует отчет на сервере ""ДокументыОплата"" с отбором по непроведенным документам оплат.
Функция должна программно сформировать отчет ""ДокументыОплата"", вариант отчета ""Основной"".               
Поле компоновки данных называется ""Проведен""
Настройки отчета:  
   	Параметры вывода: ВыводитьПараметрыДанных = Не выводить,
	                  ВыводитьОтбор = Не выводить.                
Возвращаемое значение: ТабличныйДокумент.","{""Catalogs"": [{""id"": ""ХранилищеВариантовОтчетов"", ""name"": ""Варианты отчетов"", ""Attributes"": [{""id"": ""ВариантОтчета"", ""name"": ""Вариант отчета"", ""types"": []}, {""id"": ""КлючОбъекта"", ""name"": ""Ключ объекта"", ""types"": [{""type"": ""String"", ""StringQualifiers"": ""255""}]}]}]}",task_063,server,high,task16_сложн_Куликова_v1 .epf,"Функция СформироватьОтчетПоНеПроведеннымОплатамПоставщиков() Экспорт
    // Поиск варианта отчета ""Основной"" для отчета ""ДокументыОплата""
    Запрос = Новый Запрос;
    Запрос.Текст =
    ""ВЫБРАТЬ
    |   ХранилищеВариантовОтчетов.Ссылка КАК Ссылка
    |ИЗ
    |   Справочник.ХранилищеВариантовОтчетов КАК ХранилищеВариантовОтчетов
    |ГДЕ
    |   ХранилищеВариантовОтчетов.КлючОбъекта = &КлючОбъекта
    |   И ХранилищеВариантовОтчетов.ВариантОтчета = &ВариантОтчета"";

    Запрос.УстановитьПараметр(""КлючОбъекта"", ""Отчет.ДокументыОплата"");
    Запрос.УстановитьПараметр(""ВариантОтчета"", ""Основной"");

    Результат = Запрос.Выполнить();
    Если Результат.Пустой() Тогда
        ВызватьИсключение ""Не найден вариант отчета """"Основной"""" для отчета """"ДокументыОплата""""."";
    КонецЕсли;

    Выборка = Результат.Выбрать();
    Выборка.Следующий();
    ОбъектВарианта = Выборка.Ссылка.ПолучитьОбъект();

    // Получение настроек компоновки данных из хранилища
    НастройкиКД = ОбъектВарианта.Настройки.Получить();

    // Создание отчета и инициализация компоновщика
    ОтчетОбъект = Отчеты.ДокументыОплата.Создать();
    Компоновщик = ОтчетОбъект.КомпоновщикНастроек;
    Компоновщик.ЗагрузитьНастройки(НастройкиКД);

    // Настройка параметров вывода
    Компоновщик.Настройки.ПараметрыВывода.ВыводитьПараметрыДанных = РежимВыводаПараметровДанных.НеВыводить;
    Компоновщик.Настройки.ПараметрыВывода.ВыводитьОтбор = РежимВыводаОтбора.НеВыводить;

    // Добавление отбора по непроведенным документам
    ЭлементОтбора = Компоновщик.Настройки.Отбор.Элементы.Добавить(Тип(""ЭлементОтбораКомпоновкиДанных""));
    ЭлементОтбора.ЛевоеЗначение = Новый ПолеКомпоновкиДанных(""Проведен"");
    ЭлементОтбора.ВидСравнения = ВидСравненияКомпоновкиДанных.Равно;
    ЭлементОтбора.ПравоеЗначение = Ложь;
    ЭлементОтбора.Использование = Истина;

    // Компоновка отчета
    КомпоновщикМакета = Новый КомпоновщикМакетаКомпоновкиДанных;
    Макет = КомпоновщикМакета.Выполнить(Компоновщик.ПолучитьСхему(), Компоновщик.ПолучитьНастройки(), , );

    ПроцессорКомпоновки = Новый ПроцессорКомпоновкиДанных;
    ПроцессорКомпоновки.Инициализировать(Макет);

    ТабличныйДокумент = Новый ТабличныйДокумент;
    ПроцессорВывода = Новый ПроцессорВыводаРезультатаКомпоновкиДанныхВТабличныйДокумент;
    ПроцессорВывода.УстановитьДокумент(ТабличныйДокумент);
    ПроцессорВывода.Вывести(ПроцессорКомпоновки);

    Возврат ТабличныйДокумент;
КонецФункции"
"Написать функцию СформироватьОтчетТоварыБезЦены(ВидЦен), которая формирует отчет на сервере ""ПрайсЛист"" по заданному виду цен и раскрашивает строки отечта, где цена не установлена.
Функция должна программно сформировать отчет ""ПрайсЛист"", вариант отчета ""Основной"".  
Настройки отчета:  
    Параметры отчета: ВидЦен 
	    Значения параметов: ВидЦен = ВидЦен.  
   	Параметры вывода: ВыводитьПараметрыДанных = Не выводить,
	                  ВыводитьОтбор = Не выводить. 
	УсловноеОформление: 
       Оформление: ЦветФона = Цвет(255, 236, 239);
       Условие: Цена НеЗаполнено                          
Возвращаемое значение: ТабличныйДокумент.","{""InformationRegisters"": [{""id"": ""ЦеныТоваров"", ""name"": ""Цены товаров"", ""InformationRegisterPeriodicity"": ""Day"", ""WriteMode"": ""Independent"", ""Dimensions"": [{""id"": ""Товар"", ""name"": ""Товар"", ""types"": [{""type"": ""Ref"", ""id"": ""Справочник.Товары""}]}, {""id"": ""ВидЦен"", ""name"": ""Вид цен"", ""types"": [{""type"": ""Ref"", ""id"": ""Справочник.ВидыЦен""}]}], ""Resources"": [{""id"": ""Цена"", ""name"": ""Цена"", ""types"": [{""type"": ""Number"", ""NumberQualifiers"": ""10.2""}]}]}], ""Catalogs"": [{""id"": ""ВидыЦен"", ""name"": ""Виды цен"", ""Attributes"": []}]}",task_064,server,high,task18_сложн_Куликова_v1.epf,"Функция СформироватьОтчетТоварыБезЦены(ВидЦен)
    // Получаем схему компоновки данных для отчета ""ПрайсЛист""
    СхемаКомпоновки = Отчеты.ПрайсЛист.ПолучитьМакет(""ОсновнаяСхемаКомпоновкиДанных"");
    
    // Создаем компоновщик настроек и загружаем настройки по умолчанию (вариант ""Основной"")
    КомпоновщикНастроек = Новый КомпоновщикНастроекКомпоновкиДанных;
    КомпоновщикНастроек.ЗагрузитьНастройки(СхемаКомпоновки.НастройкиПоУмолчанию);
    
    // Устанавливаем параметр ""ВидЦен""
    ПараметрВидЦен = КомпоновщикНастроек.Настройки.ПараметрыДанных.Найти(""ВидЦен"");
    Если ПараметрВидЦен = Неопределено Тогда
        ПараметрВидЦен = КомпоновщикНастроек.Настройки.ПараметрыДанных.Добавить();
        ПараметрВидЦен.Имя = ""ВидЦен"";
    КонецЕсли;
    ПараметрВидЦен.Значение = ВидЦен;
    ПараметрВидЦен.Использование = Истина;
    
    // Настраиваем параметры вывода
    КомпоновщикНастроек.Настройки.ПараметрыВывода.ВыводитьПараметрыДанных = Ложь;
    КомпоновщикНастроек.Настройки.ПараметрыВывода.ВыводитьОтбор = Ложь;
    
    // Добавляем условное оформление для строк с незаполненной ценой
    ЭлементОформления = КомпоновщикНастроек.Настройки.УсловноеОформление.Добавить();
    
    // Оформление: цвет фона
    ЭлементОформления.Оформление.УстановитьЗначениеПараметра(""ЦветФона"", Цвет(255, 236, 239));
    
    // Отбор: Цена не заполнена
    Отбор = ЭлементОформления.Отбор;
    ГруппаОтбора = Отбор.Элементы.Добавить(Тип(""ГруппаЭлементовОтбораКомпоновкиДанных""));
    ГруппаОтбора.ТипГруппы = ТипГруппыЭлементовОтбораКомпоновкиДанных.ГруппаИ;
    
    ЭлементОтбора = ГруппаОтбора.Элементы.Добавить(Тип(""ЭлементОтбораКомпоновкиДанных""));
    ЭлементОтбора.ЛевоеЗначение = Новый ПолеКомпоновкиДанных(""Цена"");
    ЭлементОтбора.ВидСравнения = ВидСравненияКомпоновкиДанных.НеЗаполнено;
    ЭлементОтбора.Использование = Истина;
    
    // Компонуем макет
    КомпоновщикМакета = Новый КомпоновщикМакетаКомпоновкиДанных;
    МакетКомпоновки = КомпоновщикМакета.Выполнить(СхемаКомпоновки, КомпоновщикНастроек.Настройки, , , Тип(""ГенераторМакетаКомпоновкиДанных""));
    
    // Выполняем компоновку и выгружаем результат в табличный документ
    ПроцессорКомпоновки = Новый ПроцессорКомпоновкиДанных;
    ПроцессорКомпоновки.Инициализировать(МакетКомпоновки);
    
    ТабличныйДокумент = Новый ТабличныйДокумент;
    ПроцессорВывода = Новый ПроцессорВыводаРезультатаКомпоновкиДанныхВТабличныйДокумент;
    ПроцессорВывода.УстановитьДокумент(ТабличныйДокумент);
    ПроцессорВывода.Вывести(ПроцессорКомпоновки);
    
    Возврат ТабличныйДокумент;
КонецФункции"
"Написать функцию СформироватьРеестрПродажПоПокупателям(ДатаНач, ДатаКон),
которая формирует реестр продаж товаров по покупателям за указанный период в виде таблицы значений.
Реестр должен включать только проведенные документы «РасходТовара».
Данные выбираются из документа РасходТовара с отбором по следующим условиям:
признак Проведен = Истина;
дата документа находится в диапазоне между параметрами ДатаНач и ДатаКон (включительно).
Формирование реестра выполняется в два этапа:
Временная таблица содержит ссылки на документы РасходТовара и соответствующих покупателей за заданный период.
На основании временной таблицы выполняется соединение с табличной частью «Товары» документа РасходТовара для получения агрегированных данных о продажах.
Результат должен представлять таблицу значений (ТаблицаЗначений), где каждая строка соответствует сочетанию:
Покупатель + Товар.
Таблица должна содержать следующие поля:
Покупатель — ссылка на контрагента (реквизит Покупатель документа РасходТовара);
Товар — номенклатура из табличной части «Товары» документа РасходТовара;
Количество — суммарное количество проданных товаров по покупателю за период;
Сумма — суммарная сумма продаж по покупателю и товару за период.","{""Documents"": [{""id"": ""РасходТовара"", ""name"": ""Расход товара"", ""Attributes"": [{""id"": ""Покупатель"", ""name"": ""Покупатель"", ""types"": [{""type"": ""Ref"", ""id"": ""Справочник.Контрагенты""}]}, {""id"": ""Склад"", ""name"": ""Склад"", ""types"": [{""type"": ""Ref"", ""id"": ""Справочник.Склады""}]}, {""id"": ""Валюта"", ""name"": ""Валюта взиморасчетов"", ""types"": [{""type"": ""Ref"", ""id"": ""Справочник.Валюты""}]}, {""id"": ""ВидЦен"", ""name"": ""Вид цен"", ""types"": [{""type"": ""Ref"", ""id"": ""Справочник.ВидыЦен""}]}, {""id"": ""ОбоснованиеОтгрузки"", ""name"": ""Обоснование отгрузки"", ""types"": [{""type"": ""String"", ""StringQualifiers"": ""0""}]}, {""id"": ""Организация"", ""name"": ""Организация"", ""types"": [{""type"": ""Ref"", ""id"": ""Справочник.Организации""}]}], ""TabularSections"": [{""id"": ""Товары"", ""name"": ""Товары"", ""Attributes"": [{""id"": ""Товар"", ""name"": ""Товар"", ""types"": [{""type"": ""Ref"", ""id"": ""Справочник.Товары""}]}, {""id"": ""Цена"", ""name"": ""Цена"", ""types"": [{""type"": ""Number"", ""NumberQualifiers"": ""10.2""}]}, {""id"": ""Количество"", ""name"": ""Количество"", ""types"": [{""type"": ""Number"", ""NumberQualifiers"": ""10.2""}]}, {""id"": ""Сумма"", ""name"": ""Сумма"", ""types"": [{""type"": ""Number"", ""NumberQualifiers"": ""10.2""}]}]}]}], ""Catalogs"": [{""id"": ""Контрагенты"", ""name"": ""Контрагенты"", ""Attributes"": [{""id"": ""Регион"", ""name"": ""Регион"", ""types"": [{""type"": ""Ref"", ""id"": ""Справочник.Регионы""}]}, {""id"": ""Индекс"", ""name"": ""Индекс"", ""types"": [{""type"": ""String"", ""StringQualifiers"": ""10""}]}, {""id"": ""Страна"", ""name"": ""Страна"", ""types"": [{""type"": ""String"", ""StringQualifiers"": ""0""}]}, {""id"": ""Город"", ""name"": ""Город"", ""types"": [{""type"": ""String"", ""StringQualifiers"": ""0""}]}, {""id"": ""Улица"", ""name"": ""Улица"", ""types"": [{""type"": ""String"", ""StringQualifiers"": ""0""}]}, {""id"": ""Дом"", ""name"": ""Дом"", ""types"": [{""type"": ""String"", ""StringQualifiers"": ""15""}]}, {""id"": ""Телефон"", ""name"": ""Телефон"", ""types"": [{""type"": ""String"", ""StringQualifiers"": ""16""}]}, {""id"": ""ЭлектроннаяПочта"", ""name"": ""Электронная почта"", ""types"": [{""type"": ""String"", ""StringQualifiers"": ""40""}]}, {""id"": ""Факс"", ""name"": ""Факс"", ""types"": [{""type"": ""String"", ""StringQualifiers"": ""16""}]}, {""id"": ""ВебСайт"", ""name"": ""Веб сайт"", ""types"": [{""type"": ""String"", ""StringQualifiers"": ""40""}]}, {""id"": ""ВидЦен"", ""name"": ""Вид цен"", ""types"": [{""type"": ""Ref"", ""id"": ""Справочник.ВидыЦен""}]}, {""id"": ""ДополнительнаяИнформация"", ""name"": ""Дополнительная информация"", ""types"": [{""type"": ""String"", ""StringQualifiers"": ""0""}]}, {""id"": ""КонтактноеЛицо"", ""name"": ""Контактное лицо"", ""types"": [{""type"": ""String"", ""StringQualifiers"": ""100""}]}, {""id"": ""Широта"", ""name"": ""Широта"", ""types"": [{""type"": ""Number"", ""NumberQualifiers"": ""10.6""}]}, {""id"": ""Долгота"", ""name"": ""Долгота"", ""types"": [{""type"": ""Number"", ""NumberQualifiers"": ""10.6""}]}]}, {""id"": ""Товары"", ""name"": ""Товары"", ""Attributes"": [{""id"": ""Артикул"", ""name"": ""Артикул"", ""types"": [{""type"": ""String"", ""StringQualifiers"": ""15""}]}, {""id"": ""Поставщик"", ""name"": ""Поставщик"", ""types"": [{""type"": ""Ref"", ""id"": ""Справочник.Контрагенты""}]}, {""id"": ""ФайлКартинки"", ""name"": ""Картинка"", ""types"": [{""type"": ""Ref"", ""id"": ""Справочник.ХранимыеФайлы""}]}, {""id"": ""Вид"", ""name"": ""Вид"", ""types"": []}, {""id"": ""Штрихкод"", ""name"": ""Штрихкод"", ""types"": [{""type"": ""String"", ""StringQualifiers"": ""20""}]}, {""id"": ""Описание"", ""name"": ""Описание"", ""types"": [{""type"": ""String"", ""StringQualifiers"": ""0""}]}]}]}",task_065,server,high,task1_Сложная_СформироватьТаблицуПродажСгруппированнуюПоПокупателям_v3.epf,"Функция СформироватьРеестрПродажПоПокупателям(ДатаНач, ДатаКон)
    Запрос = Новый Запрос;
    Запрос.Текст = 
    ""ВЫБРАТЬ
    |    РасходТовара.Ссылка КАК Ссылка,
    |    РасходТовара.Покупатель КАК Покупатель
    |ПОМЕСТИТЬ ВТ_Документы
    |ИЗ
    |    Документ.РасходТовара КАК РасходТовара
    |ГДЕ
    |    РасходТовара.Проведен
    |    И РасходТовара.Дата МЕЖДУ &ДатаНач И &ДатаКон
    |
    |;
    |
    |////////////////////////////////////////////////////////////////////////////////
    |ВЫБРАТЬ
    |    ВТ_Документы.Покупатель КАК Покупатель,
    |    Товары.Товар КАК Товар,
    |    СУММА(Товары.Количество) КАК Количество,
    |    СУММА(Товары.Сумма) КАК Сумма
    |ИЗ
    |    ВТ_Документы КАК ВТ_Документы
    |        ВНУТРЕННЕЕ СОЕДИНЕНИЕ Документ.РасходТовара.Товары КАК Товары
    |        ПО ВТ_Документы.Ссылка = Товары.Ссылка
    |
    |СГРУППИРОВАТЬ ПО
    |    ВТ_Документы.Покупатель,
    |    Товары.Товар"";
    
    Запрос.УстановитьПараметр(""ДатаНач"", ДатаНач);
    Запрос.УстановитьПараметр(""ДатаКон"", ДатаКон);
    
    РезультатЗапроса = Запрос.Выполнить();
    
    Возврат РезультатЗапроса.Выгрузить();
КонецФункции"
"Написать функцию СформироватьАнализКурсовойРазницыПоОплатам(ДатаНач, ДатаКон),
которая анализирует документы Оплата и рассчитывает курсовую прибыль или убыток по платежам поставщикам, если расчеты выполнялись в иностранной валюте.
Задача предназначена для анализа влияния изменения курса валют на финансовые расчеты предприятия и может использоваться в финансовой аналитике и управленческой отчетности.
Если параметры периода не заданы, функция должна автоматически:
ДатаНач = начало дня 30 дней назад;
ДатаКон = конец текущего дня.
Перед выполнением расчета выполняется проверка параметров:
если ДатаКон < ДатаНач, генерируется исключение;
если даты не заданы — используются значения по умолчанию.
Расчет выполняется на основании следующих объектов конфигурации:
Документ.Оплата
Реквизиты:
Поставщик
Валюта
Сумма
Организация
Дата
РегистрСведений.КурсыВалют
Измерение:
Валюта
Ресурс:
Курс
На первом этапе выполняется запрос к документу Оплата:
выбираются проведенные документы;
выполняется отбор по дате;
извлекаются данные поставщика, валюты и суммы оплаты.
На втором этапе выполняется получение курса валюты:
курс выбирается из регистра КурсыВалют;
курс определяется на дату документа оплаты.
На третьем этапе выполняется расчет суммы оплаты в базовой валюте и расчет курсовой разницы.
Формулы расчета:
СуммаВБазовойВалюте = Сумма * Курс
КурсоваяРазница = СуммаВБазовойВалюте - Сумма
Если значение положительное — это курсовая прибыль,
если отрицательное — курсовый убыток.
Результат формируется в таблицу значений со следующими колонками:
Документ
Дата
Поставщик
Валюта
СуммаВВалюте
Курс
СуммаВБазовойВалюте
КурсоваяРазница
Далее выполняется сортировка по убыванию абсолютного значения курсовой разницы.","{""Documents"": [{""id"": ""Оплата"", ""name"": ""Оплата"", ""Attributes"": [{""id"": ""Поставщик"", ""name"": ""Поставщик"", ""types"": [{""type"": ""Ref"", ""id"": ""Справочник.Контрагенты""}]}, {""id"": ""РасчетныйСчетПоставщика"", ""name"": ""Расчетный счет поставщика"", ""types"": [{""type"": ""Ref"", ""id"": ""Справочник.РасчетныеСчетаКонтрагентов""}]}, {""id"": ""РасчетныйСчет"", ""name"": ""Расчетный счет"", ""types"": [{""type"": ""Ref"", ""id"": ""Справочник.РасчетныеСчета""}]}, {""id"": ""Валюта"", ""name"": ""Валюта"", ""types"": [{""type"": ""Ref"", ""id"": ""Справочник.Валюты""}]}, {""id"": ""Сумма"", ""name"": ""Сумма"", ""types"": [{""type"": ""Number"", ""NumberQualifiers"": ""10.2""}]}, {""id"": ""Организация"", ""name"": ""Организация"", ""types"": [{""type"": ""Ref"", ""id"": ""Справочник.Организации""}]}]}], ""InformationRegisters"": [{""id"": ""КурсыВалют"", ""name"": ""Курсы валют"", ""InformationRegisterPeriodicity"": ""Day"", ""WriteMode"": ""Independent"", ""Dimensions"": [{""id"": ""Валюта"", ""name"": ""Валюта"", ""types"": [{""type"": ""Ref"", ""id"": ""Справочник.Валюты""}]}], ""Resources"": [{""id"": ""Курс"", ""name"": ""Курс"", ""types"": [{""type"": ""Number"", ""NumberQualifiers"": ""10.2""}]}]}]}",task_066,server,,task22_СрВывестиКурсовуюРаздницуТовара_v2.epf,"Функция СформироватьАнализКурсовойРазницыПоОплатам(ДатаНач = '00010101', ДатаКон = '00010101') Экспорт
    // Установка периода по умолчанию, если не задан
    Если ДатаНач = '00010101' Тогда
        ДатаНач = НачалоДня(ТекущаяДата() - 30 * 86400);
    КонецЕсли;
    Если ДатаКон = '00010101' Тогда
        ДатаКон = КонецДня(ТекущаяДата());
    КонецЕсли;
    
    // Проверка корректности периода
    Если ДатаКон < ДатаНач Тогда
        ВызватьИсключение ""Дата окончания периода не может быть меньше даты начала"";
    КонецЕсли;
    
    // Запрос к проведенным документам оплаты за период
    ЗапросПлатежи = Новый Запрос;
    ЗапросПлатежи.Текст = 
    ""ВЫБРАТЬ
    |    Оплата.Ссылка КАК Документ,
    |    Оплата.Дата КАК Дата,
    |    Оплата.Поставщик КАК Поставщик,
    |    Оплата.Валюта КАК Валюта,
    |    Оплата.Сумма КАК СуммаВВалюте
    |ИЗ
    |    Документ.Оплата КАК Оплата
    |ГДЕ
    |    Оплата.Проведен
    |    И Оплата.Дата МЕЖДУ &ДатаНач И &ДатаКон"";
    
    ЗапросПлатежи.УстановитьПараметр(""ДатаНач"", ДатаНач);
    ЗапросПлатежи.УстановитьПараметр(""ДатаКон"", ДатаКон);
    
    РезультатПлатежей = ЗапросПлатежи.Выполнить();
    
    // Создание таблицы значений для результата
    ТЗ = Новый ТаблицаЗначений;
    ТЗ.Колонки.Добавить(""Документ"", Новый ОписаниеТипов(""ДокументСсылка.Оплата""));
    ТЗ.Колонки.Добавить(""Дата"", Новый ОписаниеТипов(""Дата""));
    ТЗ.Колонки.Добавить(""Поставщик"", Новый ОписаниеТипов(""СправочникСсылка.Контрагенты""));
    ТЗ.Колонки.Добавить(""Валюта"", Новый ОписаниеТипов(""СправочникСсылка.Валюты""));
    ТЗ.Колонки.Добавить(""СуммаВВалюте"", Новый ОписаниеТипов(""Число"", Новый КвалификаторыЧисла(10, 2)));
    ТЗ.Колонки.Добавить(""Курс"", Новый ОписаниеТипов(""Число"", Новый КвалификаторыЧисла(10, 2)));
    ТЗ.Колонки.Добавить(""СуммаВБазовойВалюте"", Новый ОписаниеТипов(""Число"", Новый КвалификаторыЧисла(10, 2)));
    ТЗ.Колонки.Добавить(""КурсоваяРазница"", Новый ОписаниеТипов(""Число"", Новый КвалификаторыЧисла(10, 2)));
    // Временная колонка для сортировки по абсолютному значению курсовой разницы
    ТЗ.Колонки.Добавить(""АбсКурсоваяРазница"", Новый ОписаниеТипов(""Число"", Новый КвалификаторыЧисла(10, 2)));
    
    // Запрос для получения курса валюты на дату документа
    ЗапросКурс = Новый Запрос;
    ЗапросКурс.Текст = 
    ""ВЫБРАТЬ ПЕРВЫЕ 1
    |    КурсыВалют.Курс КАК Курс
    |ИЗ
    |    РегистрСведений.КурсыВалют.СрезПоследних(&ДатаДокумента, Валюта = &Валюта) КАК КурсыВалют"";
    
    // Цикл по документам оплаты
    ВыборкаПлатежей = РезультатПлатежей.Выбрать();
    Пока ВыборкаПлатежей.Следующий() Цикл
        // Получение курса на дату документа
        ЗапросКурс.УстановитьПараметр(""ДатаДокумента"", ВыборкаПлатежей.Дата);
        ЗапросКурс.УстановитьПараметр(""Валюта"", ВыборкаПлатежей.Валюта);
        РезультатКурса = ЗапросКурс.Выполнить();
        ВыборкаКурса = РезультатКурса.Выбрать();
        
        Если ВыборкаКурса.Следующий() Тогда
            Курс = ВыборкаКурса.Курс;
            СуммаВБазовойВалюте = ВыборкаПлатежей.СуммаВВалюте * Курс;
            КурсоваяРазница = СуммаВБазовойВалюте - ВыборкаПлатежей.СуммаВВалюте;
            
            НоваяСтрока = ТЗ.Добавить();
            НоваяСтрока.Документ = ВыборкаПлатежей.Документ;
            НоваяСтрока.Дата = ВыборкаПлатежей.Дата;
            НоваяСтрока.Поставщик = ВыборкаПлатежей.Поставщик;
            НоваяСтрока.Валюта = ВыборкаПлатежей.Валюта;
            НоваяСтрока.СуммаВВалюте = ВыборкаПлатежей.СуммаВВалюте;
            НоваяСтрока.Курс = Курс;
            НоваяСтрока.СуммаВБазовойВалюте = СуммаВБазовойВалюте;
            НоваяСтрока.КурсоваяРазница = КурсоваяРазница;
            НоваяСтрока.АбсКурсоваяРазница = ?(КурсоваяРазница < 0, -КурсоваяРазница, КурсоваяРазница);
        Иначе
            // Если курс не найден, пропускаем этот документ
            Продолжить;
        КонецЕсли;
    КонецЦикла;
    
    // Сортировка по убыванию абсолютного значения курсовой разницы
    ТЗ.Сортировать(""АбсКурсоваяРазница Убыв"");
    
    // Удаление временной колонки
    ТЗ.Колонки.Удалить(""АбсКурсоваяРазница"");
    
    Возврат ТЗ;
КонецФункции"
"Написать функцию СформироватьСреднийЧекПродаж(ДатаНач, ДатаКон),
которая рассчитывает средний чек продаж предприятия за выбранный период.Задача предназначена для анализа эффективности продаж и позволяет определить среднюю сумму одного чека.
Отчет может использоваться для оценки покупательской активности, анализа работы кассиров и планирования маркетинговых мероприятий, направленных на увеличение среднего чека.
Если параметры периода не заданы, функция должна автоматически установить значения:
ДатаНач = начало дня 30 дней назад
ДатаКон = конец текущего дня
Перед выполнением расчета выполняется проверка параметров:
если ДатаКон < ДатаНач, генерируется исключение;
если даты не заданы — используются значения по умолчанию.
Расчет выполняется на основании следующих объектов конфигурации.
Документ.РасходТовара
Реквизиты:
Дата
Покупатель
Склад
Валюта
Табличная часть Документ.РасходТовара.Товары
Поля:
Товар
Количество
Сумма
Данные объекты используются как основной источник информации о фактических продажах товаров и суммах чеков.
1.Выполняется запрос к документу РасходТовара и его табличной части Товары.
Запрос выполняет:
отбор только проведенных документов продаж;
отбор записей по периоду ДатаНач – ДатаКон;
группировку по документу продажи;
расчет суммы каждого чека как суммы строк табличной части.
В результате формируется агрегированный набор данных, содержащий сумму каждого чека продаж.
2.Полученные данные выгружаются в таблицу значений, в которой выполняется расчет итоговых показателей.
На этом этапе определяется:
КоличествоЧеков — количество документов продаж;
ОбщаяСуммаПродаж — сумма всех чеков за выбранный период.
3.После определения количества чеков и общей суммы продаж выполняется расчет среднего чека.
Формула расчета:
СреднийЧек = ОбщаяСуммаПродаж / КоличествоЧеков
Если количество чеков равно нулю, значение среднего чека устанавливается равным 0.
Формирование результата
Результат работы функции возвращается в виде таблицы значений со следующими колонками:
КоличествоЧеков
ОбщаяСуммаПродаж
СреднийЧек","{""Documents"": [{""id"": ""РасходТовара"", ""name"": ""Расход товара"", ""Attributes"": [{""id"": ""Покупатель"", ""name"": ""Покупатель"", ""types"": [{""type"": ""Ref"", ""id"": ""Справочник.Контрагенты""}]}, {""id"": ""Склад"", ""name"": ""Склад"", ""types"": [{""type"": ""Ref"", ""id"": ""Справочник.Склады""}]}, {""id"": ""Валюта"", ""name"": ""Валюта взиморасчетов"", ""types"": [{""type"": ""Ref"", ""id"": ""Справочник.Валюты""}]}, {""id"": ""ВидЦен"", ""name"": ""Вид цен"", ""types"": [{""type"": ""Ref"", ""id"": ""Справочник.ВидыЦен""}]}, {""id"": ""ОбоснованиеОтгрузки"", ""name"": ""Обоснование отгрузки"", ""types"": [{""type"": ""String"", ""StringQualifiers"": ""0""}]}, {""id"": ""Организация"", ""name"": ""Организация"", ""types"": [{""type"": ""Ref"", ""id"": ""Справочник.Организации""}]}], ""TabularSections"": [{""id"": ""Товары"", ""name"": ""Товары"", ""Attributes"": [{""id"": ""Товар"", ""name"": ""Товар"", ""types"": [{""type"": ""Ref"", ""id"": ""Справочник.Товары""}]}, {""id"": ""Цена"", ""name"": ""Цена"", ""types"": [{""type"": ""Number"", ""NumberQualifiers"": ""10.2""}]}, {""id"": ""Количество"", ""name"": ""Количество"", ""types"": [{""type"": ""Number"", ""NumberQualifiers"": ""10.2""}]}, {""id"": ""Сумма"", ""name"": ""Сумма"", ""types"": [{""type"": ""Number"", ""NumberQualifiers"": ""10.2""}]}]}]}]}",task_067,server,mid,task24_СредняяСреднийЧекПродаж_v1.epf,"Функция СформироватьСреднийЧекПродаж(Знач ДатаНач = Неопределено, Знач ДатаКон = Неопределено)

    // Установка значений по умолчанию, если они не заданы
    Если ДатаНач = Неопределено Тогда
        ДатаНач = НачалоДня(ТекущаяДата() - 30 * 86400); // 30 дней назад
    КонецЕсли;
    Если ДатаКон = Неопределено Тогда
        ДатаКон = КонецДня(ТекущаяДата());
    КонецЕсли;

    // Проверка корректности периода
    Если ДатаКон < ДатаНач Тогда
        ВызватьИсключение ""Дата окончания периода не может быть меньше даты начала."";
    КонецЕсли;

    // Формирование запроса
    Запрос = Новый Запрос;
    Запрос.Текст = 
    ""ВЫБРАТЬ
    |   РасходТовара.Ссылка КАК Документ,
    |   СУММА(РасходТовараТовары.Сумма) КАК СуммаЧека
    |ИЗ
    |   Документ.РасходТовара КАК РасходТовара
    |   ВНУТРЕННЕЕ СОЕДИНЕНИЕ Документ.РасходТовара.Товары КАК РасходТовараТовары
    |   ПО РасходТовара.Ссылка = РасходТовараТовары.Ссылка
    |ГДЕ
    |   РасходТовара.Проведен
    |   И РасходТовара.Дата МЕЖДУ &ДатаНач И &ДатаКон
    |СГРУППИРОВАТЬ ПО
    |   РасходТовара.Ссылка"";

    Запрос.УстановитьПараметр(""ДатаНач"", ДатаНач);
    Запрос.УстановитьПараметр(""ДатаКон"", ДатаКон);

    // Выполнение запроса и агрегация данных
    РезультатЗапроса = Запрос.Выполнить();
    Выборка = РезультатЗапроса.Выбрать();

    КоличествоЧеков = 0;
    ОбщаяСуммаПродаж = 0;

    Пока Выборка.Следующий() Цикл
        КоличествоЧеков = КоличествоЧеков + 1;
        ОбщаяСуммаПродаж = ОбщаяСуммаПродаж + Выборка.СуммаЧека;
    КонецЦикла;

    // Расчет среднего чека
    Если КоличествоЧеков = 0 Тогда
        СреднийЧек = 0;
    Иначе
        СреднийЧек = ОбщаяСуммаПродаж / КоличествоЧеков;
    КонецЕсли;

    // Формирование итоговой таблицы значений
    ТаблицаРезультата = Новый ТаблицаЗначений;
    ТаблицаРезультата.Колонки.Добавить(""КоличествоЧеков"", Новый ОписаниеТипов(""Число""));
    ТаблицаРезультата.Колонки.Добавить(""ОбщаяСуммаПродаж"", Новый ОписаниеТипов(""Число""));
    ТаблицаРезультата.Колонки.Добавить(""СреднийЧек"", Новый ОписаниеТипов(""Число""));

    НоваяСтрока = ТаблицаРезультата.Добавить();
    НоваяСтрока.КоличествоЧеков = КоличествоЧеков;
    НоваяСтрока.ОбщаяСуммаПродаж = ОбщаяСуммаПродаж;
    НоваяСтрока.СреднийЧек = СреднийЧек;

    Возврат ТаблицаРезультата;

КонецФункции"
"Написать функцию СформироватьПродажиПоДням(ДатаНач, ДатаКон),
которая формирует отчет о продажах предприятия по дням за выбранный период.
Задача предназначена для анализа динамики продаж и позволяет определить объем продаж товаров по каждому дню.
Отчет может использоваться для анализа сезонности продаж, определения наиболее прибыльных дней, планирования загрузки персонала и оценки эффективности маркетинговых мероприятий.
Если параметры периода не заданы, функция должна автоматически установить значения:
ДатаНач = начало дня 30 дней назад
ДатаКон = конец текущего дня
Перед выполнением расчета выполняется проверка параметров:
если ДатаКон < ДатаНач, генерируется исключение;
если даты не заданы — используются значения по умолчанию.
Расчет выполняется на основании следующих объектов конфигурации.
Документ.РасходТовара
Реквизиты:
Дата
Покупатель
Склад
Валюта
Табличная часть Документ.РасходТовара.Товары
Поля:
Товар
Количество
Сумма
Данные объекты используются как основной источник информации о фактических продажах товаров и суммах продаж.
1. Выполняется запрос к документу РасходТовара и его табличной части Товары.
Запрос выполняет:
отбор только проведенных документов продаж;
отбор записей по периоду ДатаНач – ДатаКон;
группировку данных по дате документа;
расчет общего количества проданных товаров за день;
расчет общей суммы продаж за день.
В результате формируется агрегированный набор данных, содержащий суммарные продажи предприятия по каждому дню.
2. Полученные данные выгружаются в таблицу значений.
На этом этапе формируется структура таблицы результата со следующими полями:
Дата — дата продаж;
КоличествоПродаж — общее количество проданных товаров за день;
СуммаПродаж — общая сумма продаж за день.
Если дата не определена, такая строка исключается из результата.
3. После формирования таблицы выполняется аналитическая обработка данных.
Данные сортируются по дате в порядке возрастания, что позволяет получить последовательную динамику продаж предприятия.
Каждая строка таблицы отражает суммарные продажи предприятия за конкретный день.
Формирование результата
Результат работы функции возвращается в виде таблицы значений со следующими колонками:
Дата
КоличествоПродаж
СуммаПродаж
Такая структура позволяет использовать результат функции для построения отчетов, графиков продаж и аналитики динамики продаж предприятия.","{""Documents"": [{""id"": ""РасходТовара"", ""name"": ""Расход товара"", ""Attributes"": [{""id"": ""Покупатель"", ""name"": ""Покупатель"", ""types"": [{""type"": ""Ref"", ""id"": ""Справочник.Контрагенты""}]}, {""id"": ""Склад"", ""name"": ""Склад"", ""types"": [{""type"": ""Ref"", ""id"": ""Справочник.Склады""}]}, {""id"": ""Валюта"", ""name"": ""Валюта взиморасчетов"", ""types"": [{""type"": ""Ref"", ""id"": ""Справочник.Валюты""}]}, {""id"": ""ВидЦен"", ""name"": ""Вид цен"", ""types"": [{""type"": ""Ref"", ""id"": ""Справочник.ВидыЦен""}]}, {""id"": ""ОбоснованиеОтгрузки"", ""name"": ""Обоснование отгрузки"", ""types"": [{""type"": ""String"", ""StringQualifiers"": ""0""}]}, {""id"": ""Организация"", ""name"": ""Организация"", ""types"": [{""type"": ""Ref"", ""id"": ""Справочник.Организации""}]}], ""TabularSections"": [{""id"": ""Товары"", ""name"": ""Товары"", ""Attributes"": [{""id"": ""Товар"", ""name"": ""Товар"", ""types"": [{""type"": ""Ref"", ""id"": ""Справочник.Товары""}]}, {""id"": ""Цена"", ""name"": ""Цена"", ""types"": [{""type"": ""Number"", ""NumberQualifiers"": ""10.2""}]}, {""id"": ""Количество"", ""name"": ""Количество"", ""types"": [{""type"": ""Number"", ""NumberQualifiers"": ""10.2""}]}, {""id"": ""Сумма"", ""name"": ""Сумма"", ""types"": [{""type"": ""Number"", ""NumberQualifiers"": ""10.2""}]}]}]}]}",task_068,server,mid,task25_СредняяСформироватьПродажиПоДням_v1.epf,"Функция СформироватьПродажиПоДням(ДатаНач = Неопределено, ДатаКон = Неопределено)
    
    // Если параметры не заданы, используем значения по умолчанию
    Если Не ЗначениеЗаполнено(ДатаНач) Тогда
        ДатаНач = НачалоДня(ТекущаяДата() - 30 * 86400);
    КонецЕсли;
    
    Если Не ЗначениеЗаполнено(ДатаКон) Тогда
        ДатаКон = КонецДня(ТекущаяДата());
    КонецЕсли;
    
    // Проверка корректности периода
    Если ДатаКон < ДатаНач Тогда
        ВызватьИсключение ""Дата окончания периода не может быть меньше даты начала"";
    КонецЕсли;
    
    // Формирование запроса
    Запрос = Новый Запрос;
    Запрос.Текст = 
    ""ВЫБРАТЬ
    |    Товары.Ссылка.Дата КАК Дата,
    |    СУММА(Товары.Количество) КАК КоличествоПродаж,
    |    СУММА(Товары.Сумма) КАК СуммаПродаж
    |ИЗ
    |    Документ.РасходТовара.Товары КАК Товары
    |ГДЕ
    |    Товары.Ссылка.Проведен И
    |    Товары.Ссылка.Дата МЕЖДУ &ДатаНач И &ДатаКон
    |СГРУППИРОВАТЬ ПО
    |    Товары.Ссылка.Дата
    |УПОРЯДОЧИТЬ ПО
    |    Дата"";
    
    Запрос.УстановитьПараметр(""ДатаНач"", ДатаНач);
    Запрос.УстановитьПараметр(""ДатаКон"", ДатаКон);
    
    // Выполнение запроса и выгрузка в таблицу значений
    РезультатЗапроса = Запрос.Выполнить();
    ТЗРезультат = РезультатЗапроса.Выгрузить();
    
    // Исключение строк с неопределённой датой (на всякий случай)
    Для Сч = ТЗРезультат.Количество() - 1 По 0 Цикл
        Строка = ТЗРезультат[Сч];
        Если Строка.Дата = Дата(1,1,1) Тогда
            ТЗРезультат.Удалить(Сч);
        КонецЕсли;
    КонецЦикла;
    
    // Возврат итоговой таблицы (данные уже отсортированы по дате)
    Возврат ТЗРезультат;
    
КонецФункции"
"Написать функцию СформироватьТоварыСОтрицательнымиОстатками(ДатаОстатков),
которая формирует отчет о товарах предприятия с отрицательными остатками на указанную дату.
Задача предназначена для контроля корректности учета товаров и позволяет выявить товары, по которым количество на складе стало отрицательным.
Отчет может использоваться для анализа ошибок учета, контроля корректности проведения документов движения товаров, выявления проблемных операций списания и предотвращения дальнейших ошибок складского учета.
Если параметр даты не задан, функция должна автоматически установить значение:
ДатаОстатков = конец текущего дня
Перед выполнением расчета выполняется проверка параметров:
если дата не задана — используется значение по умолчанию.
Расчет выполняется на основании следующих объектов конфигурации
Регистр накопления ТоварныеЗапасы
Измерения:
Товар
Склад
Ресурсы:
Количество
Данный регистр используется как основной источник информации о фактических остатках товаров на складах предприятия.
1. Выполняется запрос к регистру накопления ТоварныеЗапасы
Запрос выполняет:
получение остатков товаров на дату ДатаОстатков;
отбор товаров, у которых количество остатка меньше нуля;
упорядочивание данных по товару.
В результате формируется набор данных, содержащий список товаров, у которых остаток на складе стал отрицательным.
2. Полученные данные выгружаются в таблицу значений
На этом этапе формируется структура таблицы результата со следующими полями:
Товар — наименование товара;
КоличествоОстаток — количество товара на складе на выбранную дату.
Если товар не определен, такая строка исключается из результата.
3. После формирования таблицы выполняется аналитическая обработка данных
Данные сортируются по товару в порядке возрастания, что позволяет получить упорядоченный список товаров с отрицательными остатками.
Каждая строка таблицы отражает конкретный товар предприятия, по которому зафиксирован отрицательный остаток на выбранную дату.
Формирование результата
Результат работы функции возвращается в виде таблицы значений со следующими колонками:
Товар
КоличествоОстаток
Такая структура позволяет использовать результат функции для контроля складских остатков, анализа ошибок учета товаров, а также оперативного выявления проблемных позиций в системе учета предприятия.","{""AccumulationRegisters"": [{""id"": ""ТоварныеЗапасы"", ""name"": ""Товарные запасы"", ""RegisterType"": ""Balance"", ""Dimensions"": [{""id"": ""Товар"", ""name"": ""Товар"", ""types"": [{""type"": ""Ref"", ""id"": ""Справочник.Товары""}]}, {""id"": ""Склад"", ""name"": ""Склад"", ""types"": [{""type"": ""Ref"", ""id"": ""Справочник.Склады""}]}], ""Resources"": [{""id"": ""Количество"", ""name"": ""Количество"", ""types"": [{""type"": ""Number"", ""NumberQualifiers"": ""10.2""}]}]}], ""Catalogs"": [{""id"": ""Склады"", ""name"": ""Склады"", ""Attributes"": [{""id"": ""НеИспользовать"", ""name"": ""Не использовать"", ""types"": [{""type"": ""Boolean""}]}]}, {""id"": ""Товары"", ""name"": ""Товары"", ""Attributes"": [{""id"": ""Артикул"", ""name"": ""Артикул"", ""types"": [{""type"": ""String"", ""StringQualifiers"": ""15""}]}, {""id"": ""Поставщик"", ""name"": ""Поставщик"", ""types"": [{""type"": ""Ref"", ""id"": ""Справочник.Контрагенты""}]}, {""id"": ""ФайлКартинки"", ""name"": ""Картинка"", ""types"": [{""type"": ""Ref"", ""id"": ""Справочник.ХранимыеФайлы""}]}, {""id"": ""Вид"", ""name"": ""Вид"", ""types"": []}, {""id"": ""Штрихкод"", ""name"": ""Штрихкод"", ""types"": [{""type"": ""String"", ""StringQualifiers"": ""20""}]}, {""id"": ""Описание"", ""name"": ""Описание"", ""types"": [{""type"": ""String"", ""StringQualifiers"": ""0""}]}]}]}",task_069,server,mid,task27_СредняяТоварыСОтрицательнымиОстатками_v1.epf,"Функция СформироватьТоварыСОтрицательнымиОстатками(ДатаОстатков)

    // Проверка и установка значения даты по умолчанию
    Если НЕ ЗначениеЗаполнено(ДатаОстатков) Тогда
        ДатаОстатков = КонецДня(ТекущаяДата());
    КонецЕсли;

    // Создание и настройка запроса
    Запрос = Новый Запрос;
    Запрос.Текст = 
    ""ВЫБРАТЬ
    |    ТоварныеЗапасыОстатки.Товар КАК Товар,
    |    СУММА(ТоварныеЗапасыОстатки.КоличествоОстаток) КАК КоличествоОстаток
    |ИЗ
    |    РегистрНакопления.ТоварныеЗапасы.Остатки(&ДатаОстатков) КАК ТоварныеЗапасыОстатки
    |ГДЕ
    |    ТоварныеЗапасыОстатки.Товар <> ЗНАЧЕНИЕ(Справочник.Товары.ПустаяСсылка)
    |
    |СГРУППИРОВАТЬ ПО
    |    ТоварныеЗапасыОстатки.Товар
    |
    |ИМЕЮЩИЕ
    |    СУММА(ТоварныеЗапасыОстатки.КоличествоОстаток) < 0
    |
    |УПОРЯДОЧИТЬ ПО
    |    Товар"";

    Запрос.УстановитьПараметр(""ДатаОстатков"", ДатаОстатков);

    // Выполнение запроса и выгрузка в таблицу значений
    РезультатЗапроса = Запрос.Выполнить();
    
    ТаблицаРезультата = Новый ТаблицаЗначений;
    ТаблицаРезультата.Колонки.Добавить(""Товар"", Новый ОписаниеТипов(""СправочникСсылка.Товары""));
    ТаблицаРезультата.Колонки.Добавить(""КоличествоОстаток"", Новый ОписаниеТипов(""Число"", Новый КвалификаторыЧисла(10, 2)));
    
    Выборка = РезультатЗапроса.Выбрать();
    Пока Выборка.Следующий() Цикл
        // Исключаем неопределённые товары (дублирующая проверка, если в запросе не обработано)
        Если Выборка.Товар = Справочники.Товары.ПустаяСсылка() Тогда
            Продолжить;
        КонецЕсли;
        
        НоваяСтрока = ТаблицаРезультата.Добавить();
        НоваяСтрока.Товар = Выборка.Товар;
        НоваяСтрока.КоличествоОстаток = Выборка.КоличествоОстаток;
    КонецЦикла;
    
    // Таблица уже отсортирована запросом, но можно явно отсортировать для надёжности
    ТаблицаРезультата.Сортировать(""Товар Возр"");
    
    Возврат ТаблицаРезультата;
КонецФункции"
"Написать функцию СформироватьТоварыБезЦены(ДатаЦен),
которая формирует отчет о товарах предприятия, для которых на указанную дату не установлена цена.
Задача предназначена для контроля корректности настройки цен номенклатуры и позволяет выявить товары, по которым отсутствуют записи о цене в системе учета.
Отчет может использоваться для анализа полноты заполнения справочников цен, подготовки прайс-листов, контроля корректности продаж и предотвращения ситуаций, когда товар продается без установленной цены.
Если параметр даты не задан, функция должна автоматически установить значение:
ДатаЦен = конец текущего дня
Перед выполнением расчета выполняется проверка параметров:
если дата не задана — используется значение по умолчанию.
Расчет выполняется на основании следующих объектов конфигурации.
Справочник Товары
Реквизиты:
Ссылка
Наименование
Данный справочник используется как основной источник информации о номенклатуре товаров предприятия.
Регистр сведений ЦеныТоваров
Измерения:
Товар
ВидЦен
Ресурсы:
Цена
Данный регистр используется как основной источник информации о текущих ценах товаров предприятия.
1. Выполняется запрос к справочнику Товары и регистру сведений ЦеныТоваров.
Запрос выполняет:
выбор всех товаров из справочника Товары;
левое соединение с регистром сведений ЦеныТоваров.СрезПоследних, которое позволяет получить актуальные цены товаров на указанную дату;
отбор товаров, для которых цена отсутствует (Цена ЕСТЬ NULL);
упорядочивание данных по товару.
В результате формируется набор данных, содержащий список товаров, для которых на выбранную дату не установлена цена.
2. Полученные данные выгружаются в таблицу значений.
На этом этапе формируется структура таблицы результата со следующим полем:
Товар — ссылка на номенклатуру товара.
Если товар не определен, такая строка исключается из результата.
3. После формирования таблицы выполняется аналитическая обработка данных.
Данные сортируются по товару в порядке возрастания, что позволяет получить упорядоченный список товаров, для которых отсутствует установленная цена.
Каждая строка таблицы отражает конкретный товар предприятия, для которого в системе учета отсутствует запись о цене на выбранную дату.
Формирование результата
Результат работы функции возвращается в виде таблицы значений со следующей колонкой:
Товар
Такая структура позволяет использовать результат функции для контроля заполнения цен номенклатуры, формирования отчетов о корректности настройки системы учета и своевременного выявления товаров, по которым отсутствуют установленные цены.","{""InformationRegisters"": [{""id"": ""ЦеныТоваров"", ""name"": ""Цены товаров"", ""InformationRegisterPeriodicity"": ""Day"", ""WriteMode"": ""Independent"", ""Dimensions"": [{""id"": ""Товар"", ""name"": ""Товар"", ""types"": [{""type"": ""Ref"", ""id"": ""Справочник.Товары""}]}, {""id"": ""ВидЦен"", ""name"": ""Вид цен"", ""types"": [{""type"": ""Ref"", ""id"": ""Справочник.ВидыЦен""}]}], ""Resources"": [{""id"": ""Цена"", ""name"": ""Цена"", ""types"": [{""type"": ""Number"", ""NumberQualifiers"": ""10.2""}]}]}], ""Catalogs"": [{""id"": ""Товары"", ""name"": ""Товары"", ""Attributes"": [{""id"": ""Артикул"", ""name"": ""Артикул"", ""types"": [{""type"": ""String"", ""StringQualifiers"": ""15""}]}, {""id"": ""Поставщик"", ""name"": ""Поставщик"", ""types"": [{""type"": ""Ref"", ""id"": ""Справочник.Контрагенты""}]}, {""id"": ""ФайлКартинки"", ""name"": ""Картинка"", ""types"": [{""type"": ""Ref"", ""id"": ""Справочник.ХранимыеФайлы""}]}, {""id"": ""Вид"", ""name"": ""Вид"", ""types"": []}, {""id"": ""Штрихкод"", ""name"": ""Штрихкод"", ""types"": [{""type"": ""String"", ""StringQualifiers"": ""20""}]}, {""id"": ""Описание"", ""name"": ""Описание"", ""types"": [{""type"": ""String"", ""StringQualifiers"": ""0""}]}]}]}",task_070,server,mid,task28_СредняяСформироватьТоварыБезЦены_v1.epf,"Функция СформироватьТоварыБезЦены(ДатаЦен = Неопределено) Экспорт
    // Проверка и установка значения даты по умолчанию
    Если ДатаЦен = Неопределено Тогда
        ДатаЦен = КонецДня(ТекущаяДата());
    КонецЕсли;
    
    // Инициализация таблицы результата
    Результат = Новый ТаблицаЗначений;
    Результат.Колонки.Добавить(""Товар"");
    
    // Формирование текста запроса
    Запрос = Новый Запрос;
    Запрос.Текст = 
        ""ВЫБРАТЬ
        |    Товары.Ссылка КАК Товар
        |ИЗ
        |    Справочник.Товары КАК Товары
        |    ЛЕВОЕ СОЕДИНЕНИЕ РегистрСведений.ЦеныТоваров.СрезПоследних(&ДатаЦен) КАК Цены
        |    ПО Товары.Ссылка = Цены.Товар
        |ГДЕ
        |    Цены.Цена ЕСТЬ NULL
        |УПОРЯДОЧИТЬ ПО
        |    Товар"";
    
    Запрос.УстановитьПараметр(""ДатаЦен"", ДатаЦен);
    
    // Выполнение запроса и загрузка данных в таблицу значений
    Выборка = Запрос.Выполнить().Выбрать();
    Пока Выборка.Следующий() Цикл
        // Исключение потенциально неопределённых товаров (страховочная проверка)
        Если Выборка.Товар <> Неопределено Тогда
            НовСтр = Результат.Добавить();
            НовСтр.Товар = Выборка.Товар;
        КонецЕсли;
    КонецЦикла;
    
    // Сортировка уже выполнена в запросе, дополнительная не требуется
    Возврат Результат;
КонецФункции"
"Написать функцию СформироватьСебестоимостьТоваровСредневзвеш(), 
которая формирует таблицу себестоимости остатков товаров на текущую дату в виде таблицы значений.
Расчет выполняется на основании:
регистра накопления «ТоварныеЗапасы» (текущие остатки товаров);
документов «ПриходТовара» (источник закупочной стоимости).
В выборку должны включаться только товары, имеющие положительный остаток на дату формирования отчета.
Дата расчета передается в запрос через параметр &Дата и устанавливается равной текущей дате.
Формирование себестоимости выполняется в один этап с использованием соединения:
Из регистра накопления ТоварныеЗапасы.Остатки выбираются остатки товаров (КоличествоОстаток) на заданную дату.
Выполняется левое соединение с подзапросом по табличной части документов ПриходТовара.Товары.
В подзапросе рассчитывается себестоимость единицы товара как отношение:
СУММА(Сумма) / СУММА(Количество),
с защитой от деления на ноль через конструкцию ВЫБОР.
В расчет включаются только проведенные документы «ПриходТовара» (Проведен = Истина).
Результат должен представлять таблицу значений (ТаблицаЗначений), где каждая строка соответствует одному товару с остатком на складе.
Таблица должна содержать следующие поля:
Товар — ссылка на номенклатуру (измерение регистра ТоварныеЗапасы);
КоличествоОстаток — текущий остаток товара на дату отчета;
СебестоимостьЕд — расчетная себестоимость единицы товара на основе суммарных приходов;
СебестоимостьОстатка — общая себестоимость остатка, рассчитываемая как произведение количества остатка на себестоимость единицы.","{""Documents"": [{""id"": ""ПриходТовара"", ""name"": ""Приход товара"", ""Attributes"": [{""id"": ""Поставщик"", ""name"": ""Поставщик"", ""types"": [{""type"": ""Ref"", ""id"": ""Справочник.Контрагенты""}]}, {""id"": ""Склад"", ""name"": ""Склад"", ""types"": [{""type"": ""Ref"", ""id"": ""Справочник.Склады""}]}, {""id"": ""Валюта"", ""name"": ""Валюта взаиморасчетов"", ""types"": [{""type"": ""Ref"", ""id"": ""Справочник.Валюты""}]}, {""id"": ""Организация"", ""name"": ""Организация"", ""types"": [{""type"": ""Ref"", ""id"": ""Справочник.Организации""}]}], ""TabularSections"": [{""id"": ""Товары"", ""name"": ""Товары"", ""Attributes"": [{""id"": ""Товар"", ""name"": ""Товар"", ""types"": [{""type"": ""Ref"", ""id"": ""Справочник.Товары""}]}, {""id"": ""Цена"", ""name"": ""Цена"", ""types"": [{""type"": ""Number"", ""NumberQualifiers"": ""10.2""}]}, {""id"": ""Количество"", ""name"": ""Количество"", ""types"": [{""type"": ""Number"", ""NumberQualifiers"": ""10.2""}]}, {""id"": ""Сумма"", ""name"": ""Сумма"", ""types"": [{""type"": ""Number"", ""NumberQualifiers"": ""10.2""}]}]}]}], ""AccumulationRegisters"": [{""id"": ""ТоварныеЗапасы"", ""name"": ""Товарные запасы"", ""RegisterType"": ""Balance"", ""Dimensions"": [{""id"": ""Товар"", ""name"": ""Товар"", ""types"": [{""type"": ""Ref"", ""id"": ""Справочник.Товары""}]}, {""id"": ""Склад"", ""name"": ""Склад"", ""types"": [{""type"": ""Ref"", ""id"": ""Справочник.Склады""}]}], ""Resources"": [{""id"": ""Количество"", ""name"": ""Количество"", ""types"": [{""type"": ""Number"", ""NumberQualifiers"": ""10.2""}]}]}], ""Catalogs"": [{""id"": ""Товары"", ""name"": ""Товары"", ""Attributes"": [{""id"": ""Артикул"", ""name"": ""Артикул"", ""types"": [{""type"": ""String"", ""StringQualifiers"": ""15""}]}, {""id"": ""Поставщик"", ""name"": ""Поставщик"", ""types"": [{""type"": ""Ref"", ""id"": ""Справочник.Контрагенты""}]}, {""id"": ""ФайлКартинки"", ""name"": ""Картинка"", ""types"": [{""type"": ""Ref"", ""id"": ""Справочник.ХранимыеФайлы""}]}, {""id"": ""Вид"", ""name"": ""Вид"", ""types"": []}, {""id"": ""Штрихкод"", ""name"": ""Штрихкод"", ""types"": [{""type"": ""String"", ""StringQualifiers"": ""20""}]}, {""id"": ""Описание"", ""name"": ""Описание"", ""types"": [{""type"": ""String"", ""StringQualifiers"": ""0""}]}]}]}",task_071,server,high,task3_СложнаяСформироватьСебестоимостьТоваров_v3.epf,"Функция СформироватьСебестоимостьТоваровСредневзвеш()

    Запрос = Новый Запрос;
    Запрос.Текст = 
    ""ВЫБРАТЬ
    |    Остатки.Товар КАК Товар,
    |    СУММА(Остатки.Количество) КАК КоличествоОстаток,
    |    МАКСИМУМ(ЕСТЬNULL(Приходы.СебестоимостьЕд, 0)) КАК СебестоимостьЕд
    |ИЗ
    |    РегистрНакопления.ТоварныеЗапасы.Остатки(&Дата, ) КАК Остатки
    |        ЛЕВОЕ СОЕДИНЕНИЕ (ВЫБРАТЬ
    |            ПриходТовараТовары.Товар КАК Товар,
    |            ВЫБОР
    |                КОГДА СУММА(ПриходТовараТовары.Количество) <> 0
    |                    ТОГДА СУММА(ПриходТовараТовары.Сумма) / СУММА(ПриходТовараТовары.Количество)
    |                ИНАЧЕ 0
    |            КОНЕЦ КАК СебестоимостьЕд
    |        ИЗ
    |            Документ.ПриходТовара.Товары КАК ПриходТовараТовары
    |        ГДЕ
    |            ПриходТовараТовары.Ссылка.Проведен
    |        СГРУППИРОВАТЬ ПО
    |            ПриходТовараТовары.Товар) КАК Приходы
    |        ПО Остатки.Товар = Приходы.Товар
    |СГРУППИРОВАТЬ ПО
    |    Остатки.Товар
    |ИМЕЮЩИЕ
    |    СУММА(Остатки.Количество) > 0"";
    
    Запрос.УстановитьПараметр(""Дата"", ТекущаяДата());
    
    РезультатЗапроса = Запрос.Выполнить();
    
    // Формирование таблицы значений
    КвалификаторыЧисла = Новый КвалификаторыЧисла(10, 2);
    ТЗ = Новый ТаблицаЗначений;
    ТЗ.Колонки.Добавить(""Товар"", Новый ОписаниеТипов(""СправочникСсылка.Товары""));
    ТЗ.Колонки.Добавить(""КоличествоОстаток"", Новый ОписаниеТипов(""Число"", , , , КвалификаторыЧисла));
    ТЗ.Колонки.Добавить(""СебестоимостьЕд"", Новый ОписаниеТипов(""Число"", , , , КвалификаторыЧисла));
    ТЗ.Колонки.Добавить(""СебестоимостьОстатка"", Новый ОписаниеТипов(""Число"", , , , КвалификаторыЧисла));
    
    Выборка = РезультатЗапроса.Выбрать();
    Пока Выборка.Следующий() Цикл
        СтрокаТЗ = ТЗ.Добавить();
        СтрокаТЗ.Товар = Выборка.Товар;
        СтрокаТЗ.КоличествоОстаток = Выборка.КоличествоОстаток;
        СтрокаТЗ.СебестоимостьЕд = Выборка.СебестоимостьЕд;
        СтрокаТЗ.СебестоимостьОстатка = СтрокаТЗ.КоличествоОстаток * СтрокаТЗ.СебестоимостьЕд;
    КонецЦикла;
    
    Возврат ТЗ;
    
КонецФункции"
"Написать функцию ВыгрузитьПродажиВXMLФайл(ДатаНач, ДатаКон),
которая формирует выгрузку данных о продажах по покупателям и товарам за указанный период в файл формата XML.
Выгрузка должна формироваться на основании регистра накопления «Продажи».
Данные выбираются из регистра РегистрНакопления.Продажи с отбором по периоду дат:
дата регистратора (Продажи.Регистратор.Дата) находится в диапазоне между параметрами ДатаНач и ДатаКон (включительно).
Результат формирования должен представлять XML-файл, сохранённый во временный каталог; функция должна возвращать строку — путь к сформированному файлу.
Структура формирования XML выполняется следующим образом:
Создаётся временный XML-файл в кодировке UTF-8.
В файл записывается объявление XML.
Формируется корневой элемент «Продажи» с атрибутами:
Имя = ""ПродажиПоПокупателямИТоварам"";
ДатаНач — дата начала периода (в формате yyyy-MM-dd);
ДатаКон — дата окончания периода (в формате yyyy-MM-dd).
Выполняется запрос к регистру накопления Продажи:
данные группируются по Покупателю и Товару;
рассчитываются итоговые показатели:
Количество — суммарное количество продаж;
Сумма — суммарная сумма продаж.
Для каждой строки выборки формируется элемент «Запись», содержащий данные по сочетанию Покупатель + Товар.
После завершения записи всех элементов XML-документ корректно закрывается и сохраняется в файл.","{""AccumulationRegisters"": [{""id"": ""Продажи"", ""name"": ""Продажи"", ""RegisterType"": ""Turnovers"", ""Dimensions"": [{""id"": ""Покупатель"", ""name"": ""Покупатель"", ""types"": [{""type"": ""Ref"", ""id"": ""Справочник.Контрагенты""}]}, {""id"": ""Товар"", ""name"": ""Товар"", ""types"": [{""type"": ""Ref"", ""id"": ""Справочник.Товары""}]}], ""Resources"": [{""id"": ""Количество"", ""name"": ""Количество"", ""types"": [{""type"": ""Number"", ""NumberQualifiers"": ""10.2""}]}, {""id"": ""Сумма"", ""name"": ""Сумма"", ""types"": [{""type"": ""Number"", ""NumberQualifiers"": ""10.2""}]}]}]}",task_072,server,mid,task5_СредняяВыгрузитьПродажиВФайлXML_v3.epf,"Функция ВыгрузитьПродажиВXMLФайл(ДатаНач, ДатаКон)
    // 1. Определяем имя временного файла
    ИмяФайла = ПолучитьИмяВременногоФайла(""xml"");
    
    // 2. Готовим запрос к регистру накопления
    Запрос = Новый Запрос;
    Запрос.Текст = 
    ""ВЫБРАТЬ
    |    Продажи.Покупатель КАК Покупатель,
    |    Продажи.Покупатель.Наименование КАК ПокупательНаименование,
    |    Продажи.Товар КАК Товар,
    |    Продажи.Товар.Наименование КАК ТоварНаименование,
    |    СУММА(Продажи.Количество) КАК Количество,
    |    СУММА(Продажи.Сумма) КАК Сумма
    |ИЗ
    |    РегистрНакопления.Продажи.Обороты КАК Продажи
    |ГДЕ
    |    Продажи.Регистратор.Дата МЕЖДУ &ДатаНач И &ДатаКон
    |СГРУППИРОВАТЬ ПО
    |    Продажи.Покупатель,
    |    Продажи.Товар,
    |    Продажи.Покупатель.Наименование,
    |    Продажи.Товар.Наименование"";
    
    Запрос.УстановитьПараметр(""ДатаНач"", ДатаНач);
    Запрос.УстановитьПараметр(""ДатаКон"", ДатаКон);
    
    РезультатЗапроса = Запрос.Выполнить();
    Выборка = РезультатЗапроса.Выбрать();
    
    // 3. Формируем XML
    ЗаписьXML = Новый ЗаписьXML;
    Попытка
        ЗаписьXML.ОткрытьФайл(ИмяФайла, ""UTF-8"");
        ЗаписьXML.ЗаписатьОбъявлениеXML();
        
        ЗаписьXML.ЗаписатьНачалоЭлемента(""Продажи"");
        ЗаписьXML.ЗаписатьАтрибут(""Имя"", ""ПродажиПоПокупателямИТоварам"");
        ЗаписьXML.ЗаписатьАтрибут(""ДатаНач"", Формат(ДатаНач, ""ДФ=yyyy-MM-dd""));
        ЗаписьXML.ЗаписатьАтрибут(""ДатаКон"", Формат(ДатаКон, ""ДФ=yyyy-MM-dd""));
        
        Пока Выборка.Следующий() Цикл
            ЗаписьXML.ЗаписатьНачалоЭлемента(""Запись"");
            
            ЗаписьXML.ЗаписатьНачалоЭлемента(""Покупатель"");
            ЗаписьXML.ЗаписатьТекст(Выборка.ПокупательНаименование);
            ЗаписьXML.ЗаписатьКонецЭлемента();
            
            ЗаписьXML.ЗаписатьНачалоЭлемента(""Товар"");
            ЗаписьXML.ЗаписатьТекст(Выборка.ТоварНаименование);
            ЗаписьXML.ЗаписатьКонецЭлемента();
            
            ЗаписьXML.ЗаписатьНачалоЭлемента(""Количество"");
            ЗаписьXML.ЗаписатьТекст(Формат(Выборка.Количество, ""ЧГ=0; ЧДЦ=2; ЧРГ='.'""));
            ЗаписьXML.ЗаписатьКонецЭлемента();
            
            ЗаписьXML.ЗаписатьНачалоЭлемента(""Сумма"");
            ЗаписьXML.ЗаписатьТекст(Формат(Выборка.Сумма, ""ЧГ=0; ЧДЦ=2; ЧРГ='.'""));
            ЗаписьXML.ЗаписатьКонецЭлемента();
            
            ЗаписьXML.ЗаписатьКонецЭлемента(); // Запись
        КонецЦикла;
        
        ЗаписьXML.ЗаписатьКонецЭлемента(); // Продажи
    Исключение
        // В случае ошибки пробрасываем исключение наверх
        Если ЗаписьXML.Открыт() Тогда
            ЗаписьXML.Закрыть();
        КонецЕсли;
        УдалитьФайлы(ИмяФайла);
        ВызватьИсключение;
    КонецПопытки;
    ЗаписьXML.Закрыть();
    
    Возврат ИмяФайла;
КонецФункции"
"Написать функцию ПолучитьДанныеФайла(ФайлСсылка), которая получает структуру с сведениями о переданном файле.
Параметры функции:
ФайлСсылка (тип: СправочникСсылка.ХранимыеФайлы) - ссылка на файл.

Возвращаемое значение:
Структура - данные о файле:
    * Ссылка (тип СправочникСсылка.ХранимыеФайлы) - ссылка на файл;
    * СсылкаНаДвоичныеДанныеФайла (тип Строка) - адрес во временном хранилище, по которому помещены данные файла.
    * Владелец (тип СправочникСсылка.Товары, СправочникСсылка.Контрагенты) - ссылка на объект-владелец файла;
    * ИмяФайла (тип Строка) - имя файла;
    * Наименование (тип Строка) наименование файла (в справочнике ХранимыеФайлы);   
    * Расширение (тип Строка) - расширение файла без точки;  
    * Подписан (тип Булево) - признак того, что файл подписан;
    * Зашифрован (тип Булево) - признак того, что файл зашифрован; 
    * Ширина (тип Число) - ширина файла, только для .png;
    * Высота (тип Число) - высота файла, только для .png;
    * Размер (тип Число) - размер файла в кб.","{""Catalogs"": [{""id"": ""Контрагенты"", ""name"": ""Контрагенты"", ""Attributes"": [{""id"": ""Регион"", ""name"": ""Регион"", ""types"": [{""type"": ""Ref"", ""id"": ""Справочник.Регионы""}]}, {""id"": ""Индекс"", ""name"": ""Индекс"", ""types"": [{""type"": ""String"", ""StringQualifiers"": ""10""}]}, {""id"": ""Страна"", ""name"": ""Страна"", ""types"": [{""type"": ""String"", ""StringQualifiers"": ""0""}]}, {""id"": ""Город"", ""name"": ""Город"", ""types"": [{""type"": ""String"", ""StringQualifiers"": ""0""}]}, {""id"": ""Улица"", ""name"": ""Улица"", ""types"": [{""type"": ""String"", ""StringQualifiers"": ""0""}]}, {""id"": ""Дом"", ""name"": ""Дом"", ""types"": [{""type"": ""String"", ""StringQualifiers"": ""15""}]}, {""id"": ""Телефон"", ""name"": ""Телефон"", ""types"": [{""type"": ""String"", ""StringQualifiers"": ""16""}]}, {""id"": ""ЭлектроннаяПочта"", ""name"": ""Электронная почта"", ""types"": [{""type"": ""String"", ""StringQualifiers"": ""40""}]}, {""id"": ""Факс"", ""name"": ""Факс"", ""types"": [{""type"": ""String"", ""StringQualifiers"": ""16""}]}, {""id"": ""ВебСайт"", ""name"": ""Веб сайт"", ""types"": [{""type"": ""String"", ""StringQualifiers"": ""40""}]}, {""id"": ""ВидЦен"", ""name"": ""Вид цен"", ""types"": [{""type"": ""Ref"", ""id"": ""Справочник.ВидыЦен""}]}, {""id"": ""ДополнительнаяИнформация"", ""name"": ""Дополнительная информация"", ""types"": [{""type"": ""String"", ""StringQualifiers"": ""0""}]}, {""id"": ""КонтактноеЛицо"", ""name"": ""Контактное лицо"", ""types"": [{""type"": ""String"", ""StringQualifiers"": ""100""}]}, {""id"": ""Широта"", ""name"": ""Широта"", ""types"": [{""type"": ""Number"", ""NumberQualifiers"": ""10.6""}]}, {""id"": ""Долгота"", ""name"": ""Долгота"", ""types"": [{""type"": ""Number"", ""NumberQualifiers"": ""10.6""}]}]}, {""id"": ""Товары"", ""name"": ""Товары"", ""Attributes"": [{""id"": ""Артикул"", ""name"": ""Артикул"", ""types"": [{""type"": ""String"", ""StringQualifiers"": ""15""}]}, {""id"": ""Поставщик"", ""name"": ""Поставщик"", ""types"": [{""type"": ""Ref"", ""id"": ""Справочник.Контрагенты""}]}, {""id"": ""ФайлКартинки"", ""name"": ""Картинка"", ""types"": [{""type"": ""Ref"", ""id"": ""Справочник.ХранимыеФайлы""}]}, {""id"": ""Вид"", ""name"": ""Вид"", ""types"": []}, {""id"": ""Штрихкод"", ""name"": ""Штрихкод"", ""types"": [{""type"": ""String"", ""StringQualifiers"": ""20""}]}, {""id"": ""Описание"", ""name"": ""Описание"", ""types"": [{""type"": ""String"", ""StringQualifiers"": ""0""}]}]}, {""id"": ""ХранимыеФайлы"", ""name"": ""Хранимые файлы"", ""Attributes"": [{""id"": ""ДанныеФайла"", ""name"": ""Данные файла"", ""types"": []}, {""id"": ""ИмяФайла"", ""name"": ""Имя файла"", ""types"": [{""type"": ""String"", ""StringQualifiers"": ""0""}]}, {""id"": ""Подпись"", ""name"": ""Подпись"", ""types"": []}, {""id"": ""Подписан"", ""name"": ""Подписан"", ""types"": [{""type"": ""Boolean""}]}, {""id"": ""Зашифрован"", ""name"": ""Зашифрован"", ""types"": [{""type"": ""Boolean""}]}, {""id"": ""ДляОписания"", ""name"": ""Для описания"", ""types"": [{""type"": ""Boolean""}]}]}]}",task_073,server,high,task5_сложн_Куликова_v1.epf,"Функция ПолучитьДанныеФайла(ФайлСсылка)
    Если ФайлСсылка = Неопределено Или ФайлСсылка.Пустая() Тогда
        Возврат Неопределено;
    КонецЕсли;
    
    Результат = Новый Структура;
    Результат.Вставить(""Ссылка"", ФайлСсылка);
    
    // Получаем объект файла
    ОбъектФайла = ФайлСсылка.ПолучитьОбъект();
    Если ОбъектФайла = Неопределено Тогда
        Возврат Неопределено;
    КонецЕсли;
    
    Результат.Вставить(""Наименование"", ОбъектФайла.Наименование);
    Результат.Вставить(""ИмяФайла"", ОбъектФайла.ИмяФайла);
    Результат.Вставить(""Подписан"", ОбъектФайла.Подписан);
    Результат.Вставить(""Зашифрован"", ОбъектФайла.Зашифрован);
    
    // Данные файла
    ДанныеФайла = ОбъектФайла.ДанныеФайла;
    Если ДанныеФайла = Неопределено Тогда
        Результат.Вставить(""СсылкаНаДвоичныеДанныеФайла"", """");
        РазмерФайла = 0;
        ДвоичныеДанные = Неопределено;
    Иначе
        // Извлекаем двоичные данные из хранилища значения
        ДвоичныеДанные = ДанныеФайла.Получить();
        Если ДвоичныеДанные = Неопределено Тогда
            Результат.Вставить(""СсылкаНаДвоичныеДанныеФайла"", """");
            РазмерФайла = 0;
        Иначе
            Адрес = ПоместитьВоВременноеХранилище(ДвоичныеДанные);
            Результат.Вставить(""СсылкаНаДвоичныеДанныеФайла"", Адрес);
            РазмерФайла = ДвоичныеДанные.Размер() / 1024;
        КонецЕсли;
    КонецЕсли;
    
    Результат.Вставить(""Размер"", РазмерФайла);
    
    // Расширение
    ИмяФайла = ОбъектФайла.ИмяФайла;
    Если ИмяФайла = """" Тогда
        Расширение = """";
    Иначе
        ПозТочки = СтрНайти(ИмяФайла, ""."", НаправлениеПоиска.СКонца);
        Если ПозТочки > 0 Тогда
            Расширение = Сред(ИмяФайла, ПозТочки + 1);
        Иначе
            Расширение = """";
        КонецЕсли;
    КонецЕсли;
    Результат.Вставить(""Расширение"", Расширение);
    
    // Ширина и высота для PNG
    Ширина = 0;
    Высота = 0;
    Если НРег(Расширение) = ""png"" И ДвоичныеДанные <> Неопределено Тогда
        Попытка
            Картинка = Новый Картинка(ДвоичныеДанные);
            Ширина = Картинка.Ширина;
            Высота = Картинка.Высота;
        Исключение
            // Не удалось определить размеры
        КонецПопытки;
    КонецЕсли;
    Результат.Вставить(""Ширина"", Ширина);
    Результат.Вставить(""Высота"", Высота);
    
    // Поиск владельца
    Владелец = Неопределено;
    
    // Проверяем в справочнике Товары
    Запрос = Новый Запрос;
    Запрос.Текст = 
    ""ВЫБРАТЬ
    |    Товары.Ссылка КАК Ссылка
    |ИЗ
    |    Справочник.Товары КАК Товары
    |ГДЕ
    |    Товары.ФайлКартинки = &ФайлСсылка"";
    Запрос.УстановитьПараметр(""ФайлСсылка"", ФайлСсылка);
    РезультатЗапроса = Запрос.Выполнить();
    Если Не РезультатЗапроса.Пустой() Тогда
        Выборка = РезультатЗапроса.Выбрать();
        Выборка.Следующий();
        Владелец = Выборка.Ссылка;
    КонецЕсли;
    
    // Если не нашли в Товарах, проверяем в Контрагентах (динамически ищем реквизит с типом ХранимыеФайлы)
    Если Владелец = Неопределено Тогда
        МетаданныеКонтрагенты = Метаданные.Справочники.Контрагенты;
        ИмяРеквизитаФайл = """";
        Для Каждого Реквизит Из МетаданныеКонтрагенты.Реквизиты Цикл
            Если Реквизит.Тип.СодержитТип(Тип(""СправочникСсылка.ХранимыеФайлы"")) Тогда
                ИмяРеквизитаФайл = Реквизит.Имя;
                Прервать;
            КонецЕсли;
        КонецЦикла;
        Если ИмяРеквизитаФайл <> """" Тогда
            ЗапросКонтр = Новый Запрос;
            ЗапросКонтр.Текст = 
            ""ВЫБРАТЬ
            |    Контрагенты.Ссылка КАК Ссылка
            |ИЗ
            |    Справочник.Контрагенты КАК Контрагенты
            |ГДЕ
            |    Контрагенты."" + ИмяРеквизитаФайл + "" = &ФайлСсылка"";
            ЗапросКонтр.УстановитьПараметр(""ФайлСсылка"", ФайлСсылка);
            РезультатЗапросаКонтр = ЗапросКонтр.Выполнить();
            Если Не РезультатЗапросаКонтр.Пустой() Тогда
                ВыборкаКонтр = РезультатЗапросаКонтр.Выбрать();
                ВыборкаКонтр.Следующий();
                Владелец = ВыборкаКонтр.Ссылка;
            КонецЕсли;
        КонецЕсли;
    КонецЕсли;
    
    Результат.Вставить(""Владелец"", Владелец);
    
    Возврат Результат;
КонецФункции"
"Написать функцию ЗагрузитьДанныеТоваровИзJSON(СтрокаJSON), которая загружает данные товара в справочник ""Товары"" из строки JSON.  
Функция должна:
  1) преобразовать строку в формате JSON в массив структур или структуру, содержащие свойства товара.
  2) найти существующий элемент справочника ""Товары"" по обязательным свойствам ""article"" и ""description""(получены из строки JSON). Если товар не найден, создать новый элемент.
  3) заполнить свойства элемента по данным преобразованной строки, сохранить запись в справочник.

Параметр функции:
    СтрокаJSON (тип Строка) - строка в формате JSON, которая содержит данные загружаемого товара.  
    Обязательными являются свойства: 
        ""article"": артикул товара. Тип значения свойства: Строка(15). Соответствует реквизиту ""Артикул"" справочника ""Товары"". 
        ""description: наименование товара. Тип значения свойства: Строка(50). Соответствует реквизиту ""Наименование"" справочника ""Товары"".
    Необязательные свойства:
        ""counterparty_code"": код поставщика товара. Тип значения свойства: Строка(9). Соответствует реквизиту ""Код"" справочника ""Контрагенты"". 
        ""barcode"": штрихкод товара. Тип значения свойства: Строка(20). Соответствует реквизиту ""Штрихкод"" справочника ""Товары"". 
        ""type"": вид товара. Тип значения свойства: Строка. Соответствует значению перечисления ""ВидыТоваров"". 
	Пример строки JSON:   
	[
		{
		 ""article"": ""56568758746"",
		 ""description"": ""Шапка зимняя"",
		 ""counterparty_code"": ""0000001"",
		 ""type"": ""Товар"",
		 ""barcode"": ""677865456789765"" 
		 },
		 
		{
		 ""article"": ""56568758740"",
		 ""description"": ""Шапка летняя"",
		 ""counterparty_code"": ""0000001"",
		 ""type"": ""Товар"",
		 ""barcode"": ""654567893543500"" 
		 }  
    ]","{""Catalogs"": [{""id"": ""Контрагенты"", ""name"": ""Контрагенты"", ""Attributes"": [{""id"": ""Регион"", ""name"": ""Регион"", ""types"": [{""type"": ""Ref"", ""id"": ""Справочник.Регионы""}]}, {""id"": ""Индекс"", ""name"": ""Индекс"", ""types"": [{""type"": ""String"", ""StringQualifiers"": ""10""}]}, {""id"": ""Страна"", ""name"": ""Страна"", ""types"": [{""type"": ""String"", ""StringQualifiers"": ""0""}]}, {""id"": ""Город"", ""name"": ""Город"", ""types"": [{""type"": ""String"", ""StringQualifiers"": ""0""}]}, {""id"": ""Улица"", ""name"": ""Улица"", ""types"": [{""type"": ""String"", ""StringQualifiers"": ""0""}]}, {""id"": ""Дом"", ""name"": ""Дом"", ""types"": [{""type"": ""String"", ""StringQualifiers"": ""15""}]}, {""id"": ""Телефон"", ""name"": ""Телефон"", ""types"": [{""type"": ""String"", ""StringQualifiers"": ""16""}]}, {""id"": ""ЭлектроннаяПочта"", ""name"": ""Электронная почта"", ""types"": [{""type"": ""String"", ""StringQualifiers"": ""40""}]}, {""id"": ""Факс"", ""name"": ""Факс"", ""types"": [{""type"": ""String"", ""StringQualifiers"": ""16""}]}, {""id"": ""ВебСайт"", ""name"": ""Веб сайт"", ""types"": [{""type"": ""String"", ""StringQualifiers"": ""40""}]}, {""id"": ""ВидЦен"", ""name"": ""Вид цен"", ""types"": [{""type"": ""Ref"", ""id"": ""Справочник.ВидыЦен""}]}, {""id"": ""ДополнительнаяИнформация"", ""name"": ""Дополнительная информация"", ""types"": [{""type"": ""String"", ""StringQualifiers"": ""0""}]}, {""id"": ""КонтактноеЛицо"", ""name"": ""Контактное лицо"", ""types"": [{""type"": ""String"", ""StringQualifiers"": ""100""}]}, {""id"": ""Широта"", ""name"": ""Широта"", ""types"": [{""type"": ""Number"", ""NumberQualifiers"": ""10.6""}]}, {""id"": ""Долгота"", ""name"": ""Долгота"", ""types"": [{""type"": ""Number"", ""NumberQualifiers"": ""10.6""}]}]}, {""id"": ""Товары"", ""name"": ""Товары"", ""Attributes"": [{""id"": ""Артикул"", ""name"": ""Артикул"", ""types"": [{""type"": ""String"", ""StringQualifiers"": ""15""}]}, {""id"": ""Поставщик"", ""name"": ""Поставщик"", ""types"": [{""type"": ""Ref"", ""id"": ""Справочник.Контрагенты""}]}, {""id"": ""ФайлКартинки"", ""name"": ""Картинка"", ""types"": [{""type"": ""Ref"", ""id"": ""Справочник.ХранимыеФайлы""}]}, {""id"": ""Вид"", ""name"": ""Вид"", ""types"": []}, {""id"": ""Штрихкод"", ""name"": ""Штрихкод"", ""types"": [{""type"": ""String"", ""StringQualifiers"": ""20""}]}, {""id"": ""Описание"", ""name"": ""Описание"", ""types"": [{""type"": ""String"", ""StringQualifiers"": ""0""}]}]}]}",task_074,server,,task6_Куликова_v1.epf,"Функция ЗагрузитьДанныеТоваровИзJSON(СтрокаJSON)
    // Чтение JSON и преобразование в структуры данных
    ЧтениеJSON = Новый ЧтениеJSON;
    ЧтениеJSON.УстановитьСтроку(СтрокаJSON);
    ДанныеJSON = ПрочитатьJSON(ЧтениеJSON, Ложь);
    
    // Приведение к массиву для единообразной обработки
    Если ТипЗнч(ДанныеJSON) = Тип(""Соответствие"") Тогда
        МассивТоваров = Новый Массив;
        МассивТоваров.Добавить(ДанныеJSON);
    ИначеЕсли ТипЗнч(ДанныеJSON) = Тип(""Массив"") Тогда
        МассивТоваров = ДанныеJSON;
    Иначе
        ВызватьИсключение ""Некорректный формат JSON. Ожидался массив или объект."";
    КонецЕсли;
    
    КоличествоОбработано = 0;
    КоличествоПропущено = 0;
    
    Для Каждого ТоварJSON Из МассивТоваров Цикл
        // Проверка наличия обязательных полей
        Если Не ТоварJSON.Свойство(""article"") 
           Или Не ТоварJSON.Свойство(""description"") Тогда
            КоличествоПропущено = КоличествоПропущено + 1;
            Продолжить;
        КонецЕсли;
        
        article = СокрЛП(Строка(ТоварJSON.article));
        description = СокрЛП(Строка(ТоварJSON.description));
        
        // Пропуск пустых обязательных значений
        Если Не ЗначениеЗаполнено(article) 
           Или Не ЗначениеЗаполнено(description) Тогда
            КоличествоПропущено = КоличествоПропущено + 1;
            Продолжить;
        КонецЕсли;
        
        // Поиск существующего товара по артикулу и наименованию
        Запрос = Новый Запрос;
        Запрос.Текст = 
            ""ВЫБРАТЬ
            |   Товары.Ссылка КАК Ссылка
            |ИЗ
            |   Справочник.Товары КАК Товары
            |ГДЕ
            |   Товары.Артикул = &Артикул
            |   И Товары.Наименование = &Наименование"";
        
        Запрос.УстановитьПараметр(""Артикул"", article);
        Запрос.УстановитьПараметр(""Наименование"", description);
        
        Результат = Запрос.Выполнить();
        Выборка = Результат.Выбрать();
        
        Если Выборка.Следующий() Тогда
            ТоварОбъект = Выборка.Ссылка.ПолучитьОбъект();
        Иначе
            // Создание нового элемента
            ТоварОбъект = Справочники.Товары.СоздатьЭлемент();
            ТоварОбъект.Наименование = description;
            ТоварОбъект.Артикул = article;
        КонецЕсли;
        
        // Заполнение необязательных реквизитов
        
        // Поставщик (контрагент по коду)
        Если ТоварJSON.Свойство(""counterparty_code"") 
           И ЗначениеЗаполнено(ТоварJSON.counterparty_code) Тогда
            КодКонтрагента = Строка(ТоварJSON.counterparty_code);
            
            ЗапросКонтрагент = Новый Запрос;
            ЗапросКонтрагент.Текст = 
                ""ВЫБРАТЬ ПЕРВЫЕ 1
                |   Контрагенты.Ссылка КАК Ссылка
                |ИЗ
                |   Справочник.Контрагенты КАК Контрагенты
                |ГДЕ
                |   Контрагенты.Код = &Код"";
            
            ЗапросКонтрагент.УстановитьПараметр(""Код"", КодКонтрагента);
            РезультатКонтр = ЗапросКонтрагент.Выполнить();
            Если НЕ РезультатКонтр.Пустой() Тогда
                ВыборкаКонтр = РезультатКонтр.Выбрать();
                ВыборкаКонтр.Следующий();
                ТоварОбъект.Поставщик = ВыборкаКонтр.Ссылка;
            КонецЕсли;
        КонецЕсли;
        
        // Штрихкод
        Если ТоварJSON.Свойство(""barcode"") 
           И ЗначениеЗаполнено(ТоварJSON.barcode) Тогда
            ТоварОбъект.Штрихкод = СокрЛП(Строка(ТоварJSON.barcode));
        КонецЕсли;
        
        // Вид товара (перечисление)
        Если ТоварJSON.Свойство(""type"") 
           И ЗначениеЗаполнено(ТоварJSON.type) Тогда
            СтрокаВида = СокрЛП(Строка(ТоварJSON.type));
            Попытка
                ТоварОбъект.Вид = Перечисления.ВидыТоваров[СтрокаВида];
            Исключение
                // Игнорируем некорректное значение перечисления
            КонецПопытки;
        КонецЕсли;
        
        // Сохранение элемента
        ТоварОбъект.Записать();
        КоличествоОбработано = КоличествоОбработано + 1;
    КонецЦикла;
    
    Возврат КоличествоОбработано; // Количество успешно загруженных товаров
КонецФункции"
"Написать функцию СформироватьРасчетЗаказа(ДатаНач, ДатаКон),
которая формирует расчет необходимого заказа поставщику на основе статистики продаж и текущих остатков товаров за указанный период.
Расчет должен выполняться на основании данных регистра накопления «Продажи» и регистра накопления «ТоварныеЗапасы».
Если параметры периода не переданы, функция должна автоматически устанавливать:
ДатаНач — за 30 дней до текущей даты;
ДатаКон — текущая дата (конец дня).
При этом выполняется проверка корректности периода: дата окончания не может быть меньше даты начала.
Данные выбираются из регистра РегистрНакопления.Продажи с отбором по периоду дат:
дата регистратора (Продажи.Регистратор.Дата) должна находиться в диапазоне между параметрами ДатаНач и ДатаКон (включительно).
На основании выборки рассчитывается суммарное количество продаж по каждому товару.
Далее выполняется получение остатков товаров на дату окончания периода из регистра:
РегистрНакопления.ТоварныеЗапасы.Остатки(&ДатаКон).
Результат расчета должен представлять таблицу значений (ТаблицаЗначений), где каждая строка соответствует одному товару и содержит расчет потребности в закупке.
Логика формирования расчета выполняется следующим образом:
Сначала формируется временная таблица продаж (ВТ), содержащая:
Товар — ссылка на номенклатуру;
Количество — суммарное количество продаж за период.
После этого временная таблица продаж объединяется с остатками товаров по полю Товар (левое соединение), что позволяет учитывать товары даже при отсутствии продаж.
Для каждого товара рассчитываются итоговые показатели:
КоличествоПродаж — суммарное количество продаж за период;
ОстаткиТовара — текущие остатки товара на складе на дату ДатаКон;
РекомендуемыйЗаказ — расчетное количество к закупке, определяемое по формуле:
(КоличествоПродаж − ОстаткиТовара), но не менее 0.
В итоговую таблицу включаются только те товары, у которых РекомендуемыйЗаказ больше нуля, то есть существует фактическая потребность в пополнении запасов.
Таблица значений должна содержать следующие колонки:
Товар — ссылка на справочник Товары;
КоличествоПродаж — суммарное количество продаж за анализируемый период;
ОстаткиТовара — остатки товара на дату окончания периода;
РекомендуемыйЗаказ — рекомендуемое количество к заказу поставщику.","{""AccumulationRegisters"": [{""id"": ""Продажи"", ""name"": ""Продажи"", ""RegisterType"": ""Turnovers"", ""Dimensions"": [{""id"": ""Покупатель"", ""name"": ""Покупатель"", ""types"": [{""type"": ""Ref"", ""id"": ""Справочник.Контрагенты""}]}, {""id"": ""Товар"", ""name"": ""Товар"", ""types"": [{""type"": ""Ref"", ""id"": ""Справочник.Товары""}]}], ""Resources"": [{""id"": ""Количество"", ""name"": ""Количество"", ""types"": [{""type"": ""Number"", ""NumberQualifiers"": ""10.2""}]}, {""id"": ""Сумма"", ""name"": ""Сумма"", ""types"": [{""type"": ""Number"", ""NumberQualifiers"": ""10.2""}]}]}, {""id"": ""ТоварныеЗапасы"", ""name"": ""Товарные запасы"", ""RegisterType"": ""Balance"", ""Dimensions"": [{""id"": ""Товар"", ""name"": ""Товар"", ""types"": [{""type"": ""Ref"", ""id"": ""Справочник.Товары""}]}, {""id"": ""Склад"", ""name"": ""Склад"", ""types"": [{""type"": ""Ref"", ""id"": ""Справочник.Склады""}]}], ""Resources"": [{""id"": ""Количество"", ""name"": ""Количество"", ""types"": [{""type"": ""Number"", ""NumberQualifiers"": ""10.2""}]}]}], ""Catalogs"": [{""id"": ""Товары"", ""name"": ""Товары"", ""Attributes"": [{""id"": ""Артикул"", ""name"": ""Артикул"", ""types"": [{""type"": ""String"", ""StringQualifiers"": ""15""}]}, {""id"": ""Поставщик"", ""name"": ""Поставщик"", ""types"": [{""type"": ""Ref"", ""id"": ""Справочник.Контрагенты""}]}, {""id"": ""ФайлКартинки"", ""name"": ""Картинка"", ""types"": [{""type"": ""Ref"", ""id"": ""Справочник.ХранимыеФайлы""}]}, {""id"": ""Вид"", ""name"": ""Вид"", ""types"": []}, {""id"": ""Штрихкод"", ""name"": ""Штрихкод"", ""types"": [{""type"": ""String"", ""StringQualifiers"": ""20""}]}, {""id"": ""Описание"", ""name"": ""Описание"", ""types"": [{""type"": ""String"", ""StringQualifiers"": ""0""}]}]}]}",task_075,server,mid,task6_СредняяРасчетНеобходимогоЗаказаПоставщикуПостатистикиПродаж_v3.epf,"&НаСервере
Функция СформироватьРасчетЗаказа(Знач ДатаНач = Неопределено, Знач ДатаКон = Неопределено) Экспорт
    
    // Инициализация дат с учётом значений по умолчанию и приведение границ
    Если ДатаНач = Неопределено Тогда
        ДатаНач = НачалоДня(ТекущаяДата()) - 30 * 86400; // 30 дней назад от начала текущего дня
    Иначе
        ДатаНач = НачалоДня(ДатаНач);
    КонецЕсли;
    
    Если ДатаКон = Неопределено Тогда
        ДатаКон = КонецДня(ТекущаяДата());
    Иначе
        ДатаКон = КонецДня(ДатаКон);
    КонецЕсли;
    
    Если ДатаКон < ДатаНач Тогда
        ВызватьИсключение ""Дата окончания периода не может быть меньше даты начала."";
    КонецЕсли;
    
    Запрос = Новый Запрос;
    Запрос.Текст = 
    ""ВЫБРАТЬ
    |    ПродажиОбороты.Товар КАК Товар,
    |    СУММА(ПродажиОбороты.Количество) КАК КоличествоПродаж
    |ПОМЕСТИТЬ ВТПродажи
    |ИЗ
    |    РегистрНакопления.Продажи.Обороты(&ДатаНач, &ДатаКон) КАК ПродажиОбороты
    |СГРУППИРОВАТЬ ПО
    |    ПродажиОбороты.Товар
    |;
    |////////////////////////////////////////////////////////////////////////////////
    |ВЫБРАТЬ
    |    ТоварныеЗапасыОстатки.Товар КАК Товар,
    |    СУММА(ТоварныеЗапасыОстатки.Количество) КАК Остаток
    |ПОМЕСТИТЬ ВТОстатки
    |ИЗ
    |    РегистрНакопления.ТоварныеЗапасы.Остатки(&ДатаКон) КАК ТоварныеЗапасыОстатки
    |СГРУППИРОВАТЬ ПО
    |    ТоварныеЗапасыОстатки.Товар
    |;
    |////////////////////////////////////////////////////////////////////////////////
    |ВЫБРАТЬ
    |    Товары.Товар КАК Товар,
    |    ЕСТЬNULL(Продажи.КоличествоПродаж, 0) КАК КоличествоПродаж,
    |    ЕСТЬNULL(Остатки.Остаток, 0) КАК ОстаткиТовара,
    |    ВЫБОР
    |        КОГДА ЕСТЬNULL(Продажи.КоличествоПродаж, 0) - ЕСТЬNULL(Остатки.Остаток, 0) > 0
    |        ТОГДА ЕСТЬNULL(Продажи.КоличествоПродаж, 0) - ЕСТЬNULL(Остатки.Остаток, 0)
    |        ИНАЧЕ 0
    |    КОНЕЦ КАК РекомендуемыйЗаказ
    |ПОМЕСТИТЬ ВТРасчет
    |ИЗ
    |    (ВЫБРАТЬ
    |        ВТПродажи.Товар КАК Товар
    |    ИЗ
    |        ВТПродажи КАК ВТПродажи
    |    ОБЪЕДИНИТЬ
    |    ВЫБРАТЬ
    |        ВТОстатки.Товар
    |    ИЗ
    |        ВТОстатки КАК ВТОстатки) КАК Товары
    |ЛЕВОЕ СОЕДИНЕНИЕ ВТПродажи КАК Продажи
    |ПО Товары.Товар = Продажи.Товар
    |ЛЕВОЕ СОЕДИНЕНИЕ ВТОстатки КАК Остатки
    |ПО Товары.Товар = Остатки.Товар
    |;
    |////////////////////////////////////////////////////////////////////////////////
    |ВЫБРАТЬ
    |    ВТРасчет.Товар КАК Товар,
    |    ВТРасчет.КоличествоПродаж КАК КоличествоПродаж,
    |    ВТРасчет.ОстаткиТовара КАК ОстаткиТовара,
    |    ВТРасчет.РекомендуемыйЗаказ КАК РекомендуемыйЗаказ
    |ИЗ
    |    ВТРасчет КАК ВТРасчет
    |ГДЕ
    |    ВТРасчет.РекомендуемыйЗаказ > 0"";
    
    Запрос.УстановитьПараметр(""ДатаНач"", ДатаНач);
    Запрос.УстановитьПараметр(""ДатаКон"", ДатаКон);
    
    РезультатЗапроса = Запрос.Выполнить();
    
    // Формирование итоговой таблицы значений
    ТаблицаРезультата = Новый ТаблицаЗначений;
    ТаблицаРезультата.Колонки.Добавить(""Товар"", Новый ОписаниеТипов(""СправочникСсылка.Товары""));
    ТаблицаРезультата.Колонки.Добавить(""КоличествоПродаж"", Новый ОписаниеТипов(""Число"", Новый КвалификаторыЧисла(10, 2)));
    ТаблицаРезультата.Колонки.Добавить(""ОстаткиТовара"", Новый ОписаниеТипов(""Число"", Новый КвалификаторыЧисла(10, 2)));
    ТаблицаРезультата.Колонки.Добавить(""РекомендуемыйЗаказ"", Новый ОписаниеТипов(""Число"", Новый КвалификаторыЧисла(10, 2)));
    
    Выборка = РезультатЗапроса.Выбрать();
    Пока Выборка.Следующий() Цикл
        Строка = ТаблицаРезультата.Добавить();
        Строка.Товар = Выборка.Товар;
        Строка.КоличествоПродаж = Выборка.КоличествоПродаж;
        Строка.ОстаткиТовара = Выборка.ОстаткиТовара;
        Строка.РекомендуемыйЗаказ = Выборка.РекомендуемыйЗаказ;
    КонецЦикла;
    
    Возврат ТаблицаРезультата;
КонецФункции"
"Написать функцию УчетТоваровПоИнвентаризации(ДатаНачала, ДатаОкончания), которая формирует таблицу остатков товаров за заданный период, скорректированных по результатам инвентаризации.
Данные остатков товаров брать из регистра накопления ""ТоварныеЗапасы"".
Инвентаризаций считать документы ""ОперацияПоУчетуТоваров"", в которых реквизит ""СодержаниеОперации"" содержит одну из возможных вариаций подстрок:
   ""инвентаризация"", ""в результате инвентаризации"", ""по инвентаризации"", ""инвентар."".
     
Параметры функции:
ДатаНачала (тип: Дата) - начало периода.
ДатаОкончания (тип: Дата) - окончание периода.
   
Функция должна вернуть таблицу значений с колонками:
* Товар (тип: СправочникСсылка.Товар) - товар.
* Склад (тип: СправочникСсылка.Склады) - склад.
* Корректировка (тип : ДокументСсылка.ОперацияПоУчетуТоваров) - документ корректировки по результатам инвентаризации. 
* ЗначениеКорректировки - (тип: Число) - значение корректровки остатка товара.  
* ОстатокНаКонецПериода - (тип: Число) - остаток товара на дату окончания периода.","{""Documents"": [{""id"": ""ОперацияПоУчетуТоваров"", ""name"": ""Операция по учету товаров"", ""Attributes"": [{""id"": ""СодержаниеОперации"", ""name"": ""Содержание операции"", ""types"": [{""type"": ""String"", ""StringQualifiers"": ""0""}]}, {""id"": ""Организация"", ""name"": ""Организация"", ""types"": [{""type"": ""Ref"", ""id"": ""Справочник.Организации""}]}]}], ""AccumulationRegisters"": [{""id"": ""ТоварныеЗапасы"", ""name"": ""Товарные запасы"", ""RegisterType"": ""Balance"", ""Dimensions"": [{""id"": ""Товар"", ""name"": ""Товар"", ""types"": [{""type"": ""Ref"", ""id"": ""Справочник.Товары""}]}, {""id"": ""Склад"", ""name"": ""Склад"", ""types"": [{""type"": ""Ref"", ""id"": ""Справочник.Склады""}]}], ""Resources"": [{""id"": ""Количество"", ""name"": ""Количество"", ""types"": [{""type"": ""Number"", ""NumberQualifiers"": ""10.2""}]}]}], ""Catalogs"": [{""id"": ""Склады"", ""name"": ""Склады"", ""Attributes"": [{""id"": ""НеИспользовать"", ""name"": ""Не использовать"", ""types"": [{""type"": ""Boolean""}]}]}, {""id"": ""Товары"", ""name"": ""Товары"", ""Attributes"": [{""id"": ""Артикул"", ""name"": ""Артикул"", ""types"": [{""type"": ""String"", ""StringQualifiers"": ""15""}]}, {""id"": ""Поставщик"", ""name"": ""Поставщик"", ""types"": [{""type"": ""Ref"", ""id"": ""Справочник.Контрагенты""}]}, {""id"": ""ФайлКартинки"", ""name"": ""Картинка"", ""types"": [{""type"": ""Ref"", ""id"": ""Справочник.ХранимыеФайлы""}]}, {""id"": ""Вид"", ""name"": ""Вид"", ""types"": []}, {""id"": ""Штрихкод"", ""name"": ""Штрихкод"", ""types"": [{""type"": ""String"", ""StringQualifiers"": ""20""}]}, {""id"": ""Описание"", ""name"": ""Описание"", ""types"": [{""type"": ""String"", ""StringQualifiers"": ""0""}]}]}]}",task_076,server,high,task6_сложн_Куликова_v1.epf,"Функция УчетТоваровПоИнвентаризации(ДатаНачала, ДатаОкончания)

    ТаблицаРезультата = Новый ТаблицаЗначений;
    ТаблицаРезультата.Колонки.Добавить(""Товар"", , ""СправочникСсылка.Товары"");
    ТаблицаРезультата.Колонки.Добавить(""Склад"", , ""СправочникСсылка.Склады"");
    ТаблицаРезультата.Колонки.Добавить(""Корректировка"", , ""ДокументСсылка.ОперацияПоУчетуТоваров"");
    ТаблицаРезультата.Колонки.Добавить(""ЗначениеКорректировки"", , ""Число"");
    ТаблицаРезультата.Колонки.Добавить(""ОстатокНаКонецПериода"", , ""Число"");

    Запрос = Новый Запрос;
    Запрос.Текст = 
    ""ВЫБРАТЬ
    |    Остатки.Товар КАК Товар,
    |    Остатки.Склад КАК Склад,
    |    Корректировки.Регистратор КАК Корректировка,
    |    Корректировки.ЗначениеКорректировки КАК ЗначениеКорректировки,
    |    Остатки.КоличествоОстаток КАК ОстатокНаКонецПериода
    |ИЗ
    |    РегистрНакопления.ТоварныеЗапасы.Остатки(&ДатаОкончания) КАК Остатки
    |    ЛЕВОЕ СОЕДИНЕНИЕ (ВЫБРАТЬ
    |                    ТоварныеЗапасыОбороты.Товар,
    |                    ТоварныеЗапасыОбороты.Склад,
    |                    ТоварныеЗапасыОбороты.Регистратор,
    |                    СУММА(ТоварныеЗапасыОбороты.КоличествоПриход) - СУММА(ТоварныеЗапасыОбороты.КоличествоРасход) КАК ЗначениеКорректировки
    |                ИЗ
    |                    РегистрНакопления.ТоварныеЗапасы.Обороты(&ДатаНачала, &ДатаОкончания, Документ) КАК ТоварныеЗапасыОбороты
    |                        ВНУТРЕННЕЕ СОЕДИНЕНИЕ Документ.ОперацияПоУчетуТоваров КАК Док
    |                        ПО ТоварныеЗапасыОбороты.Регистратор = Док.Ссылка
    |                ГДЕ
    |                    (НРЕГ(Док.СодержаниеОперации) ПОДОБНО НРЕГ('%инвентаризация%')
    |                    ИЛИ НРЕГ(Док.СодержаниеОперации) ПОДОБНО НРЕГ('%в результате инвентаризации%')
    |                    ИЛИ НРЕГ(Док.СодержаниеОперации) ПОДОБНО НРЕГ('%по инвентаризации%')
    |                    ИЛИ НРЕГ(Док.СодержаниеОперации) ПОДОБНО НРЕГ('%инвентар.%') )
    |                СГРУППИРОВАТЬ ПО
    |                    ТоварныеЗапасыОбороты.Товар,
    |                    ТоварныеЗапасыОбороты.Склад,
    |                    ТоварныеЗапасыОбороты.Регистратор) КАК Корректировки
    |    ПО Остатки.Товар = Корректировки.Товар
    |        И Остатки.Склад = Корректировки.Склад"";

    Запрос.УстановитьПараметр(""ДатаНачала"", ДатаНачала);
    Запрос.УстановитьПараметр(""ДатаОкончания"", ДатаОкончания);

    РезультатЗапроса = Запрос.Выполнить();
    Выборка = РезультатЗапроса.Выбрать();

    Пока Выборка.Следующий() Цикл
        СтрокаТаблицы = ТаблицаРезультата.Добавить();
        СтрокаТаблицы.Товар = Выборка.Товар;
        СтрокаТаблицы.Склад = Выборка.Склад;
        СтрокаТаблицы.Корректировка = Выборка.Корректировка;
        СтрокаТаблицы.ЗначениеКорректировки = Выборка.ЗначениеКорректировки;
        СтрокаТаблицы.ОстатокНаКонецПериода = Выборка.ОстатокНаКонецПериода;
    КонецЦикла;

    Возврат ТаблицаРезультата;

КонецФункции"
"Написать функцию ЗагрузитьЦеныТоваровJSON(СтрокаJSON), которая загружает цены товаров в регистр сведений ""ЦеныТоваров"" из строки JSON.  
Функция должна:
  1) преобразовать строку в формате JSON в массив структур или структуру. 
  2) по свойствам ""article"" и ""description"" найти элемент справочника ""Товары"". Если товар не найден, тогда цену по нему не загружать. 
  3) по свойству найти ""type_of_price"" найти элемент справочника ""ВидыЦен"". Если вид цен не найден, тогда цену не загружать. 
  4) свойство ""price"" проверить на отрицательные значения. Если цена < 0, тогда цену не загружать.
  5) создать запись в регистр сведений ""ЦеныТоваров"" с флагом Замещать = Истина.
  
Параметр функции:
    СтрокаJSON (тип Строка) - строка в формате JSON, которая содержит данные о цене товара на период.  
    Обязательными являются свойства: 
        ""article"": артикул товара. Тип значения свойства: Строка(15). Соответствует реквизиту ""Артикул"" справочника ""Товары"". 
        ""description"": наименование товара. Тип значения свойства: Строка(50). Соответствует реквизиту ""Наименование"" справочника ""Товары"".
        ""date"": период. Тип значения свойства: Дата. Соответствует полю ""Период"" регистра сведений ""ЦеныТоваров"".     
        ""type_of_price"": вид цен. Тип значения свойства: Строка(25). Соответствует реквизиту ""Наименование"" справочника ""ВидыЦен"".
        ""price"": цена. Тип значения свойства: Число(10,2). Соответствует полю ""Цена"" регистра сведений ""ЦеныТоваров"".
	Пример строки JSON:   
	{
		{
		 ""article"": ""Kol67"",
		 ""description"": ""Колбаса"",
		 ""date"": ""2024-09-01T00:00:00"",
		 ""type_of_price"": ""Оптовая"",
		 ""price"": 90 
		 },
		 
		{
		 ""article"": ""Bos0009"",
		 ""description"": ""Босоножки"",
		 ""date"": ""2024-09-01T00:00:00"",
		 ""type_of_price"": ""Розничная"",
		 ""price"": 1000 
		 }  
    }","{""InformationRegisters"": [{""id"": ""ЦеныТоваров"", ""name"": ""Цены товаров"", ""InformationRegisterPeriodicity"": ""Day"", ""WriteMode"": ""Independent"", ""Dimensions"": [{""id"": ""Товар"", ""name"": ""Товар"", ""types"": [{""type"": ""Ref"", ""id"": ""Справочник.Товары""}]}, {""id"": ""ВидЦен"", ""name"": ""Вид цен"", ""types"": [{""type"": ""Ref"", ""id"": ""Справочник.ВидыЦен""}]}], ""Resources"": [{""id"": ""Цена"", ""name"": ""Цена"", ""types"": [{""type"": ""Number"", ""NumberQualifiers"": ""10.2""}]}]}], ""Catalogs"": [{""id"": ""ВидыЦен"", ""name"": ""Виды цен"", ""Attributes"": []}, {""id"": ""Товары"", ""name"": ""Товары"", ""Attributes"": [{""id"": ""Артикул"", ""name"": ""Артикул"", ""types"": [{""type"": ""String"", ""StringQualifiers"": ""15""}]}, {""id"": ""Поставщик"", ""name"": ""Поставщик"", ""types"": [{""type"": ""Ref"", ""id"": ""Справочник.Контрагенты""}]}, {""id"": ""ФайлКартинки"", ""name"": ""Картинка"", ""types"": [{""type"": ""Ref"", ""id"": ""Справочник.ХранимыеФайлы""}]}, {""id"": ""Вид"", ""name"": ""Вид"", ""types"": []}, {""id"": ""Штрихкод"", ""name"": ""Штрихкод"", ""types"": [{""type"": ""String"", ""StringQualifiers"": ""20""}]}, {""id"": ""Описание"", ""name"": ""Описание"", ""types"": [{""type"": ""String"", ""StringQualifiers"": ""0""}]}]}]}",task_077,server,,task7_Куликова_v1.epf,"Функция ЗагрузитьЦеныТоваровJSON(СтрокаJSON) Экспорт

    // Преобразовать строку JSON в массив структур
    ЧтениеJSON = Новый ЧтениеJSON;
    ЧтениеJSON.УстановитьСтроку(СтрокаJSON);
    РезультатЧтения = ПрочитатьJSON(ЧтениеJSON, Ложь);
    ЧтениеJSON.Закрыть();

    Если РезультатЧтения = Неопределено Тогда
        Возврат ""Ошибка разбора JSON"";
    КонецЕсли;

    МассивДанных = Новый Массив;
    Если ТипЗнч(РезультатЧтения) = Тип(""Массив"") Тогда
        МассивДанных = РезультатЧтения;
    ИначеЕсли ТипЗнч(РезультатЧтения) = Тип(""Структура"") Тогда
        МассивДанных.Добавить(РезультатЧтения);
    Иначе
        Возврат ""Неверный формат JSON. Ожидался массив или объект."";
    КонецЕсли;

    Если МассивДанных.Количество() = 0 Тогда
        Возврат ""Нет данных для загрузки"";
    КонецЕсли;

    // Сбор уникальных артикулов/наименований и видов цен для пакетного поиска
    Артикулы = Новый Соответствие;
    Наименования = Новый Соответствие;
    ВидыЦенНаименования = Новый Соответствие;

    Для Каждого ЭлементJSON Из МассивДанных Цикл
        Если ТипЗнч(ЭлементJSON) <> Тип(""Структура"") Тогда
            Продолжить;
        КонецЕсли;

        Артикул = ?(ЭлементJSON.Свойство(""article""), СокрЛП(ЭлементJSON.article), """");
        Наименование = ?(ЭлементJSON.Свойство(""description""), СокрЛП(ЭлементJSON.description), """");
        ВидЦены = ?(ЭлементJSON.Свойство(""type_of_price""), СокрЛП(ЭлементJSON.type_of_price), """");

        Если ЗначениеЗаполнено(Артикул) И ЗначениеЗаполнено(Наименование) Тогда
            Артикулы.Вставить(Артикул, Истина);
            Наименования.Вставить(Наименование, Истина);
        КонецЕсли;
        Если ЗначениеЗаполнено(ВидЦены) Тогда
            ВидыЦенНаименования.Вставить(ВидЦены, Истина);
        КонецЕсли;
    КонецЦикла;

    // Поиск товаров по артикулу и наименованию
    СоответствиеТоваров = Новый Соответствие; // Ключ: ""артикул|наименование"", Значение: ссылка на товар
    Если Артикулы.Количество() > 0 Тогда
        ЗапросТовары = Новый Запрос;
        ЗапросТовары.Текст = 
        ""ВЫБРАТЬ
        |    Товары.Ссылка КАК Ссылка,
        |    Товары.Артикул КАК Артикул,
        |    Товары.Наименование КАК Наименование
        |ИЗ
        |    Справочник.Товары КАК Товары
        |ГДЕ
        |    Товары.Артикул В (&Артикулы)
        |    И Товары.Наименование В (&Наименования)"";

        ЗапросТовары.УстановитьПараметр(""Артикулы"", Новый Массив(Артикулы));
        ЗапросТовары.УстановитьПараметр(""Наименования"", Новый Массив(Наименования));

        РезультатТовары = ЗапросТовары.Выполнить();
        ВыборкаТовары = РезультатТовары.Выбрать();
        Пока ВыборкаТовары.Следующий() Цикл
            Ключ = ВыборкаТовары.Артикул + ""|"" + ВыборкаТовары.Наименование;
            СоответствиеТоваров.Вставить(Ключ, ВыборкаТовары.Ссылка);
        КонецЦикла;
    КонецЕсли;

    // Поиск видов цен по наименованию
    СоответствиеВидовЦен = Новый Соответствие; // Ключ: наименование, Значение: ссылка
    Если ВидыЦенНаименования.Количество() > 0 Тогда
        ЗапросВидыЦен = Новый Запрос;
        ЗапросВидыЦен.Текст = 
        ""ВЫБРАТЬ
        |    ВидыЦен.Ссылка КАК Ссылка,
        |    ВидыЦен.Наименование КАК Наименование
        |ИЗ
        |    Справочник.ВидыЦен КАК ВидыЦен
        |ГДЕ
        |    ВидыЦен.Наименование В (&Наименования)"";

        ЗапросВидыЦен.УстановитьПараметр(""Наименования"", Новый Массив(ВидыЦенНаименования));

        РезультатВидыЦен = ЗапросВидыЦен.Выполнить();
        ВыборкаВидыЦен = РезультатВидыЦен.Выбрать();
        Пока ВыборкаВидыЦен.Следующий() Цикл
            СоответствиеВидовЦен.Вставить(ВыборкаВидыЦен.Наименование, ВыборкаВидыЦен.Ссылка);
        КонецЦикла;
    КонецЕсли;

    // Обработка каждой записи и запись в регистр
    Для Каждого ЭлементJSON Из МассивДанных Цикл
        Если ТипЗнч(ЭлементJSON) <> Тип(""Структура"") Тогда
            Продолжить;
        КонецЕсли;

        // Извлечение свойств
        Артикул = ?(ЭлементJSON.Свойство(""article""), СокрЛП(ЭлементJSON.article), """");
        Наименование = ?(ЭлементJSON.Свойство(""description""), СокрЛП(ЭлементJSON.description), """");
        СтрДата = ?(ЭлементJSON.Свойство(""date""), ЭлементJSON.date, Неопределено);
        ВидЦеныНаим = ?(ЭлементJSON.Свойство(""type_of_price""), СокрЛП(ЭлементJSON.type_of_price), """");
        Цена = ?(ЭлементJSON.Свойство(""price""), ЭлементJSON.price, Неопределено);

        // Проверка обязательных реквизитов
        Если Не ЗначениеЗаполнено(Артикул) Или Не ЗначениеЗаполнено(Наименование) Тогда
            Продолжить;
        КонецЕсли;

        Если Не ЗначениеЗаполнено(ВидЦеныНаим) Тогда
            Продолжить;
        КонецЕсли;

        Если СтрДата = Неопределено Или Не ТипЗнч(СтрДата) = Тип(""Дата"") Тогда
            Продолжить;
        КонецЕсли;

        Если Цена = Неопределено Или Не ТипЗнч(Цена) = Тип(""Число"") Тогда
            Продолжить;
        КонецЕсли;

        // Проверка на отрицательную цену
        Если Цена < 0 Тогда
            Продолжить;
        КонецЕсли;

        // Поиск товара
        КлючТовара = Артикул + ""|"" + Наименование;
        ТоварСсылка = СоответствиеТоваров.Получить(КлючТовара);
        Если ТоварСсылка = Неопределено Тогда
            Продолжить;
        КонецЕсли;

        // Поиск вида цены
        ВидЦеныСсылка = СоответствиеВидовЦен.Получить(ВидЦеныНаим);
        Если ВидЦеныСсылка = Неопределено Тогда
            Продолжить;
        КонецЕсли;

        // Запись в регистр сведений (независимый, периодический, замещение)
        НаборЗаписей = РегистрыСведений.ЦеныТоваров.СоздатьНаборЗаписей();
        НаборЗаписей.Отбор.Период.Установить(СтрДата);
        НаборЗаписей.Отбор.Товар.Установить(ТоварСсылка);
        НаборЗаписей.Отбор.ВидЦен.Установить(ВидЦеныСсылка);

        МенеджерЗаписи = НаборЗаписей.Добавить();
        МенеджерЗаписи.Период = СтрДата;
        МенеджерЗаписи.Товар = ТоварСсылка;
        МенеджерЗаписи.ВидЦен = ВидЦеныСсылка;
        МенеджерЗаписи.Цена = Цена;

        НаборЗаписей.Записать(Истина);
    КонецЦикла;

    Возврат ""Загрузка завершена"";
КонецФункции"
"Написать функцию СформироватьИнвентаризациюТоваров(Склад = Неопределено, ДатаИнв = Неопределено),
которая формирует инвентаризацию товаров на складе в виде таблицы значений на указанную дату.
Инвентаризация должна формироваться на основании данных регистра накопления «ТоварныеЗапасы».
Данные выбираются из регистра РегистрНакопления.ТоварныеЗапасы.Остатки с учетом следующих условий:
остатки рассчитываются на дату, переданную в параметре ДатаИнв (на конец дня);
если склад не указан, формируется инвентаризация по всем складам;
если склад указан, выполняется отбор по конкретному складу.
Перед выполнением запроса выполняется проверка входных параметров:
если дата инвентаризации не задана, используется текущая дата;
если тип даты некорректен, формируется исключение.
Формирование инвентаризации выполняется следующим образом:
выполняется запрос к регистру накопления «ТоварныеЗапасы.Остатки» на дату инвентаризации;
данные группируются по складу и товару;
рассчитывается фактическое количество остатка товара на складе;
из результирующей выборки отбираются только позиции с ненулевыми остатками.
Результат должен представлять таблицу значений (ТаблицаЗначений), где каждая строка соответствует сочетанию:
Склад + Товар.
Таблица должна содержать следующие поля:
Склад — ссылка на склад хранения товаров (измерение регистра ТоварныеЗапасы);
Товар — номенклатура (измерение регистра ТоварныеЗапасы);
КоличествоФактическое — фактический остаток товара на складе на дату инвентаризации (ресурс регистра).
После формирования таблицы выполняется сортировка данных по складу и товару для удобства анализа инвентаризационных остатков.","{""AccumulationRegisters"": [{""id"": ""ТоварныеЗапасы"", ""name"": ""Товарные запасы"", ""RegisterType"": ""Balance"", ""Dimensions"": [{""id"": ""Товар"", ""name"": ""Товар"", ""types"": [{""type"": ""Ref"", ""id"": ""Справочник.Товары""}]}, {""id"": ""Склад"", ""name"": ""Склад"", ""types"": [{""type"": ""Ref"", ""id"": ""Справочник.Склады""}]}], ""Resources"": [{""id"": ""Количество"", ""name"": ""Количество"", ""types"": [{""type"": ""Number"", ""NumberQualifiers"": ""10.2""}]}]}], ""Catalogs"": [{""id"": ""Склады"", ""name"": ""Склады"", ""Attributes"": [{""id"": ""НеИспользовать"", ""name"": ""Не использовать"", ""types"": [{""type"": ""Boolean""}]}]}, {""id"": ""Товары"", ""name"": ""Товары"", ""Attributes"": [{""id"": ""Артикул"", ""name"": ""Артикул"", ""types"": [{""type"": ""String"", ""StringQualifiers"": ""15""}]}, {""id"": ""Поставщик"", ""name"": ""Поставщик"", ""types"": [{""type"": ""Ref"", ""id"": ""Справочник.Контрагенты""}]}, {""id"": ""ФайлКартинки"", ""name"": ""Картинка"", ""types"": [{""type"": ""Ref"", ""id"": ""Справочник.ХранимыеФайлы""}]}, {""id"": ""Вид"", ""name"": ""Вид"", ""types"": []}, {""id"": ""Штрихкод"", ""name"": ""Штрихкод"", ""types"": [{""type"": ""String"", ""StringQualifiers"": ""20""}]}, {""id"": ""Описание"", ""name"": ""Описание"", ""types"": [{""type"": ""String"", ""StringQualifiers"": ""0""}]}]}]}",task_078,server,mid,task7_СредняяИнвентаризацияТоваровСкладеа_v3.epf,"Функция СформироватьИнвентаризациюТоваров(Склад = Неопределено, ДатаИнв = Неопределено) Экспорт
    // Проверка и обработка даты инвентаризации
    Если ДатаИнв = Неопределено Тогда
        ДатаИнв = ТекущаяДата();
    ИначеЕсли ТипЗнч(ДатаИнв) <> Тип(""Дата"") Тогда
        ВызватьИсключение ""Некорректный тип параметра """"ДатаИнв"""". Ожидалось значение типа Дата или Неопределено."";
    КонецЕсли;

    // Приведение даты к концу дня для корректных остатков
    ДатаИнвНаКонецДня = КонецДня(ДатаИнв);

    // Построение текста запроса с динамическим отбором по складу
    Запрос = Новый Запрос;
    ТекстЗапроса = 
    ""ВЫБРАТЬ
    |    ТоварныеЗапасыОстатки.Склад КАК Склад,
    |    ТоварныеЗапасыОстатки.Товар КАК Товар,
    |    ТоварныеЗапасыОстатки.КоличествоОстаток КАК КоличествоФактическое
    |ИЗ
    |    РегистрНакопления.ТоварныеЗапасы.Остатки(
    |        &ДатаИнв,
    |        "";
    
    ТекстЗапроса = ТекстЗапроса + ?(Склад = Неопределено, """", ""Склад = &Склад"");
    ТекстЗапроса = ТекстЗапроса + 
    ""    ) КАК ТоварныеЗапасыОстатки
    |ГДЕ
    |    ТоварныеЗапасыОстатки.КоличествоОстаток <> 0"";

    Запрос.Текст = ТекстЗапроса;
    Запрос.УстановитьПараметр(""ДатаИнв"", ДатаИнвНаКонецДня);
    
    Если Склад <> Неопределено Тогда
        Запрос.УстановитьПараметр(""Склад"", Склад);
    КонецЕсли;

    // Выполнение запроса
    РезультатЗапроса = Запрос.Выполнить();

    // Создание результирующей таблицы значений
    ТаблицаИнв = Новый ТаблицаЗначений;
    ТаблицаИнв.Колонки.Добавить(""Склад"", Новый ОписаниеТипов(""СправочникСсылка.Склады""));
    ТаблицаИнв.Колонки.Добавить(""Товар"", Новый ОписаниеТипов(""СправочникСсылка.Товары""));
    ТаблицаИнв.Колонки.Добавить(""КоличествоФактическое"", Новый ОписаниеТипов(""Число"", Новый КвалификаторыЧисла(10, 2)));

    // Заполнение таблицы
    Выборка = РезультатЗапроса.Выбрать();
    Пока Выборка.Следующий() Цикл
        Строка = ТаблицаИнв.Добавить();
        Строка.Склад = Выборка.Склад;
        Строка.Товар = Выборка.Товар;
        Строка.КоличествоФактическое = Выборка.КоличествоФактическое;
    КонецЦикла;

    // Сортировка для удобства анализа
    ТаблицаИнв.Сортировать(""Склад, Товар"");

    Возврат ТаблицаИнв;
КонецФункции"
"Написать функцию ПроверитьСтрокуНаСоответствие(ИсходнаяСтрока, Фильтр), проверяет строку на соответствие заданным условиям.

Параметры:
ИсходнаяСтрока (тип: Строка) - строка для проверки.
Фильтр (тип: Структура) - структура условий отбора. 
Ключи структуры:
    * ИспользоватьТолькоКириллицу (тип: Булево) - Если значение = Истина, тогда исходная строка не должна содержать буквы латиницы.
    * ИспользоватьТолькоЦифры (тип: Булево) - Если значение = Истина, тогда исходная строка должна содержать только числа.
    * НачинаетсяС (тип: Строка) - Исходная строка должна начинаться с заданного символа или сочетания символов.
    * Подстрока (тип: Строка) - Исходная строка должна содержать заданную подстроку.   
    * ЭтоФорматДата(тип: Булево) - Если значение = Истина, исходная строка должна быть в формате дд.мм.гггг.  
    * ЭтоФорматТелефон(тип: Булево) - Если значение = Истина, исходная строка должна быть в формате +7(8) XXX-XXX-XX-XX или +7(8)(XXX)XXXXXXX или +7(8)XXXXXXXXXX.
    * ЭтоФорматEmail(тип: Булево) - Если значение = Истина, исходная строка должна быть в формате <локальная_часть>@<доменное_имя>.
    
 Функция должна вернуть Истину, если переданная строка удовлетворяет заданым условиям, иначе Ложь.",{},task_079,server,high,task7_сложн_Куликова_v1.epf,"Функция ПроверитьСтрокуНаСоответствие(Знач ИсходнаяСтрока, Знач Фильтр)
    
    // Проверка на использование только кириллицы
    Если Фильтр.Свойство(""ИспользоватьТолькоКириллицу"") И Фильтр.ИспользоватьТолькоКириллицу Тогда
        Если СодержитЛатиницу(ИсходнаяСтрока) Тогда
            Возврат Ложь;
        КонецЕсли;
    КонецЕсли;
    
    // Проверка на использование только цифр
    Если Фильтр.Свойство(""ИспользоватьТолькоЦифры"") И Фильтр.ИспользоватьТолькоЦифры Тогда
        Если НЕ ЭтоТолькоЦифры(ИсходнаяСтрока) Тогда
            Возврат Ложь;
        КонецЕсли;
    КонецЕсли;
    
    // Проверка на начало с заданной строки
    Если Фильтр.Свойство(""НачинаетсяС"") И ЗначениеЗаполнено(Фильтр.НачинаетсяС) Тогда
        Если Лев(ИсходнаяСтрока, СтрДлина(Фильтр.НачинаетсяС)) <> Фильтр.НачинаетсяС Тогда
            Возврат Ложь;
        КонецЕсли;
    КонецЕсли;
    
    // Проверка на содержание подстроки
    Если Фильтр.Свойство(""Подстрока"") И ЗначениеЗаполнено(Фильтр.Подстрока) Тогда
        Если СтрНайти(ИсходнаяСтрока, Фильтр.Подстрока) = 0 Тогда
            Возврат Ложь;
        КонецЕсли;
    КонецЕсли;
    
    // Проверка формата даты
    Если Фильтр.Свойство(""ЭтоФорматДата"") И Фильтр.ЭтоФорматДата Тогда
        Если НЕ ЭтоКорректнаяДата(ИсходнаяСтрока) Тогда
            Возврат Ложь;
        КонецЕсли;
    КонецЕсли;
    
    // Проверка формата телефона
    Если Фильтр.Свойство(""ЭтоФорматТелефон"") И Фильтр.ЭтоФорматТелефон Тогда
        Если НЕ ТелефонСоответствуетФормату(ИсходнаяСтрока) Тогда
            Возврат Ложь;
        КонецЕсли;
    КонецЕсли;
    
    // Проверка формата email
    Если Фильтр.Свойство(""ЭтоФорматEmail"") И Фильтр.ЭтоФорматEmail Тогда
        Если НЕ ЭтоКорректныйEmail(ИсходнаяСтрока) Тогда
            Возврат Ложь;
        КонецЕсли;
    КонецЕсли;
    
    Возврат Истина;
КонецФункции

// Проверяет, содержит ли строка латинские буквы
Функция СодержитЛатиницу(Стр)
    Для Индекс = 1 По СтрДлина(Стр) Цикл
        Код = КодСимвола(Сред(Стр, Индекс, 1));
        Если (Код >= 65 И Код <= 90) Или (Код >= 97 И Код <= 122) Тогда
            Возврат Истина;
        КонецЕсли;
    КонецЦикла;
    Возврат Ложь;
КонецФункции

// Проверяет, состоит ли строка только из цифр
Функция ЭтоТолькоЦифры(Стр)
    Для Индекс = 1 По СтрДлина(Стр) Цикл
        Код = КодСимвола(Сред(Стр, Индекс, 1));
        Если Код < 48 Или Код > 57 Тогда
            Возврат Ложь;
        КонецЕсли;
    КонецЦикла;
    Возврат Истина;
КонецФункции

// Проверяет, является ли строка корректной датой в формате дд.мм.гггг
Функция ЭтоКорректнаяДата(Стр)
    Если СтрДлина(Стр) <> 10 Тогда
        Возврат Ложь;
    КонецЕсли;
    Если Сред(Стр, 3, 1) <> ""."" Или Сред(Стр, 6, 1) <> ""."" Тогда
        Возврат Ложь;
    КонецЕсли;
    День = Лев(Стр, 2);
    Месяц = Сред(Стр, 4, 2);
    Год = Сред(Стр, 7, 4);
    Если НЕ ЭтоТолькоЦифры(День) Или НЕ ЭтоТолькоЦифры(Месяц) Или НЕ ЭтоТолькоЦифры(Год) Тогда
        Возврат Ложь;
    КонецЕсли;
    ЧислоДень = Число(День);
    ЧислоМесяц = Число(Месяц);
    ЧислоГод = Число(Год);
    Если ЧислоДень < 1 Или ЧислоДень > 31 Тогда Возврат Ложь; КонецЕсли;
    Если ЧислоМесяц < 1 Или ЧислоМесяц > 12 Тогда Возврат Ложь; КонецЕсли;
    Если ЧислоГод < 1 Или ЧислоГод > 9999 Тогда Возврат Ложь; КонецЕсли;
    Попытка
        ПроверяемаяДата = Дата(ЧислоГод, ЧислоМесяц, ЧислоДень);
    Исключение
        Возврат Ложь;
    КонецПопытки;
    Если День(ПроверяемаяДата) <> ЧислоДень Или Месяц(ПроверяемаяДата) <> ЧислоМесяц Или Год(ПроверяемаяДата) <> ЧислоГод Тогда
        Возврат Ложь;
    КонецЕсли;
    Возврат Истина;
КонецФункции

// Проверяет строку на соответствие маске, где X обозначает любую цифру
Функция СоответствуетМаске(Стр, Маска)
    Если СтрДлина(Стр) <> СтрДлина(Маска) Тогда
        Возврат Ложь;
    КонецЕсли;
    Для Индекс = 1 По СтрДлина(Маска) Цикл
        СимволМаски = Сред(Маска, Индекс, 1);
        СимволСтроки = Сред(Стр, Индекс, 1);
        Если СимволМаски = ""X"" Тогда
            Код = КодСимвола(СимволСтроки);
            Если Код < 48 Или Код > 57 Тогда
                Возврат Ложь;
            КонецЕсли;
        ИначеЕсли СимволМаски <> СимволСтроки Тогда
            Возврат Ложь;
        КонецЕсли;
    КонецЦикла;
    Возврат Истина;
КонецФункции

// Проверяет строку на соответствие одному из допустимых форматов телефона
Функция ТелефонСоответствуетФормату(Стр)
    Если СоответствуетМаске(Стр, ""+7(8) XXX-XXX-XX-XX"") Тогда
        Возврат Истина;
    ИначеЕсли СоответствуетМаске(Стр, ""+7(8)(XXX)XXXXXXX"") Тогда
        Возврат Истина;
    ИначеЕсли СоответствуетМаске(Стр, ""+7(8)XXXXXXXXXX"") Тогда
        Возврат Истина;
    КонецЕсли;
    Возврат Ложь;
КонецФункции

// Проверяет строку на соответствие базовому формату email
Функция ЭтоКорректныйEmail(Стр)
    Позиция = СтрНайти(Стр, ""@"");
    Если Позиция = 0 Или Позиция = 1 Или Позиция = СтрДлина(Стр) Тогда
        Возврат Ложь;
    КонецЕсли;
    ЛокальнаяЧасть = Лев(Стр, Позиция - 1);
    Домен = Сред(Стр, Позиция + 1);
    Если СтрДлина(ЛокальнаяЧасть) = 0 Или СтрДлина(Домен) = 0 Тогда
        Возврат Ложь;
    КонецЕсли;
    ПозТочки = СтрНайти(Домен, ""."");
    Если ПозТочки = 0 Или ПозТочки = 1 Или ПозТочки = СтрДлина(Домен) Тогда
        Возврат Ложь;
    КонецЕсли;
    Если СтрНайти(Стр, "" "") > 0 Тогда
        Возврат Ложь;
    КонецЕсли;
    Если СтрНайти(ЛокальнаяЧасть, ""@"") > 0 Или СтрНайти(Домен, ""@"") > 0 Тогда
        Возврат Ложь;
    КонецЕсли;
    Возврат Истина;
КонецФункции"
"Написать функцию ЗагрузитьРасчетныеСчетаКонтрагентовJSON(СтрокаJSON), которая загружает расчетные счета в справочник ""РасчетныеСчетаКонтрагентов"".  
Функция должна:
  1) преобразовать строку в формате JSON в массив структур или структуру. 
  2) по свойству ""bank_description"" найти элемент справочника ""Банки"". Если элемент не найден или помечен на удаление, загрузку не проводить.
  3) по свойству ""counterparty_code"" найти элемент справочника ""Контрагенты"". Если элемент не найден или помечен на удаление, загрузку не проводить.
  4) создать новый элемент справочника ""РасчетныеСчетаКонтрагентов"". Если элемент не уникален, элемент не записывать. 
  
Параметр функции:
    СтрокаJSON (тип Строка) - строка в формате JSON, которая содержит данные о цене товара на период.  
    Обязательными являются свойства: 
        ""bank_description"": наименование банка. Тип значения свойства: Строка(25). Соответствует реквизиту ""Наименование"" справочника ""Банки"". 
        ""counterparty_code"": код контрагента. Тип значения свойства: Строка(9). Соответствует реквизиту ""Код"" справочника ""Контрагенты"".
        ""number"": номер счета. Тип значения свойства: Строка(20). Соответствует реквизиту ""Номер"" справочника ""РасчетныеСчетаКонтрагентов"".     
   	Пример строки JSON:   
	{
		{
		 ""bank_description"": ""РемКом Банк"",
		 ""counterparty_code"": ""Мосхлеб ОАО"",
		 ""number"": ""19634532354341"" 
		 },
		 
		{
		 ""bank_description"": ""Первый Московский Банк"",
		 ""counterparty_code"": ""Магазин """"Обувь"""""",
		 ""number"": ""94639532354001""
		 }  
    }","{""Catalogs"": [{""id"": ""Банки"", ""name"": ""Банки"", ""Attributes"": []}, {""id"": ""Контрагенты"", ""name"": ""Контрагенты"", ""Attributes"": [{""id"": ""Регион"", ""name"": ""Регион"", ""types"": [{""type"": ""Ref"", ""id"": ""Справочник.Регионы""}]}, {""id"": ""Индекс"", ""name"": ""Индекс"", ""types"": [{""type"": ""String"", ""StringQualifiers"": ""10""}]}, {""id"": ""Страна"", ""name"": ""Страна"", ""types"": [{""type"": ""String"", ""StringQualifiers"": ""0""}]}, {""id"": ""Город"", ""name"": ""Город"", ""types"": [{""type"": ""String"", ""StringQualifiers"": ""0""}]}, {""id"": ""Улица"", ""name"": ""Улица"", ""types"": [{""type"": ""String"", ""StringQualifiers"": ""0""}]}, {""id"": ""Дом"", ""name"": ""Дом"", ""types"": [{""type"": ""String"", ""StringQualifiers"": ""15""}]}, {""id"": ""Телефон"", ""name"": ""Телефон"", ""types"": [{""type"": ""String"", ""StringQualifiers"": ""16""}]}, {""id"": ""ЭлектроннаяПочта"", ""name"": ""Электронная почта"", ""types"": [{""type"": ""String"", ""StringQualifiers"": ""40""}]}, {""id"": ""Факс"", ""name"": ""Факс"", ""types"": [{""type"": ""String"", ""StringQualifiers"": ""16""}]}, {""id"": ""ВебСайт"", ""name"": ""Веб сайт"", ""types"": [{""type"": ""String"", ""StringQualifiers"": ""40""}]}, {""id"": ""ВидЦен"", ""name"": ""Вид цен"", ""types"": [{""type"": ""Ref"", ""id"": ""Справочник.ВидыЦен""}]}, {""id"": ""ДополнительнаяИнформация"", ""name"": ""Дополнительная информация"", ""types"": [{""type"": ""String"", ""StringQualifiers"": ""0""}]}, {""id"": ""КонтактноеЛицо"", ""name"": ""Контактное лицо"", ""types"": [{""type"": ""String"", ""StringQualifiers"": ""100""}]}, {""id"": ""Широта"", ""name"": ""Широта"", ""types"": [{""type"": ""Number"", ""NumberQualifiers"": ""10.6""}]}, {""id"": ""Долгота"", ""name"": ""Долгота"", ""types"": [{""type"": ""Number"", ""NumberQualifiers"": ""10.6""}]}]}, {""id"": ""РасчетныеСчетаКонтрагентов"", ""name"": ""Расчетные счета контрагентов"", ""Attributes"": [{""id"": ""Номер"", ""name"": ""Номер"", ""types"": [{""type"": ""String"", ""StringQualifiers"": ""20""}]}, {""id"": ""Банк"", ""name"": ""Банк"", ""types"": [{""type"": ""Ref"", ""id"": ""Справочник.Банки""}]}]}]}",task_080,server,,task8_Куликова_v1.epf,"Функция ЗагрузитьРасчетныеСчетаКонтрагентовJSON(СтрокаJSON)
    
    // Проверка входного параметра
    Если Не ЗначениеЗаполнено(СтрокаJSON) Тогда
        Возврат 0;
    КонецЕсли;
    
    // Преобразование JSON в массив структур (или структуру)
    Попытка
        ДанныеJSON = ПрочитатьJSON(СтрокаJSON);
    Исключение
        // Если не удалось прочитать JSON, возвращаем 0
        Возврат 0;
    КонецПопытки;
    
    // Приводим к единому виду: массив элементов
    Если ТипЗнч(ДанныеJSON) = Тип(""Структура"") Тогда
        МассивЭлементов = Новый Массив;
        МассивЭлементов.Добавить(ДанныеJSON);
    ИначеЕсли ТипЗнч(ДанныеJSON) = Тип(""Массив"") Тогда
        МассивЭлементов = ДанныеJSON;
    Иначе
        // Неподдерживаемый формат
        Возврат 0;
    КонецЕсли;
    
    КоличествоЗагруженных = 0;
    
    Для Каждого ЭлементJSON Из МассивЭлементов Цикл
        
        // Проверка обязательных свойств
        Если Не ЭлементJSON.Свойство(""bank_description"") 
            Или Не ЭлементJSON.Свойство(""counterparty_code"") 
            Или Не ЭлементJSON.Свойство(""number"") Тогда
            Продолжить;
        КонецЕсли;
        
        // Извлечение значений
        НаименованиеБанка = СокрЛП(ЭлементJSON.bank_description);
        КодКонтрагента = СокрЛП(ЭлементJSON.counterparty_code);
        НомерСчета = СокрЛП(ЭлементJSON.number);
        
        // Поиск банка по наименованию
        Запрос = Новый Запрос;
        Запрос.Текст = 
        ""ВЫБРАТЬ
        |	Банки.Ссылка КАК Ссылка,
        |	Банки.ПометкаУдаления КАК ПометкаУдаления
        |ИЗ
        |	Справочник.Банки КАК Банки
        |ГДЕ
        |	Банки.Наименование = &Наименование"";
        Запрос.УстановитьПараметр(""Наименование"", НаименованиеБанка);
        Результат = Запрос.Выполнить();
        
        Если Результат.Пустой() Тогда
            Продолжить; // Банк не найден
        КонецЕсли;
        
        ВыборкаБанк = Результат.Выбрать();
        ВыборкаБанк.Следующий();
        Если ВыборкаБанк.ПометкаУдаления Тогда
            Продолжить; // Банк помечен на удаление
        КонецЕсли;
        БанкСсылка = ВыборкаБанк.Ссылка;
        
        // Поиск контрагента по коду
        Запрос = Новый Запрос;
        Запрос.Текст = 
        ""ВЫБРАТЬ
        |	Контрагенты.Ссылка КАК Ссылка,
        |	Контрагенты.ПометкаУдаления КАК ПометкаУдаления
        |ИЗ
        |	Справочник.Контрагенты КАК Контрагенты
        |ГДЕ
        |	Контрагенты.Код = &Код"";
        Запрос.УстановитьПараметр(""Код"", КодКонтрагента);
        Результат = Запрос.Выполнить();
        
        Если Результат.Пустой() Тогда
            Продолжить; // Контрагент не найден
        КонецЕсли;
        
        ВыборкаКонтрагент = Результат.Выбрать();
        ВыборкаКонтрагент.Следующий();
        Если ВыборкаКонтрагент.ПометкаУдаления Тогда
            Продолжить; // Контрагент помечен на удаление
        КонецЕсли;
        КонтрагентСсылка = ВыборкаКонтрагент.Ссылка;
        
        // Проверка уникальности расчетного счета
        Запрос = Новый Запрос;
        Запрос.Текст = 
        ""ВЫБРАТЬ
        |	РасчетныеСчетаКонтрагентов.Ссылка КАК Ссылка
        |ИЗ
        |	Справочник.РасчетныеСчетаКонтрагентов КАК РасчетныеСчетаКонтрагентов
        |ГДЕ
        |	РасчетныеСчетаКонтрагентов.Владелец = &Владелец
        |	И РасчетныеСчетаКонтрагентов.Банк = &Банк
        |	И РасчетныеСчетаКонтрагентов.Номер = &Номер"";
        Запрос.УстановитьПараметр(""Владелец"", КонтрагентСсылка);
        Запрос.УстановитьПараметр(""Банк"", БанкСсылка);
        Запрос.УстановитьПараметр(""Номер"", НомерСчета);
        Результат = Запрос.Выполнить();
        
        Если Не Результат.Пустой() Тогда
            Продолжить; // Элемент уже существует
        КонецЕсли;
        
        // Создание нового элемента справочника
        НовыйСчет = Справочники.РасчетныеСчетаКонтрагентов.СоздатьЭлемент();
        НовыйСчет.Владелец = КонтрагентСсылка;
        НовыйСчет.Банк = БанкСсылка;
        НовыйСчет.Номер = НомерСчета;
        
        Попытка
            НовыйСчет.Записать();
            КоличествоЗагруженных = КоличествоЗагруженных + 1;
        Исключение
            // Ошибка записи — пропускаем
            Продолжить;
        КонецПопытки;
        
    КонецЦикла;
    
    Возврат КоличествоЗагруженных;
    
КонецФункции"
"Написать функцию ПроверкаКорректностиЗаполненияНоменклатуры(),
которая выполняет проверку корректности заполнения карточек номенклатуры (товаров) в справочнике «Товары» и формирует таблицу с перечнем некорректно заполненных позиций.
Проверка должна выполняться на основании данных справочника Справочник.Товары.
В процессе обработки анализируются основные обязательные реквизиты номенклатуры:
Наименование;
Штрихкод;
Описание;
Ссылка на элемент номенклатуры.
Функция должна выполнять выборку всех элементов справочника «Товары» без ограничения по периоду и без дополнительных отборов, так как задача направлена на контроль качества заполнения нормативно-справочной информации.
Алгоритм работы функции следующий:
Сначала формируется запрос к справочнику Товары, в котором выбираются поля:
Ссылка, Наименование, Штрихкод, Описание.
После выполнения запроса результат выгружается в таблицу значений для последующей программной обработки.
Далее создаётся результирующая таблица значений со следующей структурой колонок:
Товар (СправочникСсылка.Товары);
Наименование (Строка);
Штрихкод (Строка);
Описание (Строка);
КорректноЗаполнено (Булево).
Затем выполняется цикл по всем строкам выборки.
Для каждой позиции номенклатуры производится логическая проверка заполненности обязательных реквизитов с использованием функций ЗначениеЗаполнено и ПустаяСтрока.
Элемент номенклатуры считается заполненным некорректно, если:
отсутствует наименование;
не заполнен штрихкод;
отсутствует описание товара.
В случае выявления некорректно заполненных данных в результирующую таблицу добавляется новая строка, в которой фиксируются:
ссылка на товар, его наименование, штрихкод, описание и признак КорректноЗаполнено = Ложь.
Если все обязательные реквизиты заполнены корректно, запись в результирующую таблицу не добавляется, что позволяет формировать список только проблемных позиций номенклатуры.
После завершения обработки всех элементов справочника результирующая таблица сортируется по колонке «Наименование» в возрастающем порядке для удобства анализа пользователем.
Функция должна возвращать объект типа ТаблицаЗначений, содержащий перечень номенклатуры с ошибками заполнения.
Пустая таблица значений считается корректным результатом и означает, что все карточки номенклатуры заполнены правильно и не требуют дополнительной проверки или корректировки.","{""Catalogs"": [{""id"": ""Товары"", ""name"": ""Товары"", ""Attributes"": [{""id"": ""Артикул"", ""name"": ""Артикул"", ""types"": [{""type"": ""String"", ""StringQualifiers"": ""15""}]}, {""id"": ""Поставщик"", ""name"": ""Поставщик"", ""types"": [{""type"": ""Ref"", ""id"": ""Справочник.Контрагенты""}]}, {""id"": ""ФайлКартинки"", ""name"": ""Картинка"", ""types"": [{""type"": ""Ref"", ""id"": ""Справочник.ХранимыеФайлы""}]}, {""id"": ""Вид"", ""name"": ""Вид"", ""types"": []}, {""id"": ""Штрихкод"", ""name"": ""Штрихкод"", ""types"": [{""type"": ""String"", ""StringQualifiers"": ""20""}]}, {""id"": ""Описание"", ""name"": ""Описание"", ""types"": [{""type"": ""String"", ""StringQualifiers"": ""0""}]}]}]}",task_081,server,mid,task8_СредняяПроверкаКорректностиЗаполненияХарактеристикНоменклатуры_v3.epf,"// Функция проверки корректности заполнения карточек номенклатуры.
// Возвращает таблицу значений с перечнем некорректно заполненных позиций.
//
Функция ПроверкаКорректностиЗаполненияНоменклатуры() Экспорт

    // Шаг 1. Формирование запроса к справочнику Товары
    Запрос = Новый Запрос;
    Запрос.Текст = 
    ""ВЫБРАТЬ
    |    Товары.Ссылка       КАК Ссылка,
    |    Товары.Наименование КАК Наименование,
    |    Товары.Штрихкод     КАК Штрихкод,
    |    Товары.Описание     КАК Описание
    |ИЗ
    |    Справочник.Товары КАК Товары"";

    // Выполнение запроса и выгрузка результата в таблицу значений
    // для последующей программной обработки
    РезультатЗапроса = Запрос.Выполнить();
    ПромежуточнаяТаблица = РезультатЗапроса.Выгрузить();

    // Шаг 2. Создание результирующей таблицы значений с требуемой структурой колонок
    РезультирующаяТаблица = Новый ТаблицаЗначений;
    РезультирующаяТаблица.Колонки.Добавить(""Товар"",               Новый ОписаниеТипов(""СправочникСсылка.Товары""));
    РезультирующаяТаблица.Колонки.Добавить(""Наименование"",       Новый ОписаниеТипов(""Строка""));
    РезультирующаяТаблица.Колонки.Добавить(""Штрихкод"",           Новый ОписаниеТипов(""Строка""));
    РезультирующаяТаблица.Колонки.Добавить(""Описание"",           Новый ОписаниеТипов(""Строка""));
    РезультирующаяТаблица.Колонки.Добавить(""КорректноЗаполнено"", Новый ОписаниеТипов(""Булево""));

    // Шаг 3. Цикл по всем выбранным элементам справочника
    Для Каждого Строка Из ПромежуточнаяТаблица Цикл
        
        // Проверка заполненности обязательных реквизитов
        // Элемент считается заполненным некорректно, если хотя бы один из реквизитов
        // не заполнен (используется функция ЗначениеЗаполнено, которая учитывает
        // пустые строки, Null и Неопределено)
        Если Не ЗначениеЗаполнено(Строка.Наименование)
           Или Не ЗначениеЗаполнено(Строка.Штрихкод)
           Или Не ЗначениеЗаполнено(Строка.Описание) Тогда

            // Добавление записи о проблемной позиции в результирующую таблицу
            НовСтрока = РезультирующаяТаблица.Добавить();
            НовСтрока.Товар               = Строка.Ссылка;
            НовСтрока.Наименование       = Строка.Наименование;
            НовСтрока.Штрихкод           = Строка.Штрихкод;
            НовСтрока.Описание           = Строка.Описание;
            НовСтрока.КорректноЗаполнено = Ложь;
        КонецЕсли;

    КонецЦикла;

    // Шаг 4. Сортировка результирующей таблицы по наименованию в возрастающем порядке
    РезультирующаяТаблица.Сортировать(""Наименование Возр"");

    // Шаг 5. Возврат сформированной таблицы (может быть пустой, это корректно)
    Возврат РезультирующаяТаблица;

КонецФункции"
"Написать функцию СформироватьОтчетВзаимосвязьПродажТоваровВариантТаблица(ДатаНачала, ДатаОкончания, СравниваемыйТовар), которая формирует отчет на сервере ""ВзаимосвязьПродажТоваров"" на заданный период 
и подменят стандартную структуру отчета(диаграмма) на таблицу. 
 
Функция должна программно сформировать отчет ""ВзаимосвязьПродажТоваров"", вариант отчета ""Основной"". 
Настройки отчета:
	Параметры отчета: НачалоПериода, КонецПериода, СравниваемыйТовар. 
	    Значения параметов: НачалоПериода = ДатаНачала, КонецПериода = ДатаОкончания, СравниваемыйТовар = СравниваемыйТовар(брать из параметров функции)
	Структура отчета: Таблица
	                     *cтроки: Товар. ТипГруппировки = Элементы, ТипДополнения = БезДополнения.    
	                     *столбцы: Период. ТипГруппировки = Элементы, ТипДополнения = БезДополнения.
	Параметры вывода: ВыводитьПараметрыДанных = Не выводить,
	                  ВыводитьОтбор = Не выводить. 
	                  ВертикальноеРасположениеОбщихИтогов = Нет.
Параметры функции:  
ДатаНачала (тип: Дата) - начало периода.
ДатаОкончания (тип: Дата) - окончание периода.
СравниваемыйТовар (тип: СправочникСсылка.Товары) - товар.

Возвращаемое значение: ТабличныйДокумент.","{""Catalogs"": [{""id"": ""Товары"", ""name"": ""Товары"", ""Attributes"": [{""id"": ""Артикул"", ""name"": ""Артикул"", ""types"": [{""type"": ""String"", ""StringQualifiers"": ""15""}]}, {""id"": ""Поставщик"", ""name"": ""Поставщик"", ""types"": [{""type"": ""Ref"", ""id"": ""Справочник.Контрагенты""}]}, {""id"": ""ФайлКартинки"", ""name"": ""Картинка"", ""types"": [{""type"": ""Ref"", ""id"": ""Справочник.ХранимыеФайлы""}]}, {""id"": ""Вид"", ""name"": ""Вид"", ""types"": []}, {""id"": ""Штрихкод"", ""name"": ""Штрихкод"", ""types"": [{""type"": ""String"", ""StringQualifiers"": ""20""}]}, {""id"": ""Описание"", ""name"": ""Описание"", ""types"": [{""type"": ""String"", ""StringQualifiers"": ""0""}]}]}]}",task_082,server,high,task8_сложн_Куликова_v1.epf,"Функция СформироватьОтчетВзаимосвязьПродажТоваровВариантТаблица(ДатаНачала, ДатаОкончания, СравниваемыйТовар)
    // Получаем объект отчета
    Отчет = Отчеты.ВзаимосвязьПродажТоваров.Создать();
    
    // Загружаем настройки варианта ""Основной""
    Вариант = Отчет.ВариантыНастроек.Найти(""Основной"");
    Если Вариант = Неопределено Тогда
        ВызватьИсключение ""Вариант отчета """"Основной"""" не найден."";
    КонецЕсли;
    КомпоновщикНастроек = Отчет.КомпоновщикНастроек;
    КомпоновщикНастроек.ЗагрузитьНастройки(Вариант);
    Настройки = КомпоновщикНастроек.Настройки;
    
    // Устанавливаем параметры данных
    Настройки.ПараметрыДанных.УстановитьЗначениеПараметра(""НачалоПериода"", ДатаНачала);
    Настройки.ПараметрыДанных.УстановитьЗначениеПараметра(""КонецПериода"", ДатаОкончания);
    Настройки.ПараметрыДанных.УстановитьЗначениеПараметра(""СравниваемыйТовар"", СравниваемыйТовар);
    
    // Изменяем структуру отчета на таблицу
    Настройки.Структура.Группировки.Очистить();
    
    // Группировка по товару (строки)
    ГруппировкаТовар = Настройки.Структура.Группировки.Добавить(Тип(""ГруппировкаКомпоновкиДанных""));
    ГруппировкаТовар.Имя = ""Товар"";
    ГруппировкаТовар.Поле = Новый ПолеКомпоновкиДанных(""Товар"");
    ГруппировкаТовар.ВидГруппировки = ВидГруппировкиКомпоновкиДанных.Элементы;
    ГруппировкаТовар.Дополнение = ДополнениеПериодаКомпоновкиДанных.БезДополнения;
    ГруппировкаТовар.Роль = РольГруппировкиКомпоновкиДанных.Строка;
    
    // Группировка по периоду (столбцы)
    ГруппировкаПериод = Настройки.Структура.Группировки.Добавить(Тип(""ГруппировкаКомпоновкиДанных""));
    ГруппировкаПериод.Имя = ""Период"";
    ГруппировкаПериод.Поле = Новый ПолеКомпоновкиДанных(""Период"");
    ГруппировкаПериод.ВидГруппировки = ВидГруппировкиКомпоновкиДанных.Элементы;
    ГруппировкаПериод.Дополнение = ДополнениеПериодаКомпоновкиДанных.БезДополнения;
    ГруппировкаПериод.Роль = РольГруппировкиКомпоновкиДанных.Колонка;
    
    // Настройки вывода
    Настройки.ПараметрыВывода.ВыводитьПараметрыДанных = Ложь;
    Настройки.ПараметрыВывода.ВыводитьОтбор = Ложь;
    Настройки.ПараметрыВывода.ВертикальноеРасположениеОбщихИтогов = Ложь;
    
    // Компоновка и вывод в табличный документ
    КомпоновщикМакета = Новый КомпоновщикМакетаКомпоновкиДанных;
    МакетКомпоновки = КомпоновщикМакета.Выполнить(Отчет.СхемаКомпоновкиДанных, Настройки, , , Тип(""ГенераторМакетаКомпоновкиДанныхДляКоллекцииЗначений""));
    
    ПроцессорКомпоновки = Новый ПроцессорКомпоновкиДанных;
    ПроцессорКомпоновки.Инициализировать(МакетКомпоновки);
    
    ТабличныйДокумент = Новый ТабличныйДокумент;
    ПроцессорВывода = Новый ПроцессорВыводаРезультатаКомпоновкиДанныхВТабличныйДокумент;
    ПроцессорВывода.УстановитьДокумент(ТабличныйДокумент);
    ПроцессорВывода.Вывести(ПроцессорКомпоновки);
    
    Возврат ТабличныйДокумент;
КонецФункции"
"Написать функцию ВыгрузитьЗадолженностьКонтрагентовВJSON(), которая выгружает данные о задолженности контрагентов в файл JSON.   
Данные о задолженности брать из регистра накопления ""Взаиморасчеты"". Отбирать записи актуальные на текущую дату и для которых Сумма < 0. 

Файл должен представлять массив записей, каждая запись должна содержать поля: 

Валюта - наименование валюты. (реквизит ""Наименование"" cправочника ""Валюты"").
Контрагенты - массив записей: каждая запись должна содержать поля:
     Контрагент - наименование контрагента (реквизит ""Наименование"" cправочника ""Контрагенты""). 
     Сумма - сумма задолженности. (поле ""Сумма"" регистра накопления ""Взаиморасчеты"").     
    
Функция должна возвращать путь к получившемуся файлу.","{""AccumulationRegisters"": [{""id"": ""Взаиморасчеты"", ""name"": ""Взаиморасчеты"", ""RegisterType"": ""Balance"", ""Dimensions"": [{""id"": ""Контрагент"", ""name"": ""Контрагент"", ""types"": [{""type"": ""Ref"", ""id"": ""Справочник.Контрагенты""}]}, {""id"": ""Валюта"", ""name"": ""Валюта"", ""types"": [{""type"": ""Ref"", ""id"": ""Справочник.Валюты""}]}], ""Resources"": [{""id"": ""Сумма"", ""name"": ""Сумма"", ""types"": [{""type"": ""Number"", ""NumberQualifiers"": ""10.2""}]}]}], ""Catalogs"": [{""id"": ""Валюты"", ""name"": ""Валюты"", ""Attributes"": [{""id"": ""НаименованиеОсновнойВалюты"", ""name"": ""Наименование основной валюты"", ""types"": [{""type"": ""String"", ""StringQualifiers"": ""0""}]}, {""id"": ""НаименованиеРазменнойВалюты"", ""name"": ""Наименование разменной валюты"", ""types"": [{""type"": ""String"", ""StringQualifiers"": ""0""}]}]}, {""id"": ""Контрагенты"", ""name"": ""Контрагенты"", ""Attributes"": [{""id"": ""Регион"", ""name"": ""Регион"", ""types"": [{""type"": ""Ref"", ""id"": ""Справочник.Регионы""}]}, {""id"": ""Индекс"", ""name"": ""Индекс"", ""types"": [{""type"": ""String"", ""StringQualifiers"": ""10""}]}, {""id"": ""Страна"", ""name"": ""Страна"", ""types"": [{""type"": ""String"", ""StringQualifiers"": ""0""}]}, {""id"": ""Город"", ""name"": ""Город"", ""types"": [{""type"": ""String"", ""StringQualifiers"": ""0""}]}, {""id"": ""Улица"", ""name"": ""Улица"", ""types"": [{""type"": ""String"", ""StringQualifiers"": ""0""}]}, {""id"": ""Дом"", ""name"": ""Дом"", ""types"": [{""type"": ""String"", ""StringQualifiers"": ""15""}]}, {""id"": ""Телефон"", ""name"": ""Телефон"", ""types"": [{""type"": ""String"", ""StringQualifiers"": ""16""}]}, {""id"": ""ЭлектроннаяПочта"", ""name"": ""Электронная почта"", ""types"": [{""type"": ""String"", ""StringQualifiers"": ""40""}]}, {""id"": ""Факс"", ""name"": ""Факс"", ""types"": [{""type"": ""String"", ""StringQualifiers"": ""16""}]}, {""id"": ""ВебСайт"", ""name"": ""Веб сайт"", ""types"": [{""type"": ""String"", ""StringQualifiers"": ""40""}]}, {""id"": ""ВидЦен"", ""name"": ""Вид цен"", ""types"": [{""type"": ""Ref"", ""id"": ""Справочник.ВидыЦен""}]}, {""id"": ""ДополнительнаяИнформация"", ""name"": ""Дополнительная информация"", ""types"": [{""type"": ""String"", ""StringQualifiers"": ""0""}]}, {""id"": ""КонтактноеЛицо"", ""name"": ""Контактное лицо"", ""types"": [{""type"": ""String"", ""StringQualifiers"": ""100""}]}, {""id"": ""Широта"", ""name"": ""Широта"", ""types"": [{""type"": ""Number"", ""NumberQualifiers"": ""10.6""}]}, {""id"": ""Долгота"", ""name"": ""Долгота"", ""types"": [{""type"": ""Number"", ""NumberQualifiers"": ""10.6""}]}]}]}",task_083,server,,task9_Куликова_v1.epf,"Функция ВыгрузитьЗадолженностьКонтрагентовВJSON()
    
    ТекущаяДата = ТекущаяДата();
    
    // Формирование запроса к виртуальной таблице остатков регистра ""Взаиморасчеты""
    Запрос = Новый Запрос;
    Запрос.Текст = 
    ""ВЫБРАТЬ
    |    ВзаиморасчетыОстатки.Валюта КАК Валюта,
    |    ВзаиморасчетыОстатки.Валюта.Наименование КАК ВалютаНаименование,
    |    ВзаиморасчетыОстатки.Контрагент КАК Контрагент,
    |    ВзаиморасчетыОстатки.Контрагент.Наименование КАК КонтрагентНаименование,
    |    ВзаиморасчетыОстатки.СуммаОстаток КАК Сумма
    |ИЗ
    |    РегистрНакопления.Взаиморасчеты.Остатки(&ТекущаяДата, ) КАК ВзаиморасчетыОстатки
    |ГДЕ
    |    ВзаиморасчетыОстатки.СуммаОстаток < 0
    |УПОРЯДОЧИТЬ ПО
    |    ВалютаНаименование,
    |    КонтрагентНаименование"";
    
    Запрос.УстановитьПараметр(""ТекущаяДата"", ТекущаяДата);
    Результат = Запрос.Выполнить();
    
    Выборка = Результат.Выбрать();
    
    // Группировка результатов: для каждой валюты собираем массив контрагентов
    МассивВалют = Новый Массив;
    ТекущаяВалюта = Неопределено;
    МассивКонтрагентов = Неопределено;
    ТекущееНаименованиеВалюты = """";
    
    Пока Выборка.Следующий() Цикл
        ВалютаСсылка = Выборка.Валюта;
        
        Если ТекущаяВалюта = Неопределено ИЛИ ВалютаСсылка <> ТекущаяВалюта Тогда
            // Завершаем предыдущую группу
            Если ТекущаяВалюта <> Неопределено Тогда
                ЗаписьВалюты = Новый Структура;
                ЗаписьВалюты.Вставить(""Валюта"", ТекущееНаименованиеВалюты);
                ЗаписьВалюты.Вставить(""Контрагенты"", МассивКонтрагентов);
                МассивВалют.Добавить(ЗаписьВалюты);
            КонецЕсли;
            
            // Начинаем новую группу
            ТекущаяВалюта = ВалютаСсылка;
            ТекущееНаименованиеВалюты = Выборка.ВалютаНаименование;
            МассивКонтрагентов = Новый Массив;
        КонецЕсли;
        
        // Добавляем контрагента в текущий массив
        ЗаписьКонтрагента = Новый Структура;
        ЗаписьКонтрагента.Вставить(""Контрагент"", Выборка.КонтрагентНаименование);
        ЗаписьКонтрагента.Вставить(""Сумма"", Выборка.Сумма);
        МассивКонтрагентов.Добавить(ЗаписьКонтрагента);
    КонецЦикла;
    
    // Не забываем добавить последнюю группу
    Если ТекущаяВалюта <> Неопределено Тогда
        ЗаписьВалюты = Новый Структура;
        ЗаписьВалюты.Вставить(""Валюта"", ТекущееНаименованиеВалюты);
        ЗаписьВалюты.Вставить(""Контрагенты"", МассивКонтрагентов);
        МассивВалют.Добавить(ЗаписьВалюты);
    КонецЕсли;
    
    // Сохранение в файл JSON
    ИмяФайла = ПолучитьИмяВременногоФайла(""json"");
    
    ЗаписьJSON = Новый ЗаписьJSON;
    ЗаписьJSON.ОткрытьФайл(ИмяФайла);
    ЗаписьJSON.УстановитьСтрокуФорматирования(ПереводСтрокиJSON.Да);
    
    ЗаписьJSON.ЗаписатьНачалоМассива();
    
    Для Каждого ЗаписьВалюты Из МассивВалют Цикл
        ЗаписьJSON.ЗаписатьНачалоОбъекта();
        
        ЗаписьJSON.ЗаписатьИмяСвойства(""Валюта"");
        ЗаписьJSON.ЗаписатьЗначение(ЗаписьВалюты.Валюта);
        
        ЗаписьJSON.ЗаписатьИмяСвойства(""Контрагенты"");
        ЗаписьJSON.ЗаписатьНачалоМассива();
        
        Для Каждого ЗаписьКонтрагента Из ЗаписьВалюты.Контрагенты Цикл
            ЗаписьJSON.ЗаписатьНачалоОбъекта();
            
            ЗаписьJSON.ЗаписатьИмяСвойства(""Контрагент"");
            ЗаписьJSON.ЗаписатьЗначение(ЗаписьКонтрагента.Контрагент);
            
            ЗаписьJSON.ЗаписатьИмяСвойства(""Сумма"");
            ЗаписьJSON.ЗаписатьЗначение(ЗаписьКонтрагента.Сумма);
            
            ЗаписьJSON.ЗаписатьКонецОбъекта();
        КонецЦикла;
        
        ЗаписьJSON.ЗаписатьКонецМассива();
        ЗаписьJSON.ЗаписатьКонецОбъекта();
    КонецЦикла;
    
    ЗаписьJSON.ЗаписатьКонецМассива();
    ЗаписьJSON.Закрыть();
    
    Возврат ИмяФайла;
    
КонецФункции"
"Написать функцию СформироватьОтчетОборачиваемости(ДатаНач, ДатаКон),
которая формирует отчет по оборачиваемости товаров (товарный запас в днях) на основании данных системы учета запасов и продаж.
Отчет должен формироваться на основании регистров накопления «Продажи» и «ТоварныеЗапасы».
Данные о продажах выбираются из регистра РегистрНакопления.Продажи с отбором по периоду дат, где дата регистратора (Продажи.Регистратор.Дата) находится в диапазоне между параметрами ДатаНач и ДатаКон (включительно).
Остатки товаров определяются по регистру РегистрНакопления.ТоварныеЗапасы.Остатки на дату окончания периода.
Если параметры периода не заданы, функция автоматически устанавливает период анализа равный последним 30 календарным дням от текущей даты.
Также выполняется проверка корректности периода: дата окончания не может быть меньше даты начала.
Структура формирования отчета выполняется следующим образом:
Сначала формируется временная таблица продаж, в которой данные группируются по товару и рассчитывается суммарное количество продаж за указанный период.
Далее выполняется запрос к регистру остатков товаров, после чего данные об остатках объединяются с данными о продажах по номенклатуре (товару) с использованием левого соединения.
На основании полученных данных рассчитываются аналитические показатели:
Остаток товара на складе;
Количество продаж за период;
Среднедневные продажи (отношение количества продаж к количеству дней в периоде);
Оборачиваемость товара в днях (отношение текущего остатка к среднедневным продажам).
В случае отсутствия продаж по товару среднедневные продажи принимаются равными нулю, а оборачиваемость рассчитывается как условно высокая величина, что позволяет выявлять медленно оборачиваемые и неликвидные запасы.
Результат работы функции представляет собой ТаблицуЗначений, содержащую колонки:
Товар, Остаток, КоличествоПродаж, СреднедневныеПродажи, ОборачиваемостьВДнях.
После заполнения таблица сортируется по показателю оборачиваемости в днях в порядке убывания для удобства анализа товарных запасов и принятия управленческих решений по закупкам, списанию или перераспределению товаров.","{""AccumulationRegisters"": [{""id"": ""Продажи"", ""name"": ""Продажи"", ""RegisterType"": ""Turnovers"", ""Dimensions"": [{""id"": ""Покупатель"", ""name"": ""Покупатель"", ""types"": [{""type"": ""Ref"", ""id"": ""Справочник.Контрагенты""}]}, {""id"": ""Товар"", ""name"": ""Товар"", ""types"": [{""type"": ""Ref"", ""id"": ""Справочник.Товары""}]}], ""Resources"": [{""id"": ""Количество"", ""name"": ""Количество"", ""types"": [{""type"": ""Number"", ""NumberQualifiers"": ""10.2""}]}, {""id"": ""Сумма"", ""name"": ""Сумма"", ""types"": [{""type"": ""Number"", ""NumberQualifiers"": ""10.2""}]}]}, {""id"": ""ТоварныеЗапасы"", ""name"": ""Товарные запасы"", ""RegisterType"": ""Balance"", ""Dimensions"": [{""id"": ""Товар"", ""name"": ""Товар"", ""types"": [{""type"": ""Ref"", ""id"": ""Справочник.Товары""}]}, {""id"": ""Склад"", ""name"": ""Склад"", ""types"": [{""type"": ""Ref"", ""id"": ""Справочник.Склады""}]}], ""Resources"": [{""id"": ""Количество"", ""name"": ""Количество"", ""types"": [{""type"": ""Number"", ""NumberQualifiers"": ""10.2""}]}]}]}",task_084,server,mid,task9_СредняяОтчетПоОборачиваемостиТоваров_v3.epf,"Функция СформироватьОтчетОборачиваемости(ДатаНач = Неопределено, ДатаКон = Неопределено) Экспорт

    // Проверка и инициализация периода по умолчанию (последние 30 календарных дней)
    Если Не ЗначениеЗаполнено(ДатаНач) Или Не ЗначениеЗаполнено(ДатаКон) Тогда
        ДатаКон = ТекущаяДата();
        ДатаНач = ДатаКон - 29; // 30 дней включительно (с ДатаНач по ДатаКон)
    КонецЕсли;

    // Проверка корректности периода
    Если ДатаКон < ДатаНач Тогда
        ВызватьИсключение ""Дата окончания периода не может быть меньше даты начала"";
    КонецЕсли;

    // Расчет количества календарных дней в периоде (для среднедневных продаж)
    НачДата = НачалоДня(ДатаНач);
    КонДата = НачалоДня(ДатаКон);
    КоличествоДней = (КонДата - НачДата) / 86400 + 1;

    // Условно высокая величина оборачиваемости при отсутствии продаж
    УсловноВысокаяВеличина = 999999999;

    // Формирование запроса
    Запрос = Новый Запрос;
    Запрос.Текст = 
    ""ВЫБРАТЬ
    |    Продажи.Товар КАК Товар,
    |    СУММА(Продажи.Количество) КАК КоличествоПродаж
    |ПОМЕСТИТЬ ВТПродажи
    |ИЗ
    |    РегистрНакопления.Продажи КАК Продажи
    |ГДЕ
    |    Продажи.Регистратор.Дата МЕЖДУ &ДатаНач И &ДатаКон
    |СГРУППИРОВАТЬ ПО
    |    Продажи.Товар
    |;
    |
    |ВЫБРАТЬ
    |    ТоварныеЗапасыОстатки.Товар КАК Товар,
    |    СУММА(ТоварныеЗапасыОстатки.КоличествоОстаток) КАК Остаток,
    |    ЕСТЬNULL(ВТПродажи.КоличествоПродаж, 0) КАК КоличествоПродаж
    |ПОМЕСТИТЬ ВТДанные
    |ИЗ
    |    РегистрНакопления.ТоварныеЗапасы.Остатки(&ДатаКон) КАК ТоварныеЗапасыОстатки
    |    ЛЕВОЕ СОЕДИНЕНИЕ ВТПродажи КАК ВТПродажи
    |    ПО ТоварныеЗапасыОстатки.Товар = ВТПродажи.Товар
    |СГРУППИРОВАТЬ ПО
    |    ТоварныеЗапасыОстатки.Товар,
    |    ВТПродажи.КоличествоПродаж
    |;
    |
    |ВЫБРАТЬ
    |    ВТДанные.Товар КАК Товар,
    |    ВТДанные.Остаток КАК Остаток,
    |    ВТДанные.КоличествоПродаж КАК КоличествоПродаж,
    |    ВТДанные.КоличествоПродаж / &КоличествоДней КАК СреднедневныеПродажи,
    |    ВЫБОР
    |        КОГДА ВТДанные.КоличествоПродаж = 0 ТОГДА &УсловноВысокаяВеличина
    |        ИНАЧЕ ВТДанные.Остаток / (ВТДанные.КоличествоПродаж / &КоличествоДней)
    |    КОНЕЦ КАК ОборачиваемостьВДнях
    |ИЗ
    |    ВТДанные КАК ВТДанные"";

    Запрос.УстановитьПараметр(""ДатаНач"", ДатаНач);
    Запрос.УстановитьПараметр(""ДатаКон"", ДатаКон);
    Запрос.УстановитьПараметр(""КоличествоДней"", КоличествоДней);
    Запрос.УстановитьПараметр(""УсловноВысокаяВеличина"", УсловноВысокаяВеличина);

    // Выполнение запроса и получение таблицы значений
    Результат = Запрос.Выполнить().Выгрузить();

    // Сортировка по оборачиваемости в днях по убыванию
    Результат.Сортировать(""ОборачиваемостьВДнях УБЫВ"");

    Возврат Результат;

КонецФункции"
"Написать функцию СформироватьОтчетДинамикаПродажТовара(ДатаНачала, ДатаОкончания, Товар), которая формирует отчет на сервере ""ДинамикаПродаж"" на заданный период и с отбором по ""Товар"". 
Функция должна программно сформировать отчет ""ДинамикаПродаж"", вариант отчета ""ПродажиТоваровПоПокупателям"". 
Настройки отчета:
	Параметры отчета: Период 
	    Значения параметов: Период.ДатаНачала = ДатаНачала, Период.ДатаОкончания = ДатаОкончания.
	Параметры вывода: ВыводитьПараметрыДанных = Не выводить,
	                  ВыводитьОтбор = Не выводить. 
	Отбор : Товар = Товар.
	                  
Параметры функции:  
ДатаНачала (тип: Дата) - начало периода.
ДатаОкончания (тип: Дата) - окончание периода.
Товар (тип: СправочникСсылка.Товары) - товар.

Возвращаемое значение: ТабличныйДокумент.","{""Catalogs"": [{""id"": ""Товары"", ""name"": ""Товары"", ""Attributes"": [{""id"": ""Артикул"", ""name"": ""Артикул"", ""types"": [{""type"": ""String"", ""StringQualifiers"": ""15""}]}, {""id"": ""Поставщик"", ""name"": ""Поставщик"", ""types"": [{""type"": ""Ref"", ""id"": ""Справочник.Контрагенты""}]}, {""id"": ""ФайлКартинки"", ""name"": ""Картинка"", ""types"": [{""type"": ""Ref"", ""id"": ""Справочник.ХранимыеФайлы""}]}, {""id"": ""Вид"", ""name"": ""Вид"", ""types"": []}, {""id"": ""Штрихкод"", ""name"": ""Штрихкод"", ""types"": [{""type"": ""String"", ""StringQualifiers"": ""20""}]}, {""id"": ""Описание"", ""name"": ""Описание"", ""types"": [{""type"": ""String"", ""StringQualifiers"": ""0""}]}]}]}",task_085,server,high,task9_сложн_Куликова_v1.epf,"Функция СформироватьОтчетДинамикаПродажТовара(ДатаНачала, ДатаОкончания, Товар)

    // Проверка входных параметров
    Если ДатаНачала = Неопределено Или ДатаОкончания = Неопределено Или Товар = Неопределено Тогда
        ВызватьИсключение ""Не заданы обязательные параметры: ДатаНачала, ДатаОкончания, Товар"";
    КонецЕсли;

    // Создаем объект отчета
    ОтчетОбъект = Отчеты.ДинамикаПродаж.Создать();
    
    // Получаем схему компоновки данных
    СхемаКомпоновкиДанных = ОтчетОбъект.СхемаКомпоновкиДанных;
    
    // Создаем компоновщик настроек
    КомпоновщикНастроек = Новый КомпоновщикНастроекКомпоновкиДанных;
    КомпоновщикНастроек.Инициализировать(Новый ИсточникДоступныхНастроекКомпоновкиДанных(СхемаКомпоновкиДанных));
    
    // Загружаем настройки варианта отчета
    ВариантНастроек = СхемаКомпоновкиДанных.ВариантыНастроек[""ПродажиТоваровПоПокупателям""];
    Если ВариантНастроек = Неопределено Тогда
        ВызватьИсключение ""Вариант отчета 'ПродажиТоваровПоПокупателям' не найден"";
    КонецЕсли;
    КомпоновщикНастроек.ЗагрузитьНастройки(ВариантНастроек);
    
    // Получаем текущие настройки
    Настройки = КомпоновщикНастроек.Настройки;
    
    // Устанавливаем параметр периода
    Период = Новый Структура(""ДатаНачала, ДатаОкончания"", ДатаНачала, ДатаОкончания);
    Настройки.ПараметрыДанных.УстановитьЗначениеПараметра(""Период"", Период);
    
    // Настраиваем отбор по товару
    // Удаляем существующие отборы по полю ""Товар"", если есть
    МассивУдаляемых = Новый Массив;
    Для Каждого ЭлементОтбора Из Настройки.Отбор.Элементы Цикл
        Если ЭлементОтбора.ЛевоеЗначение = Новый ПолеКомпоновкиДанных(""Товар"") Тогда
            МассивУдаляемых.Добавить(ЭлементОтбора);
        КонецЕсли;
    КонецЦикла;
    Для Каждого Элемент Из МассивУдаляемых Цикл
        Настройки.Отбор.Элементы.Удалить(Элемент);
    КонецЦикла;
    
    // Добавляем новый отбор
    ЭлементОтбора = Настройки.Отбор.Элементы.Добавить(Тип(""ЭлементОтбораКомпоновкиДанных""));
    ЭлементОтбора.ЛевоеЗначение = Новый ПолеКомпоновкиДанных(""Товар"");
    ЭлементОтбора.ВидСравнения = ВидСравненияКомпоновкиДанных.Равно;
    ЭлементОтбора.ПравоеЗначение = Товар;
    
    // Настройки вывода: не выводить параметры данных и отбор
    Настройки.Вывод.ПараметрыДанных.Значение = Ложь;
    Настройки.Вывод.Отбор.Значение = Ложь;
    
    // Компоновка макета
    КомпоновщикМакета = Новый КомпоновщикМакетаКомпоновкиДанных;
    МакетКомпоновки = КомпоновщикМакета.Выполнить(СхемаКомпоновкиДанных, Настройки, , , Тип(""ГенераторМакетаКомпоновкиДанныхДляКоллекцииЗначений""));
    
    // Выполнение отчета
    ПроцессорКомпоновкиДанных = Новый ПроцессорКомпоновкиДанных;
    ПроцессорКомпоновкиДанных.Инициализировать(МакетКомпоновки);
    
    ТабличныйДокумент = Новый ТабличныйДокумент;
    ПроцессорВывода = Новый ПроцессорВыводаРезультатаКомпоновкиДанныхВТабличныйДокумент;
    ПроцессорВывода.УстановитьДокумент(ТабличныйДокумент);
    ПроцессорВывода.Вывести(ПроцессорКомпоновкиДанных);
    
    Возврат ТабличныйДокумент;

КонецФункции"
"Написать функцию ПолучитьОстаткиПоНоменклатуреПоВсемСкладам(ТаблицаТовары). Функция принимает ТаблицуЗначений.
Таблица значений содержит информацию по остаткам номенклатуры со следующими колонками:

- Номенклатура (Строка)
- Склад (Строка)
- Количество (Число)
- Сумма (Число)

Таблица может содержать несколько строк с одинаковой Номенклатурой по разным складам. 
Необходимо вернуть новую ТаблицуЗначений с тремя колонками:
- Номенклатура (Строка)
- Количество (Число)
- Сумма (Число)

Для каждой Номенклатуры должна остаться одна строка, а Количество и Сумма должны быть суммой по всем исходным строкам.

Требования:
- Использовать язык запросов.
- Не изменять входную ТаблицуЗначений.
- В возвращаемой таблице строки должны быть отсортированы по Номенклатуре по возрастанию.","{""Catalogs"": [{""id"": ""Склады"", ""name"": ""Склады"", ""Attributes"": [{""id"": ""НеИспользовать"", ""name"": ""Не использовать"", ""types"": [{""type"": ""Boolean""}]}]}, {""id"": ""Товары"", ""name"": ""Товары"", ""Attributes"": [{""id"": ""Артикул"", ""name"": ""Артикул"", ""types"": [{""type"": ""String"", ""StringQualifiers"": ""15""}]}, {""id"": ""Поставщик"", ""name"": ""Поставщик"", ""types"": [{""type"": ""Ref"", ""id"": ""Справочник.Контрагенты""}]}, {""id"": ""ФайлКартинки"", ""name"": ""Картинка"", ""types"": [{""type"": ""Ref"", ""id"": ""Справочник.ХранимыеФайлы""}]}, {""id"": ""Вид"", ""name"": ""Вид"", ""types"": []}, {""id"": ""Штрихкод"", ""name"": ""Штрихкод"", ""types"": [{""type"": ""String"", ""StringQualifiers"": ""20""}]}, {""id"": ""Описание"", ""name"": ""Описание"", ""types"": [{""type"": ""String"", ""StringQualifiers"": ""0""}]}]}]}",task_086,server,mid,Коробов_Средняя_задача.epf,"Функция ПолучитьОстаткиПоНоменклатуреПоВсемСкладам(ТаблицаТовары)
    
    // Создаем менеджер временных таблиц и регистрируем в нем исходные данные
    МенеджерВременныхТаблиц = Новый МенеджерВременныхТаблиц;
    МенеджерВременныхТаблиц.Таблицы.Добавить(""ВТ_ИсходныеДанные"", ТаблицаТовары);
    
    Запрос = Новый Запрос;
    Запрос.МенеджерВременныхТаблиц = МенеджерВременныхТаблиц;
    Запрос.Текст = 
    ""ВЫБРАТЬ
    |    ВТ_ИсходныеДанные.Номенклатура КАК Номенклатура,
    |    СУММА(ВТ_ИсходныеДанные.Количество) КАК Количество,
    |    СУММА(ВТ_ИсходныеДанные.Сумма) КАК Сумма
    |ИЗ
    |    ВТ_ИсходныеДанные КАК ВТ_ИсходныеДанные
    |СГРУППИРОВАТЬ ПО
    |    ВТ_ИсходныеДанные.Номенклатура
    |УПОРЯДОЧИТЬ ПО
    |    Номенклатура ВОЗР"";
    
    Возврат Запрос.Выполнить().Выгрузить();
    
КонецФункции"
"Реализовать функцию НайтиМаксимальноеЗначениеВКолонке(Таблица, Колонка).

Необходимо:
1) Определить максимальное значение в указанной колонке.
2) Вернуть найденное значение.

Требования:
- Использовать коллекции.
- Не изменять входную таблицу.",{},task_087,server,mid,Task11_Коробов_Средняя_НайтиМаксимальноеЗначение.epf,"Функция НайтиМаксимальноеЗначениеВКолонке(Таблица, Колонка)
    // Проверка на пустую таблицу – для пустой коллекции максимального значения нет
    Если Таблица.Количество() = 0 Тогда
        Возврат Неопределено;
    КонецЕсли;
    
    // Проверка существования колонки в коллекции
    Если Таблица.Колонки.Найти(Колонка) = Неопределено Тогда
        ВызватьИсключение ""Колонка """""" + Колонка + """""" не найдена в таблице"";
    КонецЕсли;
    
    // Безопасное экранирование имени колонки для запроса
    ИмяКолонкиЗапроса = """""""" + СтрЗаменить(Колонка, """""""", """""""""""") + """""""";
    
    Запрос = Новый Запрос;
    // Менеджер временных таблиц позволит передать внешнюю коллекцию
    Запрос.МенеджерВременныхТаблиц = Новый МенеджерВременныхТаблиц;
    Запрос.УстановитьВнешнююТаблицу(""ВнешняяТаблица"", Таблица);
    
    Запрос.Текст = 
    ""ВЫБРАТЬ
    |   МАКСИМУМ(Т."" + ИмяКолонкиЗапроса + "") КАК МаксимальноеЗначение
    |ПОМЕСТИТЬ ВременнаяТаблица
    |ИЗ
    |   ВнешняяТаблица КАК Т"";
    
    Запрос.Выполнить();
    
    Запрос2 = Новый Запрос;
    Запрос2.МенеджерВременныхТаблиц = Запрос.МенеджерВременныхТаблиц;
    Запрос2.Текст = 
    ""ВЫБРАТЬ
    |   МаксимальноеЗначение
    |ИЗ
    |   ВременнаяТаблица"";
    
    Результат = Запрос2.Выполнить().Выбрать();
    Если Результат.Следующий() Тогда
        Возврат Результат.МаксимальноеЗначение;
    Иначе
        Возврат Неопределено;
    КонецЕсли;
КонецФункции"
"Реализовать функцию НайтиДублиТоваров(Товар)

1) Проверить наличие других таких же элементов с таким же Артикулом.
2) Вернуть таблицу с перечнем найденных дублей с колонками
- Товар
- Артикул

Требования:
- Использовать запрос.
- Игнорировать текущий элемент.","{""Catalogs"": [{""id"": ""Товары"", ""name"": ""Товары"", ""Attributes"": [{""id"": ""Артикул"", ""name"": ""Артикул"", ""types"": [{""type"": ""String"", ""StringQualifiers"": ""15""}]}, {""id"": ""Поставщик"", ""name"": ""Поставщик"", ""types"": [{""type"": ""Ref"", ""id"": ""Справочник.Контрагенты""}]}, {""id"": ""ФайлКартинки"", ""name"": ""Картинка"", ""types"": [{""type"": ""Ref"", ""id"": ""Справочник.ХранимыеФайлы""}]}, {""id"": ""Вид"", ""name"": ""Вид"", ""types"": []}, {""id"": ""Штрихкод"", ""name"": ""Штрихкод"", ""types"": [{""type"": ""String"", ""StringQualifiers"": ""20""}]}, {""id"": ""Описание"", ""name"": ""Описание"", ""types"": [{""type"": ""String"", ""StringQualifiers"": ""0""}]}]}]}",task_088,server,mid,Task14_Коробов_Средняя_ДублиНоменклатуры.epf,"Функция НайтиДублиТоваров(Товар) Экспорт
    // Принимает ссылку или объект справочника Товары
    Если Товар = Неопределено Тогда
        Возврат Неопределено;
    КонецЕсли;
    
    // Приведение к ссылке, если передан объект
    Если ТипЗнч(Товар) = Тип(""СправочникОбъект.Товары"") Тогда
        СсылкаТовара = Товар.Ссылка;
    ИначеЕсли ТипЗнч(Товар) = Тип(""СправочникСсылка.Товары"") Тогда
        СсылкаТовара = Товар;
    Иначе
        ВызватьИсключение ""Параметр """"Товар"""" должен быть ссылкой или объектом справочника Товары"";
    КонецЕсли;
    
    Запрос = Новый Запрос;
    Запрос.Текст = 
    ""ВЫБРАТЬ
    |   Товары.Ссылка КАК Товар,
    |   Товары.Артикул КАК Артикул
    |ИЗ
    |   Справочник.Товары КАК Товары
    |ГДЕ
    |   Товары.Артикул = &Артикул
    |   И Товары.Ссылка <> &ТекущийТовар
    |   И Товары.Артикул <> """"""""""; // Исключаем пустой артикул
    
    Запрос.УстановитьПараметр(""Артикул"", СсылкаТовара.Артикул);
    Запрос.УстановитьПараметр(""ТекущийТовар"", СсылкаТовара);
    
    Результат = Запрос.Выполнить().Выгрузить();
    
    Возврат Результат;
КонецФункции"
"Реализовать функцию РассчитатьИтогПоКолонке(ТаблицаДанных, ИмяКолонки).

Необходимо:
1) Просуммировать значения указанной колонки.
2) Вернуть число — итоговое значение.

Требования:
- Использовать перебор коллекции.
- Не изменять входную таблицу.",{},task_089,server,mid,Task15_Коробов_Средняя_РассчитатьИтогПоКолонке.epf,"// Функция вычисляет сумму значений в указанной колонке таблицы значений.
// Параметры:
//   ТаблицаДанных - ТаблицаЗначений - исходная таблица, не изменяется.
//   ИмяКолонки   - Строка          - имя колонки, значения которой суммируются.
// Возвращаемое значение:
//   Число - итоговая сумма значений колонки.
Функция РассчитатьИтогПоКолонке(ТаблицаДанных, ИмяКолонки)
    
    Итог = 0;
    
    Для Каждого Строка Из ТаблицаДанных Цикл
        Значение = Строка[ИмяКолонки];
        Если Значение <> Null И Значение <> Неопределено Тогда
            Если ТипЗнч(Значение) = Тип(""Число"") Тогда
                Итог = Итог + Значение;
            Иначе
                // Пытаемся преобразовать к числу (например, если строка содержит число)
                Попытка
                    Итог = Итог + Число(Значение);
                Исключение
                    // Нечисловые значения игнорируем (можно было бы выдавать ошибку, 
                    // но по условию задачи требуется вернуть число; игнорирование — компромисс)
                КонецПопытки;
            КонецЕсли;
        КонецЕсли;
    КонецЦикла;
    
    Возврат Итог;
    
КонецФункции"
"Реализовать функцию ПолучитьКонтрагентовПоЧастиНаименования(СтрокаПоиска).

Необходимо:
1) Найти контрагентов по части наименования.
2) Вернуть ТаблицуЗначений:
- Ссылка
- Наименование

Требования:
- Использовать запрос.
- Выполнять поиск через ПОДОБНО.","{""Catalogs"": [{""id"": ""Контрагенты"", ""name"": ""Контрагенты"", ""Attributes"": [{""id"": ""Регион"", ""name"": ""Регион"", ""types"": [{""type"": ""Ref"", ""id"": ""Справочник.Регионы""}]}, {""id"": ""Индекс"", ""name"": ""Индекс"", ""types"": [{""type"": ""String"", ""StringQualifiers"": ""10""}]}, {""id"": ""Страна"", ""name"": ""Страна"", ""types"": [{""type"": ""String"", ""StringQualifiers"": ""0""}]}, {""id"": ""Город"", ""name"": ""Город"", ""types"": [{""type"": ""String"", ""StringQualifiers"": ""0""}]}, {""id"": ""Улица"", ""name"": ""Улица"", ""types"": [{""type"": ""String"", ""StringQualifiers"": ""0""}]}, {""id"": ""Дом"", ""name"": ""Дом"", ""types"": [{""type"": ""String"", ""StringQualifiers"": ""15""}]}, {""id"": ""Телефон"", ""name"": ""Телефон"", ""types"": [{""type"": ""String"", ""StringQualifiers"": ""16""}]}, {""id"": ""ЭлектроннаяПочта"", ""name"": ""Электронная почта"", ""types"": [{""type"": ""String"", ""StringQualifiers"": ""40""}]}, {""id"": ""Факс"", ""name"": ""Факс"", ""types"": [{""type"": ""String"", ""StringQualifiers"": ""16""}]}, {""id"": ""ВебСайт"", ""name"": ""Веб сайт"", ""types"": [{""type"": ""String"", ""StringQualifiers"": ""40""}]}, {""id"": ""ВидЦен"", ""name"": ""Вид цен"", ""types"": [{""type"": ""Ref"", ""id"": ""Справочник.ВидыЦен""}]}, {""id"": ""ДополнительнаяИнформация"", ""name"": ""Дополнительная информация"", ""types"": [{""type"": ""String"", ""StringQualifiers"": ""0""}]}, {""id"": ""КонтактноеЛицо"", ""name"": ""Контактное лицо"", ""types"": [{""type"": ""String"", ""StringQualifiers"": ""100""}]}, {""id"": ""Широта"", ""name"": ""Широта"", ""types"": [{""type"": ""Number"", ""NumberQualifiers"": ""10.6""}]}, {""id"": ""Долгота"", ""name"": ""Долгота"", ""types"": [{""type"": ""Number"", ""NumberQualifiers"": ""10.6""}]}]}]}",task_090,server,mid,Task16_Коробов_Средняя_НайтиКонтрагентов.epf,"Функция ПолучитьКонтрагентовПоЧастиНаименования(СтрокаПоиска)
    
    Запрос = Новый Запрос;
    Запрос.Текст = 
    ""ВЫБРАТЬ
    |    Контрагенты.Ссылка КАК Ссылка,
    |    Контрагенты.Наименование КАК Наименование
    |ИЗ
    |    Справочник.Контрагенты КАК Контрагенты
    |ГДЕ
    |    Контрагенты.Наименование ПОДОБНО &Шаблон"";
    
    // Формируем шаблон для оператора ПОДОБНО - ищем любое вхождение подстроки
    ШаблонПоиска = ""%"" + СтрокаПоиска + ""%"";
    Запрос.УстановитьПараметр(""Шаблон"", ШаблонПоиска);
    
    // Выполняем запрос и получаем выборку
    РезультатЗапроса = Запрос.Выполнить();
    Выборка = РезультатЗапроса.Выбрать();
    
    // Создаем результирующую таблицу значений
    ТаблицаРезультат = Новый ТаблицаЗначений;
    ТаблицаРезультат.Колонки.Добавить(""Ссылка"");
    ТаблицаРезультат.Колонки.Добавить(""Наименование"");
    
    // Заполняем таблицу данными из выборки
    Пока Выборка.Следующий() Цикл
        НоваяСтрока = ТаблицаРезультат.Добавить();
        НоваяСтрока.Ссылка = Выборка.Ссылка;
        НоваяСтрока.Наименование = Выборка.Наименование;
    КонецЦикла;
    
    Возврат ТаблицаРезультат;
    
КонецФункции"
"Реализовать функцию ПолучитьОборотыПоПокупателю(Покупатель, ДатаНачала, ДатаОкончания).

Необходимо:
1) Получить обороты по регистру Продажи
2) Вернуть структуру с ключами КоличествоОборот, СуммаОборот","{""AccumulationRegisters"": [{""id"": ""Продажи"", ""name"": ""Продажи"", ""RegisterType"": ""Turnovers"", ""Dimensions"": [{""id"": ""Покупатель"", ""name"": ""Покупатель"", ""types"": [{""type"": ""Ref"", ""id"": ""Справочник.Контрагенты""}]}, {""id"": ""Товар"", ""name"": ""Товар"", ""types"": [{""type"": ""Ref"", ""id"": ""Справочник.Товары""}]}], ""Resources"": [{""id"": ""Количество"", ""name"": ""Количество"", ""types"": [{""type"": ""Number"", ""NumberQualifiers"": ""10.2""}]}, {""id"": ""Сумма"", ""name"": ""Сумма"", ""types"": [{""type"": ""Number"", ""NumberQualifiers"": ""10.2""}]}]}]}",task_091,server,mid,Task17_Коробов_Средняя_ПолучитьОборотыПоКонтрагенту.epf,"Функция ПолучитьОборотыПоПокупателю(Покупатель, ДатаНачала, ДатаОкончания)
    Запрос = Новый Запрос;
    Запрос.Текст = 
    ""ВЫБРАТЬ
    |   СУММА(ПродажиОбороты.Количество) КАК КоличествоОборот,
    |   СУММА(ПродажиОбороты.Сумма) КАК СуммаОборот
    |ИЗ
    |   РегистрНакопления.Продажи.Обороты(
    |       &ДатаНачала,
    |       &ДатаОкончания,
    |       Отбор = (Покупатель = &Покупатель)) КАК ПродажиОбороты"";
    
    Запрос.УстановитьПараметр(""ДатаНачала"", ДатаНачала);
    Запрос.УстановитьПараметр(""ДатаОкончания"", ДатаОкончания);
    Запрос.УстановитьПараметр(""Покупатель"", Покупатель);
    
    Результат = Запрос.Выполнить();
    Выборка = Результат.Выбрать();
    
    СтруктураОборотов = Новый Структура;
    Если Выборка.Следующий() Тогда
        СтруктураОборотов.Вставить(""КоличествоОборот"", Выборка.КоличествоОборот);
        СтруктураОборотов.Вставить(""СуммаОборот"", Выборка.СуммаОборот);
    Иначе
        СтруктураОборотов.Вставить(""КоличествоОборот"", 0);
        СтруктураОборотов.Вставить(""СуммаОборот"", 0);
    КонецЕсли;
    
    Возврат СтруктураОборотов;
КонецФункции"
"Реализовать функцию НайтиМинимальноеЗначениеВКолонке(Таблица, Колонка).

ТаблицаЗначений содержит данные произвольной структуры.
Параметр Колонка содержит имя числовой колонки.

Необходимо:
1) Проверить наличие колонки в таблице.
2) Определить минимальное значение по всем строкам таблицы.
3) Вернуть найденное значение.
4) Если таблица пустая — вернуть 0.

Требования:
- Использовать перебор коллекции.
- Не изменять входную таблицу.
- Не использовать язык запросов.",{},task_092,server,mid,Task18_Коробов_Средняя_НайтиМинимальноеЗначение.epf,"Функция НайтиМинимальноеЗначениеВКолонке(Таблица, Колонка)
    // 1. Проверка наличия колонки в таблице
    Если Таблица.Колонки.Найти(Колонка) = Неопределено Тогда
        ВызватьИсключение ""Колонка """""" + Колонка + """""" не найдена в таблице значений"";
    КонецЕсли;
    
    // 2. Если таблица пустая — возвращаем 0
    Если Таблица.Количество() = 0 Тогда
        Возврат 0;
    КонецЕсли;
    
    // 3. Перебор строк и поиск минимального значения
    МинимальноеЗначение = Неопределено;
    Для Каждого Строка Из Таблица Цикл
        Значение = Строка[Колонка];
        // Пропускаем значения Null, так как они не являются числом и не могут участвовать в сравнении
        Если Значение <> NULL Тогда
            Если МинимальноеЗначение = Неопределено Или Значение < МинимальноеЗначение Тогда
                МинимальноеЗначение = Значение;
            КонецЕсли;
        КонецЕсли;
    КонецЦикла;
    
    // 4. Обработка случая, когда все значения колонки оказались Null
    Если МинимальноеЗначение = Неопределено Тогда
        Возврат 0;
    Иначе
        Возврат МинимальноеЗначение;
    КонецЕсли;
КонецФункции"
"Реализовать функцию ПолучитьСписокНоменклатурыПоГруппе(Группа).

Необходимо:
1) Получить элементы справочника Номенклатура, входящие в указанную группу.
2) Вернуть ТаблицуЗначений с колонками:
- Ссылка
- Код
- Наименование

Требования:
- Использовать запрос.
- Результат отсортировать по Наименованию.",{},task_093,server,mid,Task19_Коробов_Средняя_ПолучитьНоменклатуруПоГруппе.epf,"Функция ПолучитьСписокНоменклатурыПоГруппе(Группа)
    ТаблицаРезультат = Новый ТаблицаЗначений;
    ТаблицаРезультат.Колонки.Добавить(""Ссылка"");
    ТаблицаРезультат.Колонки.Добавить(""Код"");
    ТаблицаРезультат.Колонки.Добавить(""Наименование"");
    
    Если Группа = Неопределено Тогда
        Возврат ТаблицаРезультат;
    КонецЕсли;
    
    Запрос = Новый Запрос;
    Запрос.Текст = 
    ""ВЫБРАТЬ
    |    Номенклатура.Ссылка КАК Ссылка,
    |    Номенклатура.Код,
    |    Номенклатура.Наименование
    |ИЗ
    |    Справочник.Номенклатура КАК Номенклатура
    |ГДЕ
    |    Номенклатура.Родитель = &Группа
    |    И Номенклатура.ЭтоГруппа = ЛОЖЬ
    |УПОРЯДОЧИТЬ ПО
    |    Наименование"";
    
    Запрос.УстановитьПараметр(""Группа"", Группа);
    
    РезультатЗапроса = Запрос.Выполнить();
    
    Если РезультатЗапроса.Пустой() Тогда
        Возврат ТаблицаРезультат;
    КонецЕсли;
    
    ТаблицаРезультат = РезультатЗапроса.Выгрузить();
    
    Возврат ТаблицаРезультат;
КонецФункции"
"Реализовать функцию НайтиЭлементПоРеквизиту(ИмяСправочника, ИмяРеквизита, ЗначениеРеквизита).

Необходимо:
1) Выполнить поиск элемента указанного справочника по значению реквизита.
2) Если элемент найден — вернуть ссылку, если найдено несколько - вернуть массив ссылок.
3) Если элемент не найден — вернуть Неопределено.

Требования:
- Использовать запрос.",{},task_094,server,mid,Task20_Коробов_Средняя_НайтиПоРеквизиту.epf,"Функция НайтиЭлементПоРеквизиту(ИмяСправочника, ИмяРеквизита, ЗначениеРеквизита)
    Попытка
        Запрос = Новый Запрос;
        ТекстЗапроса = 
        ""ВЫБРАТЬ
        |    Справочник."""""" + ИмяСправочника + """""".Ссылка КАК Ссылка
        |ИЗ
        |    Справочник."""""" + ИмяСправочника + """""" КАК Справочник
        |ГДЕ
        |    Справочник."""""" + ИмяРеквизита + """""" = &Значение"";
        
        Запрос.Текст = ТекстЗапроса;
        Запрос.УстановитьПараметр(""Значение"", ЗначениеРеквизита);
        
        РезультатЗапроса = Запрос.Выполнить();
        Выборка = РезультатЗапроса.Выгрузить();
        
        Если Выборка.Количество() = 0 Тогда
            Возврат Неопределено;
        ИначеЕсли Выборка.Количество() = 1 Тогда
            Возврат Выборка[0].Ссылка;
        Иначе
            МассивСсылок = Новый Массив;
            Для Каждого Строка Из Выборка Цикл
                МассивСсылок.Добавить(Строка.Ссылка);
            КонецЦикла;
            Возврат МассивСсылок;
        КонецЕсли;
    Исключение
        Возврат Неопределено;
    КонецПопытки;
КонецФункции"
"Реализовать функцию ПодготовитьМассивСтруктурДляИнтеграции(Таблица).

Таблица содержит 4 колонки

- Товар - Строка
- Количество - Число
- Цена - Число
- Сумма - Число 

Необходимо:
1) Преобразовать ТаблицаЗначений в массив структур.
2) Каждая структура должна соответствовать одной строке таблицы.
3) Вернуть полученный массив.

Требования:
- Не выполнять реальные внешние вызовы.
- Не изменять входную таблицу.",{},task_095,server,mid,Task21_Коробов_Средняя_ПолучитьМассивСтруктур.epf,"Функция ПодготовитьМассивСтруктурДляИнтеграции(Таблица)
    МассивСтруктур = Новый Массив;
    
    Если Таблица = Неопределено Или Не ТипЗнч(Таблица) = Тип(""ТаблицаЗначений"") Тогда
        Возврат МассивСтруктур;
    КонецЕсли;
    
    Для Каждого Строка Из Таблица Цикл
        СтруктураСтроки = Новый Структура(""Товар, Количество, Цена, Сумма"", 
            Строка.Товар, Строка.Количество, Строка.Цена, Строка.Сумма);
        МассивСтруктур.Добавить(СтруктураСтроки);
    КонецЦикла;
    
    Возврат МассивСтруктур;
КонецФункции"
"Реализовать функцию ДобавитьСтрокуВТабличнуюЧастьДокумента(ДокументОбъект, СтруктураСтроки).

Где:

- ДокументОбъект - ДокументОбъект.Заказ
- СтруктураСтроки - Тип Структура. 
Структура может содержать ключи, соответствующие колонкам табличной части, а может не содержать. Заполнить только соответствующие ключам колонки ТЧ из структуры 

Необходимо:
1) Добавить новую строку в табличную часть документа.
2) Заполнить колонки строки из структуры СтруктураСтроки.
3) Вернуть НомерСтроки добавленной строки.","{""Documents"": [{""id"": ""Заказ"", ""name"": ""Заказ"", ""Attributes"": [{""id"": ""Покупатель"", ""name"": ""Покупатель"", ""types"": [{""type"": ""Ref"", ""id"": ""Справочник.Контрагенты""}]}, {""id"": ""Склад"", ""name"": ""Склад"", ""types"": [{""type"": ""Ref"", ""id"": ""Справочник.Склады""}]}, {""id"": ""Валюта"", ""name"": ""Валюта взаиморасчетов"", ""types"": [{""type"": ""Ref"", ""id"": ""Справочник.Валюты""}]}, {""id"": ""ВидЦен"", ""name"": ""Вид цен"", ""types"": [{""type"": ""Ref"", ""id"": ""Справочник.ВидыЦен""}]}, {""id"": ""Организация"", ""name"": ""Организация"", ""types"": [{""type"": ""Ref"", ""id"": ""Справочник.Организации""}]}, {""id"": ""СостояниеЗаказа"", ""name"": ""Состояние заказа"", ""types"": [{""type"": ""Ref"", ""id"": ""Перечисление.СостоянияЗаказов""}]}, {""id"": ""Автор"", ""name"": ""Автор"", ""types"": [{""type"": ""Ref"", ""id"": ""Справочник.Пользователи""}]}, {""id"": ""Сумма"", ""name"": ""Сумма"", ""types"": [{""type"": ""Number"", ""NumberQualifiers"": ""10.2""}]}], ""TabularSections"": [{""id"": ""Товары"", ""name"": ""Товары"", ""Attributes"": [{""id"": ""Товар"", ""name"": ""Товар"", ""types"": [{""type"": ""Ref"", ""id"": ""Справочник.Товары""}]}, {""id"": ""Цена"", ""name"": ""Цена"", ""types"": [{""type"": ""Number"", ""NumberQualifiers"": ""10.2""}]}, {""id"": ""Количество"", ""name"": ""Количество"", ""types"": [{""type"": ""Number"", ""NumberQualifiers"": ""10.0""}]}, {""id"": ""Сумма"", ""name"": ""Сумма"", ""types"": [{""type"": ""Number"", ""NumberQualifiers"": ""10.2""}]}]}]}]}",task_096,server,mid,Task22_Коробов_Средняя_ДобавитьСтрокуВТабличнуюЧасть.epf,"Функция ДобавитьСтрокуВТабличнуюЧастьДокумента(ДокументОбъект, СтруктураСтроки)
    // Добавляем новую строку в табличную часть ""Товары""
    НоваяСтрока = ДокументОбъект.Товары.Добавить();
    
    // Заполняем колонки строки из структуры
    Для каждого КлючЗначение Из СтруктураСтроки Цикл
        Ключ = КлючЗначение.Ключ;
        // Проверяем, есть ли такая колонка в табличной части
        Если НоваяСтрока.Свойство(Ключ) Тогда
            НоваяСтрока[Ключ] = КлючЗначение.Значение;
        КонецЕсли;
    КонецЦикла;
    
    // Возвращаем номер добавленной строки (нумерация с 1)
    Возврат НоваяСтрока.НомерСтроки + 1;
КонецФункции"
"Реализовать функцию ПолучитьВсеЦеныТоваровНаДату(Номенклатура, Дата).

Необходимо:
1) Получить записи регистра сведений ЦеныТоваров по указанной номенклатуре.
2) Отобрать записи, действующие на дату.
3) Вернуть ТаблицуЗначений с колонками:
- ВидЦен
- Цена

Требования:
- Использовать язык запросов.","{""InformationRegisters"": [{""id"": ""ЦеныТоваров"", ""name"": ""Цены товаров"", ""InformationRegisterPeriodicity"": ""Day"", ""WriteMode"": ""Independent"", ""Dimensions"": [{""id"": ""Товар"", ""name"": ""Товар"", ""types"": [{""type"": ""Ref"", ""id"": ""Справочник.Товары""}]}, {""id"": ""ВидЦен"", ""name"": ""Вид цен"", ""types"": [{""type"": ""Ref"", ""id"": ""Справочник.ВидыЦен""}]}], ""Resources"": [{""id"": ""Цена"", ""name"": ""Цена"", ""types"": [{""type"": ""Number"", ""NumberQualifiers"": ""10.2""}]}]}], ""Catalogs"": [{""id"": ""ВидыЦен"", ""name"": ""Виды цен"", ""Attributes"": []}]}",task_097,server,mid,Task9_Коробов_Средняя_ЦеныНаДату.epf,"Функция ПолучитьВсеЦеныТоваровНаДату(Номенклатура, Дата) Экспорт
    Запрос = Новый Запрос;
    Запрос.Текст = 
    ""ВЫБРАТЬ
    |   ЦеныТоваровСрезПоследних.ВидЦен КАК ВидЦен,
    |   ЦеныТоваровСрезПоследних.Цена КАК Цена
    |ИЗ
    |   РегистрСведений.ЦеныТоваров.СрезПоследних(
    |       &Дата,
    |       Товар = &Номенклатура) КАК ЦеныТоваровСрезПоследних"";

    Запрос.УстановитьПараметр(""Дата"", Дата);
    Запрос.УстановитьПараметр(""Номенклатура"", Номенклатура);

    РезультатЗапроса = Запрос.Выполнить();

    ТаблицаЦен = Новый ТаблицаЗначений;
    ТаблицаЦен.Колонки.Добавить(""ВидЦен"");
    ТаблицаЦен.Колонки.Добавить(""Цена"");

    Выборка = РезультатЗапроса.Выбрать();
    Пока Выборка.Следующий() Цикл
        Строка = ТаблицаЦен.Добавить();
        Строка.ВидЦен = Выборка.ВидЦен;
        Строка.Цена = Выборка.Цена;
    КонецЦикла;

    Возврат ТаблицаЦен;
КонецФункции"
"Написать функцию СкопироватьПараметрСхемыКомпоновкиДанных(СхемаКомпоновкиДанных, Приемник, Источник, ЗначениеПриемника), которая копирует настройки параметра Источник схемы компоновки данных отчета
и возвращает их на новый параметр Приемник, устанавливая новое значение ЗначениеПриемника.
Если новый параметр Приемник не найден, тогда создать его. 
Если ЗначениеПриемника = Неопределено, тогда значение нового парметра не устанавливать. 

Параметры функции:
	СхемаКомпоновкиДанных - СхемаКомпоновкиДанных - Схема отчета.
	Приемник - Строка - Имя параметра, в который необходимо скопировать настройки.
	Источник - Строка - Имя параметра, из которого настройки копируются.
	ЗначениеПриемника - Произвольный - Значение параметра приемника, которое необходимо установить.",{},task_098,server,,task10_Куликова_v1.epf,"Функция СкопироватьПараметрСхемыКомпоновкиДанных(СхемаКомпоновкиДанных, Приемник, Источник, ЗначениеПриемника = Неопределено) Экспорт
    // Проверка обязательных параметров
    Если СхемаКомпоновкиДанных = Неопределено Тогда
        ВызватьИсключение ""Параметр """"СхемаКомпоновкиДанных"""" не определен"";
    КонецЕсли;
    Если Не ЗначениеЗаполнено(Приемник) Тогда
        ВызватьИсключение ""Имя параметра-приемника не может быть пустым"";
    КонецЕсли;
    Если Не ЗначениеЗаполнено(Источник) Тогда
        ВызватьИсключение ""Имя параметра-источника не может быть пустым"";
    КонецЕсли;
    
    // Поиск параметра-источника
    ПараметрИсточник = СхемаКомпоновкиДанных.Параметры.Найти(Источник);
    Если ПараметрИсточник = Неопределено Тогда
        ВызватьИсключение СтрШаблон(""Параметр-источник с именем """"%1"""" не найден в схеме компоновки данных"", Источник);
    КонецЕсли;
    
    // Поиск или создание параметра-приемника
    ПараметрПриемник = СхемаКомпоновкиДанных.Параметры.Найти(Приемник);
    Если ПараметрПриемник = Неопределено Тогда
        ПараметрПриемник = СхемаКомпоновкиДанных.Параметры.Добавить();
        ПараметрПриемник.Имя = Приемник;
    КонецЕсли;
    
    // Копирование основных свойств
    ПараметрПриемник.Заголовок                = ПараметрИсточник.Заголовок;
    ПараметрПриемник.ТипЗначения              = ПараметрИсточник.ТипЗначения;
    ПараметрПриемник.Доступен                 = ПараметрИсточник.Доступен;
    ПараметрПриемник.Использование            = ПараметрИсточник.Использование;
    ПараметрПриемник.ОграничениеИспользования = ПараметрИсточник.ОграничениеИспользования;
    ПараметрПриемник.РежимИзменения           = ПараметрИсточник.РежимИзменения;
    ПараметрПриемник.РежимРедактирования      = ПараметрИсточник.РежимРедактирования;
    ПараметрПриемник.Подсказка                = ПараметрИсточник.Подсказка;
    
    // Копирование формата значения
    Если ПараметрИсточник.Формат = Неопределено Тогда
        ПараметрПриемник.Формат = Неопределено;
    Иначе
        ПараметрПриемник.Формат = Новый ФорматЗначения;
        ЗаполнитьЗначенияСвойств(ПараметрПриемник.Формат, ПараметрИсточник.Формат);
    КонецЕсли;
    
    // Копирование параметров выбора
    ПараметрПриемник.ПараметрыВыбора.Очистить();
    Для каждого ЭлементВыбора Из ПараметрИсточник.ПараметрыВыбора Цикл
        НовыйЭлемент = ПараметрПриемник.ПараметрыВыбора.Добавить();
        НовыйЭлемент.Значение      = ЭлементВыбора.Значение;
        НовыйЭлемент.Представление = ЭлементВыбора.Представление;
        НовыйЭлемент.Пометка       = ЭлементВыбора.Пометка;
        НовыйЭлемент.Идентификатор = ЭлементВыбора.Идентификатор;
    КонецЦикла;
    
    // Копирование связей параметров выбора
    ПараметрПриемник.СвязиПараметровВыбора.Очистить();
    Для каждого Связь Из ПараметрИсточник.СвязиПараметровВыбора Цикл
        НоваяСвязь = ПараметрПриемник.СвязиПараметровВыбора.Добавить();
        НоваяСвязь.ПараметрВыбора    = Связь.ПараметрВыбора;
        НоваяСвязь.ЗависимыйПараметр = Связь.ЗависимыйПараметр;
        НоваяСвязь.ВыражениеСвязи    = Связь.ВыражениеСвязи;
    КонецЦикла;
    
    // Установка значения приемника (только если оно передано)
    Если ЗначениеПриемника <> Неопределено Тогда
        ПараметрПриемник.Значение = ЗначениеПриемника;
    КонецЕсли;
    
    Возврат ПараметрПриемник;
КонецФункции"
"Написать функцию ПараметрыИзСтроки(СтрокаПараметров, Разделитель), которая получает значения параметров из строки(СтрокаПараметров). 

Параметры функции:
СтрокаПараметров (тип: Строка) - строка, содержащая параметры, каждый из которых представляет собой
                              фрагмент вида <Имя параметра>=<Значение>, где:
                                Имя параметра - имя параметра; 
                                Значение - его значение. 
                              Фрагменты отделяются друг от друга разделительными символами(Разделитель). Например ';'.
                              Если значение содержит пробельные символы, то оно должно быть заключено в двойные
                              кавычки ("").   
                              Пример: ""Фамилия=""""Иванов"""";Имя=""""Иван""""""

 Разделитель (тип: Строка) - символ, которым фрагменты отделяются друг от друга. 
 
 Возвращаемое значение:
    Структура - значения параметров, где ключ - имя параметра, значение - значение параметра. 
 
 Пример: 
  СтрокаПараметров = ""Фамилия=""""Иванов"""";Имя=""""Иван""""""
  Разделитель = "";""
 Результат функции: Cтруктура:
        ключ ""Фамилия"", значение ""Иванов""
        ключ ""Имя"", значение ""Иван"".",{},task_099,server,,task11_Куликова_v1.epf,"// Функция разбирает строку параметров в структуру.
// Параметры:
//   СтрокаПараметров - строка вида ""Имя1=Значение1;Имя2=Значение2"", где значения могут быть заключены в кавычки,
//                      внутри которых удвоенные кавычки экранируются.
//   Разделитель      - строка-разделитель между параметрами.
// Возвращаемое значение:
//   Структура - ключи: имена параметров, значения: строковые значения.
Функция ПараметрыИзСтроки(СтрокаПараметров, Разделитель)
    Результат = Новый Структура;
    
    Если ПустаяСтрока(СтрокаПараметров) Тогда
        Возврат Результат;
    КонецЕсли;
    
    ДлинаСтроки = СтрДлина(СтрокаПараметров);
    ДлинаРазделителя = СтрДлина(Разделитель);
    Позиция = 1;
    
    Пока Позиция <= ДлинаСтроки Цикл
        ТекущийФрагмент = """";
        ВКавычках = Ложь;
        
        // Собираем очередной фрагмент до разделителя (вне кавычек) или до конца строки
        Пока Позиция <= ДлинаСтроки Цикл
            Символ = Сред(СтрокаПараметров, Позиция, 1);
            
            Если ВКавычках Тогда
                Если Символ = """""""" Тогда
                    // Проверяем, не удвоенная ли кавычка
                    Если Позиция < ДлинаСтроки И Сред(СтрокаПараметров, Позиция + 1, 1) = """""""" Тогда
                        // Экранированная кавычка внутри значения
                        ТекущийФрагмент = ТекущийФрагмент + """""""";
                        Позиция = Позиция + 2;
                        Продолжить;
                    Иначе
                        // Закрывающая кавычка значения
                        ВКавычках = Ложь;
                        Позиция = Позиция + 1;
                        Прервать; // Завершаем сбор фрагмента
                    КонецЕсли;
                Иначе
                    ТекущийФрагмент = ТекущийФрагмент + Символ;
                    Позиция = Позиция + 1;
                КонецЕсли;
            Иначе
                Если Символ = """""""" Тогда
                    // Открывающая кавычка значения
                    ВКавычках = Истина;
                    Позиция = Позиция + 1;
                ИначеЕсли Сред(СтрокаПараметров, Позиция, ДлинаРазделителя) = Разделитель Тогда
                    // Встретили разделитель вне кавычек
                    Прервать;
                Иначе
                    ТекущийФрагмент = ТекущийФрагмент + Символ;
                    Позиция = Позиция + 1;
                КонецЕсли;
            КонецЕсли;
        КонецЦикла;
        
        // Обрабатываем собранный фрагмент
        Если Не ПустаяСтрока(ТекущийФрагмент) Тогда
            ПозицияРавно = Найти(ТекущийФрагмент, ""="");
            Если ПозицияРавно > 0 Тогда
                ИмяПараметра = СокрЛП(Лев(ТекущийФрагмент, ПозицияРавно - 1));
                ЗначениеПараметра = СокрЛП(Сред(ТекущийФрагмент, ПозицияРавно + 1));
                Результат.Вставить(ИмяПараметра, ЗначениеПараметра);
            КонецЕсли;
        КонецЕсли;
        
        // Пропускаем разделитель, если мы остановились на нём
        Если Позиция <= ДлинаСтроки И Сред(СтрокаПараметров, Позиция, ДлинаРазделителя) = Разделитель Тогда
            Позиция = Позиция + ДлинаРазделителя;
        КонецЕсли;
    КонецЦикла;
    
    Возврат Результат;
КонецФункции"
"Написать функцию ПроверитьПроведенностьДокументов(мДокументы), которая проверяет проведенность переданных документов(мДокументы) и возвращает те, которые не проведены.
Для переданных документов проверить выполнение условия реквизита Проведен = Истина. 

Параметры:
мДокументы (тип: Массив из ДокументСсылка) - документы, статус проведения которых необходимо проверить.

Возвращаемое значение:
  Массив из ДокументСсылка - непроведенные документы.",{},task_100,server,,task12_Куликова_v1.epf,"Функция ПроверитьПроведенностьДокументов(мДокументы)
    // Массив для хранения непроведенных документов
    МассивНепроведенных = Новый Массив;
    
    // Если передан пустой массив, сразу возвращаем пустой результат
    Если мДокументы.Количество() = 0 Тогда
        Возврат МассивНепроведенных;
    КонецЕсли;
    
    // Построение запроса к общей таблице Документ
    Запрос = Новый Запрос;
    Запрос.Текст = 
    ""ВЫБРАТЬ
    |    Документ.Ссылка КАК Ссылка
    |ИЗ
    |    Документ КАК Документ
    |ГДЕ
    |    Документ.Ссылка В (&СписокСсылок)
    |    И Документ.Проведен = ЛОЖЬ"";
    
    // Передача входного массива в параметр запроса
    Запрос.УстановитьПараметр(""СписокСсылок"", мДокументы);
    
    // Выполнение запроса и выгрузка результата в массив
    РезультатЗапроса = Запрос.Выполнить();
    Выборка = РезультатЗапроса.Выбрать();
    
    Пока Выборка.Следующий() Цикл
        МассивНепроведенных.Добавить(Выборка.Ссылка);
    КонецЦикла;
    
    Возврат МассивНепроведенных;
КонецФункции"
"Написать функцию ПровестиДокументы(мДокументы), которая выполняет попытку проведения документов(мДокументы) и возвращает информацию о документах, которые не удалось провести. 
Вернуть ссылки на документы, которые не удалось провести и текст ошибки, которая возникла при проведении.

Параметры:
мДокументы (тип: Массив из ДокументСсылка) - документы, которые необходимо провести.

Возвращаемое значение:
  Массив из Структура:
   * Ссылка         - ДокументСсылка - документ, который не удалось провести,
   * ОписаниеОшибки - Строка         - текст описания ошибки при проведении.",{},task_101,server,,task13_Куликова_v1 .epf,"Функция ПровестиДокументы(мДокументы)
    МассивОшибок = Новый Массив;
    
    Для Каждого Ссылка Из мДокументы Цикл
        Попытка
            ДокОбъект = Ссылка.ПолучитьОбъект();
            ДокОбъект.Записать(РежимЗаписиДокумента.Проведение);
        Исключение
            Ошибка = Новый Структура;
            Ошибка.Вставить(""Ссылка"", Ссылка);
            Ошибка.Вставить(""ОписаниеОшибки"", ОписаниеОшибки());
            МассивОшибок.Добавить(Ошибка);
        КонецПопытки;
    КонецЦикла;
    
    Возврат МассивОшибок;
КонецФункции"
"Написать функцию НайтиПараметрыВНайстройкахКД(ПользовательскиеНастройкиКД, НастройкиКД, ИменаПараметров), которая находит параметры в настройках компоновки(НастройкиКД) настраиваемого отчета.
по его имени(ИменаПараметров). 
Поиск осуществить по двум итерациям:
1. Выполнить поиск параметра по имени из ИменаПараметров в пользовательских настройках отчета(ПользовательскиеНастройкиКД). Если настройка не найдена или 
ПользовательскиеНастройкиКД = Неопределено, тогда переходить ко второй итерации.
2. Выполнить поиск в настройках варианта отчета(НастройкиКД). Если параметр не найден или НастройкиКД = Неопределено, то вернуть Неопределено. 

Параметры:
   ПользовательскиеНастройкиКД (тип: ПользовательскиеНастройкиКомпоновкиДанных, Неопределено) - пользовательские настройки, в которых будет осуществляться первая итерация поиска значения. 
   НастройкиКД (тип: НастройкиКомпоновкиДанных, Неопределено) - настройки варианта отчета, в которых будет осуществляться вторая итерация поиска значения.
   ИменаПараметров - Строка - имена параметров, перечисленные через запятую.

 Возвращаемое значение:
   Структура - найденные значения параметров:
      Ключ - имя параметра;
      Значение - найденный параметр. 
   Неопределено, если параметр не существует.",{},task_102,server,,task14_Куликова_v1 .epf,"Функция НайтиПараметрыВНайстройкахКД(ПользовательскиеНастройкиКД, НастройкиКД, ИменаПараметров)
    // Возвращает структуру, где ключ — имя параметра, значение — значение параметра.
    // Если параметр не найден ни в одной из коллекций, значение будет Неопределено.
    
    Результат = Новый Структура;
    
    Если ПустаяСтрока(ИменаПараметров) Тогда
        Возврат Результат;
    КонецЕсли;
    
    МассивИмен = СтрРазделить(ИменаПараметров, "","");
    
    Для Каждого ИмяПараметра Из МассивИмен Цикл
        Имя = СокрЛП(ИмяПараметра);
        Если ПустаяСтрока(Имя) Тогда
            Продолжить;
        КонецЕсли;
        
        ЗначениеПараметра = Неопределено;
        ПараметрНайден = Ложь;
        
        // Первая итерация: поиск в пользовательских настройках
        Если ПользовательскиеНастройкиКД <> Неопределено Тогда
            Для Каждого Элемент Из ПользовательскиеНастройкиКД.Элементы Цикл
                Если Элемент.ТипЭлемента = ТипЭлементаПользовательскихНастроекКомпоновкиДанных.ПараметрДанных 
                   И Элемент.ИдентификаторПользовательскойНастройки = Имя Тогда
                    ЗначениеПараметра = Элемент.Значение;
                    ПараметрНайден = Истина;
                    Прервать;
                КонецЕсли;
            КонецЦикла;
        КонецЕсли;
        
        // Вторая итерация: поиск в настройках варианта отчета
        Если Не ПараметрНайден И НастройкиКД <> Неопределено Тогда
            Для Каждого Параметр Из НастройкиКД.ПараметрыДанных Цикл
                Если Параметр.Имя = Имя Тогда
                    ЗначениеПараметра = Параметр.Значение;
                    ПараметрНайден = Истина;
                    Прервать;
                КонецЕсли;
            КонецЦикла;
        КонецЕсли;
        
        // Добавляем результат в структуру (даже если Неопределено)
        Результат.Вставить(Имя, ЗначениеПараметра);
    КонецЦикла;
    
    Если Результат.Количество() = 0 Тогда
        Возврат Неопределено;
    КонецЕсли;
    
    Возврат Результат;
КонецФункции"
"Написать функцию ДобавитьГруппировкуВКореньСтруктуры(КомпоновщикНастроек, Знач Поле = Неопределено, ПараметрыГруппировки = Неопределено), которая добавлят группировку
в компоновщик настроек в корневой структуры настроек, если поле не указанао, то в детальные записи.

Параметры функции:
	КомпоновщикНастроек (тип: КомпоновщикНастроекКомпоновкиДанных, НастройкиКомпоновкиДанных) - элемент структуры компоновки данных.
	Поля(тип: Строка, ПолеКомпоновкиДанных) - имя поля или поле компоновки данных.
	ПараметрыГруппировки (тип: Структура) - Структура со свойствами:
		*НачалоПериода (тип: Дата) - начало периода группировки по полю периода.
		*КонецПериода (тип: Дата) - конец периода группировки по полю периода.
		*ТипГруппировки (тип: ТипГруппировкиКомпоновкиДанных) - тип группировки.
		*ТипДополнения (тип: ТипДополненияПериодаКомпоновкиДанных) - тип дополнения.
Возвращаемое значение:
	ГруппировкаТаблицыКомпоновкиДанных, ГруппировкаДиаграммыКомпоновкиДанных, ГруппировкаКомпоновкиДанных - новая группировка в корне структуры.",{},task_103,server,,task15_Куликова_v1.epf,"Функция ДобавитьГруппировкуВКореньСтруктуры(КомпоновщикНастроек, Знач Поле = Неопределено, ПараметрыГруппировки = Неопределено) Экспорт
    // Определяем настройки компоновки данных
    Если ТипЗнч(КомпоновщикНастроек) = Тип(""КомпоновщикНастроекКомпоновкиДанных"") Тогда
        Настройки = КомпоновщикНастроек.Настройки;
    ИначеЕсли ТипЗнч(КомпоновщикНастроек) = Тип(""НастройкиКомпоновкиДанных"") Тогда
        Настройки = КомпоновщикНастроек;
    Иначе
        ВызватьИсключение ""Неверный тип параметра КомпоновщикНастроек. Ожидается КомпоновщикНастроекКомпоновкиДанных или НастройкиКомпоновкиДанных"";
    КонецЕсли;
    
    // Добавляем новую группировку в корень структуры
    НоваяГруппировка = Настройки.Структура.Добавить(Тип(""ГруппировкаКомпоновкиДанных""));
    
    // Устанавливаем поле группировки, если оно передано
    Если Поле <> Неопределено Тогда
        Если ТипЗнч(Поле) = Тип(""Строка"") Тогда
            ПолеКомпоновки = Новый ПолеКомпоновкиДанных(Поле);
        ИначеЕсли ТипЗнч(Поле) = Тип(""ПолеКомпоновкиДанных"") Тогда
            ПолеКомпоновки = Поле;
        Иначе
            ВызватьИсключение ""Неверный тип параметра Поле. Ожидается Строка или ПолеКомпоновкиДанных"";
        КонецЕсли;
        НоваяГруппировка.Поле = ПолеКомпоновки;
    КонецЕсли;
    
    // Применяем дополнительные параметры группировки
    Если ПараметрыГруппировки <> Неопределено Тогда
        Если ПараметрыГруппировки.Свойство(""НачалоПериода"") И ПараметрыГруппировки.НачалоПериода <> Неопределено Тогда
            НоваяГруппировка.НачалоПериода = ПараметрыГруппировки.НачалоПериода;
        КонецЕсли;
        Если ПараметрыГруппировки.Свойство(""КонецПериода"") И ПараметрыГруппировки.КонецПериода <> Неопределено Тогда
            НоваяГруппировка.КонецПериода = ПараметрыГруппировки.КонецПериода;
        КонецЕсли;
        Если ПараметрыГруппировки.Свойство(""ТипГруппировки"") И ПараметрыГруппировки.ТипГруппировки <> Неопределено Тогда
            НоваяГруппировка.ТипГруппировки = ПараметрыГруппировки.ТипГруппировки;
        КонецЕсли;
        Если ПараметрыГруппировки.Свойство(""ТипДополнения"") И ПараметрыГруппировки.ТипДополнения <> Неопределено Тогда
            НоваяГруппировка.ТипДополнения = ПараметрыГруппировки.ТипДополнения;
        КонецЕсли;
    КонецЕсли;
    
    Возврат НоваяГруппировка;
КонецФункции"
"Написать функцию УстановитьОграниченияИспользованияПоля(СхемаКД, Поле, Ограничения), которая в переданной схеме компоновки данных отчета(СхемаКД) 
для поля(Поле) устанавливает ограничения использования по структуре ограничений(Ограничения).  
Функция для каждого НабораДанных схемы компоновки данных должна проверить наличие поля(Поле).
Если поле найдено, тогда установить ограничения использования согласно переданной стуктуре ограничений.

Параметры функции:
СхемаКД (тип: СхемаКомпоновкиДанных) - схема компоновки данных натсраиваемого отчета.
Поле (тип: Строка, ПолеКомпоновкиДанных) - поле, для которого требуется установить ограничения использования.
Ограничения (тип: Структура) - структура с ключами ограничений:
   *Поле (тип: Булево) - Ограничение доступа поле для выбора. 
   *Условие (тип: Булево) - Ограничение использования поля в условии.
   *Группа (тип: Булево) - Ограничение использования поля в группировке.
   *Упорядочивание (тип: Булево) - Ограничение использования поля для упорядочивания.",{},task_104,server,,task16_Куликова_v1.epf,"// Функция устанавливает ограничения использования поля в схеме компоновки данных.
// Параметры:
//   СхемаКД       - СхемаКомпоновкиДанных - схема, в которой выполняется поиск поля.
//   Поле          - Строка или ПолеКомпоновкиДанных - идентификатор поля (путь к данным).
//   Ограничения   - Структура - ключи: ""Поле"", ""Условие"", ""Группа"", ""Упорядочивание"".
//                     Каждый ключ должен содержать Булево - разрешение/запрет.
//
Функция УстановитьОграниченияИспользованияПоля(СхемаКД, Поле, Ограничения) Экспорт
    
    // Определяем строку идентификации поля (путь к данным)
    Если ТипЗнч(Поле) = Тип(""Строка"") Тогда
        ИмяПоля = Поле;
    ИначеЕсли ТипЗнч(Поле) = Тип(""ПолеКомпоновкиДанных"") Тогда
        ИмяПоля = Поле.Поле;
    Иначе
        ВызватьИсключение ""Параметр 'Поле' должен быть строкой или объектом ПолеКомпоновкиДанных"";
    КонецЕсли;
    
    // Проходим по всем наборам данных схемы
    Для Каждого НаборДанных Из СхемаКД.НаборыДанных Цикл
        // Внутри каждого набора ищем поле с заданным путём
        Для Каждого ПолеКД Из НаборДанных.Поля Цикл
            Если ПолеКД.Поле = ИмяПоля Тогда
                // Устанавливаем ограничения согласно переданной структуре
                Если Ограничения.Свойство(""Поле"") Тогда
                    ПолеКД.ДоступноДляВыбора = Ограничения.Поле;
                КонецЕсли;
                
                Если Ограничения.Свойство(""Условие"") Тогда
                    ПолеКД.ДоступноДляУсловия = Ограничения.Условие;
                КонецЕсли;
                
                Если Ограничения.Свойство(""Группа"") Тогда
                    ПолеКД.ДоступноДляГруппировки = Ограничения.Группа;
                КонецЕсли;
                
                Если Ограничения.Свойство(""Упорядочивание"") Тогда
                    ПолеКД.ДоступноДляУпорядочивания = Ограничения.Упорядочивание;
                КонецЕсли;
            КонецЕсли;
        КонецЦикла;
    КонецЦикла;
    
КонецФункции"
"Написать функцию УстановитьРольПоляНабораДанныхСКД(СхемаКД, Поле, СвойстваРоль), которая в переданной схеме компоновки данных отчета(СхемаКД) 
для поля(Поле) устанавливает роль по структуре описания роли(СвойстваРоль).  
Функция для каждого НабораДанных схемы компоновки данных должна проверить наличие поля(Поле).
Если поле найдено, тогда роль по ее описанию(СвойстваРоль).

ПараметрыФункции:
СхемаКД (тип: СхемаКомпоновкиДанных) - схема компоновки данных натсраиваемого отчета.
Поле (тип: Строка, ПолеКолмпоновкиДанных) - поле, для которого требуется установить ограничения использования.
СвойстваРоль (тип: Структура) - структура c описанием роли поля набора компоновки данных:
* БезРоли (тип: Булево) - Если Истина, тогда все свойства должны быть очищены. 
* ВыражениеВидаСчета (тип: Строка) - Выражение, при помощи которого будет определяться тип счета.
* ГруппаОстатка (тип: Строка) - Для поля остатка - строка, содержащая имя группы полей остатка.
* НомерПериода (тип: Число) - Номер периода в случае, если поле является полем–периодом.
* ИгнорироватьЗначенияNULL (тип: Булево) - Содержит признак того, что в результат не нужно включать групповые записи по данному полю в случае, если поле содержит значение NULL
* Измерение (тип: Булево) - Истина - поле является измерением.
* Обязательное (тип: Булево) - Содержит признак необходимости обязательного добавления данного поля в набор данных макета компоновки данных в случае, если из набора данных поля в настройках задействовано хотя бы одно поле.
* Остаток (тип: Булево) - Содержит признак того, что поле является полем остатка.
* ПолеСчета (тип: Строка) - Для полей бухгалтерского остатка – имя поля счет, для которого рассчитываются остатки.    
* РеквизитИзмерения (тип: Булево) поле является реквизитом поля, являющегося измерением.
* РодительскоеИзмерение (тип: Строка) - Содержит путь к данным родительского поля - измерения.
* Счет (тип: Булево) - Содержит признак того, что поле является полем счета. Данная информация используется при расчете по полям бухгалтерского остатка. 
* ТипБухгалтерскогоОстатка (тип: ТипБухгалтерскогоОстаткаКомпоновкиДанных) Тип бухгалтерского остатка.  
* ТипОстатка (тип: ТипОстаткаКомпоновкиДанных) - Тип поля остатка.                                         
* ТипПериода (тип: ТипПериодаКомпоновкиДанных) - Если поле имеет тип периода Дополнительный, то это говорит о том, что поле не обязательно должно использоваться в компоновке в случае, если в отчете использованы его дочерние периоды. 
В противном случае использование дочернего поля–периода говорит о необходимости использования в группировке и данного поля.",{},task_105,server,,task17_Куликова_v1.epf,"// Устанавливает роль поля набора данных в схеме компоновки данных.
//
// Параметры:
//   СхемаКД      - СхемаКомпоновкиДанных - схема отчета, в которой выполняется поиск поля.
//   Поле         - Строка, ПолеКомпоновкиДанных - имя поля (или объект поля), для которого настраивается роль.
//   СвойстваРоль - Структура - описание роли в виде набора свойств (см. входящий тип).
//
// Возвращаемое значение:
//   Неопределено - функция изменяет переданную схему, не возвращая результата.
//
Функция УстановитьРольПоляНабораДанныхСКД(СхемаКД, Поле, СвойстваРоль) Экспорт

    // Получаем строковое имя поля
    Если ТипЗнч(Поле) = Тип(""ПолеКомпоновкиДанных"") Тогда
        ИмяПоля = Поле.Поле;
    ИначеЕсли ТипЗнч(Поле) = Тип(""Строка"") Тогда
        ИмяПоля = СокрЛП(Поле);
    Иначе
        ВызватьИсключение ""Параметр Поле должен быть типа Строка или ПолеКомпоновкиДанных"";
    КонецЕсли;

    // Перебор всех наборов данных схемы
    Для Каждого НаборДанных Из СхемаКД.НаборыДанных Цикл
        // Поиск поля в коллекции полей текущего набора данных
        Для Каждого ПолеНабора Из НаборДанных.Поля Цикл
            Если ПолеНабора.Поле = ИмяПоля Тогда
                // Создаём новый экземпляр роли
                НоваяРоль = Новый РольПоляНабораДанныхСхемыКомпоновкиДанных();

                // Если указан флаг ""БезРоли"" со значением Истина, оставляем все свойства по умолчанию (очищены)
                Если НЕ (СвойстваРоль.Свойство(""БезРоли"") И СвойстваРоль.БезРоли) Тогда
                    ЗаполнитьСвойстваРолиИзСтруктуры(НоваяРоль, СвойстваРоль);
                КонецЕсли;

                // Применяем роль к полю набора данных
                ПолеНабора.Роль = НоваяРоль;
            КонецЕсли;
        КонецЦикла;
    КонецЦикла;

    Возврат Неопределено;

КонецФункции

// Заполняет свойства объекта роли значениями из структуры.
// Устанавливаются только те свойства, ключи которых присутствуют в структуре.
//
// Параметры:
//   Роль     - РольПоляНабораДанныхСхемыКомпоновкиДанных - целевой объект.
//   Свойства - Структура - источник значений.
//
Процедура ЗаполнитьСвойстваРолиИзСтруктуры(Роль, Свойства) Экспорт

    Если Свойства.Свойство(""ВыражениеВидаСчета"") Тогда
        Роль.ВыражениеВидаСчета = Свойства.ВыражениеВидаСчета;
    КонецЕсли;
    Если Свойства.Свойство(""ГруппаОстатка"") Тогда
        Роль.ГруппаОстатка = Свойства.ГруппаОстатка;
    КонецЕсли;
    Если Свойства.Свойство(""НомерПериода"") Тогда
        Роль.НомерПериода = Свойства.НомерПериода;
    КонецЕсли;
    Если Свойства.Свойство(""ИгнорироватьЗначенияNULL"") Тогда
        Роль.ИгнорироватьЗначенияNULL = Свойства.ИгнорироватьЗначенияNULL;
    КонецЕсли;
    Если Свойства.Свойство(""Измерение"") Тогда
        Роль.Измерение = Свойства.Измерение;
    КонецЕсли;
    Если Свойства.Свойство(""Обязательное"") Тогда
        Роль.Обязательное = Свойства.Обязательное;
    КонецЕсли;
    Если Свойства.Свойство(""Остаток"") Тогда
        Роль.Остаток = Свойства.Остаток;
    КонецЕсли;
    Если Свойства.Свойство(""ПолеСчета"") Тогда
        Роль.ПолеСчета = Свойства.ПолеСчета;
    КонецЕсли;
    Если Свойства.Свойство(""РеквизитИзмерения"") Тогда
        Роль.РеквизитИзмерения = Свойства.РеквизитИзмерения;
    КонецЕсли;
    Если Свойства.Свойство(""РодительскоеИзмерение"") Тогда
        Роль.РодительскоеИзмерение = Свойства.РодительскоеИзмерение;
    КонецЕсли;
    Если Свойства.Свойство(""Счет"") Тогда
        Роль.Счет = Свойства.Счет;
    КонецЕсли;
    Если Свойства.Свойство(""ТипБухгалтерскогоОстатка"") Тогда
        Роль.ТипБухгалтерскогоОстатка = Свойства.ТипБухгалтерскогоОстатка;
    КонецЕсли;
    Если Свойства.Свойство(""ТипОстатка"") Тогда
        Роль.ТипОстатка = Свойства.ТипОстатка;
    КонецЕсли;
    Если Свойства.Свойство(""ТипПериода"") Тогда
        Роль.ТипПериода = Свойства.ТипПериода;
    КонецЕсли;

КонецПроцедуры"
"Написать функцию СформироватьОтчетПрайсЛистТолькоЦены(ВидЦен), которая формирует отчет на сервере ""ПрайсЛист"" по заданному виду цен, 
с группировкой только по детальным записям, без вывода полей Товар.Цвет и Изображенией.  

Функция должна программно сформировать отчет ""ПрайсЛист"", вариант отчета ""Основной"".
Подменить стандартную структуру отчета на новую структуру: группировка ДетальныеЗаписи. 
Настройки отчета:
    Структура: Группировка: 
                 ДетальныеЗаписи: ВыбранныеПоля = Товар, Артикул, Цена.         
    Параметры отчета: ВидЦен 
	    Значения параметов: ВидЦен = ВидЦен.  
   	Параметры вывода: ВыводитьПараметрыДанных = Не выводить,
	                  ВыводитьОтбор = Не выводить.                
Возвращаемое значение: ТабличныйДокумент.","{""Catalogs"": [{""id"": ""ВидыЦен"", ""name"": ""Виды цен"", ""Attributes"": []}, {""id"": ""Товары"", ""name"": ""Товары"", ""Attributes"": [{""id"": ""Артикул"", ""name"": ""Артикул"", ""types"": [{""type"": ""String"", ""StringQualifiers"": ""15""}]}, {""id"": ""Поставщик"", ""name"": ""Поставщик"", ""types"": [{""type"": ""Ref"", ""id"": ""Справочник.Контрагенты""}]}, {""id"": ""ФайлКартинки"", ""name"": ""Картинка"", ""types"": [{""type"": ""Ref"", ""id"": ""Справочник.ХранимыеФайлы""}]}, {""id"": ""Вид"", ""name"": ""Вид"", ""types"": []}, {""id"": ""Штрихкод"", ""name"": ""Штрихкод"", ""types"": [{""type"": ""String"", ""StringQualifiers"": ""20""}]}, {""id"": ""Описание"", ""name"": ""Описание"", ""types"": [{""type"": ""String"", ""StringQualifiers"": ""0""}]}]}]}",task_106,server,high,task17_сложн_Куликова_v2.epf,"Функция СформироватьОтчетПрайсЛистТолькоЦены(ВидЦен)
    
    // Создаем результирующий табличный документ
    ТабличныйДокумент = Новый ТабличныйДокумент;
    
    // Получаем схему компоновки данных отчета ""ПрайсЛист""
    СхемаКомпоновки = Отчеты.ПрайсЛист.ПолучитьСхемуКомпоновкиДанных();
    Если СхемаКомпоновки = Неопределено Тогда
        Возврат ТабличныйДокумент;
    КонецЕсли;
    
    // Ищем настройки варианта ""Основной""
    НастройкиОтчета = Неопределено;
    Для Каждого Вариант Из СхемаКомпоновки.ВариантыНастроек Цикл
        Если Вариант.Имя = ""Основной"" Тогда
            НастройкиОтчета = Вариант.Настройки;
            Прервать;
        КонецЕсли;
    КонецЦикла;
    
    Если НастройкиОтчета = Неопределено Тогда
        НастройкиОтчета = СхемаКомпоновки.НастройкиПоУмолчанию;
    КонецЕсли;
    
    // Создаем компоновщик настроек и загружаем в него исходные настройки
    КомпоновщикНастроек = Новый КомпоновщикНастроекКомпоновкиДанных;
    КомпоновщикНастроек.Инициализировать(Новый ИсточникДоступныхНастроекКомпоновкиДанных(СхемаКомпоновки));
    КомпоновщикНастроек.ЗагрузитьНастройки(НастройкиОтчета);
    
    // Полностью переопределяем структуру отчета
    Структура = КомпоновщикНастроек.Настройки.Структура;
    Структура.Элементы.Очистить();
    
    // Добавляем единственную группировку – детальные записи
    ГруппировкаДетальные = Структура.Элементы.Добавить(Тип(""ГруппировкаКомпоновкиДанных""));
    ГруппировкаДетальные.Использование = Истина;
    ГруппировкаДетальные.ТипГруппировки = ТипГруппировкиКомпоновкиДанных.ДетальныеЗаписи;
    
    // Настраиваем выбранные поля: Товар, Артикул, Цена
    ВыбранныеПоля = ГруппировкаДетальные.ВыбранныеПоля.Элементы;
    ВыбранныеПоля.Очистить();
    
    ПолеТовар = ВыбранныеПоля.Добавить(Тип(""ВыбранноеПолеКомпоновкиДанных""));
    ПолеТовар.Заголовок = ""Товар"";
    ПолеТовар.Поле = Новый ПолеКомпоновкиДанных(""Товар"");
    
    ПолеАртикул = ВыбранныеПоля.Добавить(Тип(""ВыбранноеПолеКомпоновкиДанных""));
    ПолеАртикул.Заголовок = ""Артикул"";
    ПолеАртикул.Поле = Новый ПолеКомпоновкиДанных(""Товар.Артикул"");
    
    ПолеЦена = ВыбранныеПоля.Добавить(Тип(""ВыбранноеПолеКомпоновкиДанных""));
    ПолеЦена.Заголовок = ""Цена"";
    ПолеЦена.Поле = Новый ПолеКомпоновкиДанных(""Цена"");
    
    // Устанавливаем параметр ""ВидЦен""
    ПараметрыДанных = КомпоновщикНастроек.Настройки.ПараметрыДанных;
    ПараметрВидЦен = ПараметрыДанных.Элементы.Найти(""ВидЦен"");
    Если ПараметрВидЦен = Неопределено Тогда
        ПараметрВидЦен = ПараметрыДанных.Элементы.Добавить(Тип(""ПараметрДанныхКомпоновкиДанных""));
        ПараметрВидЦен.Параметр = Новый ПараметрКомпоновкиДанных(""ВидЦен"");
    КонецЕсли;
    ПараметрВидЦен.Использование = Истина;
    ПараметрВидЦен.Значение = ВидЦен;
    
    // Настраиваем параметры вывода: не показывать параметры данных и отборы
    КомпоновщикНастроек.Настройки.ПараметрыВывода.ВыводитьПараметрыДанных = РежимВыводаПараметровДанныхКомпоновкиДанных.НеВыводить;
    КомпоновщикНастроек.Настройки.ПараметрыВывода.ВыводитьОтбор = РежимВыводаПараметровДанныхКомпоновкиДанных.НеВыводить;
    
    // Компонуем макет по измененным настройкам
    КомпоновщикМакета = Новый КомпоновщикМакетаКомпоновкиДанных;
    Макеты = КомпоновщикМакета.Выполнить(СхемаКомпоновки, КомпоновщикНастроек.Настройки);
    Если Макеты.Количество() = 0 Тогда
        Возврат ТабличныйДокумент;
    КонецЕсли;
    
    // Выводим результат в табличный документ
    ПроцессорВывода = Новый ПроцессорВыводаРезультатаКомпоновкиДанныхВТабличныйДокумент;
    ПроцессорВывода.УстановитьДокумент(ТабличныйДокумент);
    ПроцессорВывода.Вывести(Макеты[0]);
    
    Возврат ТабличныйДокумент;
    
КонецФункции"
"Написать функцию УстановитьОформлениеОстатка(СхемаКД, ТипОстатка, ДопПараметры), которая в переданной схеме компоновки данных отчета(СхемаКД) 
для поля набора данных КоличествоОстаток(если ТипОстатка = ""Количество"") или СуммаОстаток(если ТипОстатка = ""Сумма"") устанавливает оформление с параметрами:
  * Формат = ""ЧЦ=10; ЧДЦ=2; ЧН=0; ЧО=1""
  * ВыделятьОтрицательные = Истина
  * ГоризонтальноеПоложение = Прижать вправо.
В параметре ДопПаматеры могут быть переданы дополнительные параметры для установки в оформление полей остатка. 
 
Функция должна найти поле СуммаОстаток(КоличествоОстаток) и установить обязательные параметры и дополнительные, если они переданы.

ПараметрыФункции:
СхемаКД (тип: СхемаКомпоновкиДанных) - схема компоновки данных натсраиваемого отчета.
ТипОстатка (тип: Строка) - содержит указание какое поле остатка использовать. Если ТипОстатка = ""Количество"", тогда найти поле ""КоличествоОстаток"". 
Если ТипОстатка = ""Сумма"", тогда найти поле ""Сумма"".
ДопПараметры (тип: Массив из Структура, Неопределено) - массив структур с описанием параметров для установки в оформлении поля набора данных, где стукрутра вида:
   Ключ (тип: Строка) - имя параметра оформления.
   Значение (тип: ЗначениеПараметраНастроекКомпоновкиДанных) - значение параметра оформления.
 Может быть не задано.",{},task_107,server,,task18_Куликова_v1.epf,"Функция УстановитьОформлениеОстатка(СхемаКД, ТипОстатка, ДопПараметры)

    // 1. Определяем имя поля по типу остатка
    Если ТипОстатка = ""Количество"" Тогда
        ИмяПоля = ""КоличествоОстаток"";
    ИначеЕсли ТипОстатка = ""Сумма"" Тогда
        ИмяПоля = ""СуммаОстаток"";
    Иначе
        ВызватьИсключение ""Некорректный тип остатка: """""" + ТипОстатка + """""""";
    КонецЕсли;

    // 2. Получаем настройки по умолчанию, при необходимости создаем
    Если СхемаКД.НастройкиПоУмолчанию = Неопределено Тогда
        СхемаКД.НастройкиПоУмолчанию = Новый НастройкиКомпоновкиДанных;
    КонецЕсли;

    Настройки = СхемаКД.НастройкиПоУмолчанию;

    // 3. Ищем существующее оформление для поля или создаем новое
    ЭлементОформления = Неопределено;
    Для Каждого Оформление Из Настройки.ОформлениеПолей Цикл
        Если Оформление.Поле = ИмяПоля Тогда
            ЭлементОформления = Оформление;
            Прервать;
        КонецЕсли;
    КонецЦикла;

    Если ЭлементОформления = Неопределено Тогда
        // Создаем новый элемент оформления
        ЭлементОформления = Настройки.ОформлениеПолей.Добавить(
            Тип(""ОформлениеПоляНастроекКомпоновкиДанных""));
        ЭлементОформления.Поле = ИмяПоля;
    КонецЕсли;

    // 4. Устанавливаем обязательные параметры оформления
    ЭлементОформления.ВыделятьОтрицательные = Истина;
    ЭлементОформления.Формат = ""ЧЦ=10; ЧДЦ=2; ЧН=0; ЧО=1"";
    ЭлементОформления.ГоризонтальноеПоложение = ГоризонтальноеПоложение.Право;

    // 5. Устанавливаем дополнительные параметры, если они переданы
    Если ДопПараметры <> Неопределено Тогда
        Для Каждого ДопПараметр Из ДопПараметры Цикл
            Если ТипЗнч(ДопПараметр) = Тип(""Структура"") Тогда
                ПараметрИмя = ДопПараметр.Ключ;
                ПараметрЗначение = ДопПараметр.Значение;

                // Устанавливаем свойство элемента оформления по имени
                Попытка
                    // Используем прямое присваивание для типовых свойств
                    Если ПараметрИмя = ""ВыделятьОтрицательные"" Тогда
                        ЭлементОформления.ВыделятьОтрицательные = ПараметрЗначение;
                    ИначеЕсли ПараметрИмя = ""Формат"" Тогда
                        ЭлементОформления.Формат = ПараметрЗначение;
                    ИначеЕсли ПараметрИмя = ""ГоризонтальноеПоложение"" Тогда
                        ЭлементОформления.ГоризонтальноеПоложение = ПараметрЗначение;
                    Иначе
                        // Остальные свойства устанавливаем через универсальный механизм
                        ЭлементОформления[ПараметрИмя] = ПараметрЗначение;
                    КонецЕсли;
                Исключение
                    // Если свойство отсутствует, игнорируем или логируем
                КонецПопытки;
            КонецЕсли;
        КонецЦикла;
    КонецЕсли;

    Возврат Истина; // или можно вернуть ЭлементОформления

КонецФункции"
"Написать функцию ДобавитьНаборДанныхИзТаблицыЗначений(СхемаКД, ИмяИсточникДанных, Таблица, ИмяНабора), которая в переданную схему компоновки данных отчета(СхемаКД) 
в источник данных с именем = ИмяИсточникДанных добавляет новый набор данных с именем = ИмяНабора, с типом = НаборДанныхОбъектСхемыКомпоновкиДанных 
и заполняет его в соответствии с таблицей значений(Таблица).
Добавлять поля в новый набор данных по принципу: 
  ДобавленноеПоле.Поле = Колонка.Имя  
  ДобавленноеПоле.Заголовок = Колонка.Имя;
  ДобавленноеПоле.ТипЗначения = Новый ОписаниеТипов(Колонка.ТипЗначения) 
  ДобавленноеПоле.ПутьКДанным = Колонка.Имя
где ДобавленноеПоле - поле в наборе данных, Колонка - колонка таблицы значений.
Если ИмяНабора = """", тогда установить имя набора как ""НаборДанныхИзТаблицы"".   
Набор данных добавлять в источник данных с именем ИмяИсточникДанных. Если такой источник не найден, создать источник данных со свойствами:
		Имя = ИмяИсточникДанных;
		СтрокаСоединения = """";
		ТипИсточникаДанных = ""Local"";

Параметры функции:
  СхемаКД (тип: СхемаКомпоновкиДанных) - схема компоновки данных.
  Таблица (тип: ТаблицаЗначений) - таблица, по колонкам которой заполняется набор. 
  ИмяИсточникДанных (тип: Строка) - имя источника данных.
  ИмяНабора (тип: Строка) - имя нового набора. Может быть не задано.",{},task_108,server,,task19_Куликова_v1 .epf,"Функция ДобавитьНаборДанныхИзТаблицыЗначений(СхемаКД, ИмяИсточникДанных, Таблица, ИмяНабора = """")

    // Если имя набора не задано, используем значение по умолчанию
    Если ПустаяСтрока(ИмяНабора) Тогда
        ИмяНабора = ""НаборДанныхИзТаблицы"";
    КонецЕсли;

    // Поиск источника данных, при отсутствии - создание
    Источник = СхемаКД.ИсточникиДанных.Найти(ИмяИсточникДанных);
    Если Источник = Неопределено Тогда
        Источник = СхемаКД.ИсточникиДанных.Добавить(Тип(""ИсточникДанныхСхемыКомпоновкиДанных""));
        Источник.Имя = ИмяИсточникДанных;
        Источник.СтрокаСоединения = """";
        Источник.ТипИсточникаДанных = ""Local"";
    КонецЕсли;

    // Добавление нового набора данных в источник
    НовыйНабор = Источник.НаборыДанных.Добавить(Тип(""НаборДанныхОбъектСхемыКомпоновкиДанных""));
    НовыйНабор.Имя = ИмяНабора;

    // Заполнение полей набора данных на основе колонок таблицы значений
    Для Каждого Колонка Из Таблица.Колонки Цикл
        Поле = НовыйНабор.Поля.Добавить(Тип(""ПолеКомпоновкиДанных""));
        Поле.Поле = Колонка.Имя;
        Поле.Заголовок = Колонка.Имя;
        Поле.ТипЗначения = Новый ОписаниеТипов(Колонка.ТипЗначения);
        Поле.ПутьКДанным = Колонка.Имя;
    КонецЦикла;

    Возврат НовыйНабор;

КонецФункции"
"Написать функцию СформироватьОтчетПоПроведеннымОплатамСВалютой(), которая формирует отчет на сервере ""ДокументыОплата"" с отбором по проведенным документам оплаты и выводом колонки Валюта.
Функция должна программно сформировать отчет ""ДокументыОплата"", вариант отчета ""Основной"". 
Для вывода брать только непомеченные на удаление документы Оплата. Колонку Валюта выводить перед колонкой Сумма.
Настройки отчета: 
    ВыбранныеПоля: Дата, Номер, Поставщик, РасчетныйСчетПоставщика, Валюта, Сумма.
   	Параметры вывода: ВыводитьПараметрыДанных = Не выводить,
	                  ВыводитьОтбор = Не выводить. 
	Отбор : Проведен = Истина, ПометкаУдаления = Ложь.                                 
Возвращаемое значение: ТабличныйДокумент.","{""Documents"": [{""id"": ""Оплата"", ""name"": ""Оплата"", ""Attributes"": [{""id"": ""Поставщик"", ""name"": ""Поставщик"", ""types"": [{""type"": ""Ref"", ""id"": ""Справочник.Контрагенты""}]}, {""id"": ""РасчетныйСчетПоставщика"", ""name"": ""Расчетный счет поставщика"", ""types"": [{""type"": ""Ref"", ""id"": ""Справочник.РасчетныеСчетаКонтрагентов""}]}, {""id"": ""РасчетныйСчет"", ""name"": ""Расчетный счет"", ""types"": [{""type"": ""Ref"", ""id"": ""Справочник.РасчетныеСчета""}]}, {""id"": ""Валюта"", ""name"": ""Валюта"", ""types"": [{""type"": ""Ref"", ""id"": ""Справочник.Валюты""}]}, {""id"": ""Сумма"", ""name"": ""Сумма"", ""types"": [{""type"": ""Number"", ""NumberQualifiers"": ""10.2""}]}, {""id"": ""Организация"", ""name"": ""Организация"", ""types"": [{""type"": ""Ref"", ""id"": ""Справочник.Организации""}]}]}], ""Catalogs"": [{""id"": ""РасчетныеСчетаКонтрагентов"", ""name"": ""Расчетные счета контрагентов"", ""Attributes"": [{""id"": ""Номер"", ""name"": ""Номер"", ""types"": [{""type"": ""String"", ""StringQualifiers"": ""20""}]}, {""id"": ""Банк"", ""name"": ""Банк"", ""types"": [{""type"": ""Ref"", ""id"": ""Справочник.Банки""}]}]}]}",task_109,server,high,task19_сложн_Куликова_v1 .epf,"Функция СформироватьОтчетПоПроведеннымОплатамСВалютой()
    
    // Создаем схему компоновки данных
    СхемаКомпоновкиДанных = Новый СхемаКомпоновкиДанных;
    
    // Добавляем источник данных – запрос к документам Оплата
    ИсточникДанных = СхемаКомпоновкиДанных.ИсточникиДанных.Добавить();
    ИсточникДанных.Имя = ""ИсточникДанных1"";
    ИсточникДанных.ТипИсточникаДанных = ""Local"";
    
    Запрос = Новый Запрос;
    Запрос.Текст = 
    ""ВЫБРАТЬ
    |    Оплата.Дата КАК Дата,
    |    Оплата.Номер КАК Номер,
    |    Оплата.Поставщик КАК Поставщик,
    |    Оплата.РасчетныйСчетПоставщика КАК РасчетныйСчетПоставщика,
    |    Оплата.Валюта КАК Валюта,
    |    Оплата.Сумма КАК Сумма,
    |    Оплата.Проведен КАК Проведен,
    |    Оплата.ПометкаУдаления КАК ПометкаУдаления
    |ИЗ
    |    Документ.Оплата КАК Оплата"";
    
    ИсточникДанных.Запрос = Запрос;
    
    // Получаем настройки компоновки по умолчанию
    Настройки = СхемаКомпоновкиДанных.НастройкиПоУмолчанию;
    
    // Создаем структуру отчета – детальные записи
    ГруппировкаДетальные = Настройки.Структура.Добавить(Тип(""ГруппировкаКомпоновкиДанных""));
    ГруппировкаДетальные.Использование = Истина;
    
    // Задаем выбранные поля в нужном порядке (Валюта перед Суммой)
    ВыбранныеПоля = ГруппировкаДетальные.Выбор.Элементы;
    ВыбранныеПоля.Добавить(Тип(""ПолеКомпоновкиДанных"")).Поле = Новый ПолеКомпоновкиДанных(""Дата"");
    ВыбранныеПоля.Добавить(Тип(""ПолеКомпоновкиДанных"")).Поле = Новый ПолеКомпоновкиДанных(""Номер"");
    ВыбранныеПоля.Добавить(Тип(""ПолеКомпоновкиДанных"")).Поле = Новый ПолеКомпоновкиДанных(""Поставщик"");
    ВыбранныеПоля.Добавить(Тип(""ПолеКомпоновкиДанных"")).Поле = Новый ПолеКомпоновкиДанных(""РасчетныйСчетПоставщика"");
    ВыбранныеПоля.Добавить(Тип(""ПолеКомпоновкиДанных"")).Поле = Новый ПолеКомпоновкиДанных(""Валюта"");
    ВыбранныеПоля.Добавить(Тип(""ПолеКомпоновкиДанных"")).Поле = Новый ПолеКомпоновкиДанных(""Сумма"");
    
    // Настраиваем отборы: только проведенные и не помеченные на удаление
    Отбор = ГруппировкаДетальные.Отбор;
    
    ЭлементОтбора = Отбор.Элементы.Добавить(Тип(""ЭлементОтбораКомпоновкиДанных""));
    ЭлементОтбора.ЛевоеЗначение = Новый ПолеКомпоновкиДанных(""Проведен"");
    ЭлементОтбора.ВидСравнения = ВидСравненияКомпоновкиДанных.Равно;
    ЭлементОтбора.ПравоеЗначение = Истина;
    ЭлементОтбора.Использование = Истина;
    
    ЭлементОтбора2 = Отбор.Элементы.Добавить(Тип(""ЭлементОтбораКомпоновкиДанных""));
    ЭлементОтбора2.ЛевоеЗначение = Новый ПолеКомпоновкиДанных(""ПометкаУдаления"");
    ЭлементОтбора2.ВидСравнения = ВидСравненияКомпоновкиДанных.Равно;
    ЭлементОтбора2.ПравоеЗначение = Ложь;
    ЭлементОтбора2.Использование = Истина;
    
    // Параметры вывода: не показывать параметры данных и отборы
    Настройки.ПараметрыВывода.ВыводитьПараметрыДанных = Ложь;
    Настройки.ПараметрыВывода.ВыводитьОтбор = Ложь;
    
    // Компоновка макета
    КомпоновщикМакета = Новый КомпоновщикМакетаКомпоновкиДанных;
    МакетКомпоновки = КомпоновщикМакета.Выполнить(СхемаКомпоновкиДанных, Настройки);
    
    // Процессор компоновки данных
    ПроцессорКомпоновкиДанных = Новый ПроцессорКомпоновкиДанных;
    ПроцессорКомпоновкиДанных.Инициализировать(МакетКомпоновки);
    
    // Вывод результата в табличный документ
    ТабличныйДокумент = Новый ТабличныйДокумент;
    ПроцессорВывода = Новый ПроцессорВыводаРезультатаКомпоновкиДанныхВТабличныйДокумент;
    ПроцессорВывода.УстановитьДокумент(ТабличныйДокумент);
    ПроцессорВывода.Вывести(ПроцессорКомпоновкиДанных);
    
    Возврат ТабличныйДокумент;
    
КонецФункции"
"Написать функцию СохранитьНастройкиСКДВФайлXML(КомпоновщикНастроек, Путь), которая сохраняет настройки компоновщика данных отчета в файл XML, 
расположенный по пути = Путь.
Если параметр Путь не задан, тогда путь до файла получить как имя временного файла c расширением = ""xml"" и положить его в параметр Путь. 
Если параметр Путь задан, тогда путь до файла = Путь + ""config.xml"" и положить его в параметр Путь. 

Параметры функции:
  КомпоновщикНастроек (тип: КомпоновщикНастроекКомпоновкиДанных) - компоновщик настроек компоновки данных для сохранения.
  Путь (тип: Строка) - путь к файлу, в который сохраняются настройки. Может быть не задан.",{},task_110,server,,task20_Куликова_v1.epf,"Функция СохранитьНастройкиСКДВФайлXML(КомпоновщикНастроек, Путь) Экспорт
    // Проверяем, задан ли путь (не передан или пустая строка)
    Если Путь = Неопределено Или Путь = """" Тогда
        // Создаем временный файл с расширением xml
        Путь = ПолучитьИмяВременногоФайла(""xml"");
    Иначе
        // Формируем полное имя файла, добавляя ""config.xml"" к указанному пути
        Путь = ОбъединитьПути(Путь, ""config.xml"");
    КонецЕсли;
    
    // Создаем объект записи XML и открываем файл
    ЗаписьXML = Новый ЗаписьXML;
    ЗаписьXML.ОткрытьФайл(Путь);
    
    // Сохраняем настройки компоновщика в XML
    КомпоновщикНастроек.Настройки.ЗаписатьXML(ЗаписьXML);
    
    // Закрываем файл
    ЗаписьXML.Закрыть();
    
    // Возвращаем итоговый путь (может быть полезно вызывающему коду)
    Возврат Путь;
КонецФункции"
"Написать функцию ВыгрузитьПросроченныеЗаказыВФайлJSON(ДатаКонтроля),
которая формирует и выгружает данные о просроченных заказах клиентов в файл формата JSON на основании данных документа Документ.Заказ и справочника Справочник.Контрагенты.

Задача предназначена для автоматизации обмена данными с внешними системами  и анализа просроченных заказов. 
Выгрузка в JSON позволяет использовать данные вне информационной базы 1С. 

Функция принимает один параметр:
ДатаКонтроля это дата, на которую выполняется анализ просроченных заказов.

Если параметр не задан, функция должна автоматически установить:
ДатаКонтроля  текущая дата (конец дня). 

Расчет выполняется на основании:
Документ.Заказ
Ссылка
Номер
Дата
Покупатель
Сумма
СостояниеЗаказа
Проведен
Справочник.Контрагенты
ЭлектроннаяПочта

В обработку попадают только заказы, которые:
проведены
имеют состояние Открыт
дата заказа меньше даты контроля 

Функция должна возвращать строку, содержащую полный путь к сформированному JSON-файлу.
JSON-файл содержит массив объектов со следующей структурой:
НомерЗаказа
ДатаЗаказа
Покупатель
Сумма
ЭлектроннаяПочта
СостояниеЗаказа
ПросроченоДней

Поле ПросроченоДней рассчитывается как количество календарных дней между датой заказа и датой контроля
В JSON включаются только записи, у которых ПросроченоДней > 0 

Покупатель формируется как строковое представление ссылки на контрагента
ДатаЗаказа формируется в формате yyyy-MM-dd 

ЭлектроннаяПочта если значение отсутствует то записывается пустая строка """" иначе  строковое значение

 
Позволяет автоматически формировать и передавать данные о просроченных заказах во внешние системы, обеспечивая контроль исполнения заказов и поддержку интеграционных процессов.","{""Documents"": [{""id"": ""Заказ"", ""name"": ""Заказ"", ""Attributes"": [{""id"": ""Покупатель"", ""name"": ""Покупатель"", ""types"": [{""type"": ""Ref"", ""id"": ""Справочник.Контрагенты""}]}, {""id"": ""Склад"", ""name"": ""Склад"", ""types"": [{""type"": ""Ref"", ""id"": ""Справочник.Склады""}]}, {""id"": ""Валюта"", ""name"": ""Валюта взаиморасчетов"", ""types"": [{""type"": ""Ref"", ""id"": ""Справочник.Валюты""}]}, {""id"": ""ВидЦен"", ""name"": ""Вид цен"", ""types"": [{""type"": ""Ref"", ""id"": ""Справочник.ВидыЦен""}]}, {""id"": ""Организация"", ""name"": ""Организация"", ""types"": [{""type"": ""Ref"", ""id"": ""Справочник.Организации""}]}, {""id"": ""СостояниеЗаказа"", ""name"": ""Состояние заказа"", ""types"": [{""type"": ""Ref"", ""id"": ""Перечисление.СостоянияЗаказов""}]}, {""id"": ""Автор"", ""name"": ""Автор"", ""types"": [{""type"": ""Ref"", ""id"": ""Справочник.Пользователи""}]}, {""id"": ""Сумма"", ""name"": ""Сумма"", ""types"": [{""type"": ""Number"", ""NumberQualifiers"": ""10.2""}]}], ""TabularSections"": [{""id"": ""Товары"", ""name"": ""Товары"", ""Attributes"": [{""id"": ""Товар"", ""name"": ""Товар"", ""types"": [{""type"": ""Ref"", ""id"": ""Справочник.Товары""}]}, {""id"": ""Цена"", ""name"": ""Цена"", ""types"": [{""type"": ""Number"", ""NumberQualifiers"": ""10.2""}]}, {""id"": ""Количество"", ""name"": ""Количество"", ""types"": [{""type"": ""Number"", ""NumberQualifiers"": ""10.0""}]}, {""id"": ""Сумма"", ""name"": ""Сумма"", ""types"": [{""type"": ""Number"", ""NumberQualifiers"": ""10.2""}]}]}]}], ""Catalogs"": [{""id"": ""Контрагенты"", ""name"": ""Контрагенты"", ""Attributes"": [{""id"": ""Регион"", ""name"": ""Регион"", ""types"": [{""type"": ""Ref"", ""id"": ""Справочник.Регионы""}]}, {""id"": ""Индекс"", ""name"": ""Индекс"", ""types"": [{""type"": ""String"", ""StringQualifiers"": ""10""}]}, {""id"": ""Страна"", ""name"": ""Страна"", ""types"": [{""type"": ""String"", ""StringQualifiers"": ""0""}]}, {""id"": ""Город"", ""name"": ""Город"", ""types"": [{""type"": ""String"", ""StringQualifiers"": ""0""}]}, {""id"": ""Улица"", ""name"": ""Улица"", ""types"": [{""type"": ""String"", ""StringQualifiers"": ""0""}]}, {""id"": ""Дом"", ""name"": ""Дом"", ""types"": [{""type"": ""String"", ""StringQualifiers"": ""15""}]}, {""id"": ""Телефон"", ""name"": ""Телефон"", ""types"": [{""type"": ""String"", ""StringQualifiers"": ""16""}]}, {""id"": ""ЭлектроннаяПочта"", ""name"": ""Электронная почта"", ""types"": [{""type"": ""String"", ""StringQualifiers"": ""40""}]}, {""id"": ""Факс"", ""name"": ""Факс"", ""types"": [{""type"": ""String"", ""StringQualifiers"": ""16""}]}, {""id"": ""ВебСайт"", ""name"": ""Веб сайт"", ""types"": [{""type"": ""String"", ""StringQualifiers"": ""40""}]}, {""id"": ""ВидЦен"", ""name"": ""Вид цен"", ""types"": [{""type"": ""Ref"", ""id"": ""Справочник.ВидыЦен""}]}, {""id"": ""ДополнительнаяИнформация"", ""name"": ""Дополнительная информация"", ""types"": [{""type"": ""String"", ""StringQualifiers"": ""0""}]}, {""id"": ""КонтактноеЛицо"", ""name"": ""Контактное лицо"", ""types"": [{""type"": ""String"", ""StringQualifiers"": ""100""}]}, {""id"": ""Широта"", ""name"": ""Широта"", ""types"": [{""type"": ""Number"", ""NumberQualifiers"": ""10.6""}]}, {""id"": ""Долгота"", ""name"": ""Долгота"", ""types"": [{""type"": ""Number"", ""NumberQualifiers"": ""10.6""}]}]}]}",task_111,server,mid,task20_СредняяВыгрузитьПросроченныеЗаказыВФайлJSON_v5.epf,"Функция ВыгрузитьПросроченныеЗаказыВФайлJSON(Знач ДатаКонтроля = Неопределено) Экспорт

    // Если параметр не задан, устанавливаем текущую дату
    Если ДатаКонтроля = Неопределено Тогда
        ДатаКонтроля = ТекущаяДата();
    КонецЕсли;

    Запрос = Новый Запрос;
    Запрос.Текст = 
    ""ВЫБРАТЬ
    |    Заказ.Номер КАК НомерЗаказа,
    |    Заказ.Дата КАК ДатаЗаказа,
    |    ПРЕДСТАВЛЕНИЕ(Заказ.Покупатель) КАК Покупатель,
    |    Заказ.Сумма КАК Сумма,
    |    ВЫБОР
    |        КОГДА Контрагенты.ЭлектроннаяПочта ЕСТЬ NULL
    |        ТОГДА """"""""
    |        ИНАЧЕ Контрагенты.ЭлектроннаяПочта
    |    КОНЕЦ КАК ЭлектроннаяПочта,
    |    ПРЕДСТАВЛЕНИЕ(Заказ.СостояниеЗаказа) КАК СостояниеЗаказа,
    |    РАЗНОСТЬДАТ(НАЧАЛОПЕРИОДА(Заказ.Дата, ДЕНЬ), НАЧАЛОПЕРИОДА(&ДатаКонтроля, ДЕНЬ), ДЕНЬ) КАК ПросроченоДней
    |ИЗ
    |    Документ.Заказ КАК Заказ
    |        ЛЕВОЕ СОЕДИНЕНИЕ Справочник.Контрагенты КАК Контрагенты
    |        ПО Заказ.Покупатель = Контрагенты.Ссылка
    |ГДЕ
    |    Заказ.Проведен = ИСТИНА
    |    И Заказ.СостояниеЗаказа = ЗНАЧЕНИЕ(Перечисление.СостоянияЗаказов.Открыт)
    |    И РАЗНОСТЬДАТ(НАЧАЛОПЕРИОДА(Заказ.Дата, ДЕНЬ), НАЧАЛОПЕРИОДА(&ДатаКонтроля, ДЕНЬ), ДЕНЬ) > 0"";

    Запрос.УстановитьПараметр(""ДатаКонтроля"", ДатаКонтроля);

    Результат = Запрос.Выполнить();

    МассивЗаказов = Новый Массив;
    Выборка = Результат.Выбрать();

    Пока Выборка.Следующий() Цикл
        ОбъектJSON = Новый Структура;
        ОбъектJSON.Вставить(""НомерЗаказа"",      Выборка.НомерЗаказа);
        ОбъектJSON.Вставить(""ДатаЗаказа"",       Формат(Выборка.ДатаЗаказа, ""ДФ=yyyy-MM-dd""));
        ОбъектJSON.Вставить(""Покупатель"",       Выборка.Покупатель);
        ОбъектJSON.Вставить(""Сумма"",            Выборка.Сумма);
        ОбъектJSON.Вставить(""ЭлектроннаяПочта"", Выборка.ЭлектроннаяПочта);
        ОбъектJSON.Вставить(""СостояниеЗаказа"",  Выборка.СостояниеЗаказа);
        ОбъектJSON.Вставить(""ПросроченоДней"",   Выборка.ПросроченоДней);
        МассивЗаказов.Добавить(ОбъектJSON);
    КонецЦикла;

    // Формирование имени файла с уникальным суффиксом
    ИмяФайла = КаталогВременныхФайлов() + ""ПросроченныеЗаказы_"" 
             + Формат(ТекущаяДатаСеанса(), ""ДФ=yyyyMMdd_HHmmss"") + "".json"";

    ЗаписьJSON = Новый ЗаписьJSON;
    ЗаписьJSON.ОткрытьФайл(ИмяФайла, ""UTF-8"", ПереносСтрокJSON.Авто, Символы.Таб);
    ЗаписьJSON.ЗаписатьМассив(МассивЗаказов);
    ЗаписьJSON.Закрыть();

    Возврат ИмяФайла;

КонецФункции"
"Написать функцию СформироватьОтчетПоОплатамПоОрганизациям(), которая формирует отчет на сервере ""ДокументыОплата"" с группировкой по организации(Организация)
Функция должна программно сформировать отчет ""ДокументыОплата"", вариант отчета ""Основной"".  
Организацию получить как поле Ссылка.Организация.
Настройки отчета: 
    Структура отчета: Группировка:
                           Ссылка.Организация: ТипГруппировки = Иерархия, ТипДополнения = БезДополнения. 
                                   ДетальныеЗаписи.
    Выбранные поля:   Ссылка.Организация, Поставщик, Дата, Сумма.                              
    Параметры вывода: ВыводитьПараметрыДанных = Не выводить,
	                  ВыводитьОтбор = Не выводить.   
Заголовок поля ""Ссылка.Организация"" установить как ""Организация"". 	                                                                  
Возвращаемое значение: ТабличныйДокумент.",{},task_112,server,high,task20_сложн_Куликова_v1 .epf,"Функция СформироватьОтчетПоОплатамПоОрганизациям() Экспорт
    // Создаем объект отчета
    ОтчетОбъект = Отчеты.ДокументыОплата.Создать();
    
    // Получаем основную схему компоновки данных
    СхемаКомпоновкиДанных = ОтчетОбъект.ПолучитьМакет(""ОсновнаяСхемаКомпоновкиДанных"");
    
    // Инициализируем компоновщик настроек и загружаем настройки варианта ""Основной""
    КомпоновщикНастроек = Новый КомпоновщикНастроекКомпоновкиДанных;
    КомпоновщикНастроек.Инициализировать(Новый ИсточникДоступныхНастроекКомпоновкиДанных(СхемаКомпоновкиДанных));
    
    // Загружаем настройки варианта ""Основной""
    Для Каждого Вариант Из СхемаКомпоновкиДанных.ВариантыНастроек Цикл
        Если Вариант.Имя = ""Основной"" Тогда
            КомпоновщикНастроек.ЗагрузитьНастройки(Вариант.Настройки);
            Прервать;
        КонецЕсли;
    КонецЦикла;
    
    Настройки = КомпоновщикНастроек.Настройки;
    
    // Очищаем существующую структуру и выбранные поля
    Настройки.Структура.Элементы.Очистить();
    Настройки.Выбор.Элементы.Очистить();
    
    // Создаем группировку по организации с иерархией
    ГруппировкаОрганизация = Настройки.Структура.Добавить(Тип(""ГруппировкаКомпоновкиДанных""));
    ГруппировкаОрганизация.Использование = Истина;
    ГруппировкаОрганизация.Имя = ""Организация"";
    ГруппировкаОрганизация.Заголовок = ""Организация"";
    
    ПолеГруппировки = ГруппировкаОрганизация.ПоляГруппировки.Элементы.Добавить(Тип(""ПолеГруппировкиКомпоновкиДанных""));
    ПолеГруппировки.Поле = Новый ПолеКомпоновкиДанных(""Ссылка.Организация"");
    ПолеГруппировки.ТипГруппировки = ТипГруппировкиКомпоновкиДанных.Иерархия;
    ПолеГруппировки.ТипДополнения = ТипДополненияПериодаКомпоновкиДанных.БезДополнения;
    
    // Добавляем детальные записи внутрь группировки
    ДетальныеЗаписи = ГруппировкаОрганизация.Выбор.Элементы.Добавить(Тип(""ВыборКомпоновкиДанных""));
    ДетальныеЗаписи.Использование = Истина;
    
    // Добавляем выбранные поля
    МассивПолей = Новый Массив;
    МассивПолей.Добавить(""Ссылка.Организация"");
    МассивПолей.Добавить(""Поставщик"");
    МассивПолей.Добавить(""Дата"");
    МассивПолей.Добавить(""Сумма"");
    
    Для Каждого ИмяПоля Из МассивПолей Цикл
        ВыбранноеПоле = Настройки.Выбор.Элементы.Добавить(Тип(""ВыбранноеПолеКомпоновкиДанных""));
        ВыбранноеПоле.Поле = Новый ПолеКомпоновкиДанных(ИмяПоля);
        ВыбранноеПоле.Использование = Истина;
    КонецЦикла;
    
    // Устанавливаем заголовок для поля ""Ссылка.Организация""
    Для Каждого Элемент Из Настройки.Выбор.Элементы Цикл
        Если Элемент.Поле.ПутьКДанным = ""Ссылка.Организация"" Тогда
            Элемент.Заголовок = ""Организация"";
            Прервать;
        КонецЕсли;
    КонецЦикла;
    
    // Параметры вывода
    Настройки.ПараметрыВывода.ВыводитьПараметрыДанных = Ложь;
    Настройки.ПараметрыВывода.ВыводитьОтбор = Ложь;
    
    // Компоновка макета
    КомпоновщикМакета = Новый КомпоновщикМакетаКомпоновкиДанных;
    МакетКомпоновки = КомпоновщикМакета.Выполнить(СхемаКомпоновкиДанных, Настройки, , , Тип(""ГенераторМакетаКомпоновкиДанныхДляКоллекцииЗначений""));
    
    // Процессор компоновки
    ПроцессорКомпоновкиДанных = Новый ПроцессорКомпоновкиДанных;
    ПроцессорКомпоновкиДанных.Инициализировать(МакетКомпоновки);
    
    // Процессор вывода в табличный документ
    ПроцессорВывода = Новый ПроцессорВыводаРезультатаКомпоновкиДанныхВТабличныйДокумент;
    ПроцессорВывода.УстановитьДокумент(Новый ТабличныйДокумент);
    ПроцессорВывода.Вывести(ПроцессорКомпоновкиДанных);
    
    Возврат ПроцессорВывода.Документ;
КонецФункции"
"Написать функцию СформироватьАнализЗадолженностиПоставщикам(ДатаНач, ДатаКон),
которая формирует аналитический отчет по задолженности предприятия перед поставщиками с учетом валюты Рубли.  
Функция принимает два параметра:

ДатаНач  дата начала периода анализа;
ДатаКон  дата окончания периода анализа. 

Если параметры не заданы:
ДатаНач = начало дня 30 дней назад
ДатаКон = конец текущего дня  

Проверка параметров перед выполнением расчета:

Проверяем ДатаНач если значение  Неопределено то используется значение по умолчанию;
если же ДатаКон < ДатаНач то генерируется исключение;

Для определения суммы поставок используется документ Документ.ПриходТовара выполняет расчёт в рублях с учётом мультивалютности
из табличной части выбираются поля Поставщик, Сумма     

СуммаПоставок это общая сумма приходов товаров от поставщика за период (ДатаНач, ДатаКон).
Рассчитывается как сумма по табличной части Товары документа ПриходТовара.
Если документ оформлен в валюте, отличной от рублей, сумма пересчитывается в рубли по курсу валюты из регистра сведений КурсыВалют

Оплачено — общая сумма оплат поставщику.
Рассчитывается как сумма движений по регистру накопления Взаиморасчеты по данному поставщику. 

Долг = СуммаПоставок − Оплачено.
В результат включаются только поставщики с положительной задолженностью (Долг > 0).

Возвращаемое значение
Функция возвращает объект типа ТаблицаЗначений со следующими колонками:
Поставщик    
Наименование  
СуммаПоставок
Оплачено 
Долг
Результат сортируется по убыванию суммы долга","{""Documents"": [{""id"": ""ПриходТовара"", ""name"": ""Приход товара"", ""Attributes"": [{""id"": ""Поставщик"", ""name"": ""Поставщик"", ""types"": [{""type"": ""Ref"", ""id"": ""Справочник.Контрагенты""}]}, {""id"": ""Склад"", ""name"": ""Склад"", ""types"": [{""type"": ""Ref"", ""id"": ""Справочник.Склады""}]}, {""id"": ""Валюта"", ""name"": ""Валюта взаиморасчетов"", ""types"": [{""type"": ""Ref"", ""id"": ""Справочник.Валюты""}]}, {""id"": ""Организация"", ""name"": ""Организация"", ""types"": [{""type"": ""Ref"", ""id"": ""Справочник.Организации""}]}], ""TabularSections"": [{""id"": ""Товары"", ""name"": ""Товары"", ""Attributes"": [{""id"": ""Товар"", ""name"": ""Товар"", ""types"": [{""type"": ""Ref"", ""id"": ""Справочник.Товары""}]}, {""id"": ""Цена"", ""name"": ""Цена"", ""types"": [{""type"": ""Number"", ""NumberQualifiers"": ""10.2""}]}, {""id"": ""Количество"", ""name"": ""Количество"", ""types"": [{""type"": ""Number"", ""NumberQualifiers"": ""10.2""}]}, {""id"": ""Сумма"", ""name"": ""Сумма"", ""types"": [{""type"": ""Number"", ""NumberQualifiers"": ""10.2""}]}]}]}], ""AccumulationRegisters"": [{""id"": ""Взаиморасчеты"", ""name"": ""Взаиморасчеты"", ""RegisterType"": ""Balance"", ""Dimensions"": [{""id"": ""Контрагент"", ""name"": ""Контрагент"", ""types"": [{""type"": ""Ref"", ""id"": ""Справочник.Контрагенты""}]}, {""id"": ""Валюта"", ""name"": ""Валюта"", ""types"": [{""type"": ""Ref"", ""id"": ""Справочник.Валюты""}]}], ""Resources"": [{""id"": ""Сумма"", ""name"": ""Сумма"", ""types"": [{""type"": ""Number"", ""NumberQualifiers"": ""10.2""}]}]}], ""InformationRegisters"": [{""id"": ""КурсыВалют"", ""name"": ""Курсы валют"", ""InformationRegisterPeriodicity"": ""Day"", ""WriteMode"": ""Independent"", ""Dimensions"": [{""id"": ""Валюта"", ""name"": ""Валюта"", ""types"": [{""type"": ""Ref"", ""id"": ""Справочник.Валюты""}]}], ""Resources"": [{""id"": ""Курс"", ""name"": ""Курс"", ""types"": [{""type"": ""Number"", ""NumberQualifiers"": ""10.2""}]}]}], ""Catalogs"": [{""id"": ""Валюты"", ""name"": ""Валюты"", ""Attributes"": [{""id"": ""НаименованиеОсновнойВалюты"", ""name"": ""Наименование основной валюты"", ""types"": [{""type"": ""String"", ""StringQualifiers"": ""0""}]}, {""id"": ""НаименованиеРазменнойВалюты"", ""name"": ""Наименование разменной валюты"", ""types"": [{""type"": ""String"", ""StringQualifiers"": ""0""}]}]}]}",task_113,server,high,task21_СложнаяСформироватьЗадолженностьПередПоставщиками_v4_.epf,"Функция СформироватьАнализЗадолженностиПоставщикам(ДатаНач = Неопределено, ДатаКон = Неопределено) Экспорт

    // Обработка параметров по умолчанию
    Если ДатаНач = Неопределено Тогда
        ДатаНач = НачалоДня(ТекущаяДата() - 30 * 86400); // 30 дней назад
    КонецЕсли;
    Если ДатаКон = Неопределено Тогда
        ДатаКон = КонецДня(ТекущаяДата());
    КонецЕсли;

    // Проверка корректности периода
    Если ДатаКон < ДатаНач Тогда
        ВызватьИсключение ""Дата окончания периода не может быть меньше даты начала"";
    КонецЕсли;

    Запрос = Новый Запрос;
    Запрос.УстановитьПараметр(""ДатаНач"", ДатаНач);
    Запрос.УстановитьПараметр(""ДатаКон"", ДатаКон);

    Запрос.Текст = 
    ""ВЫБРАТЬ
    |    ПриходТовара.Поставщик,
    |    ПриходТовара.Валюта,
    |    Товары.Сумма,
    |    ПриходТовара.Дата КАК ДатаДок
    |ПОМЕСТИТЬ ВТ_ПоставкиСырые
    |ИЗ
    |    Документ.ПриходТовара КАК ПриходТовара
    |    ВНУТРЕННЕЕ СОЕДИНЕНИЕ Документ.ПриходТовара.Товары КАК Товары
    |    ПО ПриходТовара.Ссылка = Товары.Ссылка
    |ГДЕ
    |    ПриходТовара.Дата МЕЖДУ &ДатаНач И &ДатаКон
    |
    |ИНДЕКСИРОВАТЬ ПО
    |    Поставщик, Валюта, ДатаДок
    |;
    |
    |ВЫБРАТЬ
    |    ВТ_ПоставкиСырые.Поставщик,
    |    СУММА(ВТ_ПоставкиСырые.Сумма * ЕСТЬNULL(КурсыВалют.Курс, 1)) КАК СуммаПоставок
    |ПОМЕСТИТЬ ВТ_ПоставкиРуб
    |ИЗ
    |    ВТ_ПоставкиСырые КАК ВТ_ПоставкиСырые
    |    ЛЕВОЕ СОЕДИНЕНИЕ РегистрСведений.КурсыВалют КАК КурсыВалют
    |    ПО КурсыВалют.Валюта = ВТ_ПоставкиСырые.Валюта
    |    И КурсыВалют.Период = (ВЫБРАТЬ МАКСИМУМ(Период) ИЗ РегистрСведений.КурсыВалют КАК Подзапрос
    |                           ГДЕ Подзапрос.Валюта = ВТ_ПоставкиСырые.Валюта
    |                             И Подзапрос.Период <= ВТ_ПоставкиСырые.ДатаДок)
    |СГРУППИРОВАТЬ ПО
    |    ВТ_ПоставкиСырые.Поставщик
    |;
    |
    |ВЫБРАТЬ
    |    Взаиморасчеты.Контрагент КАК Поставщик,
    |    Взаиморасчеты.Валюта,
    |    Взаиморасчеты.Сумма,
    |    Взаиморасчеты.Регистратор.Дата КАК ДатаОперации
    |ПОМЕСТИТЬ ВТ_ОплатыСырые
    |ИЗ
    |    РегистрНакопления.Взаиморасчеты КАК Взаиморасчеты
    |ГДЕ
    |    Взаиморасчеты.Период МЕЖДУ &ДатаНач И &ДатаКон
    |    И Взаиморасчеты.ВидДвижения = ЗНАЧЕНИЕ(ВидДвиженияНакопления.Расход)
    |
    |ИНДЕКСИРОВАТЬ ПО
    |    Поставщик, Валюта, ДатаОперации
    |;
    |
    |ВЫБРАТЬ
    |    ВТ_ОплатыСырые.Поставщик,
    |    СУММА(ВТ_ОплатыСырые.Сумма * ЕСТЬNULL(КурсыВалют.Курс, 1)) КАК Оплачено
    |ПОМЕСТИТЬ ВТ_ОплатыРуб
    |ИЗ
    |    ВТ_ОплатыСырые КАК ВТ_ОплатыСырые
    |    ЛЕВОЕ СОЕДИНЕНИЕ РегистрСведений.КурсыВалют КАК КурсыВалют
    |    ПО КурсыВалют.Валюта = ВТ_ОплатыСырые.Валюта
    |    И КурсыВалют.Период = (ВЫБРАТЬ МАКСИМУМ(Период) ИЗ РегистрСведений.КурсыВалют КАК Подзапрос
    |                           ГДЕ Подзапрос.Валюта = ВТ_ОплатыСырые.Валюта
    |                             И Подзапрос.Период <= ВТ_ОплатыСырые.ДатаОперации)
    |СГРУППИРОВАТЬ ПО
    |    ВТ_ОплатыСырые.Поставщик
    |;
    |
    |ВЫБРАТЬ
    |    ЕСТЬNULL(Поставки.Поставщик, Оплаты.Поставщик) КАК Поставщик,
    |    ЕСТЬNULL(Поставки."
"Написать функцию СформироватьОтчетПоОплатамНаОсновныеСчета(), которая формирует отчет на сервере ""ДокументыОплата"" по документам оплаты, для которых РасчетныйСчет является основным для организации.
Функция должна программно сформировать отчет ""ДокументыОплата"", вариант отчета ""Основной"". 
 
Настройки отчета: 
    Выбранные поля:   Ссылка.Организация, РасчетныйСчет.Номер, РасчетныйСчет.Банк, Поставщик, Дата, Сумма.                              
    Параметры вывода: ВыводитьПараметрыДанных = Не выводить,
	                  ВыводитьОтбор = Не выводить.
	                  Отбор: РасчетныйСчет.Наименование Подобно ""Основной""   
Заголовок поля ""Ссылка.Организация"" установить как ""Организация"". 
Заголовок поля ""РасчетныйСчет.Номер"" установить как ""Номер счета"".	
Заголовок поля ""РасчетныйСчет.Банк"" установить как ""Банк"".  
                                                                
Возвращаемое значение: ТабличныйДокумент.","{""Documents"": [{""id"": ""Оплата"", ""name"": ""Оплата"", ""Attributes"": [{""id"": ""Поставщик"", ""name"": ""Поставщик"", ""types"": [{""type"": ""Ref"", ""id"": ""Справочник.Контрагенты""}]}, {""id"": ""РасчетныйСчетПоставщика"", ""name"": ""Расчетный счет поставщика"", ""types"": [{""type"": ""Ref"", ""id"": ""Справочник.РасчетныеСчетаКонтрагентов""}]}, {""id"": ""РасчетныйСчет"", ""name"": ""Расчетный счет"", ""types"": [{""type"": ""Ref"", ""id"": ""Справочник.РасчетныеСчета""}]}, {""id"": ""Валюта"", ""name"": ""Валюта"", ""types"": [{""type"": ""Ref"", ""id"": ""Справочник.Валюты""}]}, {""id"": ""Сумма"", ""name"": ""Сумма"", ""types"": [{""type"": ""Number"", ""NumberQualifiers"": ""10.2""}]}, {""id"": ""Организация"", ""name"": ""Организация"", ""types"": [{""type"": ""Ref"", ""id"": ""Справочник.Организации""}]}]}], ""Catalogs"": [{""id"": ""Банки"", ""name"": ""Банки"", ""Attributes"": []}, {""id"": ""Организации"", ""name"": ""Организации"", ""Attributes"": [{""id"": ""ВалютныйУчет"", ""name"": ""Валютный учет"", ""types"": [{""type"": ""Boolean""}]}]}, {""id"": ""РасчетныеСчета"", ""name"": ""Расчетные счета"", ""Attributes"": [{""id"": ""Номер"", ""name"": ""Номер"", ""types"": [{""type"": ""String"", ""StringQualifiers"": ""20""}]}, {""id"": ""Банк"", ""name"": ""Банк"", ""types"": [{""type"": ""Ref"", ""id"": ""Справочник.Банки""}]}]}]}",task_114,server,high,task21_сложн_Куликова_v1.epf,"Функция СформироватьОтчетПоОплатамНаОсновныеСчета()

    // Создаем схему компоновки данных
    Схема = Новый СхемаКомпоновкиДанных;
    
    // Добавляем источник данных – запрос
    Источник = Схема.ИсточникиДанных.Добавить(Тип(""Источник"
"Написать функцию СформироватьОтчетПоОплатамЗаПериод(ДатаНачала, ДатаОкончания), которая формирует отчет на сервере ""ДокументыОплата"" по документам оплаты за заданный период.
Функция должна программно сформировать отчет ""ДокументыОплата"", вариант отчета ""Основной"". 
 
Настройки отчета: 
    Выбранные поля:   Поставщик, Дата, Сумма.                              
    Параметры вывода: ВыводитьПараметрыДанных = Не выводить,
	                  ВыводитьОтбор = Не выводить.  
    Отбор: Дата <= ДатаОкончания, Дата >= ДатаНачала
                                                                
Возвращаемое значение: ТабличныйДокумент.",{},task_115,server,high,task22_сложн_Куликова_v1.epf,"&НаСервере
Функция СформироватьОтчетПоОплатамЗаПериод(ДатаНачала, ДатаОкончания)
    // Создаем объект отчета
    ОтчетОбъект = Отчеты.ДокументыОплата.Создать();
    
    // Получаем основную схему компоновки данных
    СхемаКД = ОтчетОбъект.ПолучитьМакет(""ОсновнаяСхемаКомпоновкиДанных"");
    
    // Загружаем настройки варианта ""Основной""
    Настройки = Неопределено;
    Для Каждого Вариант Из СхемаКД.ВариантыНастроек Цикл
        Если Вариант.Имя = ""Основной"" Тогда
            Настройки = Вариант.Настройки;
            Прервать;
        КонецЕсли;
    КонецЦикла;
    Если Настройки = Неопределено Тогда
        Настройки = СхемаКД.НастройкиПоУмолчанию;
    КонецЕсли;
    
    // Очищаем и задаем нужные поля: Поставщик, Дата, Сумма
    ВыбранныеПоля = Настройки.Выбор.Элементы;
    ВыбранныеПоля.Очистить();
    
    Поле = ВыбранныеПоля.Добавить(Тип(""ВыбранноеПолеКомпоновкиДанных""));
    Поле.Поле = Новый ПолеКомпоновкиДанных(""Поставщик"");
    
    Поле = ВыбранныеПоля.Добавить(Тип(""ВыбранноеПолеКомпоновкиДанных""));
    Поле.Поле = Новый ПолеКомпоновкиДанных(""Дата"");
    
    Поле = ВыбранныеПоля.Добавить(Тип(""ВыбранноеПолеКомпоновкиДанных""));
    Поле.Поле = Новый ПолеКомпоновкиДанных(""Сумма"");
    
    // Настройка отбора: Дата >= ДатаНачала И Дата <= ДатаОкончания
    Отбор = Настройки.Отбор;
    Отбор.Элементы.Очистить();
    
    ЭлементОтбора = Отбор.Элементы.Добавить(Тип(""ЭлементОтбораКомпоновкиДанных""));
    ЭлементОтбора.ЛевоеЗначение = Новый ПолеКомпоновкиДанных(""Дата"");
    ЭлементОтбора.ВидСравнения = ВидСравненияКомпоновкиДанных.БольшеИлиРавно;
    ЭлементОтбора.ПравоеЗначение = ДатаНачала;
    
    ЭлементОтбора = Отбор.Элементы.Добавить(Тип(""ЭлементОтбораКомпоновкиДанных""));
    ЭлементОтбора.ЛевоеЗначение = Новый ПолеКомпоновкиДанных(""Дата"");
    ЭлементОтбора.ВидСравнения = ВидСравненияКомпоновкиДанных.МеньшеИлиРавно;
    ЭлементОтбора.ПравоеЗначение = ДатаОкончания;
    
    // Параметры вывода: не выводить параметры данных и отбор
    Настройки.ПараметрыВывода.ВыводитьПараметрыДанных = Ложь;
    Настройки.ПараметрыВывода.ВыводитьОтбор = Ложь;
    
    // Формируем отчет и возвращаем табличный документ
    ТабличныйДокумент = Новый ТабличныйДокумент;
    ОтчетОбъект.СкомпоноватьРезультат(ТабличныйДокумент, Неопределено, Истина, Настройки);
    
    Возврат ТабличныйДокумент;
КонецФункции"
"Создай функцию: СформироватьТоп10ПродаваемыхТоваров(ДатаНач = Неопределено, ДатаКон = Неопределено) 
Функция формирует ТОП-10 самых продаваемых товаров за указанный период по количеству проданных единиц.
Используется для анализа ассортимента, выявления лидеров продаж и принятия решений по закупкам и маркетингу.


Параметры
ДатаНач (Дата) — дата начала периода анализа.
Если не указана, по умолчанию берётся 30 дней назад от текущей даты.
ДатаКон (Дата) — дата окончания периода анализа.
Если не указана, по умолчанию устанавливается конец текущего дня.


Если ДатаКон < ДатаНач, функция вызывает исключение.

Собираются данные о продажах из регистра РегистрНакопления.Продажи
Для каждого товара рассчитывается
- Общее количество проданных единиц (КоличествоПродаж)
- Общая сумма продаж (СуммаПродаж)
- Результат сортируется по убыванию количества продаж.
- Оставляются только первые 10 товаров

Функция возвращает объект типа ТаблицаЗначений со следующими колонками
- Товар
- КоличествоПродаж это количество проданных единиц товара за период
- СуммаПродаж  общая сумма продаж товара за период  
Результат отсортирован по убыванию количества продаж ТабДок.Сортировать(""КоличествоПродаж Убыв"");

По умолчанию анализирует продажи за последние 30 дней
Исключает строки с пустым товаром (Неопределено).
После сортировки оставляет строго 10 строк
Если товаров меньше 10 — возвращает все доступные","{""AccumulationRegisters"": [{""id"": ""Продажи"", ""name"": ""Продажи"", ""RegisterType"": ""Turnovers"", ""Dimensions"": [{""id"": ""Покупатель"", ""name"": ""Покупатель"", ""types"": [{""type"": ""Ref"", ""id"": ""Справочник.Контрагенты""}]}, {""id"": ""Товар"", ""name"": ""Товар"", ""types"": [{""type"": ""Ref"", ""id"": ""Справочник.Товары""}]}], ""Resources"": [{""id"": ""Количество"", ""name"": ""Количество"", ""types"": [{""type"": ""Number"", ""NumberQualifiers"": ""10.2""}]}, {""id"": ""Сумма"", ""name"": ""Сумма"", ""types"": [{""type"": ""Number"", ""NumberQualifiers"": ""10.2""}]}]}], ""Catalogs"": [{""id"": ""Товары"", ""name"": ""Товары"", ""Attributes"": [{""id"": ""Артикул"", ""name"": ""Артикул"", ""types"": [{""type"": ""String"", ""StringQualifiers"": ""15""}]}, {""id"": ""Поставщик"", ""name"": ""Поставщик"", ""types"": [{""type"": ""Ref"", ""id"": ""Справочник.Контрагенты""}]}, {""id"": ""ФайлКартинки"", ""name"": ""Картинка"", ""types"": [{""type"": ""Ref"", ""id"": ""Справочник.ХранимыеФайлы""}]}, {""id"": ""Вид"", ""name"": ""Вид"", ""types"": []}, {""id"": ""Штрихкод"", ""name"": ""Штрихкод"", ""types"": [{""type"": ""String"", ""StringQualifiers"": ""20""}]}, {""id"": ""Описание"", ""name"": ""Описание"", ""types"": [{""type"": ""String"", ""StringQualifiers"": ""0""}]}]}]}",task_116,server,,task23_СрВывестиТоп10ПродажТоваров_v2.epf,"Функция СформироватьТоп10ПродаваемыхТоваров(ДатаНач = Неопределено, ДатаКон = Неопределено) Экспорт
    // Обработка дат начала и окончания периода
    Если ДатаНач = Неопределено Тогда
        ДатаНач = НачалоДня(ТекущаяДата()) - 30 * 86400; // 30 дней назад от текущей даты
    Иначе
        ДатаНач = НачалоДня(ДатаНач);
    КонецЕсли;
    
    Если ДатаКон = Неопределено Тогда
        ДатаКон = КонецДня(ТекущаяДата());
    Иначе
        ДатаКон = КонецДня(ДатаКон);
    КонецЕсли;
    
    // Проверка корректности периода
    Если ДатаКон < ДатаНач Тогда
        ВызватьИсключение ""Дата окончания периода не может быть меньше даты начала"";
    КонецЕсли;
    
    // Построение запроса с получением первых 10 записей по количеству продаж
    Запрос = Новый Запрос;
    Запрос.Текст = 
    ""ВЫБРАТЬ ПЕРВЫЕ 10
    |    ПродажиОбороты.Товар КАК Товар,
    |    СУММА(ПродажиОбороты.Количество) КАК КоличествоПродаж,
    |    СУММА(ПродажиОбороты.Сумма) КАК СуммаПродаж
    |ИЗ
    |    РегистрНакопления.Продажи.Обороты(&НачПериода, &КонПериода, ) КАК ПродажиОбороты
    |ГДЕ
    |    ПродажиОбороты.Товар <> ЗНАЧЕНИЕ(Справочник.Товары.ПустаяСсылка)
    |СГРУППИРОВАТЬ ПО
    |    ПродажиОбороты.Товар
    |УПОРЯДОЧИТЬ ПО
    |    КоличествоПродаж УБЫВ"";
    
    Запрос.УстановитьПараметр(""НачПериода"", ДатаНач);
    Запрос.УстановитьПараметр(""КонПериода"", ДатаКон);
    
    // Выполнение запроса
    РезультатЗапроса = Запрос.Выполнить();
    
    // Формирование таблицы значений для результата
    ТЗ = Новый ТаблицаЗначений;
    ТЗ.Колонки.Добавить(""Товар"", Новый ОписаниеТипов(""СправочникСсылка.Товары""));
    ТЗ.Колонки.Добавить(""КоличествоПродаж"", Новый ОписаниеТипов(""Число"", Новый КвалификаторыЧисла(10, 2)));
    ТЗ.Колонки.Добавить(""СуммаПродаж"", Новый ОписаниеТипов(""Число"", Новый КвалификаторыЧисла(10, 2)));
    
    // Заполнение результата (не более 10 строк уже гарантировано запросом)
    Выборка = РезультатЗапроса.Выбрать();
    Пока Выборка.Следующий() Цикл
        НоваяСтрока = ТЗ.Добавить();
        НоваяСтрока.Товар = Выборка.Товар;
        НоваяСтрока.КоличествоПродаж = Выборка.КоличествоПродаж;
        НоваяСтрока.СуммаПродаж = Выборка.СуммаПродаж;
    КонецЦикла;
    
    Возврат ТЗ;
КонецФункции"
"Написать функцию СформироватьОтчетЖелаемыйУровеньПродаж(ДатаНачала, ДатаОкончания, УровеньПродаж), которая формирует отчет на сервере ""ДинамикаПродаж"" на заданный период и раскрашивает строки, 
для которых сумма продаж больше или равна заданного уровня продаж.
Подменить стандартную структуру отчета(диаграмма) на группировку по полю ""Период"".

Функция должна программно сформировать отчет ""ДинамикаПродаж"", вариант отчета ""СуммаИКоличество"". 
Настройки отчета:   
    Структура отчета: Группировка
	                     ""Период"" ТипГруппировки = Элементы, ТипДополнения = БезДополнения.
	    Параметры отчета: Период 
	    Значения параметов: Период.ДатаНачала = ДатаНачала, Период.ДатаОкончания = ДатаОкончания.
	Параметры вывода: ВыводитьПараметрыДанных = Не выводить,
	                  ВыводитьОтбор = Не выводить. 
	УсловноеОформление: 
       Оформление: ЦветТекста = Цвет(0, 150, 70);
       Условие: СуммаОборот >= УровеньПродаж
	   ОформляемыеПоля: Период
	   ИспользоватьВЗаголовкеПолей = НеИспользовать;             
Параметры функции:  
ДатаНачала (тип: Дата) - начало периода.
ДатаОкончания (тип: Дата) - окончание периода.
УровеньПродаж (тип: Число) - желаемый уровень продаж.

Возвращаемое значение: ТабличныйДокумент.",{},task_117,server,high,task23_сложн_Куликова_v1.epf,"Функция СформироватьОтчетЖелаемыйУровеньПродаж(ДатаНачала, ДатаОкончания, УровеньПродаж) Экспорт

    // Получаем схему компоновки данных отчета ""ДинамикаПродаж""
    Схема = Отчеты.ДинамикаПродаж.СхемаКомпоновкиДанных;

    // Создаем настройки на основе варианта ""СуммаИКоличество""
    Настройки = Новый НастройкиКомпоновкиДанных;
    Настройки.Загрузить(Схема.ВариантыНастроек.СуммаИКоличество.Настройки);

    // Очищаем текущую структуру (диаграмму и прочее)
    Настройки.Структура.Очистить();

    // Добавляем группировку по полю ""Период""
    Группировка = Настройки.Структура.Добавить(Тип(""ГруппировкаКомпоновкиДанных""));
    Группировка.Использование = Истина;
    Группировка.Поле = Новый ПолеКомпоновкиДанных(""Период"");
    Группировка.ТипГруппировки = ТипГруппировкиКомпоновкиДанных.Элементы;
    Группировка.ТипДополнения = ТипДополненияПериодаКомпоновкиДанных.БезДополнения;

    // Устанавливаем параметры периода
    ЗначениеПериода = Новый СтандартныйПериод;
    ЗначениеПериода.ДатаНачала = ДатаНачала;
    ЗначениеПериода.ДатаОкончания = ДатаОкончания;
    Настройки.ПараметрыДанных.УстановитьЗначениеПараметра(""Период"", ЗначениеПериода);

    // Настройки вывода
    Настройки.ПараметрыВывода.ВыводитьПараметрыДанных = Ложь;
    Настройки.ПараметрыВывода.ВыводитьОтбор = Ложь;

    // Очищаем существующее условное оформление
    Настройки.УсловноеОформление.Элементы.Очистить();

    // Добавляем новый элемент условного оформления
    ЭлементУО = Настройки.УсловноеОформление.Элементы.Добавить();
    ЭлементУО.Использование = Истина;
    ЭлементУО.Оформление.УстановитьЗначениеПараметра(""ЦветТекста"", Новый Цвет(0, 150, 70));
    ЭлементУО.Отбор.Добавить(Новый ЭлементОтбораКомпоновкиДанных(""СуммаОборот"", ВидСравненияКомпоновкиДанных.БольшеИлиРавно, УровеньПродаж));
    ЭлементУО.ОформляемыеПоля.Добавить(Новый ПолеКомпоновкиДанных(""Период""));
    ЭлементУО.ИспользоватьВЗаголовкеПолей = Ложь;

    // Компонуем макет и выводим в табличный документ
    КомпоновщикМакета = Новый КомпоновщикМакетаКомпоновкиДанных;
    МакетКомпоновки = КомпоновщикМакета.Выполнить(Схема, Настройки);

    ПроцессорКомпоновки = Новый ПроцессорКомпоновкиДанных;
    ПроцессорКомпоновки.Инициализировать(МакетКомпоновки);

    ТабДок = Новый ТабличныйДокумент;
    ПроцессорВывода = Новый ПроцессорВыводаРезультатаКомпоновкиДанныхВТабличныйДокумент;
    ПроцессорВывода.УстановитьДокумент(ТабДок);
    ПроцессорВывода.Вывести(ПроцессорКомпоновки);

    Возврат ТабДок;

КонецФункции"
"Написать функцию СформироватьОтчетПродажиСуммированиеТолькоТоваров(ДатаНачала, ДатаОкончания), которая формирует отчет на сервере ""ДинамикаПродаж"" 
с суммированием ресурса СуммаОборот по группировке Покупатель только для товаров, для которых реквизит Вид = Услуга. 
Функция должна программно сформировать отчет ""ДинамикаПродаж"", вариант отчета ""ПродажиТоваровПоПокупателям"". 
Настройки отчета:
    Структура: Покупатель: ТипГруппировки = Элементы, ТипДополнения = БезДополнения.
                 Товар: ТипГруппировки = Элементы, ТипДополнения = БезДополнения.  
    ПоляИтога:  СуммаОборот
         Поле: СуммаОборот
         Выражение: СУММА(ВычислитьВыражениеСГруппировкойМассив(""СУММА(СуммаОборот)"", ""Товар"", ""Не Товар.Вид = ЗНАЧЕНИЕ(Перечисление.ВидыТоваров.Услуга)""))
         ПоляГруппировки: Покупатель
                          ОбщийИтог
                          
         Поле: СуммаОборот
         Выражение: СУММА(СуммаОборот)
         ПоляГруппировки: Товар
                                           
    Параметры отчета: Период 
	    Значения параметов: Период.ДатаНачала = ДатаНачала, Период.ДатаОкончания = ДатаОкончания.
	Параметры вывода: ВыводитьПараметрыДанных = Не выводить,
	                  ВыводитьОтбор = Не выводить. 	                  
Параметры функции:  
ДатаНачала (тип: Дата) - начало периода.
ДатаОкончания (тип: Дата) - окончание периода.

Возвращаемое значение: ТабличныйДокумент.","{""AccumulationRegisters"": [{""id"": ""Продажи"", ""name"": ""Продажи"", ""RegisterType"": ""Turnovers"", ""Dimensions"": [{""id"": ""Покупатель"", ""name"": ""Покупатель"", ""types"": [{""type"": ""Ref"", ""id"": ""Справочник.Контрагенты""}]}, {""id"": ""Товар"", ""name"": ""Товар"", ""types"": [{""type"": ""Ref"", ""id"": ""Справочник.Товары""}]}], ""Resources"": [{""id"": ""Количество"", ""name"": ""Количество"", ""types"": [{""type"": ""Number"", ""NumberQualifiers"": ""10.2""}]}, {""id"": ""Сумма"", ""name"": ""Сумма"", ""types"": [{""type"": ""Number"", ""NumberQualifiers"": ""10.2""}]}]}], ""Catalogs"": [{""id"": ""Контрагенты"", ""name"": ""Контрагенты"", ""Attributes"": [{""id"": ""Регион"", ""name"": ""Регион"", ""types"": [{""type"": ""Ref"", ""id"": ""Справочник.Регионы""}]}, {""id"": ""Индекс"", ""name"": ""Индекс"", ""types"": [{""type"": ""String"", ""StringQualifiers"": ""10""}]}, {""id"": ""Страна"", ""name"": ""Страна"", ""types"": [{""type"": ""String"", ""StringQualifiers"": ""0""}]}, {""id"": ""Город"", ""name"": ""Город"", ""types"": [{""type"": ""String"", ""StringQualifiers"": ""0""}]}, {""id"": ""Улица"", ""name"": ""Улица"", ""types"": [{""type"": ""String"", ""StringQualifiers"": ""0""}]}, {""id"": ""Дом"", ""name"": ""Дом"", ""types"": [{""type"": ""String"", ""StringQualifiers"": ""15""}]}, {""id"": ""Телефон"", ""name"": ""Телефон"", ""types"": [{""type"": ""String"", ""StringQualifiers"": ""16""}]}, {""id"": ""ЭлектроннаяПочта"", ""name"": ""Электронная почта"", ""types"": [{""type"": ""String"", ""StringQualifiers"": ""40""}]}, {""id"": ""Факс"", ""name"": ""Факс"", ""types"": [{""type"": ""String"", ""StringQualifiers"": ""16""}]}, {""id"": ""ВебСайт"", ""name"": ""Веб сайт"", ""types"": [{""type"": ""String"", ""StringQualifiers"": ""40""}]}, {""id"": ""ВидЦен"", ""name"": ""Вид цен"", ""types"": [{""type"": ""Ref"", ""id"": ""Справочник.ВидыЦен""}]}, {""id"": ""ДополнительнаяИнформация"", ""name"": ""Дополнительная информация"", ""types"": [{""type"": ""String"", ""StringQualifiers"": ""0""}]}, {""id"": ""КонтактноеЛицо"", ""name"": ""Контактное лицо"", ""types"": [{""type"": ""String"", ""StringQualifiers"": ""100""}]}, {""id"": ""Широта"", ""name"": ""Широта"", ""types"": [{""type"": ""Number"", ""NumberQualifiers"": ""10.6""}]}, {""id"": ""Долгота"", ""name"": ""Долгота"", ""types"": [{""type"": ""Number"", ""NumberQualifiers"": ""10.6""}]}]}, {""id"": ""Товары"", ""name"": ""Товары"", ""Attributes"": [{""id"": ""Артикул"", ""name"": ""Артикул"", ""types"": [{""type"": ""String"", ""StringQualifiers"": ""15""}]}, {""id"": ""Поставщик"", ""name"": ""Поставщик"", ""types"": [{""type"": ""Ref"", ""id"": ""Справочник.Контрагенты""}]}, {""id"": ""ФайлКартинки"", ""name"": ""Картинка"", ""types"": [{""type"": ""Ref"", ""id"": ""Справочник.ХранимыеФайлы""}]}, {""id"": ""Вид"", ""name"": ""Вид"", ""types"": []}, {""id"": ""Штрихкод"", ""name"": ""Штрихкод"", ""types"": [{""type"": ""String"", ""StringQualifiers"": ""20""}]}, {""id"": ""Описание"", ""name"": ""Описание"", ""types"": [{""type"": ""String"", ""StringQualifiers"": ""0""}]}]}]}",task_118,server,high,task24_сложн_Куликова_v1.epf,"Функция СформироватьОтчетПродажиСуммированиеТолькоТоваров(ДатаНачала, ДатаОкончания)

    ТабличныйДокумент = Новый ТабличныйДокумент;
    
    Попытка
        // Получаем отчет
        ОтчетОбъект = Отчеты.ДинамикаПродаж;
        
        // Получаем макет основной схемы компоновки данных
        МакетСКД = ОтчетОбъект.ПолучитьМакет(""ОсновнаяСхемаКомпоновкиДанных"");
        Если МакетСКД = Неопределено Тогда
            ВызватьИсключение ""Основная схема компоновки данных не найдена в отчете ДинамикаПродаж"";
        КонецЕсли;
        
        Схема = Новый СхемаКомпоновкиДанных;
        Схема.Загрузить(МакетСКД);
        
        // Ищем вариант отчета
        ВариантОтчета = Неопределено;
        Для Каждого Вариант Из Схема.ВариантыНастроек Цикл
            Если Вариант.Имя = ""ПродажиТоваровПоПокупателям"" Тогда
                ВариантОтчета = Вариант;
                Прервать;
            КонецЕсли;
        КонецЦикла;
        
        Если ВариантОтчета = Неопределено Тогда
            ВызватьИсключение ""Вариант отчета 'ПродажиТоваровПоПокупателям' не найден"";
        КонецЕсли;
        
        // Создаем компоновщик настроек и загружаем настройки варианта
        КомпоновщикНастроек = Новый КомпоновщикНастроекКомпоновкиДанных;
        КомпоновщикНастроек.Инициализировать(Новый ИсточникДоступныхНастроекКомпоновкиДанных(Схема));
        КомпоновщикНастроек.ЗагрузитьНастройки(ВариантОтчета.Настройки);
        
        Настройки = КомпоновщикНастроек.Настройки;
        
        // Очищаем структуру отчета
        Настройки.Структура.Строки.Очистить();
        
        // Добавляем группировку ""Покупатель""
        ГруппировкаПокупатель = Настройки.Структура.Строки.Добавить(Новый ГруппировкаКомпоновкиДанных);
        ГруппировкаПокупатель.ТипГруппировки = ТипГруппировкиКомпоновкиДанных.Элементы;
        ГруппировкаПокупатель.ИмяПоля = ""Покупатель"";
        ГруппировкаПокупатель.ТипДополнения = ТипДополненияЭлементаНастроекКомпоновкиДанных.БезДополнения;
        
        // Добавляем вложенную группировку ""Товар""
        ГруппировкаТовар = ГруппировкаПокупатель.Строки.Добавить(Новый ГруппировкаКомпоновкиДанных);
        ГруппировкаТовар.ТипГруппировки = ТипГруппировкиКомпоновкиДанных.Элементы;
        ГруппировкаТовар.ИмяПоля = ""Товар"";
        ГруппировкаТовар.ТипДополнения = ТипДополненияЭлементаНастроекКомпоновкиДанных.БезДополнения;
        
        // Очищаем ранее установленные поля итога
        Настройки.ПоляИтога.Элементы.Очистить();
        
        // Первое поле итога: сумма только услуг по покупателю
        ПолеИтогаПокупатель = Настройки.ПоляИтога.Элементы.Добавить(Новый ВыбранноеПолеКомпоновкиДанных);
        ПолеИтогаПокупатель.Поле = Новый ПолеКомпоновкиДанных(""СуммаОборот"");
        ПолеИтогаПокупатель.Выражение = 
            ""СУММА(ВычислитьВыражениеСГруппировкойМассив(""""СУММА(СуммаОборот)"""", """"Товар"""", """"Товар.Вид = ЗНАЧЕНИЕ(Перечисление.ВидыТоваров.Услуга)""""))"";
        ПолеИтогаПокупатель.РасположениеПоля.Место = РасположениеПоляКомпоновкиДанных.Подвал;
        ПолеИтогаПокупатель.РасположениеПоля.ГруппировкаПоля = ""Покупатель"";
        
        // Первое поле итога: сумма только услуг по общему итогу
        ПолеИтогаОбщий = Настройки.ПоляИтога.Элементы.Добавить(Новый ВыбранноеПолеКомпоновкиДанных);
        ПолеИтогаОбщий.Поле = Новый ПолеКомпоновкиДанных(""СуммаОборот"");
        ПолеИтогаОбщий.Выражение = ПолеИтогаПокупатель.Выражение;
        ПолеИтогаОбщий.РасположениеПоля.Место = РасположениеПоляКомпоновкиДанных.Подвал;
        ПолеИтогаОбщий.РасположениеПоля.ГруппировкаПоля = ""ОбщийИтог"";
        
        // Второе поле итога: сумма по товару
        ПолеИтогаТовар = Настройки.ПоляИтога.Элементы.Добавить(Новый ВыбранноеПолеКомпоновкиДанных);
        ПолеИтогаТовар.Поле = Новый ПолеКомпоновкиДанных(""СуммаОборот"");
        ПолеИтогаТовар.Выражение = ""СУММА(СуммаОборот)"";
        ПолеИтогаТовар.РасположениеПоля.Место = РасположениеПоляКомпоновкиДанных.Подвал;
        ПолеИтогаТовар.РасположениеПоля.ГруппировкаПоля = ""Товар"";
        
        // Установка параметра ""Период""
        ПараметрПериод = Настройки.ПараметрыДанных.Элементы.Найти(""Период"");
        Если ПараметрПериод = Неопределено Тогда
            ПараметрПериод = Настройки.ПараметрыДанных.Элементы.Добавить(Новый ПараметрДанныхКомпоновкиДанных);
            ПараметрПериод.Параметр = Новый ПараметрКомпоновкиДанных(""Период"");
        КонецЕсли;
        ПараметрПериод.Значение = Новый Структура(""ДатаНачала, ДатаОкончания"", ДатаНачала, ДатаОкончания);
        ПараметрПериод.Использование = Истина;
        
        // Настройка параметров вывода
        Настройки.ПараметрыВывода.ВыводитьПараметрыДанных = Ложь;
        Настройки.ПараметрыВывода.ВыводитьОтбор = Ложь;
        
        // Компоновка и вывод результата
        КомпоновщикМакета = Новый КомпоновщикМакетаКомпоновкиДанных;
        Макет = КомпоновщикМакета.Выполнить(Схема, Настройки, Новый ДанныеРасшифровкиКомпоновкиДанных);
        
        ПроцессорВывода = Новый ПроцессорВыводаРезультатаКомпоновкиДанныхВТабличныйДокумент;
        ПроцессорВывода.УстановитьДокумент(ТабличныйДокумент);
        ПроцессорВывода.Вывести(Макет);
        
    Исключение
        ТабличныйДокумент.Очистить();
        Сообщение = Новый СообщениеПользователю;
        Сообщение.Текст = ""Ошибка формирования отчета: "" + ОписаниеОшибки();
        Сообщение.Сообщить();
    КонецПопытки;
    
    Возврат ТабличныйДокумент;
КонецФункции"
"Написать функцию СформироватьОтчетПродажиТовараНаДень(ДатаНачала, ДатаОкончания), которая формирует отчет на сервере ""ДинамикаПродаж"" по продажам товара за день. 
Функция должна программно сформировать отчет ""ДинамикаПродаж"", вариант отчета ""СуммаИКоличество"". 
Настройки отчета: 
    Структура: Период: ТипГруппировки = Элементы, ТипДополнения = БезДополнения.
                 Товар: ТипГруппировки = Элементы, ТипДополнения = БезДополнения.  
    Параметры отчета: Период 
	    Значения параметов: Период.ДатаНачала = ДатаНачала, Период.ДатаОкончания = ДатаОкончания.
	Параметры вывода: ВыводитьПараметрыДанных = Не выводить,
	                  ВыводитьОтбор = Не выводить. 	                  
Параметры функции:  
ДатаНачала (тип: Дата) - начало периода.
ДатаОкончания (тип: Дата) - окончание периода.

Возвращаемое значение: ТабличныйДокумент.","{""Catalogs"": [{""id"": ""Товары"", ""name"": ""Товары"", ""Attributes"": [{""id"": ""Артикул"", ""name"": ""Артикул"", ""types"": [{""type"": ""String"", ""StringQualifiers"": ""15""}]}, {""id"": ""Поставщик"", ""name"": ""Поставщик"", ""types"": [{""type"": ""Ref"", ""id"": ""Справочник.Контрагенты""}]}, {""id"": ""ФайлКартинки"", ""name"": ""Картинка"", ""types"": [{""type"": ""Ref"", ""id"": ""Справочник.ХранимыеФайлы""}]}, {""id"": ""Вид"", ""name"": ""Вид"", ""types"": []}, {""id"": ""Штрихкод"", ""name"": ""Штрихкод"", ""types"": [{""type"": ""String"", ""StringQualifiers"": ""20""}]}, {""id"": ""Описание"", ""name"": ""Описание"", ""types"": [{""type"": ""String"", ""StringQualifiers"": ""0""}]}]}]}",task_119,server,high,task25_сложн_Куликова_v1.epf,"&НаСервере
Функция СформироватьОтчетПродажиТовараНаДень(ДатаНачала, ДатаОкончания)
    
    // Получаем объект отчета из метаданных
    Отчет = Отчеты.ДинамикаПродаж.Создать();
    
    // Извлекаем основную схему компоновки данных отчета
    СхемаКомпоновки = Отчет.ПолучитьМакет(""ОсновнаяСхемаКомпоновкиДанных"");
    
    // Инициализируем компоновщик настроек
    КомпоновщикНастроек = Новый КомпоновщикНастроекКомпоновкиДанных;
    КомпоновщикНастроек.Инициализировать(Новый ИсточникДоступныхНастроекКомпоновкиДанных(СхемаКомпоновки));
    
    // Загружаем настройки варианта отчета ""СуммаИКоличество""
    ВариантНастройки = КомпоновщикНастроек.Настройки.ВариантыНастроек.Найти(""СуммаИКоличество"");
    Если ВариантНастройки = Неопределено Тогда
        ВызватьИсключение ""Вариант отчета """"СуммаИКоличество"""" не найден"";
    КонецЕсли;
    КомпоновщикНастроек.ЗагрузитьНастройки(ВариантНастройки.Настройки);
    
    // Получаем корневую структуру настроек
    Настройки = КомпоновщикНастроек.Настройки;
    Структура = Настройки.Структура;
    
    // Вспомогательная функция для поиска группировки по имени в коллекции элементов
    Функция НайтиГруппировкуПоИмени(Имя, Коллекция)
        Для Каждого Элемент Из Коллекция Цикл
            Если ТипЗнч(Элемент) = Тип(""ГруппировкаКомпоновкиДанных"") 
               И Элемент.Имя = Имя Тогда
                Возврат Элемент;
            КонецЕсли;
        КонецЦикла;
        Возврат Неопределено;
    КонецФункции;
    
    // Ищем группировку ""Период"" на верхнем уровне
    ПериодГруппировка = НайтиГруппировкуПоИмени(""Период"", Структура);
    Если ПериодГруппировка = Неопределено Тогда
        ВызватьИсключение ""Группировка """"Период"""" не найдена в структуре отчета"";
    КонецЕсли;
    
    // Устанавливаем для периода тип ""Элементы"" и дополнение ""БезДополнения""
    ПериодГруппировка.ТипГруппировки = ТипГруппировкиКомпоновкиДанных.Элементы;
    Попытка
        ПериодГруппировка.Дополнение = ДополнениеПериодаКомпоновкиДанных.БезДополнения;
    Исключение
        // Если свойство ""Дополнение"" недоступно для данной группировки, игнорируем
    КонецПопытки;
    
    // Ищем группировку ""Товар"" – сначала внутри ""Периода"", затем на верхнем уровне
    ТоварГруппировка = НайтиГруппировкуПоИмени(""Товар"", ПериодГруппировка.Структура);
    Если ТоварГруппировка = Неопределено Тогда
        ТоварГруппировка = НайтиГруппировкуПоИмени(""Товар"", Структура);
    КонецЕсли;
    Если ТоварГруппировка = Неопределено Тогда
        ВызватьИсключение ""Группировка """"Товар"""" не найдена в структуре отчета"";
    КонецЕсли;
    
    ТоварГруппировка.ТипГруппировки = ТипГруппировкиКомпоновкиДанных.Элементы;
    Попытка
        ТоварГруппировка.Дополнение = ДополнениеПериодаКомпоновкиДанных.БезДополнения;
    Исключение
        // Если свойство недоступно, пропускаем
    КонецПопытки;
    
    // Устанавливаем параметр периода
    ПараметрПериод = Настройки.ПараметрыДанных.НайтиЗначениеПараметра(
        Новый ПараметрКомпоновкиДанных(""Период""));
    Если ПараметрПериод = Неопределено Тогда
        ВызватьИсключение ""Параметр """"Период"""" не найден в настройках отчета"";
    КонецЕсли;
    
    ЗначениеПериода = Новый СтандартныйПериод;
    ЗначениеПериода.ДатаНачала = ДатаНачала;
    ЗначениеПериода.ДатаОкончания = ДатаОкончания;
    ПараметрПериод.Значение = ЗначениеПериода;
    ПараметрПериод.Использование = Истина;
    
    // Настройка вывода параметров данных и отбора
    Настройки.ПараметрыВывода.ВыводитьПараметрыДанных = ТипВыводаТекстаКомпоновкиДанных.НеВыводить;
    Настройки.ПараметрыВывода.ВыводитьОтбор = ТипВыводаТекстаКомпоновкиДанных.НеВыводить;
    
    // Компоновка макета и выполнение отчета
    КомпоновщикМакета = Новый КомпоновщикМакетаКомпоновкиДанных;
    МакетКомпоновки = КомпоновщикМакета.Выполнить(СхемаКомпоновки, Настройки,
        , , Тип(""ГенераторМакетаКомпоновкиДанныхДляКоллекцииЗначений""));
    
    ПроцессорКомпоновки = Новый ПроцессорКомпоновкиДанных;
    ПроцессорКомпоновки.Инициализировать(МакетКомпоновки);
    
    // Формируем выходной табличный документ
    ТабличныйДокумент = Новый ТабличныйДокумент;
    ПроцессорВывода = Новый ПроцессорВыводаРезультатаКомпоновкиДанныхВТабличныйДокумент;
    ПроцессорВывода.УстановитьДокумент(ТабличныйДокумент);
    ПроцессорВывода.Вывести(ПроцессорКомпоновки);
    
    Возврат ТабличныйДокумент;
    
КонецФункции"
"Написать функцию СформироватьОтчетВзаиморасчетыПодсветитьРасход(ДатаНачала, ДатаОкончания) которая формирует отчет на сервере ""ОтчетПоВзаиморасчетам"" 
и раскрашивает строки, в которых СуммаРасход < СуммаПриход.
Функция должна программно сформировать отчет ""ОтчетПоВзаиморасчетам"", вариант отчета ""Основной"".  
Настройки отчета:
	Параметры отчета: Период. 
	    Значения парамета: Период.ДатаНачала = ДатаНачала, Период.ДатаОкончания = ДатаОкончания. 
	Выбранные поля: СуммаПриход, СуммаРасход.
	Параметры вывода: ВыводитьПараметрыДанных = Не выводить,
	                  ВыводитьОтбор = Не выводить. 
	УсловноеОформление: ЦветФона = Цвет(0, 150, 30)
	                    Отбор: СуммаРасход > СуммаПриход
	                    ИспользоватьВЗаголовкеПолейРесурсов = НеИспользовать
	                    ИспользоватьВОбщемИтоге = НеИспользовать 
	                    Поля: СуммаПриход, СуммаРасход.                	                 
Параметры функции:  
ДатаНачала (тип: Дата) - начало периода.
ДатаОкончания (тип: Дата) - окончание периода.

Возвращаемое значение: ТабличныйДокумент.",{},task_120,server,high,task26_сложн_Куликова_v1.epf,"// Функция должна выполняться на сервере (например, в серверном общем модуле)
Функция СформироватьОтчетВзаиморасчетыПодсветитьРасход(ДатаНачала, ДатаОкончания) Экспорт

    // Получаем схему компоновки данных отчета
    СхемаКомпоновкиДанных = Отчеты.ОтчетПоВзаиморасчетам.ПолучитьМакет(""ОсновнаяСхемаКомпоновкиДанных"");
    
    // Находим вариант отчета ""Основной""
    Вариант = СхемаКомпоновкиДанных.ВариантыНастроек.Найти(""Основной"");
    Если Вариант = Неопределено Тогда
        ВызватьИсключение ""Вариант отчета 'Основной' не найден"";
    КонецЕсли;
    
    // Получаем настройки варианта
    Настройки = Вариант.Настройки;
    
    // Очищаем выбранные поля и добавляем нужные
    Настройки.Выбор.Элементы.Очистить();
    
    ПолеПриход = Настройки.Выбор.Элементы.Добавить(Тип(""ВыбранноеПолеКомпоновкиДанных""));
    ПолеПриход.Поле = Новый ПолеКомпоновкиДанных(""СуммаПриход"");
    
    ПолеРасход = Настройки.Выбор.Элементы.Добавить(Тип(""ВыбранноеПолеКомпоновкиДанных""));
    ПолеРасход.Поле = Новый ПолеКомпоновкиДанных(""СуммаРасход"");
    
    // Устанавливаем параметр периода
    ПараметрПериод = Настройки.ПараметрыДанных.Элементы.Найти(""Период"");
    Если ПараметрПериод = Неопределено Тогда
        // Если параметр отсутствует, добавляем его
        ПараметрПериод = Настройки.ПараметрыДанных.Элементы.Добавить(Тип(""ПараметрДанныхКомпоновкиДанных""));
        ПараметрПериод.Параметр = Новый ПараметрКомпоновкиДанных(""Период"");
    КонецЕсли;
    
    // Значение периода передаем как структуру
    ПараметрПериод.Значение = Новый Структура(""ДатаНачала, ДатаОкончания"", ДатаНачала, ДатаОкончания);
    
    // Настройки вывода
    Настройки.ПараметрыВывода.ВыводитьПараметрыДанных = Ложь;
    Настройки.ПараметрыВывода.ВыводитьОтбор = Ложь;
    
    // Очищаем существующее условное оформление и создаем новое
    Настройки.УсловноеОформление.Элементы.Очистить();
    
    ЭлементОформления = Настройки.УсловноеОформление.Элементы.Добавить();
    
    // Устанавливаем цвет фона
    ЭлементОформления.Оформление.УстановитьЗначениеПараметра(""ЦветФона"", Новый Цвет(0, 150, 30));
    
    // Отбор: СуммаРасход > СуммаПриход
    Отбор = ЭлементОформления.Отбор.Элементы.Добавить(Тип(""ЭлементОтбораКомпоновкиДанных""));
    Отбор.ЛевоеЗначение = Новый ПолеКомпоновкиДанных(""СуммаРасход"");
    Отбор.ВидСравнения = ВидСравненияКомпоновкиДанных.Больше;
    Отбор.ПравоеЗначение = Новый ПолеКомпоновкиДанных(""СуммаПриход"");
    
    // Запрещаем использование в заголовке полей ресурсов и общем итоге
    ЭлементОформления.ИспользоватьВЗаголовкеПолейРесурсов = Ложь;
    ЭлементОформления.ИспользоватьВОбщемИтоге = Ложь;
    
    // Указываем поля, к которым применяется оформление
    ПолеОформленияПриход = ЭлементОформления.Поля.Элементы.Добавить(Тип(""ПолеКомпоновкиДанных""));
    ПолеОформленияПриход.Поле = Новый ПолеКомпоновкиДанных(""СуммаПриход"");
    
    ПолеОформленияРасход = ЭлементОформления.Поля.Элементы.Добавить(Тип(""ПолеКомпоновкиДанных""));
    ПолеОформленияРасход.Поле = Новый ПолеКомпоновкиДанных(""СуммаРасход"");
    
    // Компонуем макет
    КомпоновщикМакета = Новый КомпоновщикМакетаКомпоновкиДанных;
    МакетКомпоновки = КомпоновщикМакета.Выполнить(СхемаКомпоновкиДанных, Настройки);
    
    // Выполняем компоновку данных и выводим в табличный документ
    ПроцессорКомпоновки = Новый ПроцессорКомпоновкиДанных;
    ПроцессорКомпоновки.Инициализировать(МакетКомпоновки);
    
    ТабличныйДокумент = Новый ТабличныйДокумент;
    ПроцессорВывода = Новый ПроцессорВыводаРезультатаКомпоновкиДанныхВТабличныйДокумент;
    ПроцессорВывода.УстановитьДокумент(ТабличныйДокумент);
    ПроцессорВывода.Вывести(ПроцессорКомпоновки);
    
    Возврат ТабличныйДокумент;

КонецФункции"
"Написать функцию СформироватьОтчетВзаиморасчетыБезКопеек(ДатаНачала, ДатаОкончания) которая формирует отчет на сервере ""ОтчетПоВзаиморасчетам"" и выводит суммы, округленные до целых. 
Функция должна программно сформировать отчет ""ОтчетПоВзаиморасчетам"", вариант отчета ""Основной"".  
Настройки отчета:
	Параметры отчета: Период. 
	    Значения парамета: Период.ДатаНачала = ДатаНачала, Период.ДатаОкончания = ДатаОкончания 
	Выбранные поля: СуммаПриход, СуммаРасход.
	Параметры вывода: ВыводитьПараметрыДанных = Не выводить,
	                  ВыводитьОтбор = Не выводить. 
	УсловноеОформление: Формат = ""ЧЦ=10"" 
	                    Поля: СуммаПриход, СуммаРасход.                	                 
Параметры функции:  
ДатаНачала (тип: Дата) - начало периода.
ДатаОкончания (тип: Дата) - окончание периода.

Возвращаемое значение: ТабличныйДокумент.",{},task_121,server,high,task27_сложн_Куликова_v1.epf,"Функция СформироватьОтчетВзаиморасчетыБезКопеек(ДатаНачала, ДатаОкончания)

    // Получаем схему компоновки данных отчета
    СхемаКомпоновкиДанных = Отчеты.ОтчетПоВзаиморасчетам.ПолучитьМакет(""ОсновнаяСхемаКомпоновкиДанных"");
    
    // Инициализируем компоновщик настроек и загружаем настройки варианта ""Основной""
    ИсточникДоступныхНастроек = Новый ИсточникДоступныхНастроекКомпоновкиДанных(СхемаКомпоновкиДанных);
    КомпоновщикНастроек = Новый КомпоновщикНастроекКомпоновкиДанных;
    КомпоновщикНастроек.Инициализировать(ИсточникДоступныхНастроек);
    КомпоновщикНастроек.ЗагрузитьНастройки(СхемаКомпоновкиДанных.ВариантыНастроек.Найти(""Основной"").Настройки);
    
    Настройки = КомпоновщикНастроек.Настройки;
    
    // Устанавливаем параметр периода
    Период = Новый СтандартныйПериод;
    Период.ДатаНачала = ДатаНачала;
    Период.ДатаОкончания = ДатаОкончания;
    Настройки.ПараметрыДанных.УстановитьЗначениеПараметра(""Период"", Период);
    
    // Настраиваем выбранные поля: оставляем только СуммаПриход и СуммаРасход
    Настройки.Выбор.Элементы.Очистить();
    
    ПолеСуммаПриход = Новый ПолеКомпоновкиДанных(""СуммаПриход"");
    ЭлементВыбораПриход = Настройки.Выбор.Элементы.Добавить(Тип(""ЭлементВыбораКомпоновкиДанныхПоле""));
    ЭлементВыбораПриход.Поле = ПолеСуммаПриход;
    
    ПолеСуммаРасход = Новый ПолеКомпоновкиДанных(""СуммаРасход"");
    ЭлементВыбораРасход = Настройки.Выбор.Элементы.Добавить(Тип(""ЭлементВыбораКомпоновкиДанныхПоле""));
    ЭлементВыбораРасход.Поле = ПолеСуммаРасход;
    
    // Параметры вывода
    Настройки.ПараметрыВывода.ВыводитьПараметрыДанных = Ложь;
    Настройки.ПараметрыВывода.ВыводитьОтбор = Ложь;
    
    // Условное оформление: формат ""ЧЦ=10"" для полей СуммаПриход и СуммаРасход
    ЭлементОформления = Настройки.УсловноеОформление.Элементы.Добавить();
    ЭлементОформления.Использование = Истина;
    
    // Условие: всегда (пустое оформление применяется ко всем записям)
    // Поля, к которым применяется оформление
    МассивПолей = Новый Массив;
    МассивПолей.Добавить(ПолеСуммаПриход);
    МассивПолей.Добавить(ПолеСуммаРасход);
    ЭлементОформления.Поля.Добавить(МассивПолей);
    
    // Оформление: задаем формат
    ЗначениеОформления = ЭлементОформления.Оформление;
    ЗначениеОформления.УстановитьЗначениеПараметра(""Формат"", ""ЧЦ=10"");
    
    // Компоновка макета
    КомпоновщикМакета = Новый КомпоновщикМакетаКомпоновкиДанных;
    МакетКомпоновки = КомпоновщикМакета.Выполнить(СхемаКомпоновкиДанных, Настройки);
    
    // Вывод в табличный документ
    ПроцессорКомпоновки = Новый ПроцессорКомпоновкиДанных;
    ПроцессорКомпоновки.Инициализировать(МакетКомпоновки);
    
    ТабличныйДокумент = Новый ТабличныйДокумент;
    ПроцессорВывода = Новый ПроцессорВыводаРезультатаКомпоновкиДанныхВТабличныйДокумент;
    ПроцессорВывода.УстановитьДокумент(ТабличныйДокумент);
    ПроцессорВывода.Вывести(ПроцессорКомпоновки);
    
    Возврат ТабличныйДокумент;

КонецФункции"
"Написать функцию СформироватьОтчетВзаиморасчетыДобавитьКолонкуРазница(ДатаНачала, ДатаОкончания) которая формирует отчет на сервере ""ОтчетПоВзаиморасчетам"" с добавлением колонки Разница, 
которая вычисляет разницу между СуммаПриход и СуммаРасход.
Функция должна программно сформировать отчет ""ОтчетПоВзаиморасчетам"", вариант отчета ""Основной"".   
Созадать новое поле как вычисляемое поле Разница, добавить его в поля итога. 
Настройки отчета: 
    ВычисляемыеПоля: Разница
       Заголовок: Разница 
       ПутьКДанным: Разница
       Выражение: СуммаПриход - СуммаРасход.
       Группировки: Регистратор 
       ТипЗначения: Число(10, 2)
    ПоляИтога: 
        Поле: Разница
        Выражение: Сумма(Разница).   
	Параметры отчета: Период. 
	    Значения парамета: Период.ДатаНачала = ДатаНачала, Период.ДатаОкончания = ДатаОкончания 
	Выбранные поля: СуммаПриход, СуммаРасход, Разница.
	Параметры вывода: ВыводитьПараметрыДанных = Не выводить,
	                  ВыводитьОтбор = Не выводить.                	                 
Параметры функции:  
ДатаНачала (тип: Дата) - начало периода.
ДатаОкончания (тип: Дата) - окончание периода.

Возвращаемое значение: ТабличныйДокумент.",{},task_122,server,high,task28_сложн_Куликова_v1.epf,"&НаСервере
Функция СформироватьОтчетВзаиморасчетыДобавитьКолонкуРазница(ДатаНачала, ДатаОкончания)
    // Получаем объект отчета
    ОтчетОбъект = Отчеты.ОтчетПоВзаиморасчетам.Создать();
    
    // Получаем схему компоновки данных
    СхемаКомпоновкиДанных = ОтчетОбъект.ПолучитьМакет(""ОсновнаяСхемаКомпоновкиДанных"");
    
    // Загружаем настройки варианта ""Основной""
    Настройки = СхемаКомпоновкиДанных.ВариантыНастроек.Основной.Настройки;
    
    // 1. Добавляем вычисляемое поле ""Разница""
    ВычисляемоеПоле = Настройки.ВычисляемыеПоля.Добавить();
    ВычисляемоеПоле.Заголовок = ""Разница"";
    ВычисляемоеПоле.ПутьКДанным = ""Разница"";
    ВычисляемоеПоле.Выражение = ""СуммаПриход - СуммаРасход"";
    ВычисляемоеПоле.Группировка = ""Регистратор"";
    ВычисляемоеПоле.ТипЗначения = Новый ОписаниеТипов(""Число"", Новый КвалификаторыЧисла(10, 2));
    
    // 2. Добавляем поле итога для ""Разница""
    ПолеИтога = Настройки.ПоляИтога.Добавить();
    ПолеИтога.Поле = ""Разница"";
    ПолеИтога.Выражение = ""Сумма(Разница)"";
    
    // 3. Настраиваем параметр ""Период""
    ПараметрПериод = Настройки.ПараметрыДанных.Найти(""Период"");
    Если ПараметрПериод = Неопределено Тогда
        ПараметрПериод = Настройки.ПараметрыДанных.Добавить();
        ПараметрПериод.Имя = ""Период"";
    КонецЕсли;
    ПараметрПериод.Значение = Новый СтандартныйПериод(ДатаНачала, ДатаОкончания);
    
    // 4. Устанавливаем выбранные поля
    Настройки.ВыбранныеПоля.Элементы.Очистить();
    
    ПолеСуммаПриход = Настройки.ВыбранныеПоля.Элементы.Добавить(Тип(""ЭлементВыбранногоПоляКомпоновкиДанных""));
    ПолеСуммаПриход.Поле = Новый ПолеКомпоновкиДанных(""СуммаПриход"");
    
    ПолеСуммаРасход = Настройки.ВыбранныеПоля.Элементы.Добавить(Тип(""ЭлементВыбранногоПоляКомпоновкиДанных""));
    ПолеСуммаРасход.Поле = Новый ПолеКомпоновкиДанных(""СуммаРасход"");
    
    ПолеРазница = Настройки.ВыбранныеПоля.Элементы.Добавить(Тип(""ЭлементВыбранногоПоляКомпоновкиДанных""));
    ПолеРазница.Поле = Новый ПолеКомпоновкиДанных(""Разница"");
    
    // 5. Настройки вывода
    Настройки.НастройкиВывода.ВыводитьПараметрыДанных = Ложь;
    Настройки.НастройкиВывода.ВыводитьОтбор = Ложь;
    
    // 6. Компоновка макета
    КомпоновщикМакета = Новый КомпоновщикМакетаКомпоновкиДанных;
    МакетКомпоновки = КомпоновщикМакета.Выполнить(СхемаКомпоновкиДанных, Настройки);
    
    // 7. Выполнение компоновки и вывод в табличный документ
    ПроцессорКомпоновки = Новый ПроцессорКомпоновкиДанных;
    ПроцессорКомпоновки.Инициализировать(МакетКомпоновки);
    
    ТабДок = Новый ТабличныйДокумент;
    ПроцессорВывода = Новый ПроцессорВыводаРезультатаКомпоновкиДанныхВТабличныйДокумент;
    ПроцессорВывода.УстановитьДокумент(ТабДок);
    ПроцессорВывода.Вывести(ПроцессорКомпоновки);
    
    Возврат ТабДок;
КонецФункции"
"Функция: СформироватьМаржинальностьПродаж(ДатаНач, ДатаКон)   
Функция формирует анализ маржинальности продаж по каждому товару за указанный период. 
Позволяет оценить прибыльность продаж, рассчитав валовую маржу (разницу между ценой продажи и себестоимостью).

Параметры

ДатаНач (Дата) — дата начала периода анализа (обязательный параметр).
ДатаКон (Дата) — дата окончания периода анализа (обязательный параметр).

Функция выполняет следующие расчёты по каждому товару:
КоличествоПродано это общее количество проданного товара за период.
СуммаПродажи общая сумма продаж товара за период (по цене продажи).
Себестоимость  рассчитанная себестоимость проданного товара.
Определяется как средняя цена закупки из всех документов ПриходТовара

Маржа это валовая маржа по товару = СуммаПродажи − Себестоимость. 
Расчёт производится только по проведённым документам РасходТовара.

Функция возвращает объект типа ТаблицаЗначений со следующими колонками: 
Товар, КоличествоПродано, СуммаПродажи, Себестоимость, Маржа 
Результат группируется по товарам. 

Себестоимость рассчитывается через среднюю цену прихода по всем документам  
В запросе используется левое соединение с подзапросом, поэтому если по товару не было приходов — себестоимость будет равна 0  

Маржа может быть отрицательной это говорит б убыточных продажах","{""Documents"": [{""id"": ""ПриходТовара"", ""name"": ""Приход товара"", ""Attributes"": [{""id"": ""Поставщик"", ""name"": ""Поставщик"", ""types"": [{""type"": ""Ref"", ""id"": ""Справочник.Контрагенты""}]}, {""id"": ""Склад"", ""name"": ""Склад"", ""types"": [{""type"": ""Ref"", ""id"": ""Справочник.Склады""}]}, {""id"": ""Валюта"", ""name"": ""Валюта взаиморасчетов"", ""types"": [{""type"": ""Ref"", ""id"": ""Справочник.Валюты""}]}, {""id"": ""Организация"", ""name"": ""Организация"", ""types"": [{""type"": ""Ref"", ""id"": ""Справочник.Организации""}]}], ""TabularSections"": [{""id"": ""Товары"", ""name"": ""Товары"", ""Attributes"": [{""id"": ""Товар"", ""name"": ""Товар"", ""types"": [{""type"": ""Ref"", ""id"": ""Справочник.Товары""}]}, {""id"": ""Цена"", ""name"": ""Цена"", ""types"": [{""type"": ""Number"", ""NumberQualifiers"": ""10.2""}]}, {""id"": ""Количество"", ""name"": ""Количество"", ""types"": [{""type"": ""Number"", ""NumberQualifiers"": ""10.2""}]}, {""id"": ""Сумма"", ""name"": ""Сумма"", ""types"": [{""type"": ""Number"", ""NumberQualifiers"": ""10.2""}]}]}]}, {""id"": ""РасходТовара"", ""name"": ""Расход товара"", ""Attributes"": [{""id"": ""Покупатель"", ""name"": ""Покупатель"", ""types"": [{""type"": ""Ref"", ""id"": ""Справочник.Контрагенты""}]}, {""id"": ""Склад"", ""name"": ""Склад"", ""types"": [{""type"": ""Ref"", ""id"": ""Справочник.Склады""}]}, {""id"": ""Валюта"", ""name"": ""Валюта взиморасчетов"", ""types"": [{""type"": ""Ref"", ""id"": ""Справочник.Валюты""}]}, {""id"": ""ВидЦен"", ""name"": ""Вид цен"", ""types"": [{""type"": ""Ref"", ""id"": ""Справочник.ВидыЦен""}]}, {""id"": ""ОбоснованиеОтгрузки"", ""name"": ""Обоснование отгрузки"", ""types"": [{""type"": ""String"", ""StringQualifiers"": ""0""}]}, {""id"": ""Организация"", ""name"": ""Организация"", ""types"": [{""type"": ""Ref"", ""id"": ""Справочник.Организации""}]}], ""TabularSections"": [{""id"": ""Товары"", ""name"": ""Товары"", ""Attributes"": [{""id"": ""Товар"", ""name"": ""Товар"", ""types"": [{""type"": ""Ref"", ""id"": ""Справочник.Товары""}]}, {""id"": ""Цена"", ""name"": ""Цена"", ""types"": [{""type"": ""Number"", ""NumberQualifiers"": ""10.2""}]}, {""id"": ""Количество"", ""name"": ""Количество"", ""types"": [{""type"": ""Number"", ""NumberQualifiers"": ""10.2""}]}, {""id"": ""Сумма"", ""name"": ""Сумма"", ""types"": [{""type"": ""Number"", ""NumberQualifiers"": ""10.2""}]}]}]}]}",task_123,server,high,task29_СложнаяМаржинальностьпродаж_v2.epf,"Функция СформироватьМаржинальностьПродаж(ДатаНач, ДатаКон) Экспорт

    Запрос = Новый Запрос;
    Запрос.Текст =
    ""ВЫБРАТЬ
    |    РасходТовараТовары.Товар КАК Товар,
    |    СУММА(РасходТовараТовары.Количество) КАК КоличествоПродано,
    |    СУММА(РасходТовараТовары.Сумма) КАК СуммаПродажи,
    |    СУММА(РасходТовараТовары.Количество * ЕСТЬNULL(ПриходСредняя.СредняяЦена, 0)) КАК Себестоимость,
    |    СУММА(РасходТовараТовары.Сумма) - СУММА(РасходТовараТовары.Количество * ЕСТЬNULL(ПриходСредняя.СредняяЦена, 0)) КАК Маржа
    |ИЗ
    |    Документ.РасходТовара.Товары КАК РасходТовараТовары
    |        ЛЕВОЕ СОЕДИНЕНИЕ (ВЫБРАТЬ
    |            ПриходТовараТовары.Товар КАК Товар,
    |            ЕСТЬNULL(СУММА(ПриходТовараТовары.Сумма) / СУММА(ПриходТовараТовары.Количество), 0) КАК СредняяЦена
    |        ИЗ
    |            Документ.ПриходТовара.Товары КАК ПриходТовараТовары
    |        ГДЕ
    |            ПриходТовараТовары.Ссылка.Проведен
    |        СГРУППИРОВАТЬ ПО
    |            ПриходТовараТовары.Товар) КАК ПриходСредняя
    |        ПО РасходТовараТовары.Товар = ПриходСредняя.Товар
    |ГДЕ
    |    РасходТовараТовары.Ссылка.Проведен
    |    И РасходТовараТовары.Ссылка.Дата МЕЖДУ &ДатаНач И &ДатаКон
    |СГРУППИРОВАТЬ ПО
    |    РасходТовараТовары.Товар"";

    Запрос.УстановитьПараметр(""ДатаНач"", ДатаНач);
    Запрос.УстановитьПараметр(""ДатаКон"", ДатаКон);

    РезультатЗапроса = Запрос.Выполнить();

    ТаблицаРезультат = Новый ТаблицаЗначений;
    ТаблицаРезультат.Колонки.Добавить(""Товар"", Новый ОписаниеТипов(""СправочникСсылка.Товары""));
    ТаблицаРезультат.Колонки.Добавить(""КоличествоПродано"", Новый ОписаниеТипов(""Число"", Новый КвалификаторыЧисла(15, 2)));
    ТаблицаРезультат.Колонки.Добавить(""СуммаПродажи"", Новый ОписаниеТипов(""Число"", Новый КвалификаторыЧисла(15, 2)));
    ТаблицаРезультат.Колонки.Добавить(""Себестоимость"", Новый ОписаниеТипов(""Число"", Новый КвалификаторыЧисла(15, 2)));
    ТаблицаРезультат.Колонки.Добавить(""Маржа"", Новый ОписаниеТипов(""Число"", Новый КвалификаторыЧисла(15, 2)));

    Выборка = РезультатЗапроса.Выбрать();
    Пока Выборка.Следующий() Цикл
        Строка = ТаблицаРезультат.Добавить();
        Строка.Товар = Выборка.Товар;
        Строка.КоличествоПродано = Выборка.КоличествоПродано;
        Строка.СуммаПродажи = Выборка.СуммаПродажи;
        Строка.Себестоимость = Выборка.Себестоимость;
        Строка.Маржа = Выборка.Маржа;
    КонецЦикла;

    Возврат ТаблицаРезультат;

КонецФункции"
"Написать функцию СформироватьОтчетОстаткиВыводРеквизитовТовара(), которая формирует отчет на сервере ""ОстаткиТоваровНаСкладах"" с выводом товара, его свойств: Артикул, Изображение 
и его остатка, с группировкой по Товар.
Функция должна программно сформировать отчет ""ОстаткиТоваровНаСкладах"", вариант отчета ""Основной"". 
Настройки отчета:    
    Структура: Группировка: 
                        Товар: ТипГруппировки = Элементы, ТипДополнения = БезДополнения.
	Выбранные поля: Товар, 
	                Группа колонок: Свойства: Заголовок = Свойства, Расположение = ОтдельнаяКолонка. 
	                      Товар.Артикул, 
	                      Товар.ФайлКартинки.ДанныеФайл
	                КоличествоОстаток.
	     Для Товар.Артикул задать заголовок Артикул
	     Для Товар.ФайлКартинки.ДанныеФайл задать заголовок Изображение 	
	Параметры вывода: ВыводитьПараметрыДанных = Не выводить,
	                  ВыводитьОтбор = Не выводить. 

Возвращаемое значение: ТабличныйДокумент.","{""Catalogs"": [{""id"": ""Товары"", ""name"": ""Товары"", ""Attributes"": [{""id"": ""Артикул"", ""name"": ""Артикул"", ""types"": [{""type"": ""String"", ""StringQualifiers"": ""15""}]}, {""id"": ""Поставщик"", ""name"": ""Поставщик"", ""types"": [{""type"": ""Ref"", ""id"": ""Справочник.Контрагенты""}]}, {""id"": ""ФайлКартинки"", ""name"": ""Картинка"", ""types"": [{""type"": ""Ref"", ""id"": ""Справочник.ХранимыеФайлы""}]}, {""id"": ""Вид"", ""name"": ""Вид"", ""types"": []}, {""id"": ""Штрихкод"", ""name"": ""Штрихкод"", ""types"": [{""type"": ""String"", ""StringQualifiers"": ""20""}]}, {""id"": ""Описание"", ""name"": ""Описание"", ""types"": [{""type"": ""String"", ""StringQualifiers"": ""0""}]}]}, {""id"": ""ХранилищеВариантовОтчетов"", ""name"": ""Варианты отчетов"", ""Attributes"": [{""id"": ""ВариантОтчета"", ""name"": ""Вариант отчета"", ""types"": []}, {""id"": ""КлючОбъекта"", ""name"": ""Ключ объекта"", ""types"": [{""type"": ""String"", ""StringQualifiers"": ""255""}]}]}]}",task_124,server,high,task29_сложн_Куликова_v1.epf,"Функция СформироватьОтчетОстаткиВыводРеквизитовТовара()
    
    // Получаем схему компоновки данных из отчета
    СхемаКомпоновкиДанных = Отчеты.ОстаткиТоваровНаСкладах.ПолучитьМакет(""ОсновнаяСхемаКомпоновкиДанных"");
    
    // Создаем компоновщик настроек и инициализируем его
    КомпоновщикНастроек = Новый КомпоновщикНастроекКомпоновкиДанных;
    КомпоновщикНастроек.Инициализировать(Новый ИсточникДоступныхНастроекКомпоновкиДанных(СхемаКомпоновкиДанных));
    Настройки = КомпоновщикНастроек.Настройки;
    
    // Формируем структуру отчета: группировка по товару
    ГруппировкаТовар = Настройки.Структура.Добавить(Тип(""ГруппировкаКомпоновкиДанных""));
    ГруппировкаТовар.Имя = ""Товар"";
    ГруппировкаТовар.Поле = Новый ПолеКомпоновкиДанных(""Товар"");
    ГруппировкаТовар.ТипГруппировки = ТипГруппировкиКомпоновкиДанных.Элементы;
    ГруппировкаТовар.ТипДополнения = ТипДополненияПериодаКомпоновкиДанных.БезДополнения;
    
    // Выбранные поля
    // Поле Товар
    ПолеТовар = Настройки.Выборка.Добавить(Тип(""ВыбранноеПолеКомпоновкиДанных""));
    ПолеТовар.Поле = Новый ПолеКомпоновкиДанных(""Товар"");
    
    // Группа колонок ""Свойства""
    ГруппаСвойства = Настройки.Выборка.Добавить(Тип(""ГруппаВыбранныхПолейКомпоновкиДанных""));
    ГруппаСвойства.Заголовок = ""Свойства"";
    ГруппаСвойства.Расположение = РасположениеПолейКомпоновкиДанных.ОтдельнаяКолонка;
    
    // Поле Артикул
    ПолеАртикул = ГруппаСвойства.Элементы.Добавить(Тип(""ВыбранноеПолеКомпоновкиДанных""));
    ПолеАртикул.Поле = Новый ПолеКомпоновкиДанных(""Товар.Артикул"");
    ПолеАртикул.Заголовок = ""Артикул"";
    
    // Поле Изображение
    ПолеИзображение = ГруппаСвойства.Элементы.Добавить(Тип(""ВыбранноеПолеКомпоновкиДанных""));
    ПолеИзображение.Поле = Новый ПолеКомпоновкиДанных(""Товар.ФайлКартинки.ДанныеФайл"");
    ПолеИзображение.Заголовок = ""Изображение"";
    
    // Поле КоличествоОстаток
    ПолеКоличество = Настройки.Выборка.Добавить(Тип(""ВыбранноеПолеКомпоновкиДанных""));
    ПолеКоличество.Поле = Новый ПолеКомпоновкиДанных(""КоличествоОстаток"");
    
    // Параметры вывода
    Настройки.ПараметрыВывода.ВыводитьПараметрыДанных = Ложь;
    Настройки.ПараметрыВывода.ВыводитьОтбор = Ложь;
    
    // Компонуем макет и выводим результат
    КомпоновщикМакета = Новый КомпоновщикМакетаКомпоновкиДанных;
    МакетКомпоновки = КомпоновщикМакета.Выполнить(СхемаКомпоновкиДанных, Настройки, , , Тип(""ГенераторМакетаКомпоновкиДанныхДляКоллекцииЗначений""));
    
    ПроцессорКомпоновки = Новый ПроцессорКомпоновкиДанных;
    ПроцессорКомпоновки.Инициализировать(МакетКомпоновки);
    
    ТабличныйДокумент = Новый ТабличныйДокумент;
    ПроцессорВывода = Новый ПроцессорВыводаРезультатаКомпоновкиДанныхВТабличныйДокумент;
    ПроцессорВывода.УстановитьДокумент(ТабличныйДокумент);
    ПроцессорВывода.Вывести(ПроцессорКомпоновки);
    
    Возврат ТабличныйДокумент;
    
КонецФункции"
"Функция: СформироватьДублирующиесяЗаказы(ДатаНач = Неопределено, ДатаКон = Неопределено)    
Функция выявляет дублирующиеся заказы покупателей  когда один и тот же покупатель оформляет несколько заказов в один и тот же день.  
Это позволяет выявлять возможные ошибки ввода данных, повторные заказы или технические дубли, которые могут возникать при ручном вводе или ошибке в программе. 

 
ДатаНач (Дата) — дата начала периода анализа.
Если параметр не указан (Неопределено), по умолчанию устанавливается начало текущего дня.
ДатаКон (Дата) — дата окончания периода анализа.
Если параметр не указан (Неопределено), по умолчанию устанавливается конец текущего дня.  

Функция анализирует проведённые документы Заказ за указанный период и группирует их:
По покупателю (Покупатель)
По дате заказа (Дата)
Затем отбираются только те комбинации «Покупатель + Дата», по которым количество заказов больше одного. КОЛИЧЕСТВО(Заказы.Ссылка) > 1

Функция возвращает объект типа ТаблицаЗначений со следующими колонками Покупатель (у которого обнаружены дубли), ДатаЗаказа, КоличествоЗаказов (Количество заказов, оформленных в этот день)
Результат отсортирован по покупателю (по возрастанию), затем по дате заказа (по возрастанию)    
 
 В запросе учитываются только проведённые документы Заказ 
 Период по умолчанию — текущий день
 Дубли считаются в рамках одной календарной даты","{""Documents"": [{""id"": ""Заказ"", ""name"": ""Заказ"", ""Attributes"": [{""id"": ""Покупатель"", ""name"": ""Покупатель"", ""types"": [{""type"": ""Ref"", ""id"": ""Справочник.Контрагенты""}]}, {""id"": ""Склад"", ""name"": ""Склад"", ""types"": [{""type"": ""Ref"", ""id"": ""Справочник.Склады""}]}, {""id"": ""Валюта"", ""name"": ""Валюта взаиморасчетов"", ""types"": [{""type"": ""Ref"", ""id"": ""Справочник.Валюты""}]}, {""id"": ""ВидЦен"", ""name"": ""Вид цен"", ""types"": [{""type"": ""Ref"", ""id"": ""Справочник.ВидыЦен""}]}, {""id"": ""Организация"", ""name"": ""Организация"", ""types"": [{""type"": ""Ref"", ""id"": ""Справочник.Организации""}]}, {""id"": ""СостояниеЗаказа"", ""name"": ""Состояние заказа"", ""types"": [{""type"": ""Ref"", ""id"": ""Перечисление.СостоянияЗаказов""}]}, {""id"": ""Автор"", ""name"": ""Автор"", ""types"": [{""type"": ""Ref"", ""id"": ""Справочник.Пользователи""}]}, {""id"": ""Сумма"", ""name"": ""Сумма"", ""types"": [{""type"": ""Number"", ""NumberQualifiers"": ""10.2""}]}], ""TabularSections"": [{""id"": ""Товары"", ""name"": ""Товары"", ""Attributes"": [{""id"": ""Товар"", ""name"": ""Товар"", ""types"": [{""type"": ""Ref"", ""id"": ""Справочник.Товары""}]}, {""id"": ""Цена"", ""name"": ""Цена"", ""types"": [{""type"": ""Number"", ""NumberQualifiers"": ""10.2""}]}, {""id"": ""Количество"", ""name"": ""Количество"", ""types"": [{""type"": ""Number"", ""NumberQualifiers"": ""10.0""}]}, {""id"": ""Сумма"", ""name"": ""Сумма"", ""types"": [{""type"": ""Number"", ""NumberQualifiers"": ""10.2""}]}]}]}]}",task_125,server,mid,task30_СредняяСформироватьДублирующиесяЗаказы_v2.epf,"Функция СформироватьДублирующиесяЗаказы(ДатаНач = Неопределено, ДатаКон = Неопределено) Экспорт

    // Обработка параметров периода: если не заданы — текущий день
    Если ДатаНач = Неопределено Тогда
        ДатаНач = НачалоДня(ТекущаяДата());
    КонецЕсли;
    Если ДатаКон = Неопределено Тогда
        ДатаКон = КонецДня(ТекущаяДата());
    КонецЕсли;

    // Построение запроса
    Запрос = Новый Запрос;
    Запрос.Текст = 
    ""ВЫБРАТЬ
    |    Заказ.Покупатель КАК Покупатель,
    |    НАЧАЛОПЕРИОДА(Заказ.Дата, ДЕНЬ) КАК ДатаЗаказа,
    |    КОЛИЧЕСТВО(Заказ.Ссылка) КАК КоличествоЗаказов
    |ИЗ
    |    Документ.Заказ КАК Заказ
    |ГДЕ
    |    Заказ.Проведен
    |    И Заказ.Дата МЕЖДУ &ДатаНач И &ДатаКон
    |СГРУППИРОВАТЬ ПО
    |    Заказ.Покупатель,
    |    НАЧАЛОПЕРИОДА(Заказ.Дата, ДЕНЬ)
    |ИМЕЮЩИЕ
    |    КОЛИЧЕСТВО(Заказ.Ссылка) > 1
    |УПОРЯДОЧИТЬ ПО
    |    Покупатель,
    |    ДатаЗаказа"";

    // Передача параметров
    Запрос.УстановитьПараметр(""ДатаНач"", ДатаНач);
    Запрос.УстановитьПараметр(""ДатаКон"", ДатаКон);

    // Выполнение запроса
    РезультатЗапроса = Запрос.Выполнить();
    Выборка = РезультатЗапроса.Выбрать();

    // Формирование таблицы значений результата
    ТаблицаРезультата = Новый ТаблицаЗначений;
    ТаблицаРезультата.Колонки.Добавить(""Покупатель"", Новый ОписаниеТипов(""СправочникСсылка.Контрагенты""));
    ТаблицаРезультата.Колонки.Добавить(""ДатаЗаказа"", Новый ОписаниеТипов(""Дата""));
    ТаблицаРезультата.Колонки.Добавить(""КоличествоЗаказов"", Новый ОписаниеТипов(""Число""));

    Пока Выборка.Следующий() Цикл
        НоваяСтрока = ТаблицаРезультата.Добавить();
        НоваяСтрока.Покупатель      = Выборка.Покупатель;
        НоваяСтрока.ДатаЗаказа      = Выборка.ДатаЗаказа;
        НоваяСтрока.КоличествоЗаказов = Выборка.КоличествоЗаказов;
    КонецЦикла;

    Возврат ТаблицаРезультата;

КонецФункции"
"Написать функцию СформироватьОтчетОстаткиИзменитьЗаголовокКолонкиОстаток(), которая формирует отчет на сервере ""ОстаткиТоваровНаСкладах"" и заменяет заголовок Колонки 
""Количество остаток"" на ""Остаток на складе"".
Функция должна программно сформировать отчет ""ОстаткиТоваровНаСкладах"", вариант отчета ""Основной"". 
Настройки отчета:    
	УсловноеОформление: 
	   Оформление: Текст = ""Остаток на складе""
	   ОформляемыеПоля: КоличествоОстаток
	   ОбластьИспользования: В заголовке полей ресурсов.
	   
	   Оформление: Текст = ""Количество""
	   ОформляемыеПоля: КоличествоОстаток
	   ОбластьИспользования: В заголовке полей ресурсов общего итога.
	   	
	Параметры вывода: ВыводитьПараметрыДанных = Не выводить,
	                  ВыводитьОтбор = Не выводить. 

Возвращаемое значение: ТабличныйДокумент.",{},task_126,server,high,task30_сложн_Куликова_v1.epf,"&НаСервере
Функция СформироватьОтчетОстаткиИзменитьЗаголовокКолонкиОстаток()
    
    // Создание объекта отчета
    ОтчетОбъект = Отчеты.ОстаткиТоваровНаСкладах.Создать();
    
    // Инициализация компоновщика настроек
    КомпоновщикНастроек = Новый КомпоновщикНастроекКомпоновкиДанных;
    КомпоновщикНастроек.Инициализировать(Новый ИсточникДоступныхНастроекКомпоновкиДанных(ОтчетОбъект));
    
    // Загрузка настроек варианта ""Основной""
    Вариант = ОтчетОбъект.Варианты.Найти(""Основной"");
    Если Вариант = Неопределено Тогда
        ВызватьИсключение ""Вариант отчета 'Основной' не найден"";
    КонецЕсли;
    КомпоновщикНастроек.ЗагрузитьНастройки(Вариант.Настройки);
    
    Настройки = КомпоновщикНастроек.Настройки;
    
    // Очистка существующего условного оформления
    Настройки.УсловноеОформление.Очистить();
    
    // --------------------------------
    // Условное оформление для заголовка полей ресурсов
    // --------------------------------
    ЭлементОформления = Настройки.УсловноеОформление.Добавить();
    ЭлементОформления.Использование = Истина;
    
    Область = ЭлементОформления.ОбластиИспользования.Добавить();
    Область.Использование = Истина;
    Область.ВидОбласти = ВидОбластиУсловногоОформленияКомпоновкиДанных.ЗаголовокПолейРесурсов;
    
    ОформляемоеПоле = ЭлементОформления.ОформляемыеПоля.Добавить();
    ОформляемоеПоле.Использование = Истина;
    ОформляемоеПоле.Поле = Новый ПолеКомпоновкиДанных(""КоличествоОстаток"");
    
    ЭлементОформления.Оформление.УстановитьЗначениеПараметра(""Текст"", ""Остаток на складе"");
    
    // --------------------------------
    // Условное оформление для заголовка полей ресурсов общего итога
    // --------------------------------
    ЭлементОформления2 = Настройки.УсловноеОформление.Добавить();
    ЭлементОформления2.Использование = Истина;
    
    Область2 = ЭлементОформления2.ОбластиИспользования.Добавить();
    Область2.Использование = Истина;
    Область2.ВидОбласти = ВидОбластиУсловногоОформленияКомпоновкиДанных.ЗаголовокПолейРесурсовОбщегоИтога;
    
    ОформляемоеПоле2 = ЭлементОформления2.ОформляемыеПоля.Добавить();
    ОформляемоеПоле2.Использование = Истина;
    ОформляемоеПоле2.Поле = Новый ПолеКомпоновкиДанных(""КоличествоОстаток"");
    
    ЭлементОформления2.Оформление.УстановитьЗначениеПараметра(""Текст"", ""Количество"");
    
    // --------------------------------
    // Настройки вывода
    // --------------------------------
    Настройки.ПараметрыВывода.ВыводитьПараметрыДанных = Ложь;
    Настройки.ПараметрыВывода.ВыводитьОтбор = Ложь;
    
    // --------------------------------
    // Компоновка макета и формирование табличного документа
    // --------------------------------
    КомпоновщикМакета = Новый КомпоновщикМакетаКомпоновкиДанных;
    МакетКомпоновки = КомпоновщикМакета.Выполнить(ОтчетОбъект.СхемаКомпоновкиДанных, Настройки);
    
    ПроцессорКомпоновки = Новый ПроцессорКомпоновкиДанных;
    ПроцессорКомпоновки.Инициализировать(МакетКомпоновки);
    
    ТабличныйДокумент = Новый ТабличныйДокумент;
    ПроцессорВывода = Новый ПроцессорВыводаРезультатаКомпоновкиДанныхВТабличныйДокумент;
    ПроцессорВывода.УстановитьДокумент(ТабличныйДокумент);
    ПроцессорВывода.Вывести(ПроцессорКомпоновки);
    
    Возврат ТабличныйДокумент;
    
КонецФункции"
"Функция: СформироватьНепроведенныеДокументы(ДатаНач = Неопределено, ДатаКон = Неопределено)
Функция формирует список всех непроведённых документов за указанный период. Используется для контроля качества ввода данных, выявления ошибок и незавершённых операций в учёте. 

Параметры
ДатаНач (Дата) это дата начала периода анализа.
Если параметр не указан (Неопределено), по умолчанию устанавливается начало текущего дня.
ДатаКон (Дата)  дата окончания периода анализа.
Если параметр не указан (Неопределено), по умолчанию устанавливается конец текущего дня.  

Функция выполняет поиск непроведённых документов
Заказ
ОперацияПоУчетуТоваров
Оплата
ПоступлениеДенег
ПриходТовара
РасходТовара   

Для каждого документа проверяется флаг Проведен = Ложь и попадание даты документа в заданный период

Функция возвращает объект типа ТаблицаЗначений со следующими колонками
Документ, ДатаДокумента, ТипДокумента

Результат отсортирован по возрастанию даты документа.
Используется конструкция ОБЪЕДИНИТЬ ВСЕ для объединения нескольких однотипных запросов.
В итоговой таблице явно указывается тип каждого документа через ТипЗнч(Ссылка)","{""Documents"": [{""id"": ""Заказ"", ""name"": ""Заказ"", ""Attributes"": [{""id"": ""Покупатель"", ""name"": ""Покупатель"", ""types"": [{""type"": ""Ref"", ""id"": ""Справочник.Контрагенты""}]}, {""id"": ""Склад"", ""name"": ""Склад"", ""types"": [{""type"": ""Ref"", ""id"": ""Справочник.Склады""}]}, {""id"": ""Валюта"", ""name"": ""Валюта взаиморасчетов"", ""types"": [{""type"": ""Ref"", ""id"": ""Справочник.Валюты""}]}, {""id"": ""ВидЦен"", ""name"": ""Вид цен"", ""types"": [{""type"": ""Ref"", ""id"": ""Справочник.ВидыЦен""}]}, {""id"": ""Организация"", ""name"": ""Организация"", ""types"": [{""type"": ""Ref"", ""id"": ""Справочник.Организации""}]}, {""id"": ""СостояниеЗаказа"", ""name"": ""Состояние заказа"", ""types"": [{""type"": ""Ref"", ""id"": ""Перечисление.СостоянияЗаказов""}]}, {""id"": ""Автор"", ""name"": ""Автор"", ""types"": [{""type"": ""Ref"", ""id"": ""Справочник.Пользователи""}]}, {""id"": ""Сумма"", ""name"": ""Сумма"", ""types"": [{""type"": ""Number"", ""NumberQualifiers"": ""10.2""}]}], ""TabularSections"": [{""id"": ""Товары"", ""name"": ""Товары"", ""Attributes"": [{""id"": ""Товар"", ""name"": ""Товар"", ""types"": [{""type"": ""Ref"", ""id"": ""Справочник.Товары""}]}, {""id"": ""Цена"", ""name"": ""Цена"", ""types"": [{""type"": ""Number"", ""NumberQualifiers"": ""10.2""}]}, {""id"": ""Количество"", ""name"": ""Количество"", ""types"": [{""type"": ""Number"", ""NumberQualifiers"": ""10.0""}]}, {""id"": ""Сумма"", ""name"": ""Сумма"", ""types"": [{""type"": ""Number"", ""NumberQualifiers"": ""10.2""}]}]}]}, {""id"": ""ОперацияПоУчетуТоваров"", ""name"": ""Операция по учету товаров"", ""Attributes"": [{""id"": ""СодержаниеОперации"", ""name"": ""Содержание операции"", ""types"": [{""type"": ""String"", ""StringQualifiers"": ""0""}]}, {""id"": ""Организация"", ""name"": ""Организация"", ""types"": [{""type"": ""Ref"", ""id"": ""Справочник.Организации""}]}]}, {""id"": ""Оплата"", ""name"": ""Оплата"", ""Attributes"": [{""id"": ""Поставщик"", ""name"": ""Поставщик"", ""types"": [{""type"": ""Ref"", ""id"": ""Справочник.Контрагенты""}]}, {""id"": ""РасчетныйСчетПоставщика"", ""name"": ""Расчетный счет поставщика"", ""types"": [{""type"": ""Ref"", ""id"": ""Справочник.РасчетныеСчетаКонтрагентов""}]}, {""id"": ""РасчетныйСчет"", ""name"": ""Расчетный счет"", ""types"": [{""type"": ""Ref"", ""id"": ""Справочник.РасчетныеСчета""}]}, {""id"": ""Валюта"", ""name"": ""Валюта"", ""types"": [{""type"": ""Ref"", ""id"": ""Справочник.Валюты""}]}, {""id"": ""Сумма"", ""name"": ""Сумма"", ""types"": [{""type"": ""Number"", ""NumberQualifiers"": ""10.2""}]}, {""id"": ""Организация"", ""name"": ""Организация"", ""types"": [{""type"": ""Ref"", ""id"": ""Справочник.Организации""}]}]}, {""id"": ""ПоступлениеДенег"", ""name"": ""Поступление денег"", ""Attributes"": [{""id"": ""Покупатель"", ""name"": ""Покупатель"", ""types"": [{""type"": ""Ref"", ""id"": ""Справочник.Контрагенты""}]}, {""id"": ""РасчетныйСчетПокупателя"", ""name"": ""Расчетный счет покупателя"", ""types"": [{""type"": ""Ref"", ""id"": ""Справочник.РасчетныеСчетаКонтрагентов""}]}, {""id"": ""РасчетныйСчет"", ""name"": ""Расчетный счет"", ""types"": [{""type"": ""Ref"", ""id"": ""Справочник.РасчетныеСчета""}]}, {""id"": ""Валюта"", ""name"": ""Валюта"", ""types"": [{""type"": ""Ref"", ""id"": ""Справочник.Валюты""}]}, {""id"": ""Сумма"", ""name"": ""Сумма"", ""types"": [{""type"": ""Number"", ""NumberQualifiers"": ""10.2""}]}, {""id"": ""Организация"", ""name"": ""Организация"", ""types"": [{""type"": ""Ref"", ""id"": ""Справочник.Организации""}]}]}, {""id"": ""ПриходТовара"", ""name"": ""Приход товара"", ""Attributes"": [{""id"": ""Поставщик"", ""name"": ""Поставщик"", ""types"": [{""type"": ""Ref"", ""id"": ""Справочник.Контрагенты""}]}, {""id"": ""Склад"", ""name"": ""Склад"", ""types"": [{""type"": ""Ref"", ""id"": ""Справочник.Склады""}]}, {""id"": ""Валюта"", ""name"": ""Валюта взаиморасчетов"", ""types"": [{""type"": ""Ref"", ""id"": ""Справочник.Валюты""}]}, {""id"": ""Организация"", ""name"": ""Организация"", ""types"": [{""type"": ""Ref"", ""id"": ""Справочник.Организации""}]}], ""TabularSections"": [{""id"": ""Товары"", ""name"": ""Товары"", ""Attributes"": [{""id"": ""Товар"", ""name"": ""Товар"", ""types"": [{""type"": ""Ref"", ""id"": ""Справочник.Товары""}]}, {""id"": ""Цена"", ""name"": ""Цена"", ""types"": [{""type"": ""Number"", ""NumberQualifiers"": ""10.2""}]}, {""id"": ""Количество"", ""name"": ""Количество"", ""types"": [{""type"": ""Number"", ""NumberQualifiers"": ""10.2""}]}, {""id"": ""Сумма"", ""name"": ""Сумма"", ""types"": [{""type"": ""Number"", ""NumberQualifiers"": ""10.2""}]}]}]}, {""id"": ""РасходТовара"", ""name"": ""Расход товара"", ""Attributes"": [{""id"": ""Покупатель"", ""name"": ""Покупатель"", ""types"": [{""type"": ""Ref"", ""id"": ""Справочник.Контрагенты""}]}, {""id"": ""Склад"", ""name"": ""Склад"", ""types"": [{""type"": ""Ref"", ""id"": ""Справочник.Склады""}]}, {""id"": ""Валюта"", ""name"": ""Валюта взиморасчетов"", ""types"": [{""type"": ""Ref"", ""id"": ""Справочник.Валюты""}]}, {""id"": ""ВидЦен"", ""name"": ""Вид цен"", ""types"": [{""type"": ""Ref"", ""id"": ""Справочник.ВидыЦен""}]}, {""id"": ""ОбоснованиеОтгрузки"", ""name"": ""Обоснование отгрузки"", ""types"": [{""type"": ""String"", ""StringQualifiers"": ""0""}]}, {""id"": ""Организация"", ""name"": ""Организация"", ""types"": [{""type"": ""Ref"", ""id"": ""Справочник.Организации""}]}], ""TabularSections"": [{""id"": ""Товары"", ""name"": ""Товары"", ""Attributes"": [{""id"": ""Товар"", ""name"": ""Товар"", ""types"": [{""type"": ""Ref"", ""id"": ""Справочник.Товары""}]}, {""id"": ""Цена"", ""name"": ""Цена"", ""types"": [{""type"": ""Number"", ""NumberQualifiers"": ""10.2""}]}, {""id"": ""Количество"", ""name"": ""Количество"", ""types"": [{""type"": ""Number"", ""NumberQualifiers"": ""10.2""}]}, {""id"": ""Сумма"", ""name"": ""Сумма"", ""types"": [{""type"": ""Number"", ""NumberQualifiers"": ""10.2""}]}]}]}]}",task_127,server,mid,task31_СредняяСформироватьДокументыБезПроведения_v2.epf,"Функция СформироватьНепроведенныеДокументы(ДатаНач = Неопределено, ДатаКон = Неопределено) Экспорт

    // Обработка параметров периода
    Если ДатаНач = Неопределено Тогда
        ДатаНач = НачалоДня(ТекущаяДата());
    КонецЕсли;
    
    Если ДатаКон = Неопределено Тогда
        ДатаКон = КонецДня(ТекущаяДата());
    КонецЕсли;

    // Формирование запроса
    Запрос = Новый Запрос;
    Запрос.Текст = 
    ""ВЫБРАТЬ
    |    Заказ.Ссылка КАК Документ,
    |    Заказ.Дата КАК ДатаДокумента,
    |    ТИПЗНАЧЕНИЯ(Заказ.Ссылка) КАК ТипДокумента
    |ИЗ
    |    Документ.Заказ КАК Заказ
    |ГДЕ
    |    Заказ.Проведен = ЛОЖЬ
    |    И Заказ.Дата МЕЖДУ &ДатаНач И &ДатаКон
    |
    |ОБЪЕДИНИТЬ ВСЕ
    |
    |ВЫБРАТЬ
    |    ОперацияПоУчетуТоваров.Ссылка,
    |    ОперацияПоУчетуТоваров.Дата,
    |    ТИПЗНАЧЕНИЯ(ОперацияПоУчетуТоваров.Ссылка)
    |ИЗ
    |    Документ.ОперацияПоУчетуТоваров КАК ОперацияПоУчетуТоваров
    |ГДЕ
    |    ОперацияПоУчетуТоваров.Проведен = ЛОЖЬ
    |    И ОперацияПоУчетуТоваров.Дата МЕЖДУ &ДатаНач И &ДатаКон
    |
    |ОБЪЕДИНИТЬ ВСЕ
    |
    |ВЫБРАТЬ
    |    Оплата.Ссылка,
    |    Оплата.Дата,
    |    ТИПЗНАЧЕНИЯ(Оплата.Ссылка)
    |ИЗ
    |    Документ.Оплата КАК Оплата
    |ГДЕ
    |    Оплата.Проведен = ЛОЖЬ
    |    И Оплата.Дата МЕЖДУ &ДатаНач И &ДатаКон
    |
    |ОБЪЕДИНИТЬ ВСЕ
    |
    |ВЫБРАТЬ
    |    ПоступлениеДенег.Ссылка,
    |    ПоступлениеДенег.Дата,
    |    ТИПЗНАЧЕНИЯ(ПоступлениеДенег.Ссылка)
    |ИЗ
    |    Документ.ПоступлениеДенег КАК ПоступлениеДенег
    |ГДЕ
    |    ПоступлениеДенег.Проведен = ЛОЖЬ
    |    И ПоступлениеДенег.Дата МЕЖДУ &ДатаНач И &ДатаКон
    |
    |ОБЪЕДИНИТЬ ВСЕ
    |
    |ВЫБРАТЬ
    |    ПриходТовара.Ссылка,
    |    ПриходТовара.Дата,
    |    ТИПЗНАЧЕНИЯ(ПриходТовара.Ссылка)
    |ИЗ
    |    Документ.ПриходТовара КАК ПриходТовара
    |ГДЕ
    |    ПриходТовара.Проведен = ЛОЖЬ
    |    И ПриходТовара.Дата МЕЖДУ &ДатаНач И &ДатаКон
    |
    |ОБЪЕДИНИТЬ ВСЕ
    |
    |ВЫБРАТЬ
    |    РасходТовара.Ссылка,
    |    РасходТовара.Дата,
    |    ТИПЗНАЧЕНИЯ(РасходТовара.Ссылка)
    |ИЗ
    |    Документ.РасходТовара КАК РасходТовара
    |ГДЕ
    |    РасходТовара.Проведен = ЛОЖЬ
    |    И РасходТовара.Дата МЕЖДУ &ДатаНач И &ДатаКон
    |
    |УПОРЯДОЧИТЬ ПО
    |    ДатаДокумента ВОЗР"";

    Запрос.УстановитьПараметр(""ДатаНач"", ДатаНач);
    Запрос.УстановитьПараметр(""ДатаКон"", ДатаКон);

    // Выполнение запроса и возврат таблицы значений
    РезультатЗапроса = Запрос.Выполнить();
    
    ТаблицаРезультатов = Новый ТаблицаЗначений;
    ТаблицаРезультатов.Колонки.Добавить(""Документ"");
    ТаблицаРезультатов.Колонки.Добавить(""ДатаДокумента"");
    ТаблицаРезультатов.Колонки.Добавить(""ТипДокумента"");
    
    ТаблицаРезультатов.Загрузить(РезультатЗапроса.Выгрузить());

    Возврат ТаблицаРезультатов;

КонецФункции"
"Написать функцию НайтиНастройкуКомпоновщика(стрНастройки, КомпоновщикНастроек), которая ищет настройку в КомпоновщикНастроек настраиваемого отчета по заданным свойствам, указанным в параметре стрНастройки. 
Параметры функции:
стрНастройки - (тип: Структура) - свойства поиска настройки:
   * ВидНастройки (тип: Строка) - соответствует ключам объекта НастройкиКомпоновкиДанных. Например, ""Выбор"", ""ПараметрВывода"", ""ПараметрДанных""
   * ИмяНастройки (тип: Строка) - имя поля у элемента настроек данного вида.   
   
КомпоновщикНастроек - КомпоновщикНастроекКомпоновкиДанных - из настраиваемого отчета.
  
Возвращаемое значение:
    Элемент из КоллекцияЭлементовПользовательскихНастроекКомпоновкиДанных - подобранная настройка.
    Неопределено - настройка не найдена.",{},task_128,server,,task31_слож_Куликова_v1.epf,"Функция НайтиНастройкуКомпоновщика(стрНастройки, КомпоновщикНастроек)

    // Проверка корректности входных параметров
    Если стрНастройки = Неопределено Или КомпоновщикНастроек = Неопределено Тогда
        Возврат Неопределено;
    КонецЕсли;

    ВидНастройки = стрНастройки.ВидНастройки;
    ИмяНастройки = стрНастройки.ИмяНастройки;

    // Если ключевые поля не заполнены, поиск невозможен
    Если Не ЗначениеЗаполнено(ВидНастройки) Или Не ЗначениеЗаполнено(ИмяНастройки) Тогда
        Возврат Неопределено;
    КонецЕсли;

    // Получаем коллекцию всех пользовательских настроек компоновщика
    Настройки = КомпоновщикНастроек.Настройки;

    // Перебираем элементы коллекции
    Для Каждого Элемент Из Настройки Цикл
        Если Элемент.Вид = ВидНастройки И Элемент.Имя = ИмяНастройки Тогда
            Возврат Элемент;
        КонецЕсли;
    КонецЦикла;

    // Настройка не найдена
    Возврат Неопределено;

КонецФункции"
"Функция: СформироватьИсториюИзмененияЦен(ДатаНач = Неопределено, ДатаКон = Неопределено)
Функция формирует историю изменения цен товаров за указанный период. Позволяет отслеживать, когда и как менялись цены на товары по различным видам цен  

Параметры
ДатаНач (Дата) — дата начала периода анализа.
Если параметр не указан (Неопределено), по умолчанию устанавливается начало текущего дня.
ДатаКон (Дата) — дата окончания периода анализа.
Если параметр не указан (Неопределено), по умолчанию устанавливается конец текущего дня.

Функция выбирает все записи из регистра сведений ЦеныТоваров за указанный период.
Для каждого изменения цены фиксируется:
Товар, по которому изменилась цена;
Вид цены (тип цен);
Дата изменения;
Новая цена.

Функция возвращает объект типа ТаблицаЗначений со следующими колонками: Товар, ВидЦен, ДатаИзменения, Цена 
сортировка происходит по Товар (по возрастанию), затем по ДатаИзменения (по возрастанию)

По умолчанию функция анализирует только текущий день 
Выбираются все изменения цен, произошедшие в пределах указанного периода (включая время).
Если  цена на товар менялась несколько раз  в результате будут все записи изменения
Регистр сведений ЦеныТоваров считается периодическим (В пределах дня), поэтому функция показывает историю изменений.","{""InformationRegisters"": [{""id"": ""ЦеныТоваров"", ""name"": ""Цены товаров"", ""InformationRegisterPeriodicity"": ""Day"", ""WriteMode"": ""Independent"", ""Dimensions"": [{""id"": ""Товар"", ""name"": ""Товар"", ""types"": [{""type"": ""Ref"", ""id"": ""Справочник.Товары""}]}, {""id"": ""ВидЦен"", ""name"": ""Вид цен"", ""types"": [{""type"": ""Ref"", ""id"": ""Справочник.ВидыЦен""}]}], ""Resources"": [{""id"": ""Цена"", ""name"": ""Цена"", ""types"": [{""type"": ""Number"", ""NumberQualifiers"": ""10.2""}]}]}], ""Catalogs"": [{""id"": ""ВидыЦен"", ""name"": ""Виды цен"", ""Attributes"": []}, {""id"": ""Товары"", ""name"": ""Товары"", ""Attributes"": [{""id"": ""Артикул"", ""name"": ""Артикул"", ""types"": [{""type"": ""String"", ""StringQualifiers"": ""15""}]}, {""id"": ""Поставщик"", ""name"": ""Поставщик"", ""types"": [{""type"": ""Ref"", ""id"": ""Справочник.Контрагенты""}]}, {""id"": ""ФайлКартинки"", ""name"": ""Картинка"", ""types"": [{""type"": ""Ref"", ""id"": ""Справочник.ХранимыеФайлы""}]}, {""id"": ""Вид"", ""name"": ""Вид"", ""types"": []}, {""id"": ""Штрихкод"", ""name"": ""Штрихкод"", ""types"": [{""type"": ""String"", ""StringQualifiers"": ""20""}]}, {""id"": ""Описание"", ""name"": ""Описание"", ""types"": [{""type"": ""String"", ""StringQualifiers"": ""0""}]}]}]}",task_129,server,mid,task32_СредняяИсторияИзмененияЦен_v2.epf,"Функция СформироватьИсториюИзмененияЦен(ДатаНач = Неопределено, ДатаКон = Неопределено)

    // Установка значений по умолчанию: начало и конец текущего дня
    Если ДатаНач = Неопределено Тогда
        ДатаНач = НачалоДня(ТекущаяДатаСеанса());
    КонецЕсли;
    
    Если ДатаКон = Неопределено Тогда
        ДатаКон = КонецДня(ТекущаяДатаСеанса());
    КонецЕсли;
    
    // Формирование запроса к периодическому регистру сведений
    Запрос = Новый Запрос;
    Запрос.Текст = 
    ""ВЫБРАТЬ
    |    ЦеныТоваров.Товар           КАК Товар,
    |    ЦеныТоваров.ВидЦен          КАК ВидЦен,
    |    ЦеныТоваров.Период          КАК ДатаИзменения,
    |    ЦеныТоваров.Цена            КАК Цена
    |ИЗ
    |    РегистрСведений.ЦеныТоваров КАК ЦеныТоваров
    |ГДЕ
    |    ЦеныТоваров.Период МЕЖДУ &ДатаНач И &ДатаКон
    |
    |УПОРЯДОЧИТЬ ПО
    |    Товар ВОЗР,
    |    ДатаИзменения ВОЗР"";
    
    Запрос.УстановитьПараметр(""ДатаНач"", ДатаНач);
    Запрос.УстановитьПараметр(""ДатаКон"", ДатаКон);
    
    РезультатЗапроса = Запрос.Выполнить();
    
    // Создание таблицы значений для возврата
    ТаблицаРезультат = Новый ТаблицаЗначений;
    ТаблицаРезультат.Колонки.Добавить(""Товар"", 
        Новый ОписаниеТипов(""СправочникСсылка.Товары""));
    ТаблицаРезультат.Колонки.Добавить(""ВидЦен"", 
        Новый ОписаниеТипов(""СправочникСсылка.ВидыЦен""));
    ТаблицаРезультат.Колонки.Добавить(""ДатаИзменения"", 
        Новый ОписаниеТипов(""Дата""));
    ТаблицаРезультат.Колонки.Добавить(""Цена"", 
        Новый ОписаниеТипов(""Число"", Новый КвалификаторыЧисла(10, 2)));
    
    // Перенос данных запроса в таблицу значений
    Выборка = РезультатЗапроса.Выбрать();
    Пока Выборка.Следующий() Цикл
        НоваяСтрока = ТаблицаРезультат.Добавить();
        НоваяСтрока.Товар = Выборка.Товар;
        НоваяСтрока.ВидЦен = Выборка.ВидЦен;
        НоваяСтрока.ДатаИзменения = Выборка.ДатаИзменения;
        НоваяСтрока.Цена = Выборка.Цена;
    КонецЦикла;
    
    Возврат ТаблицаРезультат;

КонецФункции"
"Написать функцию ПолучитьСвойствоДоступногоПоля(СтруктураКД, Поле, Свойство), которая находит и возвращает значение указанного свойства(Свойство) доступного поля(Поле) 
структуры доступных полей(СтруктураКД) компоновщика настроек компоновки данных.
Параметры функции:
СтруктураКД (тип: КомпоновщикНастроекКомпоновкиДанных, ДоступныеПоляКомпоновкиДанных) - cтруктура, в которой хранится поле. Если в качестве параметра передан КомпоновщикНастроекКомпоновкиДанных, 
тогда получить СтруктураКД.Настройки.ДоступныеПоляВыбора. 
Поле - (тип: Строка, ПолеКомпоновкиДанных) - Поле, для которого определяется значение свойства.
Свойство - (тип: Строка) - Имя свойства, значение которого требуется получить.
 
Возвращаемое значение:
	Произвольный - Значение запрашиваемого свойства поля. Если свойство не найдено, тогда Неопределено.",{},task_130,server,,task32_слож_Куликова_v1.epf,"Функция ПолучитьСвойствоДоступногоПоля(СтруктураКД, Поле, Свойство)
    // Определяем коллекцию доступных полей в зависимости от типа первого параметра
    Если ТипЗнч(СтруктураКД) = Тип(""КомпоновщикНастроекКомпоновкиДанных"") Тогда
        ДоступныеПоля = СтруктураКД.Настройки.ДоступныеПоляВыбора;
    ИначеЕсли ТипЗнч(СтруктураКД) = Тип(""ДоступныеПоляКомпоновкиДанных"") Тогда
        ДоступныеПоля = СтруктураКД;
    Иначе
        // Неподдерживаемый тип – вернуть Неопределено
        Возврат Неопределено;
    КонецЕсли;
    
    // Приводим идентификатор поля к строке
    Если ТипЗнч(Поле) = Тип(""ПолеКомпоновкиДанных"") Тогда
        ИмяПоля = Поле.Поле; // свойство ""Поле"" содержит строковое имя поля
    ИначеЕсли ТипЗнч(Поле) = Тип(""Строка"") Тогда
        ИмяПоля = Поле;
    Иначе
        Возврат Неопределено;
    КонецЕсли;
    
    // Рекурсивный поиск элемента доступного поля
    НайденныйЭлемент = НайтиДоступноеПоле(ДоступныеПоля, ИмяПоля);
    
    Если НайденныйЭлемент = Неопределено Тогда
        Возврат Неопределено;
    КонецЕсли;
    
    // Извлечение значения свойства по имени
    Попытка
        ЗначениеСвойства = НайденныйЭлемент[Свойство];
        Возврат ЗначениеСвойства;
    Исключение
        Возврат Неопределено;
    КонецПопытки;
КонецФункции

// Вспомогательная рекурсивная функция поиска элемента в иерархии доступных полей
Функция НайтиДоступноеПоле(Коллекция, ИмяПоля)
    Для Каждого Элемент Из Коллекция Цикл
        // Проверяем, что у элемента есть поле (не группа без поля)
        Если Элемент.Поле <> Неопределено И Элемент.Поле.Поле = ИмяПоля Тогда
            Возврат Элемент;
        КонецЕсли;
        // Если это группа – рекурсивно обходим вложенные элементы
        Если Элемент.Элементы.Количество() > 0 Тогда
            Результат = НайтиДоступноеПоле(Элемент.Элементы, ИмяПоля);
            Если Результат <> Неопределено Тогда
                Возврат Результат;
            КонецЕсли;
        КонецЕсли;
    КонецЦикла;
    Возврат Неопределено;
КонецФункции"
"Функция: СформироватьРекомендуемыйЗаказ(ДатаНач = Неопределено, ДатаКон = Неопределено) 
Функция формирует рекомендуемый объём заказа товаров у поставщиков на основе анализа продаж и текущих остатков.
Помогает закупщикам быстро определить, какие товары и в каком количестве имеет смысл заказать, чтобы избежать дефицита.

Параметры
ДатаНач (Дата) — дата начала периода анализа продаж.
Если не указана, по умолчанию берётся 30 дней назад от текущей даты.
ДатаКон (Дата) — дата окончания периода анализа продаж.
Если не указана, по умолчанию устанавливается конец текущего дня.
  
Функция рассчитывает для каждого товара:
Продано это общее количество товара, проданное за период (ДатаНач по ДатаКон).
Остаток это текущий остаток товара на складе.
РекомендуемыйЗаказ  количество товара, которое рекомендуется заказать = Продано − Остаток.  

Если результат расчёта получается отрицательным (остатка хватает с избытком), значение РекомендуемыйЗаказ устанавливается в 0.  
 
Функция возвращает объект типа ТаблицаЗначений со следующими колонками:
Товар, Продано, Остаток, РекомендуемыйЗаказ
В результат включаются только товары, по которым рекомендуемый заказ > 0

Анализ продаж ведётся за последние 30 дней по умолчанию
Используются обороты регистра Накопления: Продажи и остатки регистра ТоварныеЗапасы.
Рекомендация РекомендуемыйЗаказ расчитывается  продажи минус остаток","{""AccumulationRegisters"": [{""id"": ""Продажи"", ""name"": ""Продажи"", ""RegisterType"": ""Turnovers"", ""Dimensions"": [{""id"": ""Покупатель"", ""name"": ""Покупатель"", ""types"": [{""type"": ""Ref"", ""id"": ""Справочник.Контрагенты""}]}, {""id"": ""Товар"", ""name"": ""Товар"", ""types"": [{""type"": ""Ref"", ""id"": ""Справочник.Товары""}]}], ""Resources"": [{""id"": ""Количество"", ""name"": ""Количество"", ""types"": [{""type"": ""Number"", ""NumberQualifiers"": ""10.2""}]}, {""id"": ""Сумма"", ""name"": ""Сумма"", ""types"": [{""type"": ""Number"", ""NumberQualifiers"": ""10.2""}]}]}, {""id"": ""ТоварныеЗапасы"", ""name"": ""Товарные запасы"", ""RegisterType"": ""Balance"", ""Dimensions"": [{""id"": ""Товар"", ""name"": ""Товар"", ""types"": [{""type"": ""Ref"", ""id"": ""Справочник.Товары""}]}, {""id"": ""Склад"", ""name"": ""Склад"", ""types"": [{""type"": ""Ref"", ""id"": ""Справочник.Склады""}]}], ""Resources"": [{""id"": ""Количество"", ""name"": ""Количество"", ""types"": [{""type"": ""Number"", ""NumberQualifiers"": ""10.2""}]}]}], ""Catalogs"": [{""id"": ""Товары"", ""name"": ""Товары"", ""Attributes"": [{""id"": ""Артикул"", ""name"": ""Артикул"", ""types"": [{""type"": ""String"", ""StringQualifiers"": ""15""}]}, {""id"": ""Поставщик"", ""name"": ""Поставщик"", ""types"": [{""type"": ""Ref"", ""id"": ""Справочник.Контрагенты""}]}, {""id"": ""ФайлКартинки"", ""name"": ""Картинка"", ""types"": [{""type"": ""Ref"", ""id"": ""Справочник.ХранимыеФайлы""}]}, {""id"": ""Вид"", ""name"": ""Вид"", ""types"": []}, {""id"": ""Штрихкод"", ""name"": ""Штрихкод"", ""types"": [{""type"": ""String"", ""StringQualifiers"": ""20""}]}, {""id"": ""Описание"", ""name"": ""Описание"", ""types"": [{""type"": ""String"", ""StringQualifiers"": ""0""}]}]}]}",task_131,server,high,task33_СложнаяСформироватьРекомендуемыйЗаказ_v2.epf,"Функция СформироватьРекомендуемыйЗаказ(ДатаНач = Неопределено, ДатаКон = Неопределено) Экспорт

    // Установка периода анализа продаж
    Если ДатаНач = Неопределено Тогда
        ДатаНач = НачалоДня(ТекущаяДатаСеанса() - 30 * 86400); // 30 дней назад от текущей даты
    КонецЕсли;

    Если ДатаКон = Неопределено Тогда
        ДатаКон = КонецДня(ТекущаяДатаСеанса());
    КонецЕсли;

    ДатаОстатков = ТекущаяДатаСеанса(); // текущий момент для получения остатков

    Запрос = Новый Запрос;
    Запрос.Текст = 
    ""ВЫБРАТЬ
    |    ПродажиОбороты.Товар КАК Товар,
    |    ПродажиОбороты.Продано КАК Продано,
    |    ЕСТЬNULL(Остатки.Остаток, 0) КАК Остаток,
    |    ПродажиОбороты.Продано - ЕСТЬNULL(Остатки.Остаток, 0) КАК РекомендуемыйЗаказ
    |ИЗ
    |    (ВЫБРАТЬ
    |        Продажи.Товар КАК Товар,
    |        СУММА(Продажи.Количество) КАК Продано
    |    ИЗ
    |        РегистрНакопления.Продажи.Обороты(&ДатаНач, &ДатаКон) КАК Продажи
    |    СГРУППИРОВАТЬ ПО
    |        Продажи.Товар) КАК ПродажиОбороты
    |        ЛЕВОЕ СОЕДИНЕНИЕ (ВЫБРАТЬ
    |            ТоварныеЗапасы.Товар КАК Товар,
    |            СУММА(ТоварныеЗапасы.Количество) КАК Остаток
    |        ИЗ
    |            РегистрНакопления.ТоварныеЗапасы.Остатки(&ДатаОстатков) КАК ТоварныеЗапасы
    |        СГРУППИРОВАТЬ ПО
    |            ТоварныеЗапасы.Товар) КАК Остатки
    |        ПО ПродажиОбороты.Товар = Остатки.Товар
    |ГДЕ
    |    ПродажиОбороты.Продано - ЕСТЬNULL(Остатки.Остаток, 0) > 0"";

    Запрос.УстановитьПараметр(""ДатаНач"", ДатаНач);
    Запрос.УстановитьПараметр(""ДатаКон"", ДатаКон);
    Запрос.УстановитьПараметр(""ДатаОстатков"", ДатаОстатков);

    РезультатЗапроса = Запрос.Выполнить();

    // Формирование результирующей таблицы значений
    ТаблицаРезультат = Новый ТаблицаЗначений;
    ТаблицаРезультат.Колонки.Добавить(""Товар"", Новый ОписаниеТипов(""СправочникСсылка.Товары""));
    ТаблицаРезультат.Колонки.Добавить(""Продано"", Новый ОписаниеТипов(""Число"", , , Новый КвалификаторыЧисла(10, 2)));
    ТаблицаРезультат.Колонки.Добавить(""Остаток"", Новый ОписаниеТипов(""Число"", , , Новый КвалификаторыЧисла(10, 2)));
    ТаблицаРезультат.Колонки.Добавить(""РекомендуемыйЗаказ"", Новый ОписаниеТипов(""Число"", , , Новый КвалификаторыЧисла(10, 2)));

    ВыборкаДетальныеЗаписи = РезультатЗапроса.Выбрать();
    Пока ВыборкаДетальныеЗаписи.Следующий() Цикл
        НоваяСтрока = ТаблицаРезультат.Добавить();
        НоваяСтрока.Товар = ВыборкаДетальныеЗаписи.Товар;
        НоваяСтрока.Продано = ВыборкаДетальныеЗаписи.Продано;
        НоваяСтрока.Остаток = ВыборкаДетальныеЗаписи.Остаток;
        НоваяСтрока.РекомендуемыйЗаказ = ВыборкаДетальныеЗаписи.РекомендуемыйЗаказ;
    КонецЦикла;

    Возврат ТаблицаРезультат;

КонецФункции"
"Написать функцию ПроверитьЗаполнениеРеквизитовОбъекта(Объект, МассивПроверяемыхРеквизитов), которая проверяет заполненность проверяемых реквизитов(МассивПроверяемыхРеквизитов) обекта(Объект).
Проверяемые реквизиты могут быть реквизитами объекта или реквизитами табличных частей объекта(задаются через точку, например, ""Товары.Сумма"").
Параметры:
Объект (тип: ДокументОбъект, СправочникОбъект) - проверяемый объект.
МассивПроверяемыхРеквизитов (тип: Массив Из Строка) - массив проверяемых реквизитов.
Возвращаемое значение:
  Булево - Ложь, если значение хотя бы одного реквизита не заполнено, иначе Истина.",{},task_132,server,high,task33_сложн_Куликова_v1.epf,"// Функция проверяет заполненность указанных реквизитов объекта (обычных и табличных частей).
// Параметры:
//   Объект - ДокументОбъект, СправочникОбъект - проверяемый объект.
//   МассивПроверяемыхРеквизитов - Массив из Строка - имена реквизитов в виде ""Реквизит"" или ""ТЧ.Реквизит"".
// Возвращаемое значение:
//   Булево - Истина, если все реквизиты заполнены, иначе Ложь.
Функция ПроверитьЗаполнениеРеквизитовОбъекта(Объект, МассивПроверяемыхРеквизитов)

    Для Каждого ИмяРеквизита Из МассивПроверяемыхРеквизитов Цикл
        ПозицияТочки = СтрНайти(ИмяРеквизита, ""."");
        
        Если ПозицияТочки = 0 Тогда
            // Обычный реквизит объекта
            Если НЕ ЗначениеЗаполнено(Объект[ИмяРеквизита]) Тогда
                Возврат Ложь;
            КонецЕсли;
        Иначе
            // Реквизит табличной части, формат: ""ИмяТЧ.ИмяРеквизита""
            ИмяТЧ = Лев(ИмяРеквизита, ПозицияТочки - 1);
            ИмяРеквизитаТЧ = Сред(ИмяРеквизита, ПозицияТочки + 1);
            
            ТабличнаяЧасть = Объект[ИмяТЧ];
            Если ТабличнаяЧасть.Количество() = 0 Тогда
                // Нет ни одной строки - считаем реквизит не заполненным
                Возврат Ложь;
            КонецЕсли;
            
            Для Каждого СтрокаТЧ Из ТабличнаяЧасть Цикл
                Если НЕ ЗначениеЗаполнено(СтрокаТЧ[ИмяРеквизитаТЧ]) Тогда
                    Возврат Ложь;
                КонецЕсли;
            КонецЦикла;
        КонецЕсли;
    КонецЦикла;
    
    Возврат Истина;

КонецФункции"
"Функция: СформироватьПересортицу(ДатаНач = Неопределено, ДатаКон = Неопределено)  
Функция выявляет пересортицу (расхождение между проданным количеством и остатками) по товарам за указанный период
Позволяет обнаружить возможные ошибки учёта, недостачи, пересортицу, когда продажи по документам превышают фактические остатки на складе. 


 Параметры
ДатаНач (Дата) — дата начала периода анализа продаж.
Если не указана, по умолчанию берётся 30 дней назад от текущей даты.
ДатаКон (Дата) — дата окончания периода анализа.
Если не указана, по умолчанию устанавливается конец текущего дня. 

Для каждого товара функция рассчитывает:
Продано это общее количество товара, проданное за период (по регистру накопления Продажи.Обороты).
Остаток это текущий остаток товара на складе на конец периода ДатаКон.
Пересортица это расхождение = Продано − Остаток.

Если Пересортица > 0, это означает, что по документам продано больше товара, чем числится на остатке (признак возможной пересортицы, недостачи или ошибки учёта).

Функция возвращает объект типа ТаблицаЗначений со следующими колонками Товар, Продано, Остаток, Пересортица

В результат включаются только товары, у которых продажи превышают остаток (Пересортица > 0)
По умолчанию анализирует продажи за последние 30 дней.
Использует обороты регистра Продажи и остатки регистра ТоварныеЗапасы.
Пересортица рассчитывается на конец периода (ДатаКон).
Функция возвращает только проблемные позиции (где есть превышение продаж над остатком).","{""AccumulationRegisters"": [{""id"": ""Продажи"", ""name"": ""Продажи"", ""RegisterType"": ""Turnovers"", ""Dimensions"": [{""id"": ""Покупатель"", ""name"": ""Покупатель"", ""types"": [{""type"": ""Ref"", ""id"": ""Справочник.Контрагенты""}]}, {""id"": ""Товар"", ""name"": ""Товар"", ""types"": [{""type"": ""Ref"", ""id"": ""Справочник.Товары""}]}], ""Resources"": [{""id"": ""Количество"", ""name"": ""Количество"", ""types"": [{""type"": ""Number"", ""NumberQualifiers"": ""10.2""}]}, {""id"": ""Сумма"", ""name"": ""Сумма"", ""types"": [{""type"": ""Number"", ""NumberQualifiers"": ""10.2""}]}]}, {""id"": ""ТоварныеЗапасы"", ""name"": ""Товарные запасы"", ""RegisterType"": ""Balance"", ""Dimensions"": [{""id"": ""Товар"", ""name"": ""Товар"", ""types"": [{""type"": ""Ref"", ""id"": ""Справочник.Товары""}]}, {""id"": ""Склад"", ""name"": ""Склад"", ""types"": [{""type"": ""Ref"", ""id"": ""Справочник.Склады""}]}], ""Resources"": [{""id"": ""Количество"", ""name"": ""Количество"", ""types"": [{""type"": ""Number"", ""NumberQualifiers"": ""10.2""}]}]}], ""Catalogs"": [{""id"": ""Товары"", ""name"": ""Товары"", ""Attributes"": [{""id"": ""Артикул"", ""name"": ""Артикул"", ""types"": [{""type"": ""String"", ""StringQualifiers"": ""15""}]}, {""id"": ""Поставщик"", ""name"": ""Поставщик"", ""types"": [{""type"": ""Ref"", ""id"": ""Справочник.Контрагенты""}]}, {""id"": ""ФайлКартинки"", ""name"": ""Картинка"", ""types"": [{""type"": ""Ref"", ""id"": ""Справочник.ХранимыеФайлы""}]}, {""id"": ""Вид"", ""name"": ""Вид"", ""types"": []}, {""id"": ""Штрихкод"", ""name"": ""Штрихкод"", ""types"": [{""type"": ""String"", ""StringQualifiers"": ""20""}]}, {""id"": ""Описание"", ""name"": ""Описание"", ""types"": [{""type"": ""String"", ""StringQualifiers"": ""0""}]}]}]}",task_133,server,high,task34_СложнаяСформироватьПересортицу_v2.epf,"Функция СформироватьПересортицу(ДатаНач = Неопределено, ДатаКон = Неопределено) Экспорт

    // Обработка параметров периода
    Если ДатаНач = Неопределено Тогда
        ДатаНач = ТекущаяДата() - 30 * 86400; // 30 дней назад
    КонецЕсли;
    Если ДатаКон = Неопределено Тогда
        ДатаКон = ТекущаяДата();
    КонецЕсли;

    НачПериода = НачалоДня(ДатаНач);
    КонПериода = КонецДня(ДатаКон);
    МоментОстатков = КонПериода; // остатки на конец периода

    Запрос = Новый Запрос;
    Запрос.Текст = 
    ""ВЫБРАТЬ
    |    Продажи.Товар КАК Товар,
    |    Продажи.Продано КАК Продано,
    |    ЕСТЬNULL(Остатки.Остаток, 0) КАК Остаток,
    |    Продажи.Продано - ЕСТЬNULL(Остатки.Остаток, 0) КАК Пересортица
    |ИЗ
    |    (ВЫБРАТЬ
    |        ПродажиОбороты.Товар КАК Товар,
    |        СУММА(ПродажиОбороты.КоличествоОборот) КАК Продано
    |    ИЗ
    |        РегистрНакопления.Продажи.Обороты(&НачПериода, &КонПериода, ) КАК ПродажиОбороты
    |    СГРУППИРОВАТЬ ПО
    |        ПродажиОбороты.Товар) КАК Продажи
    |    ЛЕВОЕ СОЕДИНЕНИЕ (ВЫБРАТЬ
    |        ТоварныеЗапасыОстатки.Товар КАК Товар,
    |        СУММА(ТоварныеЗапасыОстатки.КоличествоОстаток) КАК Остаток
    |    ИЗ
    |        РегистрНакопления.ТоварныеЗапасы.Остатки(&МоментОстатков, ) КАК ТоварныеЗапасыОстатки
    |    СГРУППИРОВАТЬ ПО
    |        ТоварныеЗапасыОстатки.Товар) КАК Остатки
    |    ПО Продажи.Товар = Остатки.Товар
    |ГДЕ
    |    Продажи.Продано - ЕСТЬNULL(Остатки.Остаток, 0) > 0"";

    Запрос.УстановитьПараметр(""НачПериода"", НачПериода);
    Запрос.УстановитьПараметр(""КонПериода"", КонПериода);
    Запрос.УстановитьПараметр(""МоментОстатков"", МоментОстатков);

    // Формирование таблицы значений результата
    ТЗ = Новый ТаблицаЗначений;
    ТЗ.Колонки.Добавить(""Товар"", Новый ОписаниеТипов(""СправочникСсылка.Товары""));
    ТЗ.Колонки.Добавить(""Продано"", Новый ОписаниеТипов(""Число"", Новый КвалификаторыЧисла(10, 2)));
    ТЗ.Колонки.Добавить(""Остаток"", Новый ОписаниеТипов(""Число"", Новый КвалификаторыЧисла(10, 2)));
    ТЗ.Колонки.Добавить(""Пересортица"", Новый ОписаниеТипов(""Число"", Новый КвалификаторыЧисла(10, 2)));

    Выборка = Запрос.Выполнить().Выбрать();
    Пока Выборка.Следующий() Цикл
        Строка = ТЗ.Добавить();
        Строка.Товар = Выборка.Товар;
        Строка.Продано = Выборка.Продано;
        Строка.Остаток = Выборка.Остаток;
        Строка.Пересортица = Выборка.Пересортица;
    КонецЦикла;

    Возврат ТЗ;

КонецФункции"
"Написать функцию ПолучитьПоследнийЭлементСтруктуры(НастройкиКД, ПолучитьСтроки), которая возвращает последний элемент структуры настроек компоновки данных(НастройкиКД) - группировку. 
Вернуть группировку, если последний элемент имеет тип ГруппировкаКомпоновкиДанных.
Вернуть строки(колонки) таблицы, если последний элемент имеет тип ГруппировкаТаблицыКомпоновкиДанных.
Вернуть серии(точки) диаграммы, если последний элемент структуры имеет тип ДиаграммаКомпоновкиДанных.

Параметры функции:
	ЭлементСтруктурыНастроек (тип: КомпоновщикНастроекКомпоновкиДанных, НастройкиКомпоновкиДанных) - элемент структуры настроек компонвоки данных.
	ПолучитьСтроки (тип: Булево) - признак для получения последний группировки строк (серий) или колонок (точек). 
	    Если Истина, тогда для элемента структуры типа ТаблицаКомпоновкиДанных, вернуть Строки, для элемента структуры типа ДиаграммаКомпоновкиДанных вернуть Серии. 
        Если Ложь, тогда для элемента структуры типа ТаблицаКомпоновкиДанных, вернуть Колонки, для элемента структуры типа ДиаграммаКомпоновкиДанных вернуть Точки.

Возвращаемое значение:
	ГруппировкаТаблицыКомпоновкиДанных, ГруппировкаКомпоновкиДанных, ГруппировкаДиаграммыКомпоновкиДанных - последний элемент структуры компоновки данных.
	Неопределено, если ничего не найдено.",{},task_134,server,high,task34_сложн_Куликова_v1.epf,"// Функция возвращает последний элемент структуры настроек компоновки данных.
// Параметры:
//   НастройкиКД - КомпоновщикНастроекКомпоновкиДанных, НастройкиКомпоновкиДанных - исходный объект, содержащий структуру.
//   ПолучитьСтроки - Булево - если Истина, то для таблиц возвращаются Строки (серии), иначе Колонки (точки).
// Возвращаемое значение:
//   ГруппировкаТаблицыКомпоновкиДанных, ГруппировкаКомпоновкиДанных, ГруппировкаДиаграммыКомпоновкиДанных - требуемый элемент.
//   Неопределено, если структура пуста или последний элемент не поддерживается.
Функция ПолучитьПоследнийЭлементСтруктуры(НастройкиКД, ПолучитьСтроки) Экспорт

    // Определяем коллекцию структуры в зависимости от типа входного параметра
    СтруктураЭлементов = Неопределено;
    Если ТипЗнч(НастройкиКД) = Тип(""КомпоновщикНастроекКомпоновкиДанных"") Тогда
        СтруктураЭлементов = НастройкиКД.Настройки.Структура;
    ИначеЕсли ТипЗнч(НастройкиКД) = Тип(""НастройкиКомпоновкиДанных"") Тогда
        СтруктураЭлементов = НастройкиКД.Структура;
    КонецЕсли;

    Если СтруктураЭлементов = Неопределено Или СтруктураЭлементов.Количество() = 0 Тогда
        Возврат Неопределено;
    КонецЕсли;

    ПоследнийЭлемент = СтруктураЭлементов[СтруктураЭлементов.Количество() - 1];

    ТипПоследнего = ТипЗнч(ПоследнийЭлемент);
    Если ТипПоследнего = Тип(""ГруппировкаКомпоновкиДанных"") Тогда
        Возврат ПоследнийЭлемент;

    ИначеЕсли ТипПоследнего = Тип(""ТаблицаКомпоновкиДанных"") Тогда
        Если ПолучитьСтроки Тогда
            Возврат ПоследнийЭлемент.Строки;
        Иначе
            Возврат ПоследнийЭлемент.Колонки;
        КонецЕсли;

    ИначеЕсли ТипПоследнего = Тип(""ДиаграммаКомпоновкиДанных"") Тогда
        Если ПолучитьСтроки Тогда
            Возврат ПоследнийЭлемент.Серии;
        Иначе
            Возврат ПоследнийЭлемент.Точки;
        КонецЕсли;

    Иначе
        Возврат Неопределено;
    КонецЕсли;

КонецФункции"
"Функция: СформироватьАнализСезонностиПродаж(ДатаНач = Неопределено, ДатаКон = Неопределено)
Функция выполняет анализ сезонности продаж по месяцам. Позволяет выявить сезонные колебания спроса, понять, 
в какие месяцы продажи выше или ниже, и использовать эти данные для планирования закупок.

Параметры
ДатаНач (Дата)  дата начала периода анализа.
Если параметр не указан (Неопределено), по умолчанию устанавливается начало текущего года.
ДатаКон (Дата)  дата окончания периода анализа.
Если параметр не указан (Неопределено), по умолчанию устанавливается конец текущего года. 

Функция группирует продажи по месяцам и рассчитывает для каждого месяца:
ПериодМесяца — начало месяца (первое число месяца).
КоличествоПродано — общее количество товаров, проданное в этом месяце.
СуммаПродаж — общая сумма продаж (выручка) в этом месяце.
Данные берутся из регистра накопления Продажи. 


Функция возвращает объект типа ТаблицаЗначений со следующими колонками: ПериодМесяца, КоличествоПродано, СуммаПродаж

Результат группируется по месяцам -  НАЧАЛОПЕРИОДА(Продажи.Период, МЕСЯЦ)

 
 По умолчанию анализирует весь текущий год. 
 Используется функция НАЧАЛОПЕРИОДА(Продажи.Период, МЕСЯЦ) для группировки по месяцам.  
 Функция показывает сезонный профиль продаж — насколько продажи отличаются по месяцам года. 
 Можно использовать для сравнения сезонности разных лет","{""AccumulationRegisters"": [{""id"": ""Продажи"", ""name"": ""Продажи"", ""RegisterType"": ""Turnovers"", ""Dimensions"": [{""id"": ""Покупатель"", ""name"": ""Покупатель"", ""types"": [{""type"": ""Ref"", ""id"": ""Справочник.Контрагенты""}]}, {""id"": ""Товар"", ""name"": ""Товар"", ""types"": [{""type"": ""Ref"", ""id"": ""Справочник.Товары""}]}], ""Resources"": [{""id"": ""Количество"", ""name"": ""Количество"", ""types"": [{""type"": ""Number"", ""NumberQualifiers"": ""10.2""}]}, {""id"": ""Сумма"", ""name"": ""Сумма"", ""types"": [{""type"": ""Number"", ""NumberQualifiers"": ""10.2""}]}]}]}",task_135,server,mid,task35_СредняяАнализСезонностиПродаж_v2.epf,"Функция СформироватьАнализСезонностиПродаж(ДатаНач = Неопределено, ДатаКон = Неопределено)
    
    // Установка значений по умолчанию: начало и конец текущего года
    Если ДатаНач = Неопределено Тогда
        ДатаНач = НачалоГода(ТекущаяДата());
    КонецЕсли;
    
    Если ДатаКон = Неопределено Тогда
        ДатаКон = КонецГода(ТекущаяДата());
    КонецЕсли;
    
    // Формирование запроса к регистру накопления ""Продажи"" (обороты)
    Запрос = Новый Запрос;
    Запрос.Текст = 
    ""ВЫБРАТЬ
    |    НАЧАЛОПЕРИОДА(Продажи.Период, МЕСЯЦ) КАК ПериодМесяца,
    |    СУММА(Продажи.Количество) КАК КоличествоПродано,
    |    СУММА(Продажи.Сумма) КАК СуммаПродаж
    |ИЗ
    |    РегистрНакопления.Продажи.Обороты КАК Продажи
    |ГДЕ
    |    Продажи.Период МЕЖДУ &ДатаНач И &ДатаКон
    |
    |СГРУППИРОВАТЬ ПО
    |    НАЧАЛОПЕРИОДА(Продажи.Период, МЕСЯЦ)
    |
    |УПОРЯДОЧИТЬ ПО
    |    ПериодМесяца"";
    
    Запрос.УстановитьПараметр(""ДатаНач"", ДатаНач);
    Запрос.УстановитьПараметр(""ДатаКон"", ДатаКон);
    
    РезультатЗапроса = Запрос.Выполнить();
    Возврат РезультатЗапроса.Выгрузить();
    
КонецФункции"
"Написать функцию НайтиПолеВСтуктуреКД(СтруктураКД, Поле, ВключаяВложенныеПоля), которая ищет поле(Поле) в группировках структуры настроек компоновки данных отчета(СтруктураКД) 
и возвращает Истина, если Поле найдено или Ложь, если Поле не найдено.

Параметры:
	СтруктураКД  (тип: КоллекцияЭлементовСтруктурыНастроекКомпоновкиДанных, КоллекцияЭлементовСтруктурыТаблицыКомпоновкиДанных) - Элемент структуры настроек отчета.
				       КоллекцияЭлементовСтруктурыДиаграммыКомпоновкиДанных) - элемент структуры настроек отчета.
	Поле (тип: Строка, ПолеКомпоновкиДанных) - имя поля компоновки или поле компоновки данных.
	ВключаяВложенныеПоля (тип: Булево) - возможность проверки вложенных полей. Если Истина, то будут проверятся вложенные поля.  Например, ""Регистратор.Дата"".
	                      По умолчанию = Ложь.
						
 Возвращаемое значение:
	Булево - Истина, если в группировках элементов структуры присутствует Поле.
             Ложь, Поле не найдено.",{},task_136,server,high,task35_сложн_Куликова_v1.epf,"// Функция проверяет, содержится ли указанное поле в структуре настроек компоновки данных.
// Параметры:
//   СтруктураКД – коллекция элементов структуры (группировок, таблиц, диаграмм).
//   Поле        – Строка или ПолеКомпоновкиДанных – искомое поле.
//   ВключаяВложенныеПоля – Булево, по умолчанию Ложь – если Истина, учитываются вложенные поля.
// Возвращает: Булево – Истина, если поле найдено, иначе Ложь.
Функция НайтиПолеВСтуктуреКД(Знач СтруктураКД, Знач Поле, Знач ВключаяВложенныеПоля = Ложь) Экспорт

    // Преобразуем значение параметра Поле к строке для сравнения.
    Перем ИмяПоля;
    Если ТипЗнч(Поле) = Тип(""Строка"") Тогда
        ИмяПоля = Поле;
    ИначеЕсли ТипЗнч(Поле) = Тип(""ПолеКомпоновкиДанных"") Тогда
        ИмяПоля = Поле.Поле; // Путь к данным в виде строки
    Иначе
        Возврат Ложь; // Неподдерживаемый тип
    КонецЕсли;

    // Если структура не задана или пуста, вернуть Ложь
    Если СтруктураКД = Неопределено Или СтруктураКД.Количество() = 0 Тогда
        Возврат Ложь;
    КонецЕсли;

    // Рекурсивный обход элементов структуры
    Функция ПроверитьЭлементы(Коллекция, ИскомоеПоле, УчитыватьВложенные)
        Для Каждого Элемент Из Коллекция Цикл
            // Проверка полей группировки (характерно для Группировки)
            Если Элемент.Свойство(""ПоляГруппировки"") Тогда
                Для Каждого ПолеГруппировки Из Элемент.ПоляГруппировки Цикл
                    Если ПолеСовпадает(ПолеГруппировки, ИскомоеПоле, УчитыватьВложенные) Тогда
                        Возврат Истина;
                    КонецЕсли;
                КонецЦикла;
            КонецЕсли;

            // Проверка выбранных полей (для таблиц, диаграмм, группировок и пр.)
            Если Элемент.Свойство(""ВыбранныеПоля"") Тогда
                Для Каждого ВыбранноеПоле Из Элемент.ВыбранныеПоля Цикл
                    Если ТипЗнч(ВыбранноеПоле) = Тип(""ВыбранноеПолеКомпоновкиДанных"")
                       И ВыбранноеПоле.Свойство(""Поле"") Тогда
                        Если ПолеСовпадает(ВыбранноеПоле.Поле, ИскомоеПоле, УчитыватьВложенные) Тогда
                            Возврат Истина;
                        КонецЕсли;
                    КонецЕсли;
                КонецЦикла;
            КонецЕсли;

            // Если у элемента есть вложенная структура (рекурсия)
            Если Элемент.Свойство(""Структура"") Тогда
                Если ПроверитьЭлементы(Элемент.Структура, ИскомоеПоле, УчитыватьВложенные) Тогда
                    Возврат Истина;
                КонецЕсли;
            КонецЕсли;
        КонецЦикла;

        Возврат Ложь;
    КонецФункции // ПроверитьЭлементы

    // Вспомогательная функция сравнения полей с учётом вложенности
    Функция ПолеСовпадает(Значение, ИскомоеПоле, УчитыватьВложенные)
        Перем ТекущееПоле;

        Если ТипЗнч(Значение) = Тип(""Строка"") Тогда
            ТекущееПоле = Значение;
        ИначеЕсли ТипЗнч(Значение) = Тип(""ПолеКомпоновкиДанных"") Тогда
            ТекущееПоле = Значение.Поле;
        Иначе
            Возврат Ложь;
        КонецЕсли;

        Если УчитыватьВложенные Тогда
            // Полное совпадение или найденное поле является дочерним по отношению к искомому
            Возврат ТекущееПоле = ИскомоеПоле Или СтрНачинаетсяС(ТекущееПоле, ИскомоеПоле + ""."");
        Иначе
            // Только точное совпадение
            Возврат ТекущееПоле = ИскомоеПоле;
        КонецЕсли;
    КонецФункции

    Возврат ПроверитьЭлементы(СтруктураКД, ИмяПоля, ВключаяВложенныеПоля);

КонецФункции"
"Функция: СформироватьАнализПокупателейПоРегионам(ДатаНач = Неопределено, ДатаКон = Неопределено)
Функция выполняет анализ продаж с разбивкой по регионам. Позволяет оценить географическую структуру продаж, 
определить наиболее значимые регионы по количеству покупателей, объёму проданного товара и выручке.

Параметры

ДатаНач (Дата) — дата начала периода анализа.
Если не указана, по умолчанию устанавливается начало текущего года.
ДатаКон (Дата) — дата окончания периода анализа.
Если не указана, по умолчанию устанавливается конец текущего года.

  
Функция анализирует данные регистра накопления Продажи и группирует результаты по региону покупателя (Покупатель.Регион). Для каждого региона рассчитывается:
КоличествоПокупателей — количество уникальных покупателей из данного региона.
КоличествоПродано — общее количество товаров, проданное покупателям этого региона.
СуммаПродаж — общая сумма выручки от продаж в данном регионе. 

Функция возвращает объект типа ТаблицаЗначений со следующими колонками:
Регион, КоличествоПокупателей, КоличествоПродано, СуммаПродаж

Результат группируется по регионам.  

По умолчанию анализирует весь текущий год.
Используется КОЛИЧЕСТВО(РАЗЛИЧНЫЕ ...) для подсчёта уникальных покупателей.
Если у покупателя не заполнен реквизит Регион, такие продажи попадут в группу с пустым (NULL) регионом.","{""AccumulationRegisters"": [{""id"": ""Продажи"", ""name"": ""Продажи"", ""RegisterType"": ""Turnovers"", ""Dimensions"": [{""id"": ""Покупатель"", ""name"": ""Покупатель"", ""types"": [{""type"": ""Ref"", ""id"": ""Справочник.Контрагенты""}]}, {""id"": ""Товар"", ""name"": ""Товар"", ""types"": [{""type"": ""Ref"", ""id"": ""Справочник.Товары""}]}], ""Resources"": [{""id"": ""Количество"", ""name"": ""Количество"", ""types"": [{""type"": ""Number"", ""NumberQualifiers"": ""10.2""}]}, {""id"": ""Сумма"", ""name"": ""Сумма"", ""types"": [{""type"": ""Number"", ""NumberQualifiers"": ""10.2""}]}]}], ""Catalogs"": [{""id"": ""Контрагенты"", ""name"": ""Контрагенты"", ""Attributes"": [{""id"": ""Регион"", ""name"": ""Регион"", ""types"": [{""type"": ""Ref"", ""id"": ""Справочник.Регионы""}]}, {""id"": ""Индекс"", ""name"": ""Индекс"", ""types"": [{""type"": ""String"", ""StringQualifiers"": ""10""}]}, {""id"": ""Страна"", ""name"": ""Страна"", ""types"": [{""type"": ""String"", ""StringQualifiers"": ""0""}]}, {""id"": ""Город"", ""name"": ""Город"", ""types"": [{""type"": ""String"", ""StringQualifiers"": ""0""}]}, {""id"": ""Улица"", ""name"": ""Улица"", ""types"": [{""type"": ""String"", ""StringQualifiers"": ""0""}]}, {""id"": ""Дом"", ""name"": ""Дом"", ""types"": [{""type"": ""String"", ""StringQualifiers"": ""15""}]}, {""id"": ""Телефон"", ""name"": ""Телефон"", ""types"": [{""type"": ""String"", ""StringQualifiers"": ""16""}]}, {""id"": ""ЭлектроннаяПочта"", ""name"": ""Электронная почта"", ""types"": [{""type"": ""String"", ""StringQualifiers"": ""40""}]}, {""id"": ""Факс"", ""name"": ""Факс"", ""types"": [{""type"": ""String"", ""StringQualifiers"": ""16""}]}, {""id"": ""ВебСайт"", ""name"": ""Веб сайт"", ""types"": [{""type"": ""String"", ""StringQualifiers"": ""40""}]}, {""id"": ""ВидЦен"", ""name"": ""Вид цен"", ""types"": [{""type"": ""Ref"", ""id"": ""Справочник.ВидыЦен""}]}, {""id"": ""ДополнительнаяИнформация"", ""name"": ""Дополнительная информация"", ""types"": [{""type"": ""String"", ""StringQualifiers"": ""0""}]}, {""id"": ""КонтактноеЛицо"", ""name"": ""Контактное лицо"", ""types"": [{""type"": ""String"", ""StringQualifiers"": ""100""}]}, {""id"": ""Широта"", ""name"": ""Широта"", ""types"": [{""type"": ""Number"", ""NumberQualifiers"": ""10.6""}]}, {""id"": ""Долгота"", ""name"": ""Долгота"", ""types"": [{""type"": ""Number"", ""NumberQualifiers"": ""10.6""}]}]}, {""id"": ""Регионы"", ""name"": ""Регионы"", ""Attributes"": []}]}",task_137,server,mid,task37_СредняяСформироватьАнализПокупателейПоРегионам_v2.epf,"Функция СформироватьАнализПокупателейПоРегионам(ДатаНач = Неопределено, ДатаКон = Неопределено)
    // Если даты не заданы, используем текущий год
    Если ДатаНач = Неопределено Тогда
        ДатаНач = НачалоГода(ТекущаяДатаСеанса());
    КонецЕсли;
    Если ДатаКон = Неопределено Тогда
        ДатаКон = КонецГода(ТекущаяДатаСеанса());
    КонецЕсли;

    Запрос = Новый Запрос;
    Запрос.Текст = 
    ""ВЫБРАТЬ
    |   ЕСТЬNULL(Контрагенты.Регион, ЗНАЧЕНИЕ(Справочник.Регионы.ПустаяСсылка)) КАК Регион,
    |   КОЛИЧЕСТВО(РАЗЛИЧНЫЕ ПродажиОбороты.Покупатель) КАК КоличествоПокупателей,
    |   СУММА(ПродажиОбороты.Количество) КАК КоличествоПродано,
    |   СУММА(ПродажиОбороты.Сумма) КАК СуммаПродаж
    |ИЗ
    |   РегистрНакопления.Продажи.Обороты(&ДатаНач, &ДатаКон) КАК ПродажиОбороты
    |       ЛЕВОЕ СОЕДИНЕНИЕ Справочник.Контрагенты КАК Контрагенты
    |       ПО ПродажиОбороты.Покупатель = Контрагенты.Ссылка
    |СГРУППИРОВАТЬ ПО
    |   ЕСТЬNULL(Контрагенты.Регион, ЗНАЧЕНИЕ(Справочник.Регионы.ПустаяСсылка))"";

    Запрос.УстановитьПараметр(""ДатаНач"", ДатаНач);
    Запрос.УстановитьПараметр(""ДатаКон"", ДатаКон);

    РезультатЗапроса = Запрос.Выполнить();

    // Формирование результирующей таблицы значений
    ТаблицаРезультат = Новый ТаблицаЗначений;
    ТаблицаРезультат.Колонки.Добавить(""Регион"", Новый ОписаниеТипов(""СправочникСсылка.Регионы""));
    ТаблицаРезультат.Колонки.Добавить(""КоличествоПокупателей"", Новый ОписаниеТипов(""Число"", Новый КвалификаторыЧисла(10, 0)));
    ТаблицаРезультат.Колонки.Добавить(""КоличествоПродано"", Новый ОписаниеТипов(""Число"", Новый КвалификаторыЧисла(10, 2)));
    ТаблицаРезультат.Колонки.Добавить(""СуммаПродаж"", Новый ОписаниеТипов(""Число"", Новый КвалификаторыЧисла(10, 2)));

    Выборка = РезультатЗапроса.Выбрать();
    Пока Выборка.Следующий() Цикл
        НоваяСтрока = ТаблицаРезультат.Добавить();
        НоваяСтрока.Регион                = Выборка.Регион;
        НоваяСтрока.КоличествоПокупателей = Выборка.КоличествоПокупателей;
        НоваяСтрока.КоличествоПродано     = Выборка.КоличествоПродано;
        НоваяСтрока.СуммаПродаж           = Выборка.СуммаПродаж;
    КонецЦикла;

    Возврат ТаблицаРезультат;
КонецФункции"
"Функция: СформироватьКонтрольЗадержкиОплаты(ДатаНач = Неопределено, ДатаКон = Неопределено)
Функция формирует список покупателей с положительной дебиторской задолженностью (долгом) за указанный период. 
Предназначена для контроля задержек оплаты, анализа просроченной дебиторской задолженности 

Параметры
ДатаНач (Дата) — дата начала периода анализа.
Если не указана, по умолчанию устанавливается начало текущего года.
ДатаКон (Дата) — дата окончания периода анализа.
Если не указана, по умолчанию устанавливается конец текущего дня. 

Функция анализирует движения регистра накопления Взаиморасчеты и определяет:
Общую сумму долга каждого покупателя (контрагента) на конец периода.
В результат включаются только те покупатели, у которых сумма долга больше нуля (СуммаДолга > 0).

Функция возвращает объект типа ТаблицаЗначений со следующими колонками: Покупатель, СуммаДолга

По умолчанию анализирует данные с начала текущего года по текущий момент.
Используется простой остаточный принцип: суммируются все движения по регистру Взаиморасчеты в пределах периода.
Функция показывает текущую задолженность покупателей","{""AccumulationRegisters"": [{""id"": ""Взаиморасчеты"", ""name"": ""Взаиморасчеты"", ""RegisterType"": ""Balance"", ""Dimensions"": [{""id"": ""Контрагент"", ""name"": ""Контрагент"", ""types"": [{""type"": ""Ref"", ""id"": ""Справочник.Контрагенты""}]}, {""id"": ""Валюта"", ""name"": ""Валюта"", ""types"": [{""type"": ""Ref"", ""id"": ""Справочник.Валюты""}]}], ""Resources"": [{""id"": ""Сумма"", ""name"": ""Сумма"", ""types"": [{""type"": ""Number"", ""NumberQualifiers"": ""10.2""}]}]}]}",task_138,server,mid,task38_СредняяСформироватьКонтрольЗадержкиОплаты_v2.epf,"Функция СформироватьКонтрольЗадержкиОплаты(ДатаНач = Неопределено, ДатаКон = Неопределено)
    
    // Установка значений по умолчанию
    Если ДатаНач = Неопределено Тогда
        ДатаНач = НачалоГода(ТекущаяДата());
    КонецЕсли;
    Если ДатаКон = Неопределено Тогда
        ДатаКон = КонецДня(ТекущаяДата());
    КонецЕсли;
    
    Запрос = Новый Запрос;
    Запрос.Текст = 
    ""ВЫБРАТЬ
    |    ВзаиморасчетыОстатки.Контрагент КАК Покупатель,
    |    ВзаиморасчетыОстатки.СуммаОстаток КАК СуммаДолга
    |ИЗ
    |    РегистрНакопления.Взаиморасчеты.Остатки(&ДатаКон) КАК ВзаиморасчетыОстатки
    |ГДЕ
    |    ВзаиморасчетыОстатки.СуммаОстаток > 0"";
    
    Запрос.УстановитьПараметр(""ДатаКон"", ДатаКон);
    
    РезультатЗапроса = Запрос.Выполнить();
    
    ТаблицаЗначений = РезультатЗапроса.Выгрузить();
    
    Возврат ТаблицаЗначений;
    
КонецФункции"
"Функция: СформироватьИсториюДвиженияТовара(Товар, ДатаНач = Неопределено, ДатаКон = Неопределено)    
Функция возвращает полную историю движения указанного товара за период — все приходы и расходы по документам ПриходТовара и РасходТовара.
Используется для анализа движения конкретного товара, контроля остатков и отслеживания истории операций.
Параметры
Товар (СправочникСсылка.Товары или Массив)  товар или список товаров, по которому нужно сформировать историю движения.
ДатаНач  дата начала периода. Если не указана, по умолчанию — начало текущего года.
ДатаКон (Дата) — дата окончания периода. Если не указана, по умолчанию — конец текущего дня. 

Функция возвращает ТаблицаЗначений со следующими колонками: Дата, ВидДвижения, Товар, Количество, Сумма

   
Запрос учитывают только проведённые документы.
Поддерживает передачу как одного товара, так и массива товаров (благодаря условию В (&Товар)). 
Объединяет данные из двух документов с помощью ОБЪЕДИНИТЬ ВСЕ.
Простая и быстрая история движений без остатков и сальдо","{""Documents"": [{""id"": ""ПриходТовара"", ""name"": ""Приход товара"", ""Attributes"": [{""id"": ""Поставщик"", ""name"": ""Поставщик"", ""types"": [{""type"": ""Ref"", ""id"": ""Справочник.Контрагенты""}]}, {""id"": ""Склад"", ""name"": ""Склад"", ""types"": [{""type"": ""Ref"", ""id"": ""Справочник.Склады""}]}, {""id"": ""Валюта"", ""name"": ""Валюта взаиморасчетов"", ""types"": [{""type"": ""Ref"", ""id"": ""Справочник.Валюты""}]}, {""id"": ""Организация"", ""name"": ""Организация"", ""types"": [{""type"": ""Ref"", ""id"": ""Справочник.Организации""}]}], ""TabularSections"": [{""id"": ""Товары"", ""name"": ""Товары"", ""Attributes"": [{""id"": ""Товар"", ""name"": ""Товар"", ""types"": [{""type"": ""Ref"", ""id"": ""Справочник.Товары""}]}, {""id"": ""Цена"", ""name"": ""Цена"", ""types"": [{""type"": ""Number"", ""NumberQualifiers"": ""10.2""}]}, {""id"": ""Количество"", ""name"": ""Количество"", ""types"": [{""type"": ""Number"", ""NumberQualifiers"": ""10.2""}]}, {""id"": ""Сумма"", ""name"": ""Сумма"", ""types"": [{""type"": ""Number"", ""NumberQualifiers"": ""10.2""}]}]}]}, {""id"": ""РасходТовара"", ""name"": ""Расход товара"", ""Attributes"": [{""id"": ""Покупатель"", ""name"": ""Покупатель"", ""types"": [{""type"": ""Ref"", ""id"": ""Справочник.Контрагенты""}]}, {""id"": ""Склад"", ""name"": ""Склад"", ""types"": [{""type"": ""Ref"", ""id"": ""Справочник.Склады""}]}, {""id"": ""Валюта"", ""name"": ""Валюта взиморасчетов"", ""types"": [{""type"": ""Ref"", ""id"": ""Справочник.Валюты""}]}, {""id"": ""ВидЦен"", ""name"": ""Вид цен"", ""types"": [{""type"": ""Ref"", ""id"": ""Справочник.ВидыЦен""}]}, {""id"": ""ОбоснованиеОтгрузки"", ""name"": ""Обоснование отгрузки"", ""types"": [{""type"": ""String"", ""StringQualifiers"": ""0""}]}, {""id"": ""Организация"", ""name"": ""Организация"", ""types"": [{""type"": ""Ref"", ""id"": ""Справочник.Организации""}]}], ""TabularSections"": [{""id"": ""Товары"", ""name"": ""Товары"", ""Attributes"": [{""id"": ""Товар"", ""name"": ""Товар"", ""types"": [{""type"": ""Ref"", ""id"": ""Справочник.Товары""}]}, {""id"": ""Цена"", ""name"": ""Цена"", ""types"": [{""type"": ""Number"", ""NumberQualifiers"": ""10.2""}]}, {""id"": ""Количество"", ""name"": ""Количество"", ""types"": [{""type"": ""Number"", ""NumberQualifiers"": ""10.2""}]}, {""id"": ""Сумма"", ""name"": ""Сумма"", ""types"": [{""type"": ""Number"", ""NumberQualifiers"": ""10.2""}]}]}]}], ""Catalogs"": [{""id"": ""Товары"", ""name"": ""Товары"", ""Attributes"": [{""id"": ""Артикул"", ""name"": ""Артикул"", ""types"": [{""type"": ""String"", ""StringQualifiers"": ""15""}]}, {""id"": ""Поставщик"", ""name"": ""Поставщик"", ""types"": [{""type"": ""Ref"", ""id"": ""Справочник.Контрагенты""}]}, {""id"": ""ФайлКартинки"", ""name"": ""Картинка"", ""types"": [{""type"": ""Ref"", ""id"": ""Справочник.ХранимыеФайлы""}]}, {""id"": ""Вид"", ""name"": ""Вид"", ""types"": []}, {""id"": ""Штрихкод"", ""name"": ""Штрихкод"", ""types"": [{""type"": ""String"", ""StringQualifiers"": ""20""}]}, {""id"": ""Описание"", ""name"": ""Описание"", ""types"": [{""type"": ""String"", ""StringQualifiers"": ""0""}]}]}]}",task_139,server,,task39_СрСформироватьИсториюДвиженияТовара_v2.epf,"Функция СформироватьИсториюДвиженияТовара(Товар, ДатаНач = Неопределено, ДатаКон = Неопределено)

    // Подготовка списка товаров
    Если ТипЗнч(Товар) = Тип(""Массив"") Тогда
        МассивТоваров = Товар;
    Иначе
        МассивТоваров = Новый Массив;
        МассивТоваров.Добавить(Товар);
    КонецЕсли;

    // Если список пуст, возвращаем пустую таблицу с нужной структурой
    Если МассивТоваров.Количество() = 0 Тогда
        ТЗ = Новый ТаблицаЗначений;
        ТЗ.Колонки.Добавить(""Дата"", Новый ОписаниеТипов(""Дата""));
        ТЗ.Колонки.Добавить(""ВидДвижения"", Новый ОписаниеТипов(""Строка""));
        ТЗ.Колонки.Добавить(""Товар"", Новый ОписаниеТипов(""СправочникСсылка.Товары""));
        ТЗ.Колонки.Добавить(""Количество"", Новый ОписаниеТипов(""Число"", Новый КвалификаторыЧисла(10, 2)));
        ТЗ.Колонки.Добавить(""Сумма"", Новый ОписаниеТипов(""Число"", Новый КвалификаторыЧисла(10, 2)));
        Возврат ТЗ;
    КонецЕсли;

    // Определение периода
    Если ДатаНач = Неопределено Тогда
        ДатаНач = НачалоГода(ТекущаяДатаСеанса());
    КонецЕсли;
    Если ДатаКон = Неопределено Тогда
        ДатаКон = КонецДня(ТекущаяДатаСеанса());
    КонецЕсли;

    // Формирование запроса
    Запрос = Новый Запрос;
    Запрос.Текст = 
    ""ВЫБРАТЬ
    |    ПриходТовараТовары.Ссылка.Дата КАК Дата,
    |    """"Приход"""" КАК ВидДвижения,
    |    ПриходТовараТовары.Товар КАК Товар,
    |    ПриходТовараТовары.Количество КАК Количество,
    |    ПриходТовараТовары.Сумма КАК Сумма
    |ИЗ
    |    Документ.ПриходТовара.Товары КАК ПриходТовараТовары
    |ГДЕ
    |    ПриходТовараТовары.Ссылка.Проведен
    |    И ПриходТовараТовары.Товар В (&Товар)
    |    И ПриходТовараТовары.Ссылка.Дата МЕЖДУ &ДатаНач И &ДатаКон
    |
    |ОБЪЕДИНИТЬ ВСЕ
    |
    |ВЫБРАТЬ
    |    РасходТовараТовары.Ссылка.Дата,
    |    """"Расход"""",
    |    РасходТовараТовары.Товар,
    |    РасходТовараТовары.Количество,
    |    РасходТовараТовары.Сумма
    |ИЗ
    |    Документ.РасходТовара.Товары КАК РасходТовараТовары
    |ГДЕ
    |    РасходТовараТовары.Ссылка.Проведен
    |    И РасходТовараТовары.Товар В (&Товар)
    |    И РасходТовараТовары.Ссылка.Дата МЕЖДУ &ДатаНач И &ДатаКон"";

    Запрос.УстановитьПараметр(""Товар"", МассивТоваров);
    Запрос.УстановитьПараметр(""ДатаНач"", ДатаНач);
    Запрос.УстановитьПараметр(""ДатаКон"", ДатаКон);

    Результат = Запрос.Выполнить();

    ТЗ = Результат.Выгрузить();

    // Сортировка по дате
    ТЗ.Сортировать(""Дата Возр"");

    Возврат ТЗ;

КонецФункции"
"Функция: СформироватьXYZАнализПродаж(ДатаНач = Неопределено, ДатаКон = Неопределено)    
Функция выполняет XYZ-анализ продаж товаров. Определяет стабильность спроса на каждый товар путём расчёта коэффициента вариации 
месячных продаж и присваивает категорию X, Y или Z.

X  стабильные продажи (низкая вариабельность)
Y  средняя вариабельность
Z  нестабильные, плохо прогнозируемые продажи       

Параметры функции

ДатаНач (Дата) — дата начала периода анализа.
Если не указана, по умолчанию берётся 12 месяцев назад от текущей даты.
ДатаКон (Дата) — дата окончания периода анализа.
Если не указана, по умолчанию устанавливается конец текущего дня.   

Если ДатаКон < ДатаНач, функция вызывает исключение.

Собираются месячные продажи каждого товара за указанный период из документа РасходТовара.
Для каждого товара рассчитываются:
 СредниеПродажи — среднее количество продаж за месяц.
 ОтклонениеПродаж — стандартное отклонение месячных продаж.
 КоэффициентВариации — коэффициент вариации (Отклонение / Среднее). 
 
На основе коэффициента вариации присваивается категория XYZ:
 X — Коэффициент вариации ≤ 0,10 (очень стабильный спрос)
 Y — Коэффициент вариации ≤ 0,25 (средняя стабильность)
 Z — Коэффициент вариации > 0,25 (нестабильный спрос) 
 
Функция возвращает объект типа ТаблицаЗначений со следующими колонками  
Товар
СредниеПродажи  это Среднемесячное количество продаж
ОтклонениеПродаж это Стандартное отклонение продаж
КоэффициентВариации  это Коэффициент вариации (чем меньше — тем стабильнее)
XYZКатегория  Категория XYZ-анализа («X», «Y» или «Z»)

 
 Анализ проводится по месячным продажам за последние 12 месяцев (по умолчанию)
 Используется классическая формула коэффициента вариации. 
 Учитываются только проведённые документы РасходТовара.","{""Documents"": [{""id"": ""РасходТовара"", ""name"": ""Расход товара"", ""Attributes"": [{""id"": ""Покупатель"", ""name"": ""Покупатель"", ""types"": [{""type"": ""Ref"", ""id"": ""Справочник.Контрагенты""}]}, {""id"": ""Склад"", ""name"": ""Склад"", ""types"": [{""type"": ""Ref"", ""id"": ""Справочник.Склады""}]}, {""id"": ""Валюта"", ""name"": ""Валюта взиморасчетов"", ""types"": [{""type"": ""Ref"", ""id"": ""Справочник.Валюты""}]}, {""id"": ""ВидЦен"", ""name"": ""Вид цен"", ""types"": [{""type"": ""Ref"", ""id"": ""Справочник.ВидыЦен""}]}, {""id"": ""ОбоснованиеОтгрузки"", ""name"": ""Обоснование отгрузки"", ""types"": [{""type"": ""String"", ""StringQualifiers"": ""0""}]}, {""id"": ""Организация"", ""name"": ""Организация"", ""types"": [{""type"": ""Ref"", ""id"": ""Справочник.Организации""}]}], ""TabularSections"": [{""id"": ""Товары"", ""name"": ""Товары"", ""Attributes"": [{""id"": ""Товар"", ""name"": ""Товар"", ""types"": [{""type"": ""Ref"", ""id"": ""Справочник.Товары""}]}, {""id"": ""Цена"", ""name"": ""Цена"", ""types"": [{""type"": ""Number"", ""NumberQualifiers"": ""10.2""}]}, {""id"": ""Количество"", ""name"": ""Количество"", ""types"": [{""type"": ""Number"", ""NumberQualifiers"": ""10.2""}]}, {""id"": ""Сумма"", ""name"": ""Сумма"", ""types"": [{""type"": ""Number"", ""NumberQualifiers"": ""10.2""}]}]}]}], ""Catalogs"": [{""id"": ""Товары"", ""name"": ""Товары"", ""Attributes"": [{""id"": ""Артикул"", ""name"": ""Артикул"", ""types"": [{""type"": ""String"", ""StringQualifiers"": ""15""}]}, {""id"": ""Поставщик"", ""name"": ""Поставщик"", ""types"": [{""type"": ""Ref"", ""id"": ""Справочник.Контрагенты""}]}, {""id"": ""ФайлКартинки"", ""name"": ""Картинка"", ""types"": [{""type"": ""Ref"", ""id"": ""Справочник.ХранимыеФайлы""}]}, {""id"": ""Вид"", ""name"": ""Вид"", ""types"": []}, {""id"": ""Штрихкод"", ""name"": ""Штрихкод"", ""types"": [{""type"": ""String"", ""StringQualifiers"": ""20""}]}, {""id"": ""Описание"", ""name"": ""Описание"", ""types"": [{""type"": ""String"", ""StringQualifiers"": ""0""}]}]}]}",task_140,server,high,task40_СложнаяСформироватьXYZАнализПродаж_v.epf,"Функция СформироватьXYZАнализПродаж(ДатаНач = Неопределено, ДатаКон = Неопределено)

    // Установка значений по умолчанию
    Если ДатаНач = Неопределено Тогда
        ДатаНач = ДобавитьМесяц(ТекущаяДата(), -12);
    КонецЕсли;
    Если ДатаКон = Неопределено Тогда
        ДатаКон = КонецДня(ТекущаяДата());
    КонецЕсли;

    // Проверка корректности периода
    Если ДатаКон < ДатаНач Тогда
        ВызватьИсключение ""Дата окончания периода не может быть меньше даты начала"";
    КонецЕсли;

    // Подготовка запроса для получения месячных продаж
    Запрос = Новый Запрос;
    Запрос.Текст = 
    ""ВЫБРАТЬ
    |    РасходТовараТовары.Товар КАК Товар,
    |    ГОД(РасходТовара.Дата) КАК Год,
    |    МЕСЯЦ(РасходТовара.Дата) КАК Месяц,
    |    СУММА(РасходТовараТовары.Количество) КАК Количество
    |ИЗ
    |    Документ.РасходТовара КАК РасходТовара
    |    ВНУТРЕННЕЕ СОЕДИНЕНИЕ Документ.РасходТовара.Товары КАК РасходТовараТовары
    |    ПО РасходТовара.Ссылка = РасходТовараТовары.Ссылка
    |ГДЕ
    |    РасходТовара.Проведен
    |    И РасходТовара.Дата МЕЖДУ &ДатаНач И &ДатаКон
    |
    |СГРУППИРОВАТЬ ПО
    |    РасходТовараТовары.Товар,
    |    ГОД(РасходТовара.Дата),
    |    МЕСЯЦ(РасходТовара.Дата)"";

    Запрос.УстановитьПараметр(""ДатаНач"", ДатаНач);
    Запрос.УстановитьПараметр(""ДатаКон"", ДатаКон);
    РезультатЗапроса = Запрос.Выполнить();

    // Формирование полного списка месяцев в периоде
    МассивМесяцев = Новый Массив;
    ТекМесяц = НачалоМесяца(ДатаНач);
    КонецМесяцев = КонецМесяца(ДатаКон);
    Пока ТекМесяц <= КонецМесяцев Цикл
        МассивМесяцев.Добавить(Новый Структура(""Год, Месяц"", Год(ТекМесяц), Месяц(ТекМесяц)));
        ТекМесяц = ДобавитьМесяц(ТекМесяц, 1);
    КонецЦикла;
    КоличествоМесяцев = МассивМесяцев.Количество();

    // Построение индекса для быстрого поиска позиции месяца
    СоответствиеМесяцев = Новый Соответствие;
    Для Инд = 0 По КоличествоМесяцев - 1 Цикл
        Мес = МассивМесяцев[Инд];
        СоответствиеМесяцев.Вставить(Строка(Мес.Год) + ""_"" + Строка(Мес.Месяц), Инд);
    КонецЦикла;

    // Накопление данных по товарам (массивы продаж длиной КоличествоМесяцев)
    ДанныеТоваров = Новый Соответствие;
    Выборка = РезультатЗапроса.Выбрать();
    Пока Выборка.Следующий() Цикл
        Товар = Выборка.Товар;
        КлючМесяца = Строка(Выборка.Год) + ""_"" + Строка(Выборка.Месяц);
        ИндексМесяца = СоответствиеМесяцев[КлючМесяца];
        Если ИндексМесяца = Неопределено Тогда
            Продолжить;
        КонецЕсли;
        Если НЕ ДанныеТоваров.Свойство(Товар, МассивКоличеств) Тогда
            МассивКоличеств = Новый Массив(КоличествоМесяцев);
            Для i = 0 По КоличествоМесяцев - 1 Цикл
                МассивКоличеств[i] = 0;
            КонецЦикла;
            ДанныеТоваров.Вставить(Товар, МассивКоличеств);
        КонецЕсли;
        МассивКоличеств[ИндексМесяца] = МассивКоличеств[ИндексМесяца] + Выборка.Количество;
    КонецЦикла;

    // Формирование результирующей таблицы значений
    ТЗ = Новый ТаблицаЗначений;
    ТЗ.Колонки.Добавить(""Товар"", Новый ОписаниеТипов(""СправочникСсылка.Товары""));
    ТЗ.Колонки.Добавить(""СредниеПродажи"", Новый ОписаниеТипов(""Число""));
    ТЗ.Колонки.Добавить(""ОтклонениеПродаж"", Новый ОписаниеТипов(""Число""));
    ТЗ.Колонки.Добавить(""КоэффициентВариации"", Новый ОписаниеТипов(""Число""));
    ТЗ.Колонки.Добавить(""XYZКатегория"", Новый ОписаниеТипов(""Строка""));

    // Расчёт показателей и категорий XYZ
    Для Каждого Пара Из ДанныеТоваров Цикл
        Товар = Пара.Ключ;
        МассивПродаж = Пара.Значение;

        // Среднее значение
        Сумма = 0;
        Для Каждого Кол Из МассивПродаж Цикл
            Сумма = Сумма + Кол;
        КонецЦикла;
        Среднее = Сумма / КоличествоМесяцев;

        // Стандартное отклонение (по генеральной совокупности)
        СуммаКвадратовОткл = 0;
        Для Каждого Кол Из МассивПродаж Цикл
            СуммаКвадратовОткл = СуммаКвадратовОткл + (Кол - Среднее) * (Кол - Среднее);
        КонецЦикла;
        Отклонение = Sqrt(СуммаКвадратовОткл / КоличествоМесяцев);

        // Коэффициент вариации и категория
        Если Среднее > 0 Тогда
            КоэфВариации = Отклонение / Среднее;
            Если КоэфВариации <= 0.10 Тогда
                Категория = ""X"";
            ИначеЕсли КоэфВариации <= 0.25 Тогда
                Категория = ""Y"";
            Иначе
                Категория = ""Z"";
            КонецЕсли;
        Иначе
            // При полном отсутствии продаж коэффициент не определён, условно 0, категория Z
            КоэфВариации = 0;
            Категория = ""Z"";
        КонецЕсли;

        // Добавление строки в таблицу
        НоваяСтрока = ТЗ.Добавить();
        НоваяСтрока.Товар = Товар;
        НоваяСтрока.СредниеПродажи = Среднее;
        НоваяСтрока.ОтклонениеПродаж = Отклонение;
        НоваяСтрока.КоэффициентВариации = КоэфВариации;
        НоваяСтрока.XYZКатегория = Категория;
    КонецЦикла;

    Возврат ТЗ;
КонецФункции"
"Функция: ПолучитьЗначенияПолейДокумента(ДокументСсылка, Поля) Экспорт
Универсальная функция, которая позволяет быстро получить значения указанных полей (реквизитов) любого документа по его ссылке.

 Параметры функции 
 ДокументСсылка  — ссылка на любой документ, значения полей которого нужно получить. 
 Поля (Строка или Массив) — список полей, которые требуется прочитать
 
 
Функция возвращает Структура, где
Ключ — имя поля 
Значение — значение соответствующего реквизита документа 
Если поле не найдено или документ не существует — значение будет Неопределено.

функция Поддерживает вложенные реквизиты
текст запроса формируется динамически
может работать с любым видом дое=кумента
эффективна по производительности
есть контроль обработке пустых и некорректных данных",{},task_141,server,high,task41_СложнаяПолучитьЗначенияПолейДокумента_v2.epf,"Функция ПолучитьЗначенияПолейДокумента(ДокументСсылка, Поля) Экспорт

    // Преобразуем входной параметр ""Поля"" в массив строк
    МассивПолей = Новый Массив;
    Если ТипЗнч(Поля) = Тип(""Строка"") Тогда
        МассивПолей = СтрРазделить(Поля, "","", Ложь);
        Для Инд = 0 По МассивПолей.Количество() - 1 Цикл
            МассивПолей[Инд] = СокрЛП(МассивПолей[Инд]);
        КонецЦикла;
    ИначеЕсли ТипЗнч(Поля) = Тип(""Массив"") Тогда
        Для Каждого Элемент Из Полей Цикл
            Если ТипЗнч(Элемент) = Тип(""Строка"") Тогда
                МассивПолей.Добавить(СокрЛП(Элемент));
            КонецЕсли;
        КонецЦикла;
    КонецЕсли;

    // Инициализация результата
    Результат = Новый Структура;
    Если МассивПолей.Количество() = 0 Тогда
        Возврат Результат;
    КонецЕсли;

    // Проверка, что передана ссылка на документ
    Если Не ЗначениеЗаполнено(ДокументСсылка) 
       Или ТипЗнч(ДокументСсылка) = Тип(""Неопределено"") Тогда
        Для Каждого Поле Из МассивПолей Цикл
            Результат.Вставить(Поле, Неопределено);
        КонецЦикла;
        Возврат Результат;
    КонецЕсли;

    Попытка
        ТипДокумента = ТипЗнч(ДокументСсылка);
        ОбъектМетаданных = Метаданные.Документы.Найти(ТипДокумента);
        Если ОбъектМетаданных = Неопределено Тогда
            Для Каждого Поле Из МассивПолей Цикл
                Результат.Вставить(Поле, Неопределено);
            КонецЦикла;
            Возврат Результат;
        КонецЕсли;

        ИмяТаблицы = ""Документ."" + ОбъектМетаданных.Имя;

        // Предварительная проверка существования полей через попытку компиляции запроса
        ВалидныеПоля = Новый Массив;
        Для Каждого Поле Из МассивПолей Цикл
            Если ПолеВалидноВЗапросе(ИмяТаблицы, Поле) Тогда
                ВалидныеПоля.Добавить(Поле);
            КонецЕсли;
        КонецЦикла;

        // Если нет ни одного валидного поля, возвращаем Неопределено для всех
        Если ВалидныеПоля.Количество() = 0 Тогда
            Для Каждого Поле Из МассивПолей Цикл
                Результат.Вставить(Поле, Неопределено);
            КонецЦикла;
            Возврат Результат;
        КонецЕсли;

        // Строим запрос с валидными полями
        Выражения = Новый Массив;
        СоответствиеАлиасов = Новый Соответствие;
        Индекс = 0;
        Для Каждого Поле Из ВалидныеПоля Цикл
            Алиас = ""Поле"" + Индекс;
            Выражения.Добавить(""Документ."" + Поле + "" КАК "" + Алиас);
            СоответствиеАлиасов.Вставить(Алиас, Поле);
            Индекс = Индекс + 1;
        КонецЦикла;

        Запрос = Новый Запрос;
        Запрос.Текст = 
        ""ВЫБРАТЬ
        |"" + СтрСоединить(Выражения, "",
        |"") + ""
        |ИЗ
        |    "" + ИмяТаблицы + "" КАК Документ
        |ГДЕ
        |    Документ.Ссылка = &Ссылка"";

        Запрос.УстановитьПараметр(""Ссылка"", ДокументСсылка);

        РезультатЗапроса = Запрос.Выполнить();
        Если РезультатЗапроса.Пустой() Тогда
            Для Каждого Поле Из МассивПолей Цикл
                Результат.Вставить(Поле, Неопределено);
            КонецЦикла;
        Иначе
            Выборка = РезультатЗапроса.Выбрать();
            Выборка.Следующий();
            // Заполняем значения валидных полей
            Для Каждого Пара Из СоответствиеАлиасов Цикл
                Алиас = Пара.Ключ;
                ИсходноеПоле = Пара.Значение;
                Результат.Вставить(ИсходноеПоле, Выборка[Алиас]);
            КонецЦикла;
            // Для невалидных полей — Неопределено
            Для Каждого Поле Из МассивПолей Цикл
                Если Не Результат.Свойство(Поле) Тогда
                    Результат.Вставить(Поле, Неопределено);
                КонецЕсли;
            КонецЦикла;
        КонецЕсли;

    Исключение
        // В случае непредвиденной ошибки возвращаем Неопределено для всех запрошенных полей
        Для Каждого Поле Из МассивПолей Цикл
            Если Не Результат.Свойство(Поле) Тогда
                Результат.Вставить(Поле, Неопределено);
            КонецЕсли;
        КонецЦикла;
    КонецПопытки;

    Возврат Результат;

КонецФункции

// Проверя"
"Функция: СформироватьДублиКонтрагентов()
Функция выявляет дублирующиеся карточки контрагентов в справочнике «Контрагенты».
Определяет контрагентов, у которых совпадают одновременно три основных реквизита: Наименование, Телефон и ЭлектроннаяПочта. 
Такая ситуация обычно говорит о технических дублях, возникших при загрузке данных или ручном вводе.
Функция не принимает параметров.
Возвращаемое значение
Функция возвращает объект типа ТаблицаЗначений со следующими колонками: Наименование, Телефон, Телефон, Количество
В результат попадают только те комбинации, у которых Количество > 1 (т.е. есть дубли)

Анализируются только элементы справочника без групп
Поиск дублей ведётся по трём полям одновременно: Наименование + Телефон + ЭлектроннаяПочта
Функция возвращает сгруппированные данные с количеством дублей для каждой группы","{""Catalogs"": [{""id"": ""Контрагенты"", ""name"": ""Контрагенты"", ""Attributes"": [{""id"": ""Регион"", ""name"": ""Регион"", ""types"": [{""type"": ""Ref"", ""id"": ""Справочник.Регионы""}]}, {""id"": ""Индекс"", ""name"": ""Индекс"", ""types"": [{""type"": ""String"", ""StringQualifiers"": ""10""}]}, {""id"": ""Страна"", ""name"": ""Страна"", ""types"": [{""type"": ""String"", ""StringQualifiers"": ""0""}]}, {""id"": ""Город"", ""name"": ""Город"", ""types"": [{""type"": ""String"", ""StringQualifiers"": ""0""}]}, {""id"": ""Улица"", ""name"": ""Улица"", ""types"": [{""type"": ""String"", ""StringQualifiers"": ""0""}]}, {""id"": ""Дом"", ""name"": ""Дом"", ""types"": [{""type"": ""String"", ""StringQualifiers"": ""15""}]}, {""id"": ""Телефон"", ""name"": ""Телефон"", ""types"": [{""type"": ""String"", ""StringQualifiers"": ""16""}]}, {""id"": ""ЭлектроннаяПочта"", ""name"": ""Электронная почта"", ""types"": [{""type"": ""String"", ""StringQualifiers"": ""40""}]}, {""id"": ""Факс"", ""name"": ""Факс"", ""types"": [{""type"": ""String"", ""StringQualifiers"": ""16""}]}, {""id"": ""ВебСайт"", ""name"": ""Веб сайт"", ""types"": [{""type"": ""String"", ""StringQualifiers"": ""40""}]}, {""id"": ""ВидЦен"", ""name"": ""Вид цен"", ""types"": [{""type"": ""Ref"", ""id"": ""Справочник.ВидыЦен""}]}, {""id"": ""ДополнительнаяИнформация"", ""name"": ""Дополнительная информация"", ""types"": [{""type"": ""String"", ""StringQualifiers"": ""0""}]}, {""id"": ""КонтактноеЛицо"", ""name"": ""Контактное лицо"", ""types"": [{""type"": ""String"", ""StringQualifiers"": ""100""}]}, {""id"": ""Широта"", ""name"": ""Широта"", ""types"": [{""type"": ""Number"", ""NumberQualifiers"": ""10.6""}]}, {""id"": ""Долгота"", ""name"": ""Долгота"", ""types"": [{""type"": ""Number"", ""NumberQualifiers"": ""10.6""}]}]}]}",task_142,server,mid,task42_СредняяСформироватьДублиКонтрагентов_v2.epf,"Функция СформироватьДублиКонтрагентов() Экспорт

    Запрос = Новый Запрос;
    Запрос.Текст = 
    ""ВЫБРАТЬ
    |   Контрагенты.Наименование КАК Наименование,
    |   Контрагенты.Телефон КАК Телефон,
    |   Контрагенты.ЭлектроннаяПочта КАК ЭлектроннаяПочта,
    |   КОЛИЧЕСТВО(Контрагенты.Ссылка) КАК Количество
    |ИЗ
    |   Справочник.Контрагенты КАК Контрагенты
    |ГДЕ
    |   Контрагенты.ЭтоГруппа = ЛОЖЬ
    |СГРУППИРОВАТЬ ПО
    |   Контрагенты.Наименование,
    |   Контрагенты.Телефон,
    |   Контрагенты.ЭлектроннаяПочта
    |ИМЕЮЩИЕ
    |   КОЛИЧЕСТВО(Контрагенты.Ссылка) > 1"";

    РезультатЗапроса = Запрос.Выполнить();

    ТаблицаРезультат = Новый ТаблицаЗначений;
    ТаблицаРезультат.Колонки.Добавить(""Наименование"", Новый ОписаниеТипов(""Строка""));
    ТаблицаРезультат.Колонки.Добавить(""Телефон"", Новый ОписаниеТипов(""Строка""));
    ТаблицаРезультат.Колонки.Добавить(""ЭлектроннаяПочта"", Новый ОписаниеТипов(""Строка""));
    ТаблицаРезультат.Колонки.Добавить(""Количество"", Новый ОписаниеТипов(""Число""));

    Выборка = РезультатЗапроса.Выбрать();
    Пока Выборка.Следующий() Цикл
        Строка = ТаблицаРезультат.Добавить();
        Строка.Наименование = Выборка.Наименование;
        Строка.Телефон = Выборка.Телефон;
        Строка.ЭлектроннаяПочта = Выборка.ЭлектроннаяПочта;
        Строка.Количество = Выборка.Количество;
    КонецЦикла;

    Возврат ТаблицаРезультат;

КонецФункции"
"Написать функцию СформироватьПродажиПоДнямНедели(ДатаНач, ДатаКон), которая формирует отчет о продажах предприятия с разбивкой по 
дням недели за выбранный период.
Задача предназначена для анализа покупательской активности и позволяет определить, в какие дни недели наблюдаются наибольшие продажи.

Результаты анализа могут использоваться для:
оптимизации графика работы персонала;
планирования акций и маркетинговых мероприятий;
анализа нагрузки на торговые точки;
выявления пиковых и слабых дней продаж;
повышения эффективности управления продажами.

Параметры функции:
ДатаНач — дата начала периода анализа;
ДатаКон — дата окончания периода анализа.

Если параметры периода не заданы, используются значения по умолчанию:
ДатаНач = начало дня 30 дней назад;
ДатаКон = конец текущего дня.

Перед выполнением расчета выполняется проверка параметров:
если ДатаКон < ДатаНач — генерируется исключение;
анализ выполняется только в пределах указанного периода.

Расчет выполняется на основании регистра накопления Продажи.
Используются следующие поля:
Период — дата продажи;
Количество — количество проданного товара;
Сумма — сумма продаж.

В процессе выполнения:
определяется день недели по дате продажи;
выполняется группировка по дням недели;
рассчитываются итоговые показатели по количеству и сумме продаж;
формируется итоговая таблица значений.

Результат функции представляет собой таблицу, содержащую:
день недели;
общее количество продаж;
общую сумму продаж.","{""AccumulationRegisters"": [{""id"": ""Продажи"", ""name"": ""Продажи"", ""RegisterType"": ""Turnovers"", ""Dimensions"": [{""id"": ""Покупатель"", ""name"": ""Покупатель"", ""types"": [{""type"": ""Ref"", ""id"": ""Справочник.Контрагенты""}]}, {""id"": ""Товар"", ""name"": ""Товар"", ""types"": [{""type"": ""Ref"", ""id"": ""Справочник.Товары""}]}], ""Resources"": [{""id"": ""Количество"", ""name"": ""Количество"", ""types"": [{""type"": ""Number"", ""NumberQualifiers"": ""10.2""}]}, {""id"": ""Сумма"", ""name"": ""Сумма"", ""types"": [{""type"": ""Number"", ""NumberQualifiers"": ""10.2""}]}]}]}",task_143,server,mid,task43_СредняяАнализпродажподнямнедели_v1.epf,"Функция СформироватьПродажиПоДнямНедели(Знач ДатаНач = Неопределено, Знач ДатаКон = Неопределено) Экспорт

    // Установка значений по умолчанию, если параметры не заданы
    Если ДатаНач = Неопределено Тогда
        ДатаНач = НачалоДня(ТекущаяДата() - 30);
    КонецЕсли;
    
    Если ДатаКон = Неопределено Тогда
        ДатаКон = КонецДня(ТекущаяДата());
    КонецЕсли;
    
    // Проверка корректности периода
    Если ДатаКон < ДатаНач Тогда
        ВызватьИсключение ""Дата окончания периода не может быть меньше даты начала"";
    КонецЕсли;

    Запрос = Новый Запрос;
    Запрос.Текст = 
    ""ВЫБРАТЬ
    |   ДЕНЬНЕДЕЛИ(ПродажиОбороты.Период) КАК ДеньНедели,
    |   СУММА(ПродажиОбороты.Количество) КАК Количество,
    |   СУММА(ПродажиОбороты.Сумма) КАК Сумма
    |ИЗ
    |   РегистрНакопления.Продажи.Обороты(
    |       &ДатаНач,
    |       &ДатаКон,
    |       ,
    |   ) КАК ПродажиОбороты
    |СГРУППИРОВАТЬ ПО
    |   ДЕНЬНЕДЕЛИ(ПродажиОбороты.Период)
    |УПОРЯДОЧИТЬ ПО
    |   ДеньНедели"";

    Запрос.УстановитьПараметр(""ДатаНач"", ДатаНач);
    Запрос.УстановитьПараметр(""ДатаКон"", ДатаКон);

    РезультатЗапроса = Запрос.Выполнить();

    // Таблица для возврата результата
    ТаблицаРезультат = Новый ТаблицаЗначений;
    ТаблицаРезультат.Колонки.Добавить(""ДеньНедели"", Новый ОписаниеТипов(""Строка""));
    ТаблицаРезультат.Колонки.Добавить(""Количество"", Новый ОписаниеТипов(""Число"", Новый КвалификаторыЧисла(10, 2)));
    ТаблицаРезультат.Колонки.Добавить(""Сумма"",      Новый ОписаниеТипов(""Число"", Новый КвалификаторыЧисла(10, 2)));

    // Массив с названиями дней недели (1 – понедельник)
    ДниНедели = Новый Массив(7);
    ДниНедели[0] = ""Понедельник"";
    ДниНедели[1] = ""Вторник"";
    ДниНедели[2] = ""Среда"";
    ДниНедели[3] = ""Четверг"";
    ДниНедели[4] = ""Пятница"";
    ДниНедели[5] = ""Суббота"";
    ДниНедели[6] = ""Воскресенье"";

    // Заполнение итоговой таблицы
    Пока РезультатЗапроса.Следующий() Цикл
        Строка = ТаблицаРезультат.Добавить();
        НомерДня = РезультатЗапроса.ДеньНедели; // целое от 1 до 7
        Строка.ДеньНедели = ДниНедели[НомерДня - 1];
        Строка.Количество = РезультатЗапроса.Количество;
        Строка.Сумма = РезультатЗапроса.Сумма;
    КонецЦикла;

    Возврат ТаблицаРезультат;

КонецФункции"
"Написать функцию СформироватьТоварыБезДвижения(ДатаНач, ДатаКон), которая формирует список товаров, по которым отсутствовали движения (продажи) 
за выбранный период.
Задача предназначена для анализа ассортимента и позволяет выявить товары, не участвующие в продажах.

Результаты анализа могут использоваться для:
выявления неликвидных и залежалых товаров;
принятия решений о скидках или акциях;
оптимизации ассортимента;
освобождения складских запасов;
повышения оборачиваемости товаров.

Параметры функции:
ДатаНач — дата начала периода анализа;
ДатаКон — дата окончания периода анализа.

Если параметры периода не заданы, используются значения по умолчанию:
ДатаНач = начало дня 30 дней назад;
ДатаКон = конец текущего дня.

Перед выполнением расчета выполняется проверка параметров:
если ДатаКон < ДатаНач — генерируется исключение;
анализ выполняется только в пределах указанного периода.

Расчет выполняется на основании следующих объектов конфигурации:
Справочник Товары — используется для получения полного списка товаров;
Регистр накопления Продажи — используется для определения наличия движений по товарам.

В процессе выполнения:
формируется список всех товаров без пометки удаления;
определяются товары, по которым были продажи за указанный период;
выполняется сравнение списков;
отбираются товары, по которым отсутствуют движения.

Результат функции представляет собой таблицу значений, содержащую:
товар;
наименование товара.

Полученный список позволяет оперативно выявить товары без движения и принять управленческие решения.","{""AccumulationRegisters"": [{""id"": ""Продажи"", ""name"": ""Продажи"", ""RegisterType"": ""Turnovers"", ""Dimensions"": [{""id"": ""Покупатель"", ""name"": ""Покупатель"", ""types"": [{""type"": ""Ref"", ""id"": ""Справочник.Контрагенты""}]}, {""id"": ""Товар"", ""name"": ""Товар"", ""types"": [{""type"": ""Ref"", ""id"": ""Справочник.Товары""}]}], ""Resources"": [{""id"": ""Количество"", ""name"": ""Количество"", ""types"": [{""type"": ""Number"", ""NumberQualifiers"": ""10.2""}]}, {""id"": ""Сумма"", ""name"": ""Сумма"", ""types"": [{""type"": ""Number"", ""NumberQualifiers"": ""10.2""}]}]}], ""Catalogs"": [{""id"": ""Товары"", ""name"": ""Товары"", ""Attributes"": [{""id"": ""Артикул"", ""name"": ""Артикул"", ""types"": [{""type"": ""String"", ""StringQualifiers"": ""15""}]}, {""id"": ""Поставщик"", ""name"": ""Поставщик"", ""types"": [{""type"": ""Ref"", ""id"": ""Справочник.Контрагенты""}]}, {""id"": ""ФайлКартинки"", ""name"": ""Картинка"", ""types"": [{""type"": ""Ref"", ""id"": ""Справочник.ХранимыеФайлы""}]}, {""id"": ""Вид"", ""name"": ""Вид"", ""types"": []}, {""id"": ""Штрихкод"", ""name"": ""Штрихкод"", ""types"": [{""type"": ""String"", ""StringQualifiers"": ""20""}]}, {""id"": ""Описание"", ""name"": ""Описание"", ""types"": [{""type"": ""String"", ""StringQualifiers"": ""0""}]}]}]}",task_144,server,mid,task44_СредняяСписокТоваровБезДвижения_v1.epf,"Функция СформироватьТоварыБезДвижения(ДатаНач = Неопределено, ДатаКон = Неопределено)

    // Проверка и установка значений по умолчанию
    Если ДатаНач = Неопределено Тогда
        ДатаНач = НачалоДня(ТекущаяДата() - 30 * 86400);
    КонецЕсли;
    Если ДатаКон = Неопределено Тогда
        ДатаКон = КонецДня(ТекущаяДата());
    КонецЕсли;

    // Контроль корректности периода
    Если ДатаКон < ДатаНач Тогда
        ВызватьИсключение ""Дата окончания периода не может быть меньше даты начала!"";
    КонецЕсли;

    Запрос = Новый Запрос;
    Запрос.Текст = 
        ""ВЫБРАТЬ
        |    Товары.Ссылка КАК Товар,
        |    Товары.Наименование КАК Наименование
        |ИЗ
        |    Справочник.Товары КАК Товары
        |    ЛЕВОЕ СОЕДИНЕНИЕ (ВЫБРАТЬ РАЗЛИЧНЫЕ
        |        ПродажиОбороты.Товар КАК Товар
        |    ИЗ
        |        РегистрНакопления.Продажи.Обороты(&ДатаНач, &ДатаКон) КАК ПродажиОбороты) КАК Продажи
        |    ПО (Товары.Ссылка = Продажи.Товар)
        |ГДЕ
        |    Продажи.Товар ЕСТЬ NULL
        |    И Товары.ПометкаУдаления = ЛОЖЬ"";

    Запрос.УстановитьПараметр(""ДатаНач"", ДатаНач);
    Запрос.УстановитьПараметр(""ДатаКон"", ДатаКон);

    РезультатЗапроса = Запрос.Выполнить();

    Возврат РезультатЗапроса.Выгрузить();

КонецФункции"
"Написать функцию НайтиПревышениеЛимитаПродаж(ДатаНач, ДатаКон, Лимит),
которая формирует список документов продаж предприятия, у которых сумма документа превышает установленный лимит за выбранный период.

Функция принимает три параметра:

ДатаНач — дата начала периода анализа;
ДатаКон — дата окончания периода анализа;
Лимит — максимальная допустимая сумма документа.

Если параметры периода не заданы, функция должна автоматически установить:

ДатаНач = начало дня 30 дней назад  
ДатаКон = конец текущего дня
Если параметр Лимит не задан — может использоваться значение по умолчанию


Перед выполнением расчета необходимо выполнить проверки:

если ДатаКон < ДатаНач — должно быть сгенерировано исключение;
если даты не заданы — используются значения по умолчанию;
анализ выполняется только в пределах указанного период 

Расчет выполняется на основании следующих объектов конфигурации:
Документ.РасходТовара

Функция должна возвращать объект типа ТаблицаЗначений, содержащий:

Ссылка — ссылка на документ;
Дата — дата документа;
Покупатель — контрагент;
Сумма — сумма документа","{""Documents"": [{""id"": ""РасходТовара"", ""name"": ""Расход товара"", ""Attributes"": [{""id"": ""Покупатель"", ""name"": ""Покупатель"", ""types"": [{""type"": ""Ref"", ""id"": ""Справочник.Контрагенты""}]}, {""id"": ""Склад"", ""name"": ""Склад"", ""types"": [{""type"": ""Ref"", ""id"": ""Справочник.Склады""}]}, {""id"": ""Валюта"", ""name"": ""Валюта взиморасчетов"", ""types"": [{""type"": ""Ref"", ""id"": ""Справочник.Валюты""}]}, {""id"": ""ВидЦен"", ""name"": ""Вид цен"", ""types"": [{""type"": ""Ref"", ""id"": ""Справочник.ВидыЦен""}]}, {""id"": ""ОбоснованиеОтгрузки"", ""name"": ""Обоснование отгрузки"", ""types"": [{""type"": ""String"", ""StringQualifiers"": ""0""}]}, {""id"": ""Организация"", ""name"": ""Организация"", ""types"": [{""type"": ""Ref"", ""id"": ""Справочник.Организации""}]}], ""TabularSections"": [{""id"": ""Товары"", ""name"": ""Товары"", ""Attributes"": [{""id"": ""Товар"", ""name"": ""Товар"", ""types"": [{""type"": ""Ref"", ""id"": ""Справочник.Товары""}]}, {""id"": ""Цена"", ""name"": ""Цена"", ""types"": [{""type"": ""Number"", ""NumberQualifiers"": ""10.2""}]}, {""id"": ""Количество"", ""name"": ""Количество"", ""types"": [{""type"": ""Number"", ""NumberQualifiers"": ""10.2""}]}, {""id"": ""Сумма"", ""name"": ""Сумма"", ""types"": [{""type"": ""Number"", ""NumberQualifiers"": ""10.2""}]}]}]}]}",task_145,server,mid,task47_СредняяПревышениеЛимитаПродаж_v1.epf,"Функция НайтиПревышениеЛимитаПродаж(ДатаНач = Неопределено, ДатаКон = Неопределено, Лимит = 0)
    
    // Если даты не заданы, используем значения по умолчанию
    Если ДатаНач = Неопределено Тогда
        ДатаНач = НачалоДня(ТекущаяДата() - 30 * 86400); // начало дня 30 дней назад
    КонецЕсли;
    
    Если ДатаКон = Неопределено Тогда
        ДатаКон = КонецДня(ТекущаяДата()); // конец текущего дня
    КонецЕсли;
    
    // Проверка корректности периода
    Если ДатаКон < ДатаНач Тогда
        ВызватьИсключение ""Дата окончания периода не может быть меньше даты начала"";
    КонецЕсли;
    
    // Создаем таблицу значений для результата
    Результат = Новый ТаблицаЗначений;
    Результат.Колонки.Добавить(""Ссылка"", Новый ОписаниеТипов(""ДокументСсылка.РасходТовара""));
    Результат.Колонки.Добавить(""Дата"", Новый ОписаниеТипов(""Дата""));
    Результат.Колонки.Добавить(""Покупатель"", Новый ОписаниеТипов(""СправочникСсылка.Контрагенты""));
    Результат.Колонки.Добавить(""Сумма"", Новый ОписаниеТипов(""Число"", , 15, 2));
    
    // Запрос для получения данных
    Запрос = Новый Запрос;
    Запрос.Текст = 
    ""ВЫБРАТЬ
    |    РасходТовара.Ссылка КАК Ссылка,
    |    РасходТовара.Дата КАК Дата,
    |    РасходТовара.Покупатель КАК Покупатель,
    |    СУММА(РасходТовараТовары.Сумма) КАК СуммаДокумента
    |ИЗ
    |    Документ.РасходТовара КАК РасходТовара
    |        ВНУТРЕННЕЕ СОЕДИНЕНИЕ Документ.РасходТовара.Товары КАК РасходТовараТовары
    |        ПО РасходТовара.Ссылка = РасходТовараТовары.Ссылка
    |ГДЕ
    |    РасходТовара.Дата МЕЖДУ &ДатаНач И &ДатаКон
    |
    |СГРУППИРОВАТЬ ПО
    |    РасходТовара.Ссылка,
    |    РасходТовара.Дата,
    |    РасходТовара.Покупатель
    |
    |ИМЕЮЩИЕ
    |    СУММА(РасходТовараТовары.Сумма) > &Лимит"";
    
    Запрос.УстановитьПараметр(""ДатаНач"", ДатаНач);
    Запрос.УстановитьПараметр(""ДатаКон"", ДатаКон);
    Запрос.УстановитьПараметр(""Лимит"", Лимит);
    
    РезультатЗапроса = Запрос.Выполнить();
    
    Выборка = РезультатЗапроса.Выбрать();
    Пока Выборка.Следующий() Цикл
        НоваяСтрока = Результат.Добавить();
        НоваяСтрока.Ссылка = Выборка.Ссылка;
        НоваяСтрока.Дата = Выборка.Дата;
        НоваяСтрока.Покупатель = Выборка.Покупатель;
        НоваяСтрока.Сумма = Выборка.СуммаДокумента;
    КонецЦикла;
    
    Возврат Результат;
    
КонецФункции"
"Написать функцию СформироватьОтчетОстаткиТоваровКонтроль(Период, КоличествоКонтроль), которая формирует отчет на сервере ""ОстаткиТоваровНаСкладах"" на заданный период с отбором по КоличествоОстаток. 
Функция должна программно сформировать отчет ""ОстаткиТоваровНаСкладах"", вариант отчета ""Основной"". 
Настройки отчета:
	Параметры отчета: Период. 
	    Значения парамета: Период = Период. 
	Структура отчета: Таблица
	                     *cтроки: Товар.    
	                     *столбцы: Склад.
	Выбранные поля: КоличествоОстаток, Товар, Склад.
	Отбор: КоличествоОстаток <= КоличествоКонтроль.
	Параметры вывода: ВыводитьПараметрыДанных = Не выводить,
	                  ВыводитьОтбор = Не выводить. 

Параметры функции:  
Период (тип: Дата) - период отчета.
КоличествоКонтроль (тип: Число) - значение контроля остатка. Выводить товары, остаток которых меньше или равен данного значения.

Возвращаемое значение: ТабличныйДокумент.","{""Catalogs"": [{""id"": ""Склады"", ""name"": ""Склады"", ""Attributes"": [{""id"": ""НеИспользовать"", ""name"": ""Не использовать"", ""types"": [{""type"": ""Boolean""}]}]}, {""id"": ""Товары"", ""name"": ""Товары"", ""Attributes"": [{""id"": ""Артикул"", ""name"": ""Артикул"", ""types"": [{""type"": ""String"", ""StringQualifiers"": ""15""}]}, {""id"": ""Поставщик"", ""name"": ""Поставщик"", ""types"": [{""type"": ""Ref"", ""id"": ""Справочник.Контрагенты""}]}, {""id"": ""ФайлКартинки"", ""name"": ""Картинка"", ""types"": [{""type"": ""Ref"", ""id"": ""Справочник.ХранимыеФайлы""}]}, {""id"": ""Вид"", ""name"": ""Вид"", ""types"": []}, {""id"": ""Штрихкод"", ""name"": ""Штрихкод"", ""types"": [{""type"": ""String"", ""StringQualifiers"": ""20""}]}, {""id"": ""Описание"", ""name"": ""Описание"", ""types"": [{""type"": ""String"", ""StringQualifiers"": ""0""}]}]}]}",task_146,server,high,task4_сложн_Куликова_v2.epf,"Функция СформироватьОтчетОстаткиТоваровКонтроль(Период, КоличествоКонтроль)

    // Получаем схему компоновки данных отчета
    Схема = Отчеты.ОстаткиТоваровНаСкладах.СхемаКомпоновкиДанных;
    
    // Загружаем настройки варианта ""Основной""
    ИсточникНастроек = Новый ИсточникДоступныхНастроекКомпоновкиДанных(Схема);
    КомпоновщикНастроек = Новый КомпоновщикНастроекКомпоновкиДанных;
    КомпоновщикНастроек.Инициализировать(ИсточникНастроек);
    Настройки = КомпоновщикНастроек.ЗагрузитьНастройки(Схема.Варианты[""Основной""].Настройки);
    
    // Устанавливаем параметр Период
    ПараметрПериод = Настройки.ПараметрыДанных.Элементы.Найти(""Период"");
    Если ПараметрПериод <> Неопределено Тогда
        ПараметрПериод.Значение = Период;
        ПараметрПериод.Использование = Истина;
    КонецЕсли;
    
    // Перестраиваем структуру отчета
    Структура = Настройки.Структура;
    Структура.Очистить();
    
    // Корневая таблица
    Корень = Структура.Добавить(Тип(""ГруппировкаКомпоновкиДанных""));
    Корень.Имя = ""Таблица"";
    Корень.РазмещениеИзмерений = РазмещениеИзмеренийКомпоновкиДанных.Таблица;
    
    // Группировка строк: Товар
    ГруппировкаТовар = Корень.Структура.Добавить(Тип(""ГруппировкаКомпоновкиДанных""));
    ГруппировкаТовар.Имя = ""Товар"";
    ГруппировкаТовар.Расположение = РасположениеИзмеренийКомпоновкиДанных.Строки;
    ПолеТовар = ГруппировкаТовар.Выбор.Добавить(Тип(""ВыбранноеПолеКомпоновкиДанных""));
    ПолеТовар.Поле = Новый ПолеКомпоновкиДанных(""Товар"");
    
    // Группировка колонок: Склад
    ГруппировкаСклад = Корень.Структура.Добавить(Тип(""ГруппировкаКомпоновкиДанных""));
    ГруппировкаСклад.Имя = ""Склад"";
    ГруппировкаСклад.Расположение = РасположениеИзмеренийКомпоновкиДанных.Колонки;
    ПолеСклад = ГруппировкаСклад.Выбор.Добавить(Тип(""ВыбранноеПолеКомпоновкиДанных""));
    ПолеСклад.Поле = Новый ПолеКомпоновкиДанных(""Склад"");
    
    // Выбранные поля
    Настройки.Выбор.Очистить();
    
    ВыбТовар = Настройки.Выбор.Добавить(Тип(""ВыбранноеПолеКомпоновкиДанных""));
    ВыбТовар.Поле = Новый ПолеКомпоновкиДанных(""Товар"");
    
    ВыбСклад = Настройки.Выбор.Добавить(Тип(""ВыбранноеПолеКомпоновкиДанных""));
    ВыбСклад.Поле = Новый ПолеКомпоновкиДанных(""Склад"");
    
    ВыбКол = Настройки.Выбор.Добавить(Тип(""ВыбранноеПолеКомпоновкиДанных""));
    ВыбКол.Поле = Новый ПолеКомпоновкиДанных(""КоличествоОстаток"");
    
    // Отбор по количеству остатка
    Отбор = Настройки.Отбор;
    Отбор.Элементы.Очистить();
    ЭлементОтбора = Отбор.Добавить(Тип(""ЭлементОтбораКомпоновкиДанных""));
    ЭлементОтбора.ЛевоеЗначение = Новый ПолеКомпоновкиДанных(""КоличествоОстаток"");
    ЭлементОтбора.ВидСравнения = ВидСравненияКомпоновкиДанных.МеньшеИлиРавно;
    ЭлементОтбора.ПравоеЗначение = КоличествоКонтроль;
    ЭлементОтбора.Использование = Истина;
    
    // Параметры вывода
    Настройки.ПараметрыВывода.ВыводитьПараметрыДанных = Ложь;
    Настройки.ПараметрыВывода.ВыводитьОтбор = Ложь;
    
    // Компоновка и вывод в табличный документ
    КомпоновщикМакета = Новый КомпоновщикМакетаКомпоновкиДанных;
    Макет = КомпоновщикМакета.Выполнить(Схема, Настройки);
    
    ПроцессорКомпоновки = Новый ПроцессорКомпоновкиДанных;
    ПроцессорКомпоновки.Инициализировать(Макет);
    
    ТабличныйДокумент = Новый ТабличныйДокумент;
    ПроцессорВывода = Новый ПроцессорВыводаРезультатаКомпоновкиДанныхВТабличныйДокумент;
    ПроцессорВывода.УстановитьДокумент(ТабличныйДокумент);
    ПроцессорВывода.Вывести(ПроцессорКомпоновки);
    
    Возврат ТабличныйДокумент;

КонецФункции"
"Написать функцию ДобавитьПолучателейИсходящихПисем(Получатели, Дата), которая для неотправленных, непомеченных на удаление исходящих писем, с датой больше Дата,
заполняет табличную часть Покупатели данными из параметра Получатели. 

Параметр функции:
     Получатели (тип Массив Из СправочникСсылка.Контрагенты) - контрагенты, получатели писем.
     
Для каждого элемента параметра Получатели получить реквизит ""ЭлектроннаяПочта"" справочника ""Контрагенты"". 
Отобрать элементы справочника ""ИсходящиеПисьма"", дата которых больше параметра Дата, ПометкаНаУдаление = Ложь и состояние Отправлено = Ложь.
Для отобранных писем в табличной части Покупатели справочника ""ИсходящиеПисьма"" заполнить реквизит ""ЭлектроннаяПочта"" данными реквизита ""ЭлектроннаяПочта"" справочника ""Контрагенты"".  
      
Данные о состоянии исходящего письма берутся из регистра сведений ""СостояниеИсходящихПисем"".","{""InformationRegisters"": [{""id"": ""СостояниеИсходящихПисем"", ""name"": ""Состояние исходящих писем"", ""InformationRegisterPeriodicity"": ""Nonperiodical"", ""WriteMode"": ""Independent"", ""Dimensions"": [{""id"": ""Письмо"", ""name"": ""Письмо"", ""types"": [{""type"": ""Ref"", ""id"": ""Справочник.ИсходящиеПисьма""}]}], ""Resources"": [{""id"": ""Отправлено"", ""name"": ""Отправлено"", ""types"": []}]}], ""Catalogs"": [{""id"": ""ИсходящиеПисьма"", ""name"": ""Исходящие письма"", ""Attributes"": [{""id"": ""Дата"", ""name"": ""Дата"", ""types"": [{""type"": ""Date""}]}, {""id"": ""Получатель"", ""name"": ""Получатель"", ""types"": [{""type"": ""String"", ""StringQualifiers"": ""0""}]}, {""id"": ""Содержимое"", ""name"": ""Содержимое"", ""types"": []}, {""id"": ""Текст"", ""name"": ""Текст"", ""types"": [{""type"": ""String"", ""StringQualifiers"": ""0""}]}, {""id"": ""Контрагент"", ""name"": ""Контрагент"", ""types"": [{""type"": ""Ref"", ""id"": ""Справочник.Контрагенты""}]}], ""TabularSections"": [{""id"": ""Получатели"", ""name"": ""Получатели"", ""Attributes"": [{""id"": ""ЭлектроннаяПочта"", ""name"": ""Электронная почта"", ""types"": [{""type"": ""String"", ""StringQualifiers"": ""1000""}]}]}]}, {""id"": ""Контрагенты"", ""name"": ""Контрагенты"", ""Attributes"": [{""id"": ""Регион"", ""name"": ""Регион"", ""types"": [{""type"": ""Ref"", ""id"": ""Справочник.Регионы""}]}, {""id"": ""Индекс"", ""name"": ""Индекс"", ""types"": [{""type"": ""String"", ""StringQualifiers"": ""10""}]}, {""id"": ""Страна"", ""name"": ""Страна"", ""types"": [{""type"": ""String"", ""StringQualifiers"": ""0""}]}, {""id"": ""Город"", ""name"": ""Город"", ""types"": [{""type"": ""String"", ""StringQualifiers"": ""0""}]}, {""id"": ""Улица"", ""name"": ""Улица"", ""types"": [{""type"": ""String"", ""StringQualifiers"": ""0""}]}, {""id"": ""Дом"", ""name"": ""Дом"", ""types"": [{""type"": ""String"", ""StringQualifiers"": ""15""}]}, {""id"": ""Телефон"", ""name"": ""Телефон"", ""types"": [{""type"": ""String"", ""StringQualifiers"": ""16""}]}, {""id"": ""ЭлектроннаяПочта"", ""name"": ""Электронная почта"", ""types"": [{""type"": ""String"", ""StringQualifiers"": ""40""}]}, {""id"": ""Факс"", ""name"": ""Факс"", ""types"": [{""type"": ""String"", ""StringQualifiers"": ""16""}]}, {""id"": ""ВебСайт"", ""name"": ""Веб сайт"", ""types"": [{""type"": ""String"", ""StringQualifiers"": ""40""}]}, {""id"": ""ВидЦен"", ""name"": ""Вид цен"", ""types"": [{""type"": ""Ref"", ""id"": ""Справочник.ВидыЦен""}]}, {""id"": ""ДополнительнаяИнформация"", ""name"": ""Дополнительная информация"", ""types"": [{""type"": ""String"", ""StringQualifiers"": ""0""}]}, {""id"": ""КонтактноеЛицо"", ""name"": ""Контактное лицо"", ""types"": [{""type"": ""String"", ""StringQualifiers"": ""100""}]}, {""id"": ""Широта"", ""name"": ""Широта"", ""types"": [{""type"": ""Number"", ""NumberQualifiers"": ""10.6""}]}, {""id"": ""Долгота"", ""name"": ""Долгота"", ""types"": [{""type"": ""Number"", ""NumberQualifiers"": ""10.6""}]}]}]}",task_147,server,,task5_Куликова_v2.epf,"// Функция добавляет получателей в табличную часть ""Получатели"" для неотправленных исходящих писем.
// Параметры:
//   Получатели - Массив из СправочникСсылка.Контрагенты - контрагенты, чьи электронные почты будут добавлены.
//   Дата - Дата, письма с датой больше этой будут обработаны.
// Возвращаемое значение: Число - количество обработанных писем.
Функция ДобавитьПолучателейИсходящихПисем(Получатели, Дата) Экспорт

    // Проверка входных данных
    Если ТипЗнч(Получатели) <> Тип(""Массив"") ИЛИ Получатели.Количество() = 0 Тогда
        Возврат 0;
    КонецЕсли;

    // Получение электронных почт контрагентов
    МассивПочт = Новый Массив;
    ЗапросПочт = Новый Запрос;
    ЗапросПочт.Текст = 
    ""ВЫБРАТЬ
    |	Контрагенты.ЭлектроннаяПочта КАК ЭлектроннаяПочта
    |ИЗ
    |	Справочник.Контрагенты КАК Контрагенты
    |ГДЕ
    |	Контрагенты.Ссылка В (&Получатели)"";
    ЗапросПочт.УстановитьПараметр(""Получатели"", Получатели);
    ВыборкаПочт = ЗапросПочт.Выполнить().Выбрать();
    Пока ВыборкаПочт.Следующий() Цикл
        Если ЗначениеЗаполнено(ВыборкаПочт.ЭлектроннаяПочта) Тогда
            МассивПочт.Добавить(ВыборкаПочт.ЭлектроннаяПочта);
        КонецЕсли;
    КонецЦикла;

    Если МассивПочт.Количество() = 0 Тогда
        Возврат 0;
    КонецЕсли;

    // Отбор исходящих писем: дата > Дата, не помечены на удаление, состояние ""Отправлено"" = Ложь
    ЗапросПисем = Новый Запрос;
    ЗапросПисем.Текст = 
    ""ВЫБРАТЬ
    |	ИсходящиеПисьма.Ссылка КАК Ссылка
    |ИЗ
    |	Справочник.ИсходящиеПисьма КАК ИсходящиеПисьма
    |		ВНУТРЕННЕЕ СОЕДИНЕНИЕ РегистрСведений.СостояниеИсходящихПисем КАК Состояние
    |		ПО ИсходящиеПисьма.Ссылка = Состояние.Письмо
    |ГДЕ
    |	ИсходящиеПисьма.Дата > &Дата
    |	И ИсходящиеПисьма.ПометкаУдаления = ЛОЖЬ
    |	И Состояние.Отправлено = ЛОЖЬ"";
    ЗапросПисем.УстановитьПараметр(""Дата"", Дата);
    ВыборкаПисем = ЗапросПисем.Выполнить().Выбрать();

    // Обработка писем в транзакции
    КоличествоОбработано = 0;
    НачатьТранзакцию();
    Попытка
        Пока ВыборкаПисем.Следующий() Цикл
            ОбъектПисьмо = ВыборкаПисем.Ссылка.ПолучитьОбъект();
            // Очистка и заполнение табличной части ""Получатели""
            ОбъектПисьмо.Получатели.Очистить();
            Для Каждого Почта Из МассивПочт Цикл
                НоваяСтрока = ОбъектПисьмо.Получатели.Добавить();
                НоваяСтрока.ЭлектроннаяПочта = Почта;
            КонецЦикла;
            ОбъектПисьмо.Записать();
            КоличествоОбработано = КоличествоОбработано + 1;
        КонецЦикла;
        ЗафиксироватьТранзакцию();
    Исключение
        ОтменитьТранзакцию();
        ВызватьИсключение;
    КонецПопытки;

    Возврат КоличествоОбработано;

КонецФункции"
