task,context,task_id,env,complexity,original_filename,output
"Создай функцию ЗаполнитьТабличнуюЧастьОстатками(ДокументОбъект), которая заполняет табличную часть документа «Заказ» «Товары» остатками из регистра «ТоварныеЗапасы» для склада и даты, заданных в документе. Отбирать только товары видом товара = Товар. Для каждой позиции остатка нужно добавить строку в табличную часть и перенести туда товар и количество.","{
  ""Documents"": [
    {
      ""id"": ""Заказ"",
      ""properties"": [
        ""Номер"": ""string"",
        ""Дата"": ""date"",
        ""Клиент"": ""Ref.Контрагенты"",
        ""Склад"": ""Ref.Склады"",
      ],
      ""tabularSections"": [
        {
          ""Товары"": [
            ""Товар"": ""Ref.Товары"",
            ""Количество"": ""number"",
            ""Цена"": ""number"",
            ""Сумма"": ""number""
          ]
        }
      ]
    }
  ]
}",task_001,server,low,,"&НаСервере
Функция ЗаполнитьТабличнуюЧастьОстатками(ДокументОбъект) Экспорт
	
	Если ДокументОбъект = Неопределено Тогда
		ВызватьИсключение ""Не передан объект документа."";
	КонецЕсли;
	
	Если Не ЗначениеЗаполнено(ДокументОбъект.Дата) Тогда
		ВызватьИсключение ""Не заполнена дата документа."";
	КонецЕсли;
	
	Если Не ЗначениеЗаполнено(ДокументОбъект.Склад) Тогда
		ВызватьИсключение ""Не заполнен склад документа."";
	КонецЕсли;
	
	// Заполняем табличную часть заново.
	ДокументОбъект.Товары.Очистить();
	
	Запрос = Новый Запрос;
	Запрос.Текст = 
""ВЫБРАТЬ
|	ТоварныеЗапасыОстатки.Товар КАК Товар,
|	ТоварныеЗапасыОстатки.КоличествоОстаток КАК Количество
|ИЗ
|	РегистрНакопления.ТоварныеЗапасы.Остатки(
|		&ДатаОстатков,
|		Склад = &Склад) КАК ТоварныеЗапасыОстатки
|ГДЕ
|	ТоварныеЗапасыОстатки.КоличествоОстаток > 0
|	И ТоварныеЗапасыОстатки.Товар.ВидТовара = ЗНАЧЕНИЕ(Перечисление.ВидыТоваров.Товар)
|
|УПОРЯДОЧИТЬ ПО
|	ТоварныеЗапасыОстатки.Товар"";
	
	Запрос.УстановитьПараметр(""ДатаОстатков"", КонецДня(ДокументОбъект.Дата));
	Запрос.УстановитьПараметр(""Склад"", ДокументОбъект.Склад);
	
	РезультатЗапроса = Запрос.Выполнить();
	Выборка = РезультатЗапроса.Выбрать();
	
	КоличествоДобавленныхСтрок = 0;
	
	Пока Выборка.Следующий() Цикл
		
		НоваяСтрока = ДокументОбъект.Товары.Добавить();
		НоваяСтрока.Товар = Выборка.Товар;
		НоваяСтрока.Количество = Выборка.Количество;
		
		КоличествоДобавленныхСтрок = КоличествоДобавленныхСтрок + 1;
		
	КонецЦикла;
	
	Возврат КоличествоДобавленныхСтрок;
	
КонецФункции"
"Создай функцию ЗаполнитьТабличныйДокумент(ТабДокумент, Макет, Дата) которая выводит в табличный документ задолженность по контрагентам из регистра Взаиморасчеты на дату. В макете есть секции Шапка и Строка, в секции строка есть параметры “Контрагент” и “Задолженность”","{
  ""AccumulationRegisters"": [
    {
      ""id"": ""Взаиморасчеты"",
      ""name"": ""Взаиморасчеты"",
      ""RegisterType"": ""Balance"",
      ""Dimensions"": [
        {
          ""id"": ""Контрагент"",
          ""name"": ""Контрагент"",
          ""types"": [
            {
              ""type"": ""Ref"",
              ""id"": ""Справочник.Контрагенты""
            }
          ]
        },
        {
          ""id"": ""Валюта"",
          ""name"": ""Валюта"",
          ""types"": [
            {
              ""type"": ""Ref"",
              ""id"": ""Справочник.Валюты""
            }
          ]
        }
      ],
      ""Resources"": [
        {
          ""id"": ""Сумма"",
          ""name"": ""Сумма"",
          ""types"": [
            {
              ""type"": ""Number"",
              ""NumberQualifiers"": ""10.2""
            }
          ]
        }
      ]
    }
  ]
}",task_002,server,mid,,"Функция ЗаполнитьТабличныйДокумент(ТабДокумент, Макет, Дата) Экспорт
	
	Если ТабДокумент = Неопределено Тогда
		ТабДокумент = Новый ТабличныйДокумент;
	КонецЕсли;
	
	ТабДокумент.Очистить();
	
	ОбластьШапка = Макет.ПолучитьОбласть(""Шапка"");
	ОбластьСтрока = Макет.ПолучитьОбласть(""Строка"");
	
	ТабДокумент.Вывести(ОбластьШапка);
	
	Запрос = Новый Запрос;
	Запрос.Текст = 
""ВЫБРАТЬ
|	ВзаиморасчетыОстатки.Контрагент КАК Контрагент,
|	СУММА(ВзаиморасчетыОстатки.СуммаОстаток) КАК Задолженность
|ИЗ
|	РегистрНакопления.Взаиморасчеты.Остатки(&ДатаОстатков, ) КАК ВзаиморасчетыОстатки
|
|СГРУППИРОВАТЬ ПО
|	ВзаиморасчетыОстатки.Контрагент
|
|ИМЕЮЩИЕ
|	СУММА(ВзаиморасчетыОстатки.СуммаОстаток) <> 0
|
|УПОРЯДОЧИТЬ ПО
|	Контрагент"";
	
	Запрос.УстановитьПараметр(""ДатаОстатков"", КонецДня(Дата));
	
	РезультатЗапроса = Запрос.Выполнить();
	Выборка = РезультатЗапроса.Выбрать();
	
	Пока Выборка.Следующий() Цикл
		
		ОбластьСтрока.Параметры.Контрагент = Выборка.Контрагент;
		ОбластьСтрока.Параметры.Задолженность = Выборка.Задолженность;
		
		ТабДокумент.Вывести(ОбластьСтрока);
		
	КонецЦикла;
	
	Возврат ТабДокумент;
	
КонецФункции"
Создай функцию УстановитьСклад(ДокументОбъект) которая устанавливает во всех строках ТЧ «Товары» значение поля «СкладСтроки» равным реквизиту документа «Склад».,"{
  ""AccumulationRegisters"": [
    {
      ""id"": ""Взаиморасчеты"",
      ""name"": ""Взаиморасчеты"",
      ""RegisterType"": ""Balance"",
      ""Dimensions"": [
        {
          ""id"": ""Контрагент"",
          ""name"": ""Контрагент"",
          ""types"": [
            {
              ""type"": ""Ref"",
              ""id"": ""Справочник.Контрагенты""
            }
          ]
        },
        {
          ""id"": ""Валюта"",
          ""name"": ""Валюта"",
          ""types"": [
            {
              ""type"": ""Ref"",
              ""id"": ""Справочник.Валюты""
            }
          ]
        }
      ],
      ""Resources"": [
        {
          ""id"": ""Сумма"",
          ""name"": ""Сумма"",
          ""types"": [
            {
              ""type"": ""Number"",
              ""NumberQualifiers"": ""10.2""
            }
          ]
        }
      ]
    }
  ]
}",task_003,server,low,,"Функция УстановитьСклад(ДокументОбъект) Экспорт
	
	Если ДокументОбъект = Неопределено Тогда
		Возврат Ложь;
	КонецЕсли;
	
	СкладДокумента = ДокументОбъект.Склад;
	
	Для Каждого СтрокаТовары Из ДокументОбъект.Товары Цикл
		СтрокаТовары.СкладСтроки = СкладДокумента;
	КонецЦикла;
	
	Возврат Истина;
	
КонецФункции"
Создай функцию УдалитьПоследнююЗапись(Валюта) которая удаляет последнюю по времени запись регистра сведений КурсыВалют с измерением Валюта = Валюта,"{
  ""InformationRegisters"": [
    {
      ""id"": ""КурсыВалют"",
      ""name"": ""Курсы валют"",
      ""InformationRegisterPeriodicity"": ""Day"",
      ""WriteMode"": ""Independent"",
      ""Dimensions"": [
        {
          ""id"": ""Валюта"",
          ""name"": ""Валюта"",
          ""types"": [
            {
              ""type"": ""Ref"",
              ""id"": ""Справочник.Валюты""
            }
          ]
        }
      ],
      ""Resources"": [
        {
          ""id"": ""Курс"",
          ""name"": ""Курс"",
          ""types"": [
            {
              ""type"": ""Number"",
              ""NumberQualifiers"": ""10.2""
            }
          ]
        }
      ]
    }
  ]
}",task_004,server,low,,"Функция УдалитьПоследнююЗапись(Валюта) Экспорт
	
	Запрос = Новый Запрос;
	Запрос.Текст = 
""ВЫБРАТЬ ПЕРВЫЕ 1
|	КурсыВалют.Период КАК Период
|ИЗ
|	РегистрСведений.КурсыВалют КАК КурсыВалют
|ГДЕ
|	КурсыВалют.Валюта = &Валюта
|
|УПОРЯДОЧИТЬ ПО
|	КурсыВалют.Период УБЫВ"";
	
	Запрос.УстановитьПараметр(""Валюта"", Валюта);
	
	РезультатЗапроса = Запрос.Выполнить();
	Выборка = РезультатЗапроса.Выбрать();
	
	Если Не Выборка.Следующий() Тогда
		Возврат Ложь;
	КонецЕсли;
	
	НаборЗаписей = РегистрыСведений.КурсыВалют.СоздатьНаборЗаписей();
	НаборЗаписей.Отбор.Валюта.Установить(Валюта);
	НаборЗаписей.Отбор.Период.Установить(Выборка.Период);
	
	НаборЗаписей.Прочитать();
	
	Если НаборЗаписей.Количество() = 0 Тогда
		Возврат Ложь;
	КонецЕсли;
	
	НаборЗаписей.Очистить();
	НаборЗаписей.Записать();
	
	Возврат Истина;
	
КонецФункции"
Создай функцию НеУстановленыЦены(Поставщик) которая возвращает СписокЗначений с элементами справочника Товары у которых Поставщик = Поставщик и нет записи в регистре сведений ЦеныТоваров,"{
  ""InformationRegisters"": [
    {
      ""id"": ""ЦеныТоваров"",
      ""name"": ""Цены товаров"",
      ""InformationRegisterPeriodicity"": ""Day"",
      ""WriteMode"": ""Independent"",
      ""Dimensions"": [
        {
          ""id"": ""Товар"",
          ""name"": ""Товар"",
          ""types"": [
            {
              ""type"": ""Ref"",
              ""id"": ""Справочник.Товары""
            }
          ]
        },
        {
          ""id"": ""ВидЦен"",
          ""name"": ""Вид цен"",
          ""types"": [
            {
              ""type"": ""Ref"",
              ""id"": ""Справочник.ВидыЦен""
            }
          ]
        }
      ],
      ""Resources"": [
        {
          ""id"": ""Цена"",
          ""name"": ""Цена"",
          ""types"": [
            {
              ""type"": ""Number"",
              ""NumberQualifiers"": ""10.2""
            }
          ]
        }
      ]
    }
  ]
}",task_005,server,low,,"Функция НеУстановленыЦены(Поставщик) Экспорт
	
	СписокТоваров = Новый СписокЗначений;
	
	Запрос = Новый Запрос;
	Запрос.Текст = 
""ВЫБРАТЬ
|	Товары.Ссылка КАК Товар
|ИЗ
|	Справочник.Товары КАК Товары
|		ЛЕВОЕ СОЕДИНЕНИЕ РегистрСведений.ЦеныТоваров КАК ЦеныТоваров
|		ПО ЦеныТоваров.Товар = Товары.Ссылка
|ГДЕ
|	Товары.Поставщик = &Поставщик
|	И НЕ Товары.ПометкаУдаления
|	И ЦеныТоваров.Товар ЕСТЬ NULL"";
	
	Запрос.УстановитьПараметр(""Поставщик"", Поставщик);
	
	РезультатЗапроса = Запрос.Выполнить();
	Выборка = РезультатЗапроса.Выбрать();
	
	Пока Выборка.Следующий() Цикл
		СписокТоваров.Добавить(Выборка.Товар);
	КонецЦикла;
	
	Возврат СписокТоваров;
	
КонецФункции"
"Создай функцию ВыгрузитьОстаткиСклада(Склад, МинимальныйОстаток, ФайлJson), которая получает остаки товаров склада на текущую дату из регистра ТоварныеЗапасы у которых остаток больше или равен значению МинимальныйОстаток. Записать файл в json формате как список с полями ""Товар_Код"", ""Товар_Наименование"", ""Остаток"" (число, округленное до целого). Строки списка должны быть упорядочены по возрастанию поля Товар_Код","{
  ""AccumulationRegisters"": [
    {
      ""id"": ""ТоварныеЗапасы"",
      ""name"": ""Товарные запасы"",
      ""RegisterType"": ""Balance"",
      ""Dimensions"": [
        {
          ""id"": ""Товар"",
          ""name"": ""Товар"",
          ""types"": [
            {
              ""type"": ""Ref"",
              ""id"": ""Справочник.Товары""
            }
          ]
        },
        {
          ""id"": ""Склад"",
          ""name"": ""Склад"",
          ""types"": [
            {
              ""type"": ""Ref"",
              ""id"": ""Справочник.Склады""
            }
          ]
        }
      ],
      ""Resources"": [
        {
          ""id"": ""Количество"",
          ""name"": ""Количество"",
          ""types"": [
            {
              ""type"": ""Number"",
              ""NumberQualifiers"": ""10.2""
            }
          ]
        }
      ]
    }
  ]
}",task_006,server,mid,,"Функция ВыгрузитьОстаткиСклада(Склад, МинимальныйОстаток, ФайлJson) Экспорт
	
	Запрос = Новый Запрос;
	Запрос.Текст = 
""ВЫБРАТЬ
|	ТоварныеЗапасыОстатки.Товар.Код КАК Товар_Код,
|	ТоварныеЗапасыОстатки.Товар.Наименование КАК Товар_Наименование,
|	ОКР(ТоварныеЗапасыОстатки.КоличествоОстаток, 0) КАК Остаток
|ИЗ
|	РегистрНакопления.ТоварныеЗапасы.Остатки(&ДатаОстатков, Склад = &Склад) КАК ТоварныеЗапасыОстатки
|ГДЕ
|	ТоварныеЗапасыОстатки.КоличествоОстаток >= &МинимальныйОстаток
|
|УПОРЯДОЧИТЬ ПО
|	Товар_Код"";
	
	Запрос.УстановитьПараметр(""ДатаОстатков"", ТекущаяДата());
	Запрос.УстановитьПараметр(""Склад"", Склад);
	Запрос.УстановитьПараметр(""МинимальныйОстаток"", МинимальныйОстаток);
	
	РезультатЗапроса = Запрос.Выполнить();
	Выборка = РезультатЗапроса.Выбрать();
	
	ДанныеJSON = Новый Массив;
	
	Пока Выборка.Следующий() Цикл
		
		СтрокаJSON = Новый Структура;
		СтрокаJSON.Вставить(""Товар_Код"", Выборка.Товар_Код);
		СтрокаJSON.Вставить(""Товар_Наименование"", Выборка.Товар_Наименование);
		СтрокаJSON.Вставить(""Остаток"", Выборка.Остаток);
		
		ДанныеJSON.Добавить(СтрокаJSON);
		
	КонецЦикла;
	
	ИмяФайла = ФайлJson;
	Если ТипЗнч(ФайлJson) = Тип(""Файл"") Тогда
		ИмяФайла = ФайлJson.ПолноеИмя;
	КонецЕсли;
	
	ЗаписьJSON = Новый ЗаписьJSON;
	ЗаписьJSON.ОткрытьФайл(ИмяФайла);
	
	ЗаписатьJSON(ЗаписьJSON, ДанныеJSON);
	
	ЗаписьJSON.Закрыть();
	
	Возврат ДанныеJSON.Количество();
	
КонецФункции"
"создай функцию ВыбратьСтрокиТаблицы(Таблица, Склад, Наименование), которая получает на вход параметр типа ТаблицаЗначений
в которой есть колонки ""Склад"", ""Товар"" типа справочник Товары, ""Количество"". Нужно вернуть ТаблицуЗначений, в которую войдут только те строки из входной таблицы, 
у которых значение в колонке ""Склад"" равно параметру Склад, а значение в колонке ""Товар.Наименование"" содержит подстроку параметра ""Наименование"".",,task_007,server,low,,"Функция ВыбратьСтрокиТаблицы(Таблица, Склад, Наименование) Экспорт
	
	Если ТипЗнч(Таблица) <> Тип(""ТаблицаЗначений"") Тогда
		ВызватьИсключение ""Параметр """"Таблица"""" должен иметь тип ТаблицаЗначений."";
	КонецЕсли;
	
	Если Наименование = Неопределено Тогда
		СтрокаПоиска = """";
	Иначе
		СтрокаПоиска = Строка(Наименование);
	КонецЕсли;
	
	ШаблонНаименования = ""%"" + ЭкранироватьСтрокуДляПодобно(СтрокаПоиска) + ""%"";
	
	Запрос = Новый Запрос;
	Запрос.Текст = 
""ВЫБРАТЬ
|	Таблица.Склад КАК Склад,
|	Таблица.Товар КАК Товар,
|	Таблица.Количество КАК Количество
|ИЗ
|	&Таблица КАК Таблица
|ГДЕ
|	Таблица.Склад = &Склад
|	И ЕСТЬNULL(Таблица.Товар.Наименование, """""""") ПОДОБНО &ШаблонНаименования СПЕЦСИМВОЛ """"~"""""";
	
	Запрос.УстановитьПараметр(""Таблица"", Таблица);
	Запрос.УстановитьПараметр(""Склад"", Склад);
	Запрос.УстановитьПараметр(""ШаблонНаименования"", ШаблонНаименования);
	
	Возврат Запрос.Выполнить().Выгрузить();
	
КонецФункции

Функция ЭкранироватьСтрокуДляПодобно(Знач СтрокаПоиска)
	
	Результат = СтрокаПоиска;
	
	// Сначала экранируем сам символ экранирования.
	Результат = СтрЗаменить(Результат, ""~"", ""~~"");
	
	// Экранируем специальные символы оператора ПОДОБНО.
	Результат = СтрЗаменить(Результат, ""%"", ""~%"");
	Результат = СтрЗаменить(Результат, ""_"", ""~_"");
	Результат = СтрЗаменить(Результат, ""["", ""~["");
	Результат = СтрЗаменить(Результат, ""]"", ""~]"");
	Результат = СтрЗаменить(Результат, ""^"", ""~^"");
	Результат = СтрЗаменить(Результат, ""-"", ""~-"");
	
	Возврат Результат;
	
КонецФункции"
"Создай функцию УшедшийТовар(Дата1, Дата2), которая возвращает таблицу значений с товаром, который был на складе (любом) на Дата1, но отсутствует на складе на Дата2. 
Использовать остатки регистра ""ТоварныеЗапасы"".
В таблице должны быть колонки: ""Товар"" (ссылка на справочник Товары), ""Количество"" (количество товара на Дата1).","{
  ""AccumulationRegisters"": [
    {
      ""id"": ""ТоварныеЗапасы"",
      ""name"": ""Товарные запасы"",
      ""RegisterType"": ""Balance"",
      ""Dimensions"": [
        {
          ""id"": ""Товар"",
          ""name"": ""Товар"",
          ""types"": [
            {
              ""type"": ""Ref"",
              ""id"": ""Справочник.Товары""
            }
          ]
        },
        {
          ""id"": ""Склад"",
          ""name"": ""Склад"",
          ""types"": [
            {
              ""type"": ""Ref"",
              ""id"": ""Справочник.Склады""
            }
          ]
        }
      ],
      ""Resources"": [
        {
          ""id"": ""Количество"",
          ""name"": ""Количество"",
          ""types"": [
            {
              ""type"": ""Number"",
              ""NumberQualifiers"": ""10.2""
            }
          ]
        }
      ]
    }
  ]
}",task_008,server,mid,,"Функция УшедшийТовар(Дата1, Дата2) Экспорт
	
	Запрос = Новый Запрос;
	Запрос.УстановитьПараметр(""Дата1"", Дата1);
	Запрос.УстановитьПараметр(""Дата2"", Дата2);
	
	Запрос.Текст = 
""ВЫБРАТЬ
|	ОстаткиНаДату1.Товар КАК Товар,
|	ОстаткиНаДату1.Количество КАК Количество
|ИЗ
|	(ВЫБРАТЬ
|		ТоварныеЗапасыОстатки.Товар КАК Товар,
|		СУММА(ТоварныеЗапасыОстатки.КоличествоОстаток) КАК Количество
|	ИЗ
|		РегистрНакопления.ТоварныеЗапасы.Остатки(&Дата1, ) КАК ТоварныеЗапасыОстатки
|	ГДЕ
|		ТоварныеЗапасыОстатки.КоличествоОстаток > 0
|	
|	СГРУППИРОВАТЬ ПО
|		ТоварныеЗапасыОстатки.Товар) КАК ОстаткиНаДату1
|		ЛЕВОЕ СОЕДИНЕНИЕ
|		(ВЫБРАТЬ РАЗЛИЧНЫЕ
|			ТоварныеЗапасыОстатки.Товар КАК Товар
|		ИЗ
|			РегистрНакопления.ТоварныеЗапасы.Остатки(&Дата2, ) КАК ТоварныеЗапасыОстатки
|		ГДЕ
|			ТоварныеЗапасыОстатки.КоличествоОстаток > 0) КАК ОстаткиНаДату2
|		ПО ОстаткиНаДату1.Товар = ОстаткиНаДату2.Товар
|ГДЕ
|	ОстаткиНаДату2.Товар ЕСТЬ NULL
|
|УПОРЯДОЧИТЬ ПО
|	Товар"";
	
	Возврат Запрос.Выполнить().Выгрузить();
	
КонецФункции"
"создай функцию ПросроченныеДолги(Дата, МинДолг, СрокДолга), которая возвращает таблицу значений с контрагентами, 
у которых на заданную дату есть долг больше МинДолг, и этот долг, или его часть, образовался более СрокДолга дней назад. Задолженность смотреть в регистре накопления Взаиморасчеты.
В таблице должны быть колонки: Контрагент, ДолгВсего, ДолгПросроченный, ДатаОбразованияДолга.","{
  ""AccumulationRegisters"": [
    {
      ""id"": ""Взаиморасчеты"",
      ""name"": ""Взаиморасчеты"",
      ""RegisterType"": ""Balance"",
      ""Dimensions"": [
        {
          ""id"": ""Контрагент"",
          ""name"": ""Контрагент"",
          ""types"": [
            {
              ""type"": ""Ref"",
              ""id"": ""Справочник.Контрагенты""
            }
          ]
        },
        {
          ""id"": ""Валюта"",
          ""name"": ""Валюта"",
          ""types"": [
            {
              ""type"": ""Ref"",
              ""id"": ""Справочник.Валюты""
            }
          ]
        }
      ],
      ""Resources"": [
        {
          ""id"": ""Сумма"",
          ""name"": ""Сумма"",
          ""types"": [
            {
              ""type"": ""Number"",
              ""NumberQualifiers"": ""10.2""
            }
          ]
        }
      ]
    }
  ]
}",task_009,server,high,,"Функция ПросроченныеДолги(Дата, МинДолг, СрокДолга) Экспорт
	
	ДатаРасчета = КонецДня(Дата);
	ПорогПросрочки = ДатаРасчета - СрокДолга * 24 * 60 * 60;
	
	Результат = Новый ТаблицаЗначений;
	Результат.Колонки.Добавить(""Контрагент"");
	Результат.Колонки.Добавить(""ДолгВсего"");
	Результат.Колонки.Добавить(""ДолгПросроченный"");
	Результат.Колонки.Добавить(""ДатаОбразованияДолга"");
	
	Запрос = Новый Запрос;
	Запрос.Текст = 
""ВЫБРАТЬ
|	Взаиморасчеты.Контрагент КАК Контрагент,
|	Взаиморасчеты.Валюта КАК Валюта,
|	Взаиморасчеты.Период КАК Период,
|	Взаиморасчеты.Регистратор КАК Регистратор,
|	Взаиморасчеты.НомерСтроки КАК НомерСтроки,
|	ВЫБОР
|		КОГДА Взаиморасчеты.ВидДвижения = ЗНАЧЕНИЕ(ВидДвиженияНакопления.Приход)
|			ТОГДА Взаиморасчеты.Сумма
|		ИНАЧЕ -Взаиморасчеты.Сумма
|	КОНЕЦ КАК СуммаДвижения
|ИЗ
|	РегистрНакопления.Взаиморасчеты КАК Взаиморасчеты
|ГДЕ
|	Взаиморасчеты.Период <= &ДатаРасчета
|	И Взаиморасчеты.Активность
|	И Взаиморасчеты.Сумма <> 0
|
|УПОРЯДОЧИТЬ ПО
|	Контрагент,
|	Валюта,
|	Период,
|	Регистратор,
|	НомерСтроки"";
	
	Запрос.УстановитьПараметр(""ДатаРасчета"", ДатаРасчета);
	
	Выборка = Запрос.Выполнить().Выбрать();
	
	ИтогиКонтрагентов = Новый Соответствие;
	
	ТекущийКонтрагент = Неопределено;
	ТекущаяВалюта = Неопределено;
	ЕстьТекущаяГруппа = Ложь;
	
	ОчередьДолгов = Новый Массив;
	Аванс = 0;
	
	Пока Выборка.Следующий() Цикл
		
		Если Не ЕстьТекущаяГруппа
			Или Выборка.Контрагент <> ТекущийКонтрагент
			Или Выборка.Валюта <> ТекущаяВалюта Тогда
			
			Если ЕстьТекущаяГруппа Тогда
				ДобавитьИтогиДолгаПоВалюте(
					ИтогиКонтрагентов,
					ТекущийКонтрагент,
					ОчередьДолгов,
					ПорогПросрочки);
			КонецЕсли;
			
			ТекущийКонтрагент = Выборка.Контрагент;
			ТекущаяВалюта = Выборка.Валюта;
			ЕстьТекущаяГруппа = Истина;
			
			ОчередьДолгов = Новый Массив;
			Аванс = 0;
			
		КонецЕсли;
		
		СуммаДвижения = Выборка.СуммаДвижения;
		
		Если СуммаДвижения > 0 Тогда
			
			// Если ранее был аванс, новый долг сначала погашает аванс.
			Если Аванс > 0 Тогда
				Если СуммаДвижения <= Аванс Тогда
					Аванс = Аванс - СуммаДвижения;
					СуммаДвижения = 0;
				Иначе
					СуммаДвижения = СуммаДвижения - Аванс;
					Аванс = 0;
				КонецЕсли;
			КонецЕсли;
			
			Если СуммаДвижения > 0 Тогда
				ОчередьДолгов.Добавить(Новый Структура(""Дата,Сумма"", Выборка.Период, СуммаДвижения));
			КонецЕсли;
			
		ИначеЕсли СуммаДвижения < 0 Тогда
			
			// Погашение списывает самый старый долг.
			ОстатокСписания = -СуммаДвижения;
			
			Пока ОстатокСписания > 0 И ОчередьДолгов.Количество() > 0 Цикл
				
				ПорцияДолга = ОчередьДолгов[0];
				
				Если ПорцияДолга.Сумма <= ОстатокСписания Тогда
					ОстатокСписания = ОстатокСписания - ПорцияДолга.Сумма;
					ОчередьДолгов.Удалить(0);
				Иначе
					ПорцияДолга.Сумма = ПорцияДолга.Сумма - ОстатокСписания;
					ОстатокСписания = 0;
				КонецЕсли;
				
			КонецЦикла;
			
			Если ОстатокСписания > 0 Тогда
				Аванс = Аванс + ОстатокСписания;
			КонецЕсли;
			
		КонецЕсли;
		
	КонецЦикла;
	
	Если ЕстьТекущаяГруппа Тогда
		ДобавитьИтогиДолгаПоВалюте(
			ИтогиКонтрагентов,
			ТекущийКонтрагент,
			ОчередьДолгов,
			ПорогПросрочки);
	КонецЕсли;
	
	Для Каждого ЭлементИтога Из ИтогиКонтрагентов Цикл
		
		ИтогКонтрагента = ЭлементИтога.Значение;
		
		Если ИтогКонтрагента.ДолгВсего > МинДолг
			И ИтогКонтрагента.ДолгПросроченный > 0 Тогда
			
			НоваяСтрока = Результат.Добавить();
			НоваяСтрока.Контрагент = ИтогКонтрагента.Контрагент;
			НоваяСтрока.ДолгВсего = ИтогКонтрагента.ДолгВсего;
			НоваяСтрока.ДолгПросроченный = ИтогКонтрагента.ДолгПросроченный;
			НоваяСтрока.ДатаОбразованияДолга = ИтогКонтрагента.ДатаОбразованияДолга;
			
		КонецЕсли;
		
	КонецЦикла;
	
	Возврат Результат;
	
КонецФункции


Процедура ДобавитьИтогиДолгаПоВалюте(ИтогиКонтрагентов, Контрагент, ОчередьДолгов, ПорогПросрочки)
	
	ДолгВсего = 0;
	ДолгПросроченный = 0;
	ДатаОбразованияДолга = Неопределено;
	
	Для Каждого ПорцияДолга Из ОчередьДолгов Цикл
		
		ДолгВсего = ДолгВсего + ПорцияДолга.Сумма;
		
		Если ПорцияДолга.Дата < ПорогПросрочки Тогда
			
			ДолгПросроченный = ДолгПросроченный + ПорцияДолга.Сумма;
			
			Если ДатаОбразованияДолга = Неопределено
				Или ПорцияДолга.Дата < ДатаОбразованияДолга Тогда
				ДатаОбразованияДолга = ПорцияДолга.Дата;
			КонецЕсли;
			
		КонецЕсли;
		
	КонецЦикла;
	
	Если ДолгВсего <= 0 Тогда
		Возврат;
	КонецЕсли;
	
	ИтогКонтрагента = ИтогиКонтрагентов.Получить(Контрагент);
	
	Если ИтогКонтрагента = Неопределено Тогда
		
		ИтогКонтрагента = Новый Структура;
		ИтогКонтрагента.Вставить(""Контрагент"", Контрагент);
		ИтогКонтрагента.Вставить(""ДолгВсего"", 0);
		ИтогКонтрагента.Вставить(""ДолгПросроченный"", 0);
		ИтогКонтрагента.Вставить(""ДатаОбразованияДолга"", Неопределено);
		
		ИтогиКонтрагентов.Вставить(Контрагент, ИтогКонтрагента);
		
	КонецЕсли;
	
	ИтогКонтрагента.ДолгВсего = ИтогКонтрагента.ДолгВсего + ДолгВсего;
	ИтогКонтрагента.ДолгПросроченный = ИтогКонтрагента.ДолгПросроченный + ДолгПросроченный;
	
	Если ДатаОбразованияДолга <> Неопределено Тогда
		
		Если ИтогКонтрагента.ДатаОбразованияДолга = Неопределено
			Или ДатаОбразованияДолга < ИтогКонтрагента.ДатаОбразованияДолга Тогда
			ИтогКонтрагента.ДатаОбразованияДолга = ДатаОбразованияДолга;
		КонецЕсли;
		
	КонецЕсли;
	
КонецПроцедуры"
"создай функцию СоздатьИнтернетПочтовоеСообщение(Письмо, Отправитель)
Параметры:
 - Письмо - СправочникСсылка.ИсходящиеПисьма - элемент справочника, на основании которого
			следует оформить объект системы ИнтернетПочтовоеСообщение для дальнейшей
				отправки с помощью механизмов интернет почты.
- Отправитель - Строка – email отправителя почтового сообщения

Возвращаемое значение:
    Объект ИнтернетПочтовоеСообщение. Содержит почтовое сообщение, готовое к отправке.","{
  ""Catalogs"": [
    {
      ""id"": ""ИсходящиеПисьма"",
      ""name"": ""Исходящие письма"",
      ""Attributes"": [
        {
          ""id"": ""Дата"",
          ""name"": ""Дата"",
          ""types"": [
            {
              ""type"": ""Date""
            }
          ]
        },
        {
          ""id"": ""Получатель"",
          ""name"": ""Получатель"",
          ""types"": [
            {
              ""type"": ""String"",
              ""StringQualifiers"": ""0""
            }
          ]
        },
        {
          ""id"": ""Содержимое"",
          ""name"": ""Содержимое"",
          ""types"": []
        },
        {
          ""id"": ""Текст"",
          ""name"": ""Текст"",
          ""types"": [
            {
              ""type"": ""String"",
              ""StringQualifiers"": ""0""
            }
          ]
        },
        {
          ""id"": ""Контрагент"",
          ""name"": ""Контрагент"",
          ""types"": [
            {
              ""type"": ""Ref"",
              ""id"": ""Справочник.Контрагенты""
            }
          ]
        }
      ],
      ""TabularSections"": [
        {
          ""id"": ""Получатели"",
          ""name"": ""Получатели"",
          ""Attributes"": [
            {
              ""id"": ""ЭлектроннаяПочта"",
              ""name"": ""Электронная почта"",
              ""types"": [
                {
                  ""type"": ""String"",
                  ""StringQualifiers"": ""1000""
                }
              ]
            }
          ]
        }
      ]
    }
  ]
}",task_010,server,mid,,"Функция СоздатьИнтернетПочтовоеСообщение(Письмо, Отправитель) Экспорт
	
	Если Не ЗначениеЗаполнено(Письмо) Тогда
		ВызватьИсключение ""Не указано исходящее письмо."";
	КонецЕсли;
	
	Отправитель = СокрЛП(Отправитель);
	Если Отправитель = """" Тогда
		ВызватьИсключение ""Не указан email отправителя почтового сообщения."";
	КонецЕсли;
	
	ДанныеПисьма = ПолучитьДанныеИсходящегоПисьма(Письмо);
	
	ПочтовоеСообщение = Новый ИнтернетПочтовоеСообщение;
	ПочтовоеСообщение.Отправитель = Отправитель;
	ПочтовоеСообщение.Тема = СформироватьТемуПочтовогоСообщения(ДанныеПисьма);
	
	ДобавленныеАдреса = Новый Соответствие;
	
	ДобавитьАдресаПолучателейВСообщение(
		ПочтовоеСообщение,
		ДанныеПисьма.Получатель,
		ДобавленныеАдреса);
	
	ДобавитьПолучателейИзТабличнойЧасти(
		ПочтовоеСообщение,
		Письмо,
		ДобавленныеАдреса);
	
	Если ДобавленныеАдреса.Количество() = 0 Тогда
		ВызватьИсключение ""В исходящем письме не указаны получатели."";
	КонецЕсли;
	
	ТекстСообщения = """";
	
	Если ЗначениеЗаполнено(ДанныеПисьма.Текст) Тогда
		ТекстСообщения = ДанныеПисьма.Текст;
	Иначе
		ТекстСообщения = ПолучитьТекстИзСодержимогоПисьма(ДанныеПисьма.Содержимое);
	КонецЕсли;
	
	ПочтовоеСообщение.Тексты.Добавить(
		ТекстСообщения,
		ТипТекстаПочтовогоСообщения.ПростойТекст);
	
	Возврат ПочтовоеСообщение;
	
КонецФункции

Функция ПолучитьДанныеИсходящегоПисьма(Письмо)
	
	Запрос = Новый Запрос;
	Запрос.Текст = 
""ВЫБРАТЬ
|	ИсходящиеПисьма.Ссылка КАК Ссылка,
|	ИсходящиеПисьма.Дата КАК Дата,
|	ИсходящиеПисьма.Получатель КАК Получатель,
|	ИсходящиеПисьма.Содержимое КАК Содержимое,
|	ИсходящиеПисьма.Текст КАК Текст,
|	ИсходящиеПисьма.Контрагент КАК Контрагент
|ИЗ
|	Справочник.ИсходящиеПисьма КАК ИсходящиеПисьма
|ГДЕ
|	ИсходящиеПисьма.Ссылка = &Письмо"";
	
	Запрос.УстановитьПараметр(""Письмо"", Письмо);
	
	Выборка = Запрос.Выполнить().Выбрать();
	
	Если Не Выборка.Следующий() Тогда
		ВызватьИсключение ""Исходящее письмо не найдено."";
	КонецЕсли;
	
	Возврат Новый Структура(
		""Ссылка, Дата, Получатель, Содержимое, Текст, Контрагент"",
		Выборка.Ссылка,
		Выборка.Дата,
		Выборка.Получатель,
		Выборка.Содержимое,
		Выборка.Текст,
		Выборка.Контрагент);
	
КонецФункции

Процедура ДобавитьПолучателейИзТабличнойЧасти(ПочтовоеСообщение, Письмо, ДобавленныеАдреса)
	
	Запрос = Новый Запрос;
	Запрос.Текст = 
""ВЫБРАТЬ РАЗЛИЧНЫЕ
|	Получатели.ЭлектроннаяПочта КАК ЭлектроннаяПочта
|ИЗ
|	Справочник.ИсходящиеПисьма.Получатели КАК Получатели
|ГДЕ
|	Получатели.Ссылка = &Письмо
|	И Получатели.ЭлектроннаяПочта <> """""""""";
	
	Запрос.УстановитьПараметр(""Письмо"", Письмо);
	
	Выборка = Запрос.Выполнить().Выбрать();
	
	Пока Выборка.Следующий() Цикл
		ДобавитьАдресаПолучателейВСообщение(
			ПочтовоеСообщение,
			Выборка.ЭлектроннаяПочта,
			ДобавленныеАдреса);
	КонецЦикла;
	
КонецПроцедуры

Процедура ДобавитьАдресаПолучателейВСообщение(ПочтовоеСообщение, АдресаСтрокой, ДобавленныеАдреса)
	
	Если АдресаСтрокой = Неопределено Или АдресаСтрокой = Null Тогда
		Возврат;
	КонецЕсли;
	
	АдресаСтрокой = СокрЛП(Строка(АдресаСтрокой));
	
	Если АдресаСтрокой = """" Тогда
		Возврат;
	КонецЕсли;
	
	АдресаСтрокой = СтрЗаменить(АдресаСтрокой, Символы.ПС, "";"");
	АдресаСтрокой = СтрЗаменить(АдресаСтрокой, Символы.ВК, "";"");
	АдресаСтрокой = СтрЗаменить(АдресаСтрокой, "","", "";"");
	
	МассивАдресов = СтрРазделить(АдресаСтрокой, "";"", Ложь);
	
	Для Каждого Адрес Из МассивАдресов Цикл
		
		Адрес = СокрЛП(Адрес);
		
		Если Адрес = """" Тогда
			Продолжить;
		КонецЕсли;
		
		КлючАдреса = ВРег(Адрес);
		
		Если ДобавленныеАдреса.Получить(КлючАдреса) <> Неопределено Тогда
			Продолжить;
		КонецЕсли;
		
		ПочтовоеСообщение.Получатели.Добавить(Адрес);
		ДобавленныеАдреса.Вставить(КлючАдреса, Истина);
		
	КонецЦикла;
	
КонецПроцедуры

Функция СформироватьТемуПочтовогоСообщения(ДанныеПисьма)
	
	Тема = СокрЛП(Строка(ДанныеПисьма.Ссылка));
	
	Если Тема = """" Тогда
		Тема = ""Исходящее письмо"";
	КонецЕсли;
	
	Если ЗначениеЗаполнено(ДанныеПисьма.Дата) Тогда
		Тема = Тема + "" от "" + Формат(ДанныеПисьма.Дата, ""ДФ=dd.MM.yyyy"");
	КонецЕсли;
	
	Если ЗначениеЗаполнено(ДанныеПисьма.Контрагент) Тогда
		Тема = Тема + "" - "" + СокрЛП(Строка(ДанныеПисьма.Контрагент));
	КонецЕсли;
	
	Возврат Тема;
	
КонецФункции

Функция ПолучитьТекстИзСодержимогоПисьма(Содержимое)
	
	Если Содержимое = Неопределено Или Содержимое = Null Тогда
		Возврат """";
	КонецЕсли;
	
	Если ТипЗнч(Содержимое) = Тип(""ХранилищеЗначения"") Тогда
		Попытка
			Содержимое = Содержимое.Получить();
		Исключение
			Возврат """";
		КонецПопытки;
	КонецЕсли;
	
	Если Содержимое = Неопределено Или Содержимое = Null Тогда
		Возврат """";
	КонецЕсли;
	
	Если ТипЗнч(Содержимое) = Тип(""Строка"") Тогда
		Возврат Содержимое;
	КонецЕсли;
	
	Если ТипЗнч(Содержимое) = Тип(""ДвоичныеДанные"") Тогда
		Возврат """";
	КонецЕсли;
	
	Попытка
		Возврат Строка(Содержимое);
	Исключение
		Возврат """";
	КонецПопытки;
	
КонецФункции"
"Создай функцию СоздатьДвиженияРегистраПродажи(ДокументСсылка), которая удаляет текущие движения документа и записывает новые движения регистра накопления «Продажи» 
по табличной части «Товары» документа ""РасходТовара""","{
  ""Catalogs"": [
    {
      ""id"": ""ИсходящиеПисьма"",
      ""name"": ""Исходящие письма"",
      ""Attributes"": [
        {
          ""id"": ""Дата"",
          ""name"": ""Дата"",
          ""types"": [
            {
              ""type"": ""Date""
            }
          ]
        },
        {
          ""id"": ""Получатель"",
          ""name"": ""Получатель"",
          ""types"": [
            {
              ""type"": ""String"",
              ""StringQualifiers"": ""0""
            }
          ]
        },
        {
          ""id"": ""Содержимое"",
          ""name"": ""Содержимое"",
          ""types"": []
        },
        {
          ""id"": ""Текст"",
          ""name"": ""Текст"",
          ""types"": [
            {
              ""type"": ""String"",
              ""StringQualifiers"": ""0""
            }
          ]
        },
        {
          ""id"": ""Контрагент"",
          ""name"": ""Контрагент"",
          ""types"": [
            {
              ""type"": ""Ref"",
              ""id"": ""Справочник.Контрагенты""
            }
          ]
        }
      ],
      ""TabularSections"": [
        {
          ""id"": ""Получатели"",
          ""name"": ""Получатели"",
          ""Attributes"": [
            {
              ""id"": ""ЭлектроннаяПочта"",
              ""name"": ""Электронная почта"",
              ""types"": [
                {
                  ""type"": ""String"",
                  ""StringQualifiers"": ""1000""
                }
              ]
            }
          ]
        }
      ]
    }
  ]
}",task_011,server,low,,"Функция СоздатьДвиженияРегистраПродажи(ДокументСсылка) Экспорт
	
	Если Не ЗначениеЗаполнено(ДокументСсылка) Тогда
		Возврат Ложь;
	КонецЕсли;
	
	НачатьТранзакцию();
	
	Попытка
		
		// Удаляем текущие движения документа по регистру накопления ""Продажи""
		НаборЗаписей = РегистрыНакопления.Продажи.СоздатьНаборЗаписей();
		НаборЗаписей.Отбор.Регистратор.Установить(ДокументСсылка);
		НаборЗаписей.Записать();
		
		// Получаем данные табличной части ""Товары"" документа ""РасходТовара""
		Запрос = Новый Запрос;
		Запрос.Текст = 
""ВЫБРАТЬ
|	Товары.Номенклатура КАК Номенклатура,
|	СУММА(Товары.Количество) КАК Количество,
|	СУММА(Товары.Сумма) КАК Сумма,
|	Товары.Ссылка.Дата КАК Период
|ИЗ
|	Документ.РасходТовара.Товары КАК Товары
|ГДЕ
|	Товары.Ссылка = &ДокументСсылка
|СГРУППИРОВАТЬ ПО
|	Товары.Номенклатура,
|	Товары.Ссылка.Дата"";
		
		Запрос.УстановитьПараметр(""ДокументСсылка"", ДокументСсылка);
		
		РезультатЗапроса = Запрос.Выполнить();
		Выборка = РезультатЗапроса.Выбрать();
		
		// Формируем новые движения регистра накопления ""Продажи""
		НаборЗаписей = РегистрыНакопления.Продажи.СоздатьНаборЗаписей();
		НаборЗаписей.Отбор.Регистратор.Установить(ДокументСсылка);
		
		Пока Выборка.Следующий() Цикл
			
			Если Выборка.Количество = 0 Тогда
				Продолжить;
			КонецЕсли;
			
			Движение = НаборЗаписей.Добавить();
			Движение.Регистратор = ДокументСсылка;
			Движение.Период = Выборка.Период;
			Движение.ВидДвижения = ВидДвиженияНакопления.Приход;
			
			Движение.Номенклатура = Выборка.Номенклатура;
			Движение.Количество = Выборка.Количество;
			Движение.Сумма = Выборка.Сумма;
			
		КонецЦикла;
		
		НаборЗаписей.Записать();
		
		ЗафиксироватьТранзакцию();
		
		Возврат Истина;
		
	Исключение
		
		ОтменитьТранзакцию();
		ВызватьИсключение;
		
	КонецПопытки;
	
КонецФункции"
"Создай функцию ЗаменитьНоменклатуру(НоменклатураИсточник, НоменклатураЗамены, ДатаС, ДатаПо), которая находит документы ""Заказ"" в заданном интервале и в табличной части ""Товары"" 
заменяет номенклатуру НоменклатураИсточник на НоменклатураЗамены, оставляяя все прочие реквизиты низменными. Если в документе была хоть одна замена, и джокумент был проведен, документ перепроводится. 
Если документ помечен на удаление, пропускаем его. ","{
  ""Documents"": [
    {
      ""id"": ""Заказ"",
      ""properties"": [
        ""Номер"": ""string"",
        ""Дата"": ""date"",
        ""Клиент"": ""Ref.Контрагенты"",
        ""Склад"": ""Ref.Склады"",
      ],
      ""tabularSections"": [
        {
          ""Товары"": [
            ""Товар"": ""Ref.Товары"",
            ""Количество"": ""number"",
            ""Цена"": ""number"",
            ""Сумма"": ""number""
          ]
        }
      ]
    }
  ]
}",task_012,server,low,,"Функция ЗаменитьНоменклатуру(НоменклатураИсточник, НоменклатураЗамены, ДатаС, ДатаПо) Экспорт
	
	Если НоменклатураИсточник = НоменклатураЗамены Тогда
		Возврат 0;
	КонецЕсли;
	
	КоличествоИзмененныхДокументов = 0;
	
	Запрос = Новый Запрос;
	Запрос.Текст = 
""ВЫБРАТЬ РАЗЛИЧНЫЕ
|	ЗаказТовары.Ссылка КАК Ссылка
|ИЗ
|	Документ.Заказ.Товары КАК ЗаказТовары
|ГДЕ
|	ЗаказТовары.Ссылка.Дата МЕЖДУ &ДатаС И &ДатаПо
|	И НЕ ЗаказТовары.Ссылка.ПометкаУдаления
|	И ЗаказТовары.Товар = &НоменклатураИсточник"";
	
	Запрос.УстановитьПараметр(""ДатаС"", ДатаС);
	Запрос.УстановитьПараметр(""ДатаПо"", ДатаПо);
	Запрос.УстановитьПараметр(""НоменклатураИсточник"", НоменклатураИсточник);
	
	Выборка = Запрос.Выполнить().Выбрать();
	
	Пока Выборка.Следующий() Цикл
		
		НачатьТранзакцию();
		
		Попытка
			
			ДокументОбъект = Выборка.Ссылка.ПолучитьОбъект();
			
			// Дополнительная проверка на случай, если документ был изменен после выполнения запроса.
			Если ДокументОбъект.ПометкаУдаления Тогда
				ОтменитьТранзакцию();
				Продолжить;
			КонецЕсли;
			
			БылаЗамена = Ложь;
			
			Для Каждого СтрокаТоваров Из ДокументОбъект.Товары Цикл
				
				Если СтрокаТоваров.Товар = НоменклатураИсточник Тогда
					СтрокаТоваров.Товар = НоменклатураЗамены;
					БылаЗамена = Истина;
				КонецЕсли;
				
			КонецЦикла;
			
			Если БылаЗамена Тогда
				
				Если ДокументОбъект.Проведен Тогда
					ДокументОбъект.Записать(РежимЗаписиДокумента.Проведение);
				Иначе
					ДокументОбъект.Записать(РежимЗаписиДокумента.Запись);
				КонецЕсли;
				
				КоличествоИзмененныхДокументов = КоличествоИзмененныхДокументов + 1;
				
			КонецЕсли;
			
			ЗафиксироватьТранзакцию();
			
		Исключение
			
			ОтменитьТранзакцию();
			ВызватьИсключение;
			
		КонецПопытки;
		
	КонецЦикла;
	
	Возврат КоличествоИзмененныхДокументов;
	
КонецФункции"
"Создай функцию РасчетКомиссииМенеджера(ТаблицаКомиссий, Процент, ДатаС, ДатаПо), которая находит документы ""Заказ"" в заданном интервале и вычисляет комиссию менеджера исходя из сумм в табличной части Товары
1) Смотрим только проведенные заказы
2) Сумма заказа - это сумма всех строк по реквизиту Сумма
3) Комиссия менеджера - сумма всех заказов менеджера (реквизит Автор) в периоде, умноженная на Процент
Функция должна заполнить таблицу ТаблицаКомиссий, где должно быть три колонки: Менеджер (из реквизита Автор), СуммаЗаказов, Комиссия. Менеджер в таблице должен быть уникальным, один менеджер - одна строка ","{
  ""Documents"": [
    {
      ""id"": ""Заказ"",
      ""properties"": [
        ""Номер"": ""string"",
        ""Дата"": ""date"",
        ""Клиент"": ""Ref.Контрагенты"",
        ""Склад"": ""Ref.Склады"",
        ""Автор"": ""Ref.Пользователи"",
      ],
      ""tabularSections"": [
        {
          ""Товары"": [
            ""Товар"": ""Ref.Товары"",
            ""Количество"": ""number"",
            ""Цена"": ""number"",
            ""Сумма"": ""number""
          ]
        }
      ]
    }
  ]
}",task_013,server,mid,,"Функция РасчетКомиссииМенеджера(ТаблицаКомиссий, Процент, ДатаС, ДатаПо) Экспорт
	
	Если ТаблицаКомиссий = Неопределено Тогда
		ТаблицаКомиссий = Новый ТаблицаЗначений;
	Иначе
		ТаблицаКомиссий.Очистить();
	КонецЕсли;
	
	Пока ТаблицаКомиссий.Колонки.Количество() > 0 Цикл
		ТаблицаКомиссий.Колонки.Удалить(ТаблицаКомиссий.Колонки.Получить(0));
	КонецЦикла;
	
	ТаблицаКомиссий.Колонки.Добавить(""Менеджер"");
	ТаблицаКомиссий.Колонки.Добавить(""СуммаЗаказов"");
	ТаблицаКомиссий.Колонки.Добавить(""Комиссия"");
	
	Запрос = Новый Запрос;
	Запрос.Текст = 
""ВЫБРАТЬ
|	ЗаказТовары.Ссылка.Автор КАК Менеджер,
|	СУММА(ЗаказТовары.Сумма) КАК СуммаЗаказов,
|	СУММА(ЗаказТовары.Сумма) * &Процент / 100 КАК Комиссия
|ИЗ
|	Документ.Заказ.Товары КАК ЗаказТовары
|ГДЕ
|	ЗаказТовары.Ссылка.Проведен = ИСТИНА
|	И ЗаказТовары.Ссылка.Дата >= &ДатаС
|	И ЗаказТовары.Ссылка.Дата <= &ДатаПо
|
|СГРУППИРОВАТЬ ПО
|	ЗаказТовары.Ссылка.Автор
|
|УПОРЯДОЧИТЬ ПО
|	Менеджер"";
	
	Запрос.УстановитьПараметр(""ДатаС"", ДатаС);
	Запрос.УстановитьПараметр(""ДатаПо"", ДатаПо);
	Запрос.УстановитьПараметр(""Процент"", Процент);
	
	Выборка = Запрос.Выполнить().Выбрать();
	
	Пока Выборка.Следующий() Цикл
		
		НоваяСтрока = ТаблицаКомиссий.Добавить();
		НоваяСтрока.Менеджер = Выборка.Менеджер;
		НоваяСтрока.СуммаЗаказов = Выборка.СуммаЗаказов;
		НоваяСтрока.Комиссия = Выборка.Комиссия;
		
	КонецЦикла;
	
	Возврат ТаблицаКомиссий;
	
КонецФункции"
"Создай функцию ПолучитьШиринуВысотуКартинкиИзФайлаJPEG(ИмяФайла), которая считывает jpeg файл и возвращает структуру с данными 
{ ""Высота"": <высота картинки в пикселах>, ""Ширина"": <ширина картинки в пикселах>} ",,task_014,server,high,,"// Возвращает структуру:
//   Высота  - высота JPEG-картинки в пикселях
//   Ширина  - ширина JPEG-картинки в пикселях
//
// Функция читает только заголовки JPEG-сегментов и не загружает изображение целиком.
Функция ПолучитьШиринуВысотуКартинкиИзФайлаJPEG(ИмяФайла) Экспорт
	
	Если ПустаяСтрока(ИмяФайла) Тогда
		ВызватьИсключение ""Не указано имя файла JPEG."";
	КонецЕсли;
	
	ФайлJPEG = Новый Файл(ИмяФайла);
	Если Не ФайлJPEG.Существует() Тогда
		ВызватьИсключение ""Файл JPEG не найден: "" + ИмяФайла;
	КонецЕсли;
	
	ФайловыйПоток = Неопределено;
	ЧтениеДанных = Неопределено;
	Результат = Неопределено;
	
	Попытка
		
		ФайловыйПоток = Новый ФайловыйПоток(
			ИмяФайла,
			РежимОткрытияФайла.Открыть,
			ДоступКФайлу.Чтение);
		
		ЧтениеДанных = Новый ЧтениеДанных(ФайловыйПоток);
		
		// JPEG должен начинаться с SOI-маркера FF D8.
		ПервыйБайт = ПрочитатьБайтJPEG(ЧтениеДанных);
		ВторойБайт = ПрочитатьБайтJPEG(ЧтениеДанных);
		
		Если ПервыйБайт <> 255 Или ВторойБайт <> 216 Тогда
			ВызватьИсключение ""Файл не является корректным JPEG: отсутствует SOI-маркер."";
		КонецЕсли;
		
		Пока Результат = Неопределено Цикл
			
			// Ищем начало маркера FF.
			Байт = ПрочитатьБайтJPEG(ЧтениеДанных);
			Пока Байт <> 255 Цикл
				Байт = ПрочитатьБайтJPEG(ЧтениеДанных);
			КонецЦикла;
			
			// Между маркерами может быть несколько FF подряд.
			КодМаркера = ПрочитатьБайтJPEG(ЧтениеДанных);
			Пока КодМаркера = 255 Цикл
				КодМаркера = ПрочитатьБайтJPEG(ЧтениеДанных);
			КонецЦикла;
			
			// 00 после FF используется в сжатых данных как экранирование.
			// До SOS-сегмента обычно не встречается, но безопасно пропустим.
			Если КодМаркера = 0 Тогда
				Продолжить;
			КонецЕсли;
			
			Если КодМаркера = 217 Тогда // EOI FF D9
				ВызватьИсключение ""В JPEG-файле не найден сегмент SOF с размерами изображения."";
			КонецЕсли;
			
			Если КодМаркера = 218 Тогда // SOS FF DA
				ВызватьИсключение ""В JPEG-файле начались сжатые данные, но сегмент SOF с размерами не найден."";
			КонецЕсли;
			
			// Маркеры без поля длины.
			Если МаркерJPEGБезДлины(КодМаркера) Тогда
				Продолжить;
			КонецЕсли;
			
			ДлинаСегмента = ПрочитатьUInt16BEJPEG(ЧтениеДанных);
			
			Если ДлинаСегмента < 2 Тогда
				ВызватьИсключение ""Некорректная длина JPEG-сегмента."";
			КонецЕсли;
			
			Если ЭтоSOFМаркерJPEG(КодМаркера) Тогда
				
				// Структура SOF:
				// 1 байт  - точность выборки,
				// 2 байта - высота,
				// 2 байта - ширина.
				Если ДлинаСегмента < 7 Тогда
					ВызватьИсключение ""Некорректная длина SOF-сегмента JPEG."";
				КонецЕсли;
				
				ПрочитатьБайтJPEG(ЧтениеДанных); // Точность выборки, для размеров не нужна.
				
				Высота = ПрочитатьUInt16BEJPEG(ЧтениеДанных);
				Ширина = ПрочитатьUInt16BEJPEG(ЧтениеДанных);
				
				Если Высота <= 0 Или Ширина <= 0 Тогда
					ВызватьИсключение ""В JPEG-файле указаны некорректные размеры изображения."";
				КонецЕсли;
				
				Результат = Новый Структура;
				Результат.Вставить(""Высота"", Высота);
				Результат.Вставить(""Ширина"", Ширина);
				
			Иначе
				
				// Длина сегмента включает два байта самой длины.
				ПропуститьБайтыJPEG(ЧтениеДанных, ДлинаСегмента - 2);
				
			КонецЕсли;
			
		КонецЦикла;
		
	Исключение
		
		ТекстОшибки = ОписаниеОшибки();
		ЗакрытьПотокиJPEG(ЧтениеДанных, ФайловыйПоток);
		ВызватьИсключение ТекстОшибки;
		
	КонецПопытки;
	
	ЗакрытьПотокиJPEG(ЧтениеДанных, ФайловыйПоток);
	
	Возврат Результат;
	
КонецФункции

Функция ПрочитатьБайтJPEG(ЧтениеДанных)
	
	Байт = ЧтениеДанных.ПрочитатьБайт();
	
	Если Байт = Неопределено Тогда
		ВызватьИсключение ""Неожиданный конец JPEG-файла."";
	КонецЕсли;
	
	Возврат Байт;
	
КонецФункции

Функция ПрочитатьUInt16BEJPEG(ЧтениеДанных)
	
	СтаршийБайт = ПрочитатьБайтJPEG(ЧтениеДанных);
	МладшийБайт = ПрочитатьБайтJPEG(ЧтениеДанных);
	
	Возврат СтаршийБайт * 256 + МладшийБайт;
	
КонецФункции

Процедура ПропуститьБайтыJPEG(ЧтениеДанных, КоличествоБайт)
	
	Для НомерБайта = 1 По КоличествоБайт Цикл
		ПрочитатьБайтJPEG(ЧтениеДанных);
	КонецЦикла;
	
КонецПроцедуры

Функция МаркерJPEGБезДлины(КодМаркера)
	
	// SOI FF D8, EOI FF D9, TEM FF 01, RST0-RST7 FF D0-FF D7.
	Возврат КодМаркера = 216
		Или КодМаркера = 217
		Или КодМаркера = 1
		Или (КодМаркера >= 208 И КодМаркера <= 215);
	
КонецФункции

Функция ЭтоSOFМаркерJPEG(КодМаркера)
	
	// SOF-маркеры, содержащие высоту и ширину изображения:
	// C0, C1, C2, C3, C5, C6, C7, C9, CA, CB, CD, CE, CF.
	Возврат КодМаркера = 192
		Или КодМаркера = 193
		Или КодМаркера = 194
		Или КодМаркера = 195
		Или КодМаркера = 197
		Или КодМаркера = 198
		Или КодМаркера = 199
		Или КодМаркера = 201
		Или КодМаркера = 202
		Или КодМаркера = 203
		Или КодМаркера = 205
		Или КодМаркера = 206
		Или КодМаркера = 207;
	
КонецФункции

Процедура ЗакрытьПотокиJPEG(ЧтениеДанных, ФайловыйПоток)
	
	Если ЧтениеДанных <> Неопределено Тогда
		Попытка
			ЧтениеДанных.Закрыть();
		Исключение
			// Игнорируем ошибку закрытия.
		КонецПопытки;
	КонецЕсли;
	
	Если ФайловыйПоток <> Неопределено Тогда
		Попытка
			ФайловыйПоток.Закрыть();
		Исключение
			// Игнорируем ошибку закрытия.
		КонецПопытки;
	КонецЕсли;
	
КонецПроцедуры"
"Создай функцию ИзвлечьПартииФИФО(ТаблицаПартий, Сумма), которая возвращает таблицу партий на заданную сумму.
1) ТаблицаПартий имеет колонки ""Партия"", ""Дата"" типа Дата+Время, ""Сумма"" типа Число(14, 2)      
2) Нужно вернуть таблицу с аналогичными колонками, в которой будет список партий, идущих во времени первыми, которые в сумме дают Сумма
3) Если сумма накопленныех партий превышают требуемую, сумму последней по времени партии нужно подогнать, чтобы общаяя сумма сошлась с требуемым значением",,task_015,server,mid,,"Функция ИзвлечьПартииФИФО(ТаблицаПартий, Сумма) Экспорт
	
	Если ТаблицаПартий = Неопределено Тогда
		ВызватьИсключение ""Не передана таблица партий."";
	КонецЕсли;
	
	КолонкаПартия = ТаблицаПартий.Колонки.Найти(""Партия"");
	КолонкаДата   = ТаблицаПартий.Колонки.Найти(""Дата"");
	КолонкаСумма  = ТаблицаПартий.Колонки.Найти(""Сумма"");
	
	Если КолонкаПартия = Неопределено Тогда
		ВызватьИсключение ""В таблице партий отсутствует колонка """"Партия""""."";
	КонецЕсли;
	
	Если КолонкаДата = Неопределено Тогда
		ВызватьИсключение ""В таблице партий отсутствует колонка """"Дата""""."";
	КонецЕсли;
	
	Если КолонкаСумма = Неопределено Тогда
		ВызватьИсключение ""В таблице партий отсутствует колонка """"Сумма""""."";
	КонецЕсли;
	
	Результат = Новый ТаблицаЗначений;
	Результат.Колонки.Добавить(""Партия"", КолонкаПартия.ТипЗначения);
	Результат.Колонки.Добавить(""Дата"",   КолонкаДата.ТипЗначения);
	Результат.Колонки.Добавить(""Сумма"",  КолонкаСумма.ТипЗначения);
	
	ТребуемаяСумма = Окр(Сумма, 2);
	
	Если ТребуемаяСумма <= 0 Тогда
		Возврат Результат;
	КонецЕсли;
	
	ОтсортированныеПартии = ТаблицаПартий.Скопировать();
	ОтсортированныеПартии.Сортировать(""Дата Возр"");
	
	ОстатокСуммы = ТребуемаяСумма;
	
	Для Каждого СтрокаПартии Из ОтсортированныеПартии Цикл
		
		Если ОстатокСуммы <= 0 Тогда
			Прервать;
		КонецЕсли;
		
		СуммаПартии = Окр(СтрокаПартии.Сумма, 2);
		
		Если СуммаПартии <= 0 Тогда
			Продолжить;
		КонецЕсли;
		
		СуммаКИзвлечению = Мин(СуммаПартии, ОстатокСуммы);
		СуммаКИзвлечению = Окр(СуммаКИзвлечению, 2);
		
		НоваяСтрока = Результат.Добавить();
		НоваяСтрока.Партия = СтрокаПартии.Партия;
		НоваяСтрока.Дата    = СтрокаПартии.Дата;
		НоваяСтрока.Сумма   = СуммаКИзвлечению;
		
		ОстатокСуммы = Окр(ОстатокСуммы - СуммаКИзвлечению, 2);
		
	КонецЦикла;
	
	Если ОстатокСуммы > 0 Тогда
		ВызватьИсключение ""Недостаточно суммы партий для извлечения по ФИФО."";
	КонецЕсли;
	
	Возврат Результат;
	
КонецФункции"
"Создай функцию ДополнитьТаблицуЗначениямиИзВторой(Таблица1, Таблица2, КолонкаУникальности), которая добавляет в начало первой ТЗ значения из второй ТЗ с обеспечением уникальности значения в колонке КолонкаУникальности
1) колонки обеих ТЗ совпадают   
2) Значения в КолонкаУникальности заполнены в обеих таблицах
",,task_016,server,mid,,"Функция ДополнитьТаблицуЗначениямиИзВторой(Таблица1, Таблица2, КолонкаУникальности) Экспорт
	
	Если Таблица1 = Неопределено Или Таблица2 = Неопределено Тогда
		Возврат Таблица1;
	КонецЕсли;
	
	Если Таблица1.Колонки.Найти(КолонкаУникальности) = Неопределено Тогда
		ВызватьИсключение ""В первой таблице не найдена колонка уникальности: "" + КолонкаУникальности;
	КонецЕсли;
	
	Если Таблица2.Колонки.Найти(КолонкаУникальности) = Неопределено Тогда
		ВызватьИсключение ""Во второй таблице не найдена колонка уникальности: "" + КолонкаУникальности;
	КонецЕсли;
	
	УникальныеЗначения = Новый Соответствие;
	
	// Запоминаем уже существующие значения в первой таблице.
	Для Каждого СтрокаТаблицы1 Из Таблица1 Цикл
		ЗначениеУникальности = СтрокаТаблицы1[КолонкаУникальности];
		УникальныеЗначения.Вставить(ЗначениеУникальности, Истина);
	КонецЦикла;
	
	ИндексВставки = 0;
	
	// Добавляем строки из второй таблицы в начало первой,
	// сохраняя порядок строк из Таблица2.
	Для Каждого СтрокаТаблицы2 Из Таблица2 Цикл
		
		ЗначениеУникальности = СтрокаТаблицы2[КолонкаУникальности];
		
		Если УникальныеЗначения.Получить(ЗначениеУникальности) <> Неопределено Тогда
			Продолжить;
		КонецЕсли;
		
		НоваяСтрока = Таблица1.Вставить(ИндексВставки);
		
		Для Каждого Колонка Из Таблица1.Колонки Цикл
			НоваяСтрока[Колонка.Имя] = СтрокаТаблицы2[Колонка.Имя];
		КонецЦикла;
		
		УникальныеЗначения.Вставить(ЗначениеУникальности, Истина);
		ИндексВставки = ИндексВставки + 1;
		
	КонецЦикла;
	
	Возврат Таблица1;
	
КонецФункции"
"Создай функцию ОбъектВСтруктуру(ОбъектДанных) принимает на вход объект и возвращает структуру с данными полученными из этого объекта 
1) Если у объекта есть табличные части, реквизиты и значения каждой табличной части должны быть представлены как массив со структурами
2) Стандартные реквизиты (Код, Наименование, Дата, и т.д.) тоже должный быть в структуре ответа
3) Общий вид выходной структуры 
{ ""Реквизит1"": ЗначениеРеквизита1, 
...    
""РеквизитN"": ЗначениеРеквизитаN,
""ТабличныеЧасти"": [  
	{ 
		""ИмяТабличнойЧасти1"": [ 
			{
				""Реквизит1ТабличнойЧасти1"": ЗначениеРеквизита1ВСтроке1,     
				""Реквизит2ТабличнойЧасти1"": ЗначениеРеквизита2ВСтроке1,  
				...
			},
			{
				""Реквизит1ТабличнойЧасти1"": ЗначениеРеквизита1ВСтроке2,     
				""Реквизит2ТабличнойЧасти1"": ЗначениеРеквизита2ВСтроке2,  
				...
			},	
		]
	}
]
}",,task_017,server,high,,"Функция ОбъектВСтруктуру(ОбъектДанных) Экспорт
	
	ОбъектДанных = ПолучитьОбъектДанныхЕслиЭтоСсылка(ОбъектДанных);
	
	Попытка
		МетаданныеОбъекта = ОбъектДанных.Метаданные();
	Исключение
		ВызватьИсключение ""Не удалось получить метаданные объекта. "" + ОписаниеОшибки();
	КонецПопытки;
	
	Результат = Новый Структура;
	
	ДобавитьСтандартныеРеквизитыВСтруктуру(
		Результат,
		ОбъектДанных,
		МетаданныеОбъекта
	);
	
	ДобавитьРеквизитыМетаданныхВСтруктуру(
		Результат,
		ОбъектДанных,
		МетаданныеОбъекта
	);
	
	МассивТабличныхЧастей = Новый Массив;
	
	Попытка
		
		Для Каждого МетаданныеТабличнойЧасти Из МетаданныеОбъекта.ТабличныеЧасти Цикл
			
			ИмяТабличнойЧасти = МетаданныеТабличнойЧасти.Имя;
			
			ТабличнаяЧастьОбъекта = Неопределено;
			
			Если Не ПолучитьЗначениеСвойства(
				ОбъектДанных,
				ИмяТабличнойЧасти,
				ТабличнаяЧастьОбъекта
			) Тогда
				Продолжить;
			КонецЕсли;
			
			МассивСтрокТабличнойЧасти = ТабличнаяЧастьВМассивСтруктур(
				ТабличнаяЧастьОбъекта,
				МетаданныеТабличнойЧасти
			);
			
			СтруктураТабличнойЧасти = Новый Структура;
			СтруктураТабличнойЧасти.Вставить(
				ИмяТабличнойЧасти,
				МассивСтрокТабличнойЧасти
			);
			
			МассивТабличныхЧастей.Добавить(СтруктураТабличнойЧасти);
			
		КонецЦикла;
		
	Исключение
		// У объекта может не быть табличных частей.
	КонецПопытки;
	
	Результат.Вставить(""ТабличныеЧасти"", МассивТабличныхЧастей);
	
	Возврат Результат;
	
КонецФункции

Функция ТабличнаяЧастьВМассивСтруктур(ТабличнаяЧастьОбъекта, МетаданныеТабличнойЧасти)
	
	Результат = Новый Массив;
	
	Для Каждого СтрокаТабличнойЧасти Из ТабличнаяЧастьОбъекта Цикл
		
		СтруктураСтроки = Новый Структура;
		
		ДобавитьЗначениеСвойстваВСтруктуру(
			СтруктураСтроки,
			СтрокаТабличнойЧасти,
			""НомерСтроки""
		);
		
		ДобавитьСтандартныеРеквизитыВСтруктуру(
			СтруктураСтроки,
			СтрокаТабличнойЧасти,
			МетаданныеТабличнойЧасти
		);
		
		ДобавитьРеквизитыМетаданныхВСтруктуру(
			СтруктураСтроки,
			СтрокаТабличнойЧасти,
			МетаданныеТабличнойЧасти
		);
		
		Результат.Добавить(СтруктураСтроки);
		
	КонецЦикла;
	
	Возврат Результат;
	
КонецФункции

Процедура ДобавитьСтандартныеРеквизитыВСтруктуру(СтруктураПриемник, Источник, МетаданныеИсточника)
	
	Попытка
		КоллекцияСтандартныхРеквизитов = МетаданныеИсточника.СтандартныеРеквизиты;
	Исключение
		Возврат;
	КонецПопытки;
	
	Для Каждого СтандартныйРеквизит Из КоллекцияСтандартныхРеквизитов Цикл
		
		ДобавитьЗначениеСвойстваВСтруктуру(
			СтруктураПриемник,
			Источник,
			СтандартныйРеквизит.Имя
		);
		
	КонецЦикла;
	
КонецПроцедуры

Процедура ДобавитьРеквизитыМетаданныхВСтруктуру(СтруктураПриемник, Источник, МетаданныеИсточника)
	
	Попытка
		КоллекцияРеквизитов = МетаданныеИсточника.Реквизиты;
	Исключение
		Возврат;
	КонецПопытки;
	
	Для Каждого РеквизитМетаданных Из КоллекцияРеквизитов Цикл
		
		ДобавитьЗначениеСвойстваВСтруктуру(
			СтруктураПриемник,
			Источник,
			РеквизитМетаданных.Имя
		);
		
	КонецЦикла;
	
КонецПроцедуры

Процедура ДобавитьЗначениеСвойстваВСтруктуру(СтруктураПриемник, Источник, ИмяСвойства)
	
	ЗначениеСвойства = Неопределено;
	
	Если ПолучитьЗначениеСвойства(Источник, ИмяСвойства, ЗначениеСвойства) Тогда
		СтруктураПриемник.Вставить(ИмяСвойства, ЗначениеСвойства);
	КонецЕсли;
	
КонецПроцедуры

Функция ПолучитьЗначениеСвойства(Источник, ИмяСвойства, ЗначениеСвойства)
	
	Попытка
		ЗначениеСвойства = Источник[ИмяСвойства];
		Возврат Истина;
	Исключение
	КонецПопытки;
	
	МаркерНеизмененногоЗначения = Новый УникальныйИдентификатор;
	
	Буфер = Новый Структура;
	Буфер.Вставить(ИмяСвойства, МаркерНеизмененногоЗначения);
	
	Попытка
		ЗаполнитьЗначенияСвойств(Буфер, Источник);
		Буфер.Свойство(ИмяСвойства, ЗначениеСвойства);
	Исключение
		Возврат Ложь;
	КонецПопытки;
	
	Попытка
		Если ЗначениеСвойства = МаркерНеизмененногоЗначения Тогда
			Возврат Ложь;
		КонецЕсли;
	Исключение
		// Если сравнение типов невозможно, считаем, что значение свойства получено.
	КонецПопытки;
	
	Возврат Истина;
	
КонецФункции

Функция ПолучитьОбъектДанныхЕслиЭтоСсылка(ОбъектДанных)
	
	Если ОбъектДанных = Неопределено Тогда
		Возврат ОбъектДанных;
	КонецЕсли;
	
	Попытка
		Возврат ОбъектДанных.ПолучитьОбъект();
	Исключение
		Возврат ОбъектДанных;
	КонецПопытки;
	
КонецФункции"
"Создай функцию СкачкиЦен(Процент) Которая возвращает таблицу значений с колонками Товар, ЦенаБыла, ЦенаСтала, ДатаИзменения. 
В таблицу помещаются все ситуации, когда рост цен от одной записи к другой по одному товару больше чем Процент. Использовать запрос","{
  ""InformationRegisters"": [
    {
      ""id"": ""ЦеныТоваров"",
      ""name"": ""Цены товаров"",
      ""InformationRegisterPeriodicity"": ""Day"",
      ""WriteMode"": ""Independent"",
      ""Dimensions"": [
        {
          ""id"": ""Товар"",
          ""name"": ""Товар"",
          ""types"": [
            {
              ""type"": ""Ref"",
              ""id"": ""Справочник.Товары""
            }
          ]
        },
        {
          ""id"": ""ВидЦен"",
          ""name"": ""Вид цен"",
          ""types"": [
            {
              ""type"": ""Ref"",
              ""id"": ""Справочник.ВидыЦен""
            }
          ]
        }
      ],
      ""Resources"": [
        {
          ""id"": ""Цена"",
          ""name"": ""Цена"",
          ""types"": [
            {
              ""type"": ""Number"",
              ""NumberQualifiers"": ""10.2""
            }
          ]
        }
      ]
    }
  ]
}",task_018,server,mid,,"Функция СкачкиЦен(Процент) Экспорт
	
	КоэффициентРоста = 1 + Процент / 100;
	
	Запрос = Новый Запрос;
	Запрос.УстановитьПараметр(""КоэффициентРоста"", КоэффициентРоста);
	
	Запрос.Текст = 
""ВЫБРАТЬ
|	ЦеныТоваров.Период КАК Период,
|	ЦеныТоваров.Товар КАК Товар,
|	ЦеныТоваров.ВидЦен КАК ВидЦен,
|	ЦеныТоваров.Цена КАК Цена
|ПОМЕСТИТЬ Цены
|ИЗ
|	РегистрСведений.ЦеныТоваров КАК ЦеныТоваров
|
|ИНДЕКСИРОВАТЬ ПО
|	Товар,
|	ВидЦен,
|	Период
|;
|
|////////////////////////////////////////////////////////////////////////////////
|ВЫБРАТЬ
|	ТекущиеЦены.Товар КАК Товар,
|	ТекущиеЦены.ВидЦен КАК ВидЦен,
|	ТекущиеЦены.Период КАК Период,
|	ТекущиеЦены.Цена КАК ЦенаСтала,
|	МАКСИМУМ(ПредыдущиеЦены.Период) КАК ПериодПредыдущейЦены
|ПОМЕСТИТЬ ПериодыПредыдущихЦен
|ИЗ
|	Цены КАК ТекущиеЦены
|		ВНУТРЕННЕЕ СОЕДИНЕНИЕ Цены КАК ПредыдущиеЦены
|		ПО ТекущиеЦены.Товар = ПредыдущиеЦены.Товар
|			И ТекущиеЦены.ВидЦен = ПредыдущиеЦены.ВидЦен
|			И ТекущиеЦены.Период > ПредыдущиеЦены.Период
|
|СГРУППИРОВАТЬ ПО
|	ТекущиеЦены.Товар,
|	ТекущиеЦены.ВидЦен,
|	ТекущиеЦены.Период,
|	ТекущиеЦены.Цена
|
|ИНДЕКСИРОВАТЬ ПО
|	Товар,
|	ВидЦен,
|	ПериодПредыдущейЦены
|;
|
|////////////////////////////////////////////////////////////////////////////////
|ВЫБРАТЬ
|	ПериодыПредыдущихЦен.Товар КАК Товар,
|	ПредыдущиеЦены.Цена КАК ЦенаБыла,
|	ПериодыПредыдущихЦен.ЦенаСтала КАК ЦенаСтала,
|	ПериодыПредыдущихЦен.Период КАК ДатаИзменения
|ИЗ
|	ПериодыПредыдущихЦен КАК ПериодыПредыдущихЦен
|		ВНУТРЕННЕЕ СОЕДИНЕНИЕ Цены КАК ПредыдущиеЦены
|		ПО ПериодыПредыдущихЦен.Товар = ПредыдущиеЦены.Товар
|			И ПериодыПредыдущихЦен.ВидЦен = ПредыдущиеЦены.ВидЦен
|			И ПериодыПредыдущихЦен.ПериодПредыдущейЦены = ПредыдущиеЦены.Период
|ГДЕ
|	ПериодыПредыдущихЦен.ЦенаСтала > ПредыдущиеЦены.Цена * &КоэффициентРоста
|
|УПОРЯДОЧИТЬ ПО
|	Товар,
|	ДатаИзменения"";
	
	РезультатыПакета = Запрос.ВыполнитьПакет();
	РезультатЗапроса = РезультатыПакета[РезультатыПакета.Количество() - 1];
	
	Возврат РезультатЗапроса.Выгрузить();
	
КонецФункции"
"Создай функцию ПересеченияРемонтов() которая возвращает пересечения периода ремонтов разных складов из регистра сведений ПериодыРемонтаСкладов
Возвращает таблицу значений с колонками Склад1, Склад2, НачалоПериода, КонецПериода. 
Где Склад1 и Склад2 - значения двух складов, периоды которых пересекаются, 
НачалоПериода и КонецПериода - начало и конец периодов пересечения.
Пример 
""Склад новый"" - ремонт с 12.08.2025 по 24.08.2025  
""Склад старый"" - ремонт с 22.08.2025 по 04.09.2025 

Результат: 
Склад1: ""Склад новый""
Склад2: ""Склад старый""   
НачалоПериода: 22.08.2025 
КонецПериода: 24.08.2025    

Результирующую таблицу отсортировать по возрастанию НачалоПериода                             

","{
  ""InformationRegisters"": [
    {
      ""id"": ""ПериодыРемонтаСкладов"",
      ""name"": ""Периоды ремонта складов"",
      ""InformationRegisterPeriodicity"": null,
      ""WriteMode"": ""Independent"",
      ""Dimensions"": [
        {
          ""id"": ""Склад"",
          ""name"": ""Склад"",
          ""types"": [
            {
              ""type"": ""Ref"",
              ""id"": ""Справочник.Склады""
            }
          ]
        },
        {
          ""id"": ""Начало"",
          ""name"": ""Начало"",
          ""types"": [
            {
              ""type"": ""Date""
            }
          ]
        },
        {
          ""id"": ""Окончание"",
          ""name"": ""Окончание"",
          ""types"": [
            {
              ""type"": ""Date""
            }
          ]
        }

      ],
      ""Resources"": []
    }
  ]
}
 
",task_019,server,mid,,"Функция ПересеченияРемонтов() Экспорт
	
	ТаблицаПересечений = Новый ТаблицаЗначений;
	ТаблицаПересечений.Колонки.Добавить(""Склад1"", Новый ОписаниеТипов(""СправочникСсылка.Склады""));
	ТаблицаПересечений.Колонки.Добавить(""Склад2"", Новый ОписаниеТипов(""СправочникСсылка.Склады""));
	ТаблицаПересечений.Колонки.Добавить(""НачалоПериода"", Новый ОписаниеТипов(""Дата""));
	ТаблицаПересечений.Колонки.Добавить(""КонецПериода"", Новый ОписаниеТипов(""Дата""));
	
	Запрос = Новый Запрос;
	Запрос.Текст = 
""ВЫБРАТЬ
|	ПериодыРемонтаСкладов.Склад КАК Склад,
|	ПериодыРемонтаСкладов.Начало КАК Начало,
|	ПериодыРемонтаСкладов.Окончание КАК Окончание
|ИЗ
|	РегистрСведений.ПериодыРемонтаСкладов КАК ПериодыРемонтаСкладов
|ГДЕ
|	ПериодыРемонтаСкладов.Начало <= ПериодыРемонтаСкладов.Окончание
|
|УПОРЯДОЧИТЬ ПО
|	Начало,
|	Окончание"";
	
	ТаблицаПериодов = Запрос.Выполнить().Выгрузить();
	
	КоличествоПериодов = ТаблицаПериодов.Количество();
	
	Для Индекс1 = 0 По КоличествоПериодов - 2 Цикл
		
		Период1 = ТаблицаПериодов[Индекс1];
		
		Для Индекс2 = Индекс1 + 1 По КоличествоПериодов - 1 Цикл
			
			Период2 = ТаблицаПериодов[Индекс2];
			
			// Таблица отсортирована по началу периода.
			// Если следующий период начинается позже окончания текущего,
			// то остальные периоды с текущим уже не пересекутся.
			Если Период2.Начало > Период1.Окончание Тогда
				Прервать;
			КонецЕсли;
			
			Если Период1.Склад = Период2.Склад Тогда
				Продолжить;
			КонецЕсли;
			
			НачалоПересечения = ?(Период1.Начало > Период2.Начало, Период1.Начало, Период2.Начало);
			КонецПересечения = ?(Период1.Окончание < Период2.Окончание, Период1.Окончание, Период2.Окончание);
			
			Если НачалоПересечения <= КонецПересечения Тогда
				
				НоваяСтрока = ТаблицаПересечений.Добавить();
				НоваяСтрока.Склад1 = Период1.Склад;
				НоваяСтрока.Склад2 = Период2.Склад;
				НоваяСтрока.НачалоПериода = НачалоПересечения;
				НоваяСтрока.КонецПериода = КонецПересечения;
				
			КонецЕсли;
			
		КонецЦикла;
		
	КонецЦикла;
	
	ТаблицаПересечений.Сортировать(""НачалоПериода Возр"");
	
	Возврат ТаблицаПересечений;
	
КонецФункции"
"Создай функцию СформироватьОтчетПолучитьОстаток(Склад, Товар, Строка, Колонка) которая формирует отчет на сервере ""ОстаткиТоваровНаСкладах"" с отбором по складу и товару, 
и возвращает числовое значение из указанной ячейки табличного документа.  

Отчет ОстаткиТоваровНаСкладах сделан на СКД, основная схема которого имеет поля Склад и Товар для отбора.

Параметры функции:
- Склад - ссылка на элемент справочника Склады для отбора
- Товар - ссылка на элемент справочника Товары для отбора
- Строка - номер строки в табличном документе
- Колонка - номер колонки в табличном документе

Возвращаемое значение: целое число из указанной ячейки табличного документа.                           

",,task_020,server,high,,"// Разместите код в серверном общем модуле, доступном на сервере,
// либо в модуле формы с директивой &НаСервере.

Функция СформироватьОтчетПолучитьОстаток(Склад, Товар, Строка, Колонка) Экспорт
	
	Если Строка < 1 Тогда
		ВызватьИсключение ""Номер строки табличного документа должен быть больше 0."";
	КонецЕсли;
	
	Если Колонка < 1 Тогда
		ВызватьИсключение ""Номер колонки табличного документа должен быть больше 0."";
	КонецЕсли;
	
	ОтчетОбъект = Отчеты.ОстаткиТоваровНаСкладах.Создать();
	
	СхемаКомпоновкиДанных = ОтчетОбъект.ПолучитьМакет(""ОсновнаяСхемаКомпоновкиДанных"");
	
	КомпоновщикНастроек = Новый КомпоновщикНастроекКомпоновкиДанных;
	ИсточникНастроек = Новый ИсточникДоступныхНастроекКомпоновкиДанных(СхемаКомпоновкиДанных);
	
	КомпоновщикНастроек.Инициализировать(ИсточникНастроек);
	КомпоновщикНастроек.ЗагрузитьНастройки(СхемаКомпоновкиДанных.НастройкиПоУмолчанию);
	
	Настройки = КомпоновщикНастроек.Настройки;
	
	ДобавитьОтборСКД(Настройки, ""Склад"", Склад);
	ДобавитьОтборСКД(Настройки, ""Товар"", Товар);
	
	ДанныеРасшифровки = Новый ДанныеРасшифровкиКомпоновкиДанных;
	
	КомпоновщикМакета = Новый КомпоновщикМакетаКомпоновкиДанных;
	МакетКомпоновкиДанных = КомпоновщикМакета.Выполнить(
		СхемаКомпоновкиДанных,
		Настройки,
		ДанныеРасшифровки);
	
	ПроцессорКомпоновкиДанных = Новый ПроцессорКомпоновкиДанных;
	ПроцессорКомпоновкиДанных.Инициализировать(
		МакетКомпоновкиДанных,
		,
		ДанныеРасшифровки);
	
	ТабличныйДокумент = Новый ТабличныйДокумент;
	
	ПроцессорВывода = Новый ПроцессорВыводаРезультатаКомпоновкиДанныхВТабличныйДокумент;
	ПроцессорВывода.УстановитьДокумент(ТабличныйДокумент);
	ПроцессорВывода.Вывести(ПроцессорКомпоновкиДанных);
	
	Если Строка > ТабличныйДокумент.ВысотаТаблицы Тогда
		ВызватьИсключение СтрШаблон(
			""Строка %1 отсутствует в сформированном табличном документе. Высота таблицы: %2."",
			Строка,
			ТабличныйДокумент.ВысотаТаблицы);
	КонецЕсли;
	
	Если Колонка > ТабличныйДокумент.ШиринаТаблицы Тогда
		ВызватьИсключение СтрШаблон(
			""Колонка %1 отсутствует в сформированном табличном документе. Ширина таблицы: %2."",
			Колонка,
			ТабличныйДокумент.ШиринаТаблицы);
	КонецЕсли;
	
	Возврат ПолучитьЦелоеЧислоИзЯчейкиТабличногоДокумента(
		ТабличныйДокумент,
		Строка,
		Колонка);
	
КонецФункции


Процедура ДобавитьОтборСКД(Настройки, ИмяПоля, ЗначениеОтбора)
	
	ЭлементОтбора = Настройки.Отбор.Элементы.Добавить(
		Тип(""ЭлементОтбораКомпоновкиДанных""));
	
	ЭлементОтбора.ЛевоеЗначение = Новый ПолеКомпоновкиДанных(ИмяПоля);
	ЭлементОтбора.ВидСравнения = ВидСравненияКомпоновкиДанных.Равно;
	ЭлементОтбора.ПравоеЗначение = ЗначениеОтбора;
	ЭлементОтбора.Использование = Истина;
	
КонецПроцедуры


Функция ПолучитьЦелоеЧислоИзЯчейкиТабличногоДокумента(ТабличныйДокумент, Строка, Колонка)
	
	ОбластьЯчейки = ТабличныйДокумент.Область(Строка, Колонка);
	
	ЗначениеЯчейки = Неопределено;
	
	Попытка
		ЗначениеЯчейки = ОбластьЯчейки.Значение;
	Исключение
		ЗначениеЯчейки = Неопределено;
	КонецПопытки;
	
	Если ТипЗнч(ЗначениеЯчейки) = Тип(""Число"") Тогда
		Возврат Цел(ЗначениеЯчейки);
	КонецЕсли;
	
	Если ТипЗнч(ЗначениеЯчейки) = Тип(""Строка"")
		И НЕ ПустаяСтрока(ЗначениеЯчейки) Тогда
		
		ТекстЯчейки = ЗначениеЯчейки;
		
	Иначе
		
		ТекстЯчейки = ОбластьЯчейки.Текст;
		
	КонецЕсли;
	
	ТекстЧисла = СокрЛП(ТекстЯчейки);
	ТекстЧисла = СтрЗаменить(ТекстЧисла, "" "", """");
	ТекстЧисла = СтрЗаменить(ТекстЧисла, Символы.Таб, """");
	ТекстЧисла = СтрЗаменить(ТекстЧисла, Символы.ПС, """");
	ТекстЧисла = СтрЗаменить(ТекстЧисла, Символы.ВК, """");
	ТекстЧисла = СтрЗаменить(ТекстЧисла, Символы.НПП, """");
	
	Если ПустаяСтрока(ТекстЧисла) Тогда
		Возврат 0;
	КонецЕсли;
	
	Попытка
		Возврат Цел(Число(ТекстЧисла));
	Исключение
		
		// На случай, если число выведено с разделителем групп разрядов точкой:
		// например, ""1.234,00"".
		ТекстЧисла = СтрЗаменить(ТекстЧисла, ""."", """");
		
		Попытка
			Возврат Цел(Число(ТекстЧисла));
		Исключение
			ВызватьИсключение СтрШаблон(
				""Значение ячейки табличного документа [%1, %2] не является числом: """"%3""""."",
				Строка,
				Колонка,
				ТекстЯчейки);
		КонецПопытки;
		
	КонецПопытки;
	
КонецФункции"
"Написать функция ЗаполнитьТабличнуюЧастьЗаказаЦенами(Заказ,ВидЦен).

Где параметры:

- Заказ - ДокументСсылка Заказ
- ВидЦен - СправочникСсылка ВидыЦен

Необходимо для каждой строки табличной части Товары документа Заказ:
- получить актуальную цену товара на дату документа Заказ из регистра сведений ЦеныТоваров по переданному виду цен;
- заполнить поле Цена.
- функция должна вернуть ссылку на заказ

Требования:
- Использовать запрос к СрезПоследних регистра сведений ЦеныТоваров.
- Не выполнять отдельный запрос на каждую строку (получение должно выполняться одним запросом).
- Заполнять только строки, где указан Товар. Если попались строки с пустым товаром - цену и сумму обнулить.
- Сохранить исходную сортировку табличной части
- Если к Товару цена не найдена, но при этом заполнена в табличной части - такую цену не обнулять, оставить исходную
- Пересчитать и заполнить сумму по каждой строке как Количество * Цена
- Все расчеты выполнить одним запросом","{""Documents"": [{""id"": ""Заказ"", ""name"": ""Заказ"", ""Attributes"": [{""id"": ""Покупатель"", ""name"": ""Покупатель"", ""types"": [{""type"": ""Ref"", ""id"": ""Справочник.Контрагенты""}]}, {""id"": ""Склад"", ""name"": ""Склад"", ""types"": [{""type"": ""Ref"", ""id"": ""Справочник.Склады""}]}, {""id"": ""Валюта"", ""name"": ""Валюта взаиморасчетов"", ""types"": [{""type"": ""Ref"", ""id"": ""Справочник.Валюты""}]}, {""id"": ""ВидЦен"", ""name"": ""Вид цен"", ""types"": [{""type"": ""Ref"", ""id"": ""Справочник.ВидыЦен""}]}, {""id"": ""Организация"", ""name"": ""Организация"", ""types"": [{""type"": ""Ref"", ""id"": ""Справочник.Организации""}]}, {""id"": ""СостояниеЗаказа"", ""name"": ""Состояние заказа"", ""types"": [{""type"": ""Ref"", ""id"": ""Перечисление.СостоянияЗаказов""}]}, {""id"": ""Автор"", ""name"": ""Автор"", ""types"": [{""type"": ""Ref"", ""id"": ""Справочник.Пользователи""}]}, {""id"": ""Сумма"", ""name"": ""Сумма"", ""types"": [{""type"": ""Number"", ""NumberQualifiers"": ""10.2""}]}], ""TabularSections"": [{""id"": ""Товары"", ""name"": ""Товары"", ""Attributes"": [{""id"": ""Товар"", ""name"": ""Товар"", ""types"": [{""type"": ""Ref"", ""id"": ""Справочник.Товары""}]}, {""id"": ""Цена"", ""name"": ""Цена"", ""types"": [{""type"": ""Number"", ""NumberQualifiers"": ""10.2""}]}, {""id"": ""Количество"", ""name"": ""Количество"", ""types"": [{""type"": ""Number"", ""NumberQualifiers"": ""10.0""}]}, {""id"": ""Сумма"", ""name"": ""Сумма"", ""types"": [{""type"": ""Number"", ""NumberQualifiers"": ""10.2""}]}]}]}], ""InformationRegisters"": [{""id"": ""ЦеныТоваров"", ""name"": ""Цены товаров"", ""InformationRegisterPeriodicity"": ""Day"", ""WriteMode"": ""Independent"", ""Dimensions"": [{""id"": ""Товар"", ""name"": ""Товар"", ""types"": [{""type"": ""Ref"", ""id"": ""Справочник.Товары""}]}, {""id"": ""ВидЦен"", ""name"": ""Вид цен"", ""types"": [{""type"": ""Ref"", ""id"": ""Справочник.ВидыЦен""}]}], ""Resources"": [{""id"": ""Цена"", ""name"": ""Цена"", ""types"": [{""type"": ""Number"", ""NumberQualifiers"": ""10.2""}]}]}], ""Catalogs"": [{""id"": ""ВидыЦен"", ""name"": ""Виды цен"", ""Attributes"": []}, {""id"": ""Товары"", ""name"": ""Товары"", ""Attributes"": [{""id"": ""Артикул"", ""name"": ""Артикул"", ""types"": [{""type"": ""String"", ""StringQualifiers"": ""15""}]}, {""id"": ""Поставщик"", ""name"": ""Поставщик"", ""types"": [{""type"": ""Ref"", ""id"": ""Справочник.Контрагенты""}]}, {""id"": ""ФайлКартинки"", ""name"": ""Картинка"", ""types"": [{""type"": ""Ref"", ""id"": ""Справочник.ХранимыеФайлы""}]}, {""id"": ""Вид"", ""name"": ""Вид"", ""types"": []}, {""id"": ""Штрихкод"", ""name"": ""Штрихкод"", ""types"": [{""type"": ""String"", ""StringQualifiers"": ""20""}]}, {""id"": ""Описание"", ""name"": ""Описание"", ""types"": [{""type"": ""String"", ""StringQualifiers"": ""0""}]}]}]}",task_021,server,high,Task2_Коробов_Сложная.epf,"Функция ЗаполнитьТабличнуюЧастьЗаказаЦенами(Заказ, ВидЦен) Экспорт
	
	Если Не ЗначениеЗаполнено(Заказ) Тогда
		Возврат Заказ;
	КонецЕсли;
	
	ЗаказОбъект = Заказ.ПолучитьОбъект();
	
	ТаблицаТоваров = Новый ТаблицаЗначений;
	ТаблицаТоваров.Колонки.Добавить(""НомерСтроки"", Новый ОписаниеТипов(""Число"", Новый КвалификаторыЧисла(10, 0)));
	ТаблицаТоваров.Колонки.Добавить(""Товар"", Новый ОписаниеТипов(""СправочникСсылка.Товары""));
	ТаблицаТоваров.Колонки.Добавить(""Количество"", Новый ОписаниеТипов(""Число"", Новый КвалификаторыЧисла(10, 0)));
	ТаблицаТоваров.Колонки.Добавить(""Цена"", Новый ОписаниеТипов(""Число"", Новый КвалификаторыЧисла(10, 2)));
	
	Для Каждого СтрокаТоваров Из ЗаказОбъект.Товары Цикл
		
		НоваяСтрока = ТаблицаТоваров.Добавить();
		НоваяСтрока.НомерСтроки = СтрокаТоваров.НомерСтроки;
		НоваяСтрока.Товар = СтрокаТоваров.Товар;
		НоваяСтрока.Количество = СтрокаТоваров.Количество;
		НоваяСтрока.Цена = СтрокаТоваров.Цена;
		
	КонецЦикла;
	
	Запрос = Новый Запрос;
	Запрос.УстановитьПараметр(""Товары"", ТаблицаТоваров);
	Запрос.УстановитьПараметр(""ВидЦен"", ВидЦен);
	Запрос.УстановитьПараметр(""ДатаЦен"", КонецДня(ЗаказОбъект.Дата));
	
	Запрос.Текст = 
""ВЫБРАТЬ
|	Товары.НомерСтроки КАК НомерСтроки,
|	Товары.Товар КАК Товар,
|	ЕСТЬNULL(Товары.Количество, 0) КАК Количество,
|	ЕСТЬNULL(Товары.Цена, 0) КАК ИсходнаяЦена
|ПОМЕСТИТЬ ВТ_Товары
|ИЗ
|	&Товары КАК Товары
|
|ИНДЕКСИРОВАТЬ ПО
|	Товар,
|	НомерСтроки
|;
|
|ВЫБРАТЬ
|	Расчет.НомерСтроки КАК НомерСтроки,
|	Расчет.Цена КАК Цена,
|	Расчет.Количество * Расчет.Цена КАК Сумма
|ИЗ
|	(ВЫБРАТЬ
|		Товары.НомерСтроки КАК НомерСтроки,
|		Товары.Количество КАК Количество,
|		ВЫБОР
|			КОГДА Товары.Товар = ЗНАЧЕНИЕ(Справочник.Товары.ПустаяСсылка)
|				ТОГДА 0
|			КОГДА Цены.Товар ЕСТЬ NULL
|				ТОГДА Товары.ИсходнаяЦена
|			ИНАЧЕ Цены.Цена
|		КОНЕЦ КАК Цена
|	ИЗ
|		ВТ_Товары КАК Товары
|			ЛЕВОЕ СОЕДИНЕНИЕ РегистрСведений.ЦеныТоваров.СрезПоследних(&ДатаЦен, ВидЦен = &ВидЦен) КАК Цены
|			ПО Товары.Товар = Цены.Товар) КАК Расчет
|
|УПОРЯДОЧИТЬ ПО
|	Расчет.НомерСтроки"";
	
	РезультатыПакета = Запрос.ВыполнитьПакет();
	РезультатРасчета = РезультатыПакета[РезультатыПакета.Количество() - 1];
	
	Выборка = РезультатРасчета.Выбрать();
	Пока Выборка.Следующий() Цикл
		
		Если Выборка.НомерСтроки <= 0 
			Или Выборка.НомерСтроки > ЗаказОбъект.Товары.Количество() Тогда
			Продолжить;
		КонецЕсли;
		
		СтрокаТоваров = ЗаказОбъект.Товары[Выборка.НомерСтроки - 1];
		СтрокаТоваров.Цена = Выборка.Цена;
		СтрокаТоваров.Сумма = Выборка.Сумма;
		
	КонецЦикла;
	
	ЗаказОбъект.Записать();
	
	Возврат ЗаказОбъект.Ссылка;
	
КонецФункции"
"Написать функцию ПолучитьСреднююЦенуПоНоменклатуре(ТаблицаПродаж). Функция принимает Таблицу значений.

Таблица значений содержит колонки:
- Номенклатура (Строка)
- Количество (Число)
- СуммаПродажи (Число)

Таблица может содержать несколько строк с одинаковой Номенклатурой.

Необходимо вернуть новую Таблицу значений с колонками:
- Номенклатура (Строка)
- Количество (Число)
- СуммаПродажи (Число)
- СредняяЦенаПродажи (Число)

Для каждой Номенклатуры должна остаться одна строка. Количество и Сумма должны быть суммой по всем исходным строкам.
СредняяЦена = Сумма / Количество. Если Количество = 0, то СредняяЦена = 0.

Требования:
- Использовать язык запросов.
- Не изменять входную ТаблицуЗначений.
- В возвращаемой таблице строки должны быть отсортированы по Номенклатуре по возрастанию.
- СредняяЦенаПродажи должна быть округлена до 15 знаков целочисленной части и до 2 знаков после запятой.",{},task_022,server,mid,Task2_Коробов_Средняя.epf,"Функция ПолучитьСреднююЦенуПоНоменклатуре(ТаблицаПродаж) Экспорт
	
	Запрос = Новый Запрос;
	Запрос.УстановитьПараметр(""ТаблицаПродаж"", ТаблицаПродаж);
	
	Запрос.Текст = 
""ВЫБРАТЬ
|	Продажи.Номенклатура КАК Номенклатура,
|	СУММА(Продажи.Количество) КАК Количество,
|	СУММА(Продажи.СуммаПродажи) КАК СуммаПродажи,
|	ВЫРАЗИТЬ(ВЫБОР
|			КОГДА СУММА(Продажи.Количество) = 0
|				ТОГДА 0
|			ИНАЧЕ ОКР(СУММА(Продажи.СуммаПродажи) / СУММА(Продажи.Количество), 2)
|		КОНЕЦ КАК ЧИСЛО(17, 2)) КАК СредняяЦенаПродажи
|ИЗ
|	&ТаблицаПродаж КАК Продажи
|
|СГРУППИРОВАТЬ ПО
|	Продажи.Номенклатура
|
|УПОРЯДОЧИТЬ ПО
|	Номенклатура"";
	
	Возврат Запрос.Выполнить().Выгрузить();
	
КонецФункции"
"Написать функцию ПолучитьОстатокНоменклатуры(Номенклатура, Склад, Дата).

Необходимо получить остаток указанной номенклатуры на указанном складе на указанную дату включительно. Остаток взять из регистра накопления ТоварныеЗапасы.

Функция должна вернуть число — остаток на дату.

Требования:
- Использовать запрос к виртуальной таблице Остатки регистра накопления.
- Если записи отсутствуют — вернуть 0.","{""AccumulationRegisters"": [{""id"": ""ТоварныеЗапасы"", ""name"": ""Товарные запасы"", ""RegisterType"": ""Balance"", ""Dimensions"": [{""id"": ""Товар"", ""name"": ""Товар"", ""types"": [{""type"": ""Ref"", ""id"": ""Справочник.Товары""}]}, {""id"": ""Склад"", ""name"": ""Склад"", ""types"": [{""type"": ""Ref"", ""id"": ""Справочник.Склады""}]}], ""Resources"": [{""id"": ""Количество"", ""name"": ""Количество"", ""types"": [{""type"": ""Number"", ""NumberQualifiers"": ""10.2""}]}]}]}",task_023,server,mid,Task3_Коробов_Средняя.epf,"Функция ПолучитьОстатокНоменклатуры(Номенклатура, Склад, Дата) Экспорт
	
	Запрос = Новый Запрос;
	
	Запрос.Текст = 
""ВЫБРАТЬ
|	ЕСТЬNULL(СУММА(ТоварныеЗапасыОстатки.КоличествоОстаток), 0) КАК Остаток
|ИЗ
|	РегистрНакопления.ТоварныеЗапасы.Остатки(
|		&ДатаОстатков,
|		Товар = &Номенклатура
|			И Склад = &Склад) КАК ТоварныеЗапасыОстатки"";
	
	Запрос.УстановитьПараметр(""Номенклатура"", Номенклатура);
	Запрос.УстановитьПараметр(""Склад"", Склад);
	Запрос.УстановитьПараметр(""ДатаОстатков"", КонецДня(Дата));
	
	РезультатЗапроса = Запрос.Выполнить();
	Выборка = РезультатЗапроса.Выбрать();
	
	Если Выборка.Следующий() Тогда
		Возврат Выборка.Остаток;
	КонецЕсли;
	
	Возврат 0;
	
КонецФункции"
"Реализовать функцию импорта прайс-листа из CSV ЗагрузитьПрайсЛистИзCSV(ПутьКФайлу,ВидЦен).

Файл csv содержит 3 колонки
- Артикул
- Наименование
- Цена

Необходимо:
1) Прочитать файл.
2) Найти товар. Поиск должен быть осуществлен сначала по артикулу и наименованию. Если товар не найден - искать по артикулу. Если не найден - только по наименованию
3) Обновить цены в регистре сведений ЦеныТоваров по виду цен и найденной номенклатуре на начало текущего дня.

Функция должна вернуть структуру, содержащую:

- КоличествоОбработанныхСтрок - количество успешно обработанных строк
- ТаблицаОшибок - таблица с информацией, об ошибочно обработанных строках. В таблице две колонки: НомерСтроки - номер строки файла, Причина - описание ошибки.","{""InformationRegisters"": [{""id"": ""ЦеныТоваров"", ""name"": ""Цены товаров"", ""InformationRegisterPeriodicity"": ""Day"", ""WriteMode"": ""Independent"", ""Dimensions"": [{""id"": ""Товар"", ""name"": ""Товар"", ""types"": [{""type"": ""Ref"", ""id"": ""Справочник.Товары""}]}, {""id"": ""ВидЦен"", ""name"": ""Вид цен"", ""types"": [{""type"": ""Ref"", ""id"": ""Справочник.ВидыЦен""}]}], ""Resources"": [{""id"": ""Цена"", ""name"": ""Цена"", ""types"": [{""type"": ""Number"", ""NumberQualifiers"": ""10.2""}]}]}], ""Catalogs"": [{""id"": ""ВидыЦен"", ""name"": ""Виды цен"", ""Attributes"": []}, {""id"": ""Товары"", ""name"": ""Товары"", ""Attributes"": [{""id"": ""Артикул"", ""name"": ""Артикул"", ""types"": [{""type"": ""String"", ""StringQualifiers"": ""15""}]}, {""id"": ""Поставщик"", ""name"": ""Поставщик"", ""types"": [{""type"": ""Ref"", ""id"": ""Справочник.Контрагенты""}]}, {""id"": ""ФайлКартинки"", ""name"": ""Картинка"", ""types"": [{""type"": ""Ref"", ""id"": ""Справочник.ХранимыеФайлы""}]}, {""id"": ""Вид"", ""name"": ""Вид"", ""types"": []}, {""id"": ""Штрихкод"", ""name"": ""Штрихкод"", ""types"": [{""type"": ""String"", ""StringQualifiers"": ""20""}]}, {""id"": ""Описание"", ""name"": ""Описание"", ""types"": [{""type"": ""String"", ""StringQualifiers"": ""0""}]}]}]}",task_024,server,high,Task4_Коробов_Сложная.epf,"Функция ЗагрузитьПрайсЛистИзCSV(ПутьКФайлу, ВидЦен) Экспорт
	
	ТаблицаОшибок = Новый ТаблицаЗначений;
	ТаблицаОшибок.Колонки.Добавить(""НомерСтроки"", Новый ОписаниеТипов(""Число"", Новый КвалификаторыЧисла(10, 0)));
	ТаблицаОшибок.Колонки.Добавить(""Причина"", Новый ОписаниеТипов(""Строка""));
	
	КоличествоОбработанныхСтрок = 0;
	
	Результат = Новый Структура;
	Результат.Вставить(""КоличествоОбработанныхСтрок"", КоличествоОбработанныхСтрок);
	Результат.Вставить(""ТаблицаОшибок"", ТаблицаОшибок);
	
	Если Не ЗначениеЗаполнено(ПутьКФайлу) Тогда
		ДобавитьОшибкуИмпорта(ТаблицаОшибок, 0, ""Не указан путь к файлу."");
		Возврат Результат;
	КонецЕсли;
	
	Если Не ЗначениеЗаполнено(ВидЦен) Тогда
		ДобавитьОшибкуИмпорта(ТаблицаОшибок, 0, ""Не указан вид цен."");
		Возврат Результат;
	КонецЕсли;
	
	ФайлПрайса = Новый Файл(ПутьКФайлу);
	Если Не ФайлПрайса.Существует() Тогда
		ДобавитьОшибкуИмпорта(ТаблицаОшибок, 0, ""Файл не найден: "" + ПутьКФайлу);
		Возврат Результат;
	КонецЕсли;
	
	ЧтениеТекста = Неопределено;
	
	Попытка
		
		ЧтениеТекста = Новый ЧтениеТекста(ПутьКФайлу);
		
		НомерСтроки = 0;
		ПерваяНепустаяСтрока = Истина;
		РазделительCSV = Неопределено;
		ПериодЦен = НачалоДня(ТекущаяДата());
		
		Пока Истина Цикл
			
			СтрокаФайла = ЧтениеТекста.ПрочитатьСтроку();
			
			Если СтрокаФайла = Неопределено Тогда
				Прервать;
			КонецЕсли;
			
			НомерСтроки = НомерСтроки + 1;
			
			Если ПустаяСтрока(СокрЛП(СтрокаФайла)) Тогда
				Продолжить;
			КонецЕсли;
			
			Если РазделительCSV = Неопределено Тогда
				РазделительCSV = ОпределитьРазделительCSV(СтрокаФайла);
			КонецЕсли;
			
			КолонкиCSV = РазобратьСтрокуCSV(СтрокаФайла, РазделительCSV);
			
			Если ПерваяНепустаяСтрока Тогда
				ПерваяНепустаяСтрока = Ложь;
				
				Если ЭтоСтрокаЗаголовкаПрайса(КолонкиCSV) Тогда
					Продолжить;
				КонецЕсли;
			КонецЕсли;
			
			Попытка
				
				Если КолонкиCSV.Количество() <> 3 Тогда
					ДобавитьОшибкуИмпорта(
						ТаблицаОшибок,
						НомерСтроки,
						""Некорректное количество колонок. Ожидалось 3, получено "" + Строка(КолонкиCSV.Количество()) + "".""
					);
					Продолжить;
				КонецЕсли;
				
				Артикул = ОчиститьПолеCSV(КолонкиCSV[0]);
				Наименование = ОчиститьПолеCSV(КолонкиCSV[1]);
				СтрокаЦены = ОчиститьПолеCSV(КолонкиCSV[2]);
				
				Цена = 0;
				ПричинаОшибки = """";
				
				Если Не ПреобразоватьСтрокуВЦену(СтрокаЦены, Цена, ПричинаОшибки) Тогда
					ДобавитьОшибкуИмпорта(ТаблицаОшибок, НомерСтроки, ПричинаОшибки);
					Продолжить;
				КонецЕсли;
				
				Товар = Неопределено;
				ПричинаОшибки = """";
				
				Если Не НайтиТоварПрайсЛиста(Артикул, Наименование, Товар, ПричинаОшибки) Тогда
					ДобавитьОшибкуИмпорта(ТаблицаОшибок, НомерСтроки, ПричинаОшибки);
					Продолжить;
				КонецЕсли;
				
				ЗаписатьЦенуТовара(Товар, ВидЦен, Цена, ПериодЦен);
				
				КоличествоОбработанныхСтрок = КоличествоОбработанныхСтрок + 1;
				
			Исключение
				ДобавитьОшибкуИмпорта(ТаблицаОшибок, НомерСтроки, ОписаниеОшибки());
			КонецПопытки;
			
		КонецЦикла;
		
		ЧтениеТекста.Закрыть();
		
	Исключение
		
		Если ЧтениеТекста <> Неопределено Тогда
			Попытка
				ЧтениеТекста.Закрыть();
			Исключение
			КонецПопытки;
		КонецЕсли;
		
		ДобавитьОшибкуИмпорта(ТаблицаОшибок, 0, ""Ошибка чтения файла: "" + ОписаниеОшибки());
		
	КонецПопытки;
	
	Результат.КоличествоОбработанныхСтрок = КоличествоОбработанныхСтрок;
	
	Возврат Результат;
	
КонецФункции

Процедура ДобавитьОшибкуИмпорта(ТаблицаОшибок, НомерСтроки, Причина)
	
	НоваяСтрока = ТаблицаОшибок.Добавить();
	НоваяСтрока.НомерСтроки = НомерСтроки;
	НоваяСтрока.Причина = Причина;
	
КонецПроцедуры

Функция ОчиститьПолеCSV(Знач ЗначениеПоля)
	
	ЗначениеПоля = СтрЗаменить(ЗначениеПоля, Символ(65279), """");
	
	Возврат СокрЛП(ЗначениеПоля);
	
КонецФункции

Функция ЭтоСтрокаЗаголовкаПрайса(КолонкиCSV)
	
	Если КолонкиCSV.Количество() < 3 Тогда
		Возврат Ложь;
	КонецЕсли;
	
	КолонкаАртикул = НРег(ОчиститьПолеCSV(КолонкиCSV[0]));
	КолонкаНаименование = НРег(ОчиститьПолеCSV(КолонкиCSV[1]));
	КолонкаЦена = НРег(ОчиститьПолеCSV(КолонкиCSV[2]));
	
	Возврат КолонкаАртикул = ""артикул""
		И КолонкаНаименование = ""наименование""
		И КолонкаЦена = ""цена"";
	
КонецФункции

Функция ОпределитьРазделительCSV(СтрокаCSV)
	
	Разделители = Новый Массив;
	Разделители.Добавить("";"");
	Разделители.Добавить("","");
	Разделители.Добавить(Символ(9));
	
	ВыбранныйРазделитель = "";"";
	МаксимальноеКоличество = -1;
	
	Для Каждого ТекущийРазделитель Из Разделители Цикл
		
		Количество = КоличествоСимволовВнеКавычек(СтрокаCSV, ТекущийРазделитель);
		
		Если Количество > МаксимальноеКоличество Тогда
			МаксимальноеКоличество = Количество;
			ВыбранныйРазделитель = ТекущийРазделитель;
		КонецЕсли;
		
	КонецЦикла;
	
	Возврат ВыбранныйРазделитель;
	
КонецФункции

Функция КоличествоСимволовВнеКавычек(СтрокаCSV, ИскомыйСимвол)
	
	Количество = 0;
	ВКавычках = Ложь;
	Кавычка = Символ(34);
	ДлинаСтроки = СтрДлина(СтрокаCSV);
	Позиция = 1;
	
	Пока Позиция <= ДлинаСтроки Цикл
		
		ТекущийСимвол = Сред(СтрокаCSV, Позиция, 1);
		
		Если ТекущийСимвол = Кавычка Тогда
			
			Если ВКавычках
				И Позиция < ДлинаСтроки
				И Сред(СтрокаCSV, Позиция + 1, 1) = Кавычка Тогда
				
				Позиция = Позиция + 1;
				
			Иначе
				
				ВКавычках = Не ВКавычках;
				
			КонецЕсли;
			
		ИначеЕсли ТекущийСимвол = ИскомыйСимвол И Не ВКавычках Тогда
			
			Количество = Количество + 1;
			
		КонецЕсли;
		
		Позиция = Позиция + 1;
		
	КонецЦикла;
	
	Возврат Количество;
	
КонецФункции

Функция РазобратьСтрокуCSV(СтрокаCSV, Разделитель)
	
	Результат = Новый Массив;
	Поле = """";
	ВКавычках = Ложь;
	Кавычка = Символ(34);
	ДлинаСтроки = СтрДлина(СтрокаCSV);
	Позиция = 1;
	
	Пока Позиция <= ДлинаСтроки Цикл
		
		ТекущийСимвол = Сред(СтрокаCSV, Позиция, 1);
		
		Если ТекущийСимвол = Кавычка Тогда
			
			Если ВКавычках
				И Позиция < ДлинаСтроки
				И Сред(СтрокаCSV, Позиция + 1, 1) = Кавычка Тогда
				
				Поле = Поле + Кавычка;
				Позиция = Позиция + 1;
				
			Иначе
				
				ВКавычках = Не ВКавычках;
				
			КонецЕсли;
			
		ИначеЕсли ТекущийСимвол = Разделитель И Не ВКавычках Тогда
			
			Результат.Добавить(Поле);
			Поле = """";
			
		Иначе
			
			Поле = Поле + ТекущийСимвол;
			
		КонецЕсли;
		
		Позиция = Позиция + 1;
		
	КонецЦикла;
	
	Результат.Добавить(Поле);
	
	Возврат Результат;
	
КонецФункции

Функция ПреобразоватьСтрокуВЦену(Знач СтрокаЦены, Цена, ПричинаОшибки)
	
	ТекстЦены = СокрЛП(СтрокаЦены);
	ТекстЦены = СтрЗаменить(ТекстЦены, Символ(65279), """");
	ТекстЦены = СтрЗаменить(ТекстЦены, Символ(160), """");
	ТекстЦены = СтрЗаменить(ТекстЦены, "" "", """");
	
	Если ПустаяСтрока(ТекстЦены) Тогда
		ПричинаОшибки = ""Не заполнена цена."";
		Возврат Ложь;
	КонецЕсли;
	
	Если ПопытатьсяПреобразоватьВЧисло(ТекстЦены, Цена) Тогда
		Цена = Окр(Цена, 2);
		Возврат Истина;
	КонецЕсли;
	
	ЕстьТочка = СтрНайти(ТекстЦены, ""."") > 0;
	ЕстьЗапятая = СтрНайти(ТекстЦены, "","") > 0;
	
	Если ЕстьТочка И ЕстьЗапятая Тогда
		
		ПоследняяТочка = ПоследняяПозицияСимвола(ТекстЦены, ""."");
		ПоследняяЗапятая = ПоследняяПозицияСимвола(ТекстЦены, "","");
		
		Если ПоследняяТочка > ПоследняяЗапятая Тогда
			// Формат вида 1,234.56
			ТекстДляПреобразования = СтрЗаменить(ТекстЦены, "","", """");
			ТекстДляПреобразования = СтрЗаменить(ТекстДляПреобразования, ""."", "","");
		Иначе
			// Формат вида 1.234,56
			ТекстДляПреобразования = СтрЗаменить(ТекстЦены, ""."", """");
		КонецЕсли;
		
		Если ПопытатьсяПреобразоватьВЧисло(ТекстДляПреобразования, Цена) Тогда
			Цена = Окр(Цена, 2);
			Возврат Истина;
		КонецЕсли;
		
	ИначеЕсли ЕстьТочка Тогда
		
		ТекстДляПреобразования = СтрЗаменить(ТекстЦены, ""."", "","");
		
		Если ПопытатьсяПреобразоватьВЧисло(ТекстДляПреобразования, Цена) Тогда
			Цена = Окр(Цена, 2);
			Возврат Истина;
		КонецЕсли;
		
	ИначеЕсли ЕстьЗапятая Тогда
		
		ТекстДляПреобразования = СтрЗаменить(ТекстЦены, "","", ""."");
		
		Если ПопытатьсяПреобразоватьВЧисло(ТекстДляПреобразования, Цена) Тогда
			Цена = Окр(Цена, 2);
			Возврат Истина;
		КонецЕсли;
		
	КонецЕсли;
	
	ПричинаОшибки = ""Некорректное значение цены: """""" + СтрокаЦены + """"""."";
	
	Возврат Ложь;
	
КонецФункции

Функция ПопытатьсяПреобразоватьВЧисло(ТекстЧисла, ЧисловоеЗначение)
	
	Попытка
		ЧисловоеЗначение = Число(ТекстЧисла);
		Возврат Истина;
	Исключение
		Возврат Ложь;
	КонецПопытки;
	
КонецФункции

Функция ПоследняяПозицияСимвола(СтрокаПоиска, ИскомыйСимвол)
	
	Результат = 0;
	
	Для Позиция = 1 По СтрДлина(СтрокаПоиска) Цикл
		
		Если Сред(СтрокаПоиска, Позиция, 1) = ИскомыйСимвол Тогда
			Результат = Позиция;
		КонецЕсли;
		
	КонецЦикла;
	
	Возврат Результат;
	
КонецФункции

Функция НайтиТоварПрайсЛиста(Артикул, Наименование, Товар, ПричинаОшибки)
	
	Товар = Неопределено;
	ПричинаОшибки = """";
	
	Артикул = СокрЛП(Артикул);
	Наименование = СокрЛП(Наименование);
	
	Если ПустаяСтрока(Артикул) И ПустаяСтрока(Наименование) Тогда
		ПричинаОшибки = ""Не заполнены артикул и наименование товара."";
		Возврат Ложь;
	КонецЕсли;
	
	Если Не ПустаяСтрока(Артикул) И Не ПустаяСтрока(Наименование) Тогда
		
		Запрос = Новый Запрос;
		Запрос.Текст =
""ВЫБРАТЬ ПЕРВЫЕ 2
|	Товары.Ссылка КАК Ссылка
|ИЗ
|	Справочник.Товары КАК Товары
|ГДЕ
|	Товары.Артикул = &Артикул
|	И Товары.Наименование = &Наименование
|	И НЕ Товары.ПометкаУдаления"";
		
		Запрос.УстановитьПараметр(""Артикул"", Артикул);
		Запрос.УстановитьПараметр(""Наименование"", Наименование);
		
		Если Не ПолучитьТоварИзРезультатаПоиска(
			Запрос.Выполнить(),
			""по артикулу """""" + Артикул + """""" и наименованию """""" + Наименование + """""""",
			Товар,
			ПричинаОшибки) Тогда
			
			Возврат Ложь;
			
		КонецЕсли;
		
		Если Товар <> Неопределено Тогда
			Возврат Истина;
		КонецЕсли;
		
	КонецЕсли;
	
	Если Не ПустаяСтрока(Артикул) Тогда
		
		Запрос = Новый Запрос;
		Запрос.Текст =
""ВЫБРАТЬ ПЕРВЫЕ 2
|	Товары.Ссылка КАК Ссылка
|ИЗ
|	Справочник.Товары КАК Товары
|ГДЕ
|	Товары.Артикул = &Артикул
|	И НЕ Товары.ПометкаУдаления"";
		
		Запрос.УстановитьПараметр(""Артикул"", Артикул);
		
		Если Не ПолучитьТоварИзРезультатаПоиска(
			Запрос.Выполнить(),
			""по артикулу """""" + Артикул + """""""",
			Товар,
			ПричинаОшибки) Тогда
			
			Возврат Ложь;
			
		КонецЕсли;
		
		Если Товар <> Неопределено Тогда
			Возврат Истина;
		КонецЕсли;
		
	КонецЕсли;
	
	Если Не ПустаяСтрока(Наименование) Тогда
		
		Запрос = Новый Запрос;
		Запрос.Текст =
""ВЫБРАТЬ ПЕРВЫЕ 2
|	Товары.Ссылка КАК Ссылка
|ИЗ
|	Справочник.Товары КАК Товары
|ГДЕ
|	Товары.Наименование = &Наименование
|	И НЕ Товары.ПометкаУдаления"";
		
		Запрос.УстановитьПараметр(""Наименование"", Наименование);
		
		Если Не Получить"
"Написать функцию ПолучитьАктуальнуюЦену(Товар, ВидЦен, Дата).

Необходимо получить цену указанного товара по переданному виду цен на дату из регистра сведений ЦеныТоваров.

Функция должна вернуть число — цену.

Требования:
- Использовать запрос к СрезПоследних.
- Если цена не найдена — вернуть 0.","{""InformationRegisters"": [{""id"": ""ЦеныТоваров"", ""name"": ""Цены товаров"", ""InformationRegisterPeriodicity"": ""Day"", ""WriteMode"": ""Independent"", ""Dimensions"": [{""id"": ""Товар"", ""name"": ""Товар"", ""types"": [{""type"": ""Ref"", ""id"": ""Справочник.Товары""}]}, {""id"": ""ВидЦен"", ""name"": ""Вид цен"", ""types"": [{""type"": ""Ref"", ""id"": ""Справочник.ВидыЦен""}]}], ""Resources"": [{""id"": ""Цена"", ""name"": ""Цена"", ""types"": [{""type"": ""Number"", ""NumberQualifiers"": ""10.2""}]}]}]}",task_025,server,mid,Task4_Коробов_Средняя.epf,"Функция ПолучитьАктуальнуюЦену(Товар, ВидЦен, Дата) Экспорт
	
	Запрос = Новый Запрос;
	Запрос.Текст = 
""ВЫБРАТЬ
|	ЦеныТоваровСрезПоследних.Цена КАК Цена
|ИЗ
|	РегистрСведений.ЦеныТоваров.СрезПоследних(
|		&Дата,
|		Товар = &Товар
|			И ВидЦен = &ВидЦен) КАК ЦеныТоваровСрезПоследних"";
	
	Запрос.УстановитьПараметр(""Товар"", Товар);
	Запрос.УстановитьПараметр(""ВидЦен"", ВидЦен);
	Запрос.УстановитьПараметр(""Дата"", КонецДня(Дата));
	
	РезультатЗапроса = Запрос.Выполнить();
	Выборка = РезультатЗапроса.Выбрать();
	
	Если Выборка.Следующий() Тогда
		Возврат Выборка.Цена;
	КонецЕсли;
	
	Возврат 0;
	
КонецФункции"
"Написать функцию ВыгрузитьТаблицуВCSV(ТаблицаДанных, ПутьФайла).

Функция должна:
1) Записать данные ТаблицаЗначений в CSV-файл по указанному пути.
2) Первая строка файла должна содержать заголовки колонок.
3) Вернуть строку — путь к созданному файлу.

Требования:
- Использовать файлы записи.
- Не изменять входную ТаблицуЗначений.
- Разделитель — "";"".
- Файл сохранить в каталог временных файлов",{},task_026,server,mid,Task5_Коробов_Средняя.epf,"Функция ВыгрузитьТаблицуВCSV(ТаблицаДанных, ПутьФайла) Экспорт
	
	Если ТипЗнч(ТаблицаДанных) <> Тип(""ТаблицаЗначений"") Тогда
		ВызватьИсключение ""Параметр ТаблицаДанных должен иметь тип ТаблицаЗначений."";
	КонецЕсли;
	
	ПолныйПутьФайла = ПолучитьПутьCSVВоВременномКаталоге(ПутьФайла);
	
	ЗаписьФайла = Неопределено;
	
	Попытка
		
		ЗаписьФайла = Новый ЗаписьТекста(ПолныйПутьФайла, КодировкаТекста.UTF8);
		
		// Заголовки колонок
		ЗаписьФайла.ЗаписатьСтроку(СформироватьСтрокуЗаголовковCSV(ТаблицаДанных));
		
		// Данные таблицы
		Для Каждого СтрокаТаблицы Из ТаблицаДанных Цикл
			ЗаписьФайла.ЗаписатьСтроку(СформироватьСтрокуДанныхCSV(ТаблицаДанных, СтрокаТаблицы));
		КонецЦикла;
		
		ЗаписьФайла.Закрыть();
		
	Исключение
		
		Если ЗаписьФайла <> Неопределено Тогда
			Попытка
				ЗаписьФайла.Закрыть();
			Исключение
			КонецПопытки;
		КонецЕсли;
		
		ВызватьИсключение ""Ошибка при выгрузке таблицы в CSV-файл: "" + ОписаниеОшибки();
		
	КонецПопытки;
	
	Возврат ПолныйПутьФайла;
	
КонецФункции


Функция СформироватьСтрокуЗаголовковCSV(ТаблицаДанных)
	
	ЗначенияКолонок = Новый Массив;
	
	Для Каждого КолонкаТаблицы Из ТаблицаДанных.Колонки Цикл
		ЗначенияКолонок.Добавить(ПодготовитьЗначениеCSV(КолонкаТаблицы.Имя));
	КонецЦикла;
	
	Возврат СтрСоединить(ЗначенияКолонок, "";"");
	
КонецФункции


Функция СформироватьСтрокуДанныхCSV(ТаблицаДанных, СтрокаТаблицы)
	
	ЗначенияКолонок = Новый Массив;
	
	Для Каждого КолонкаТаблицы Из ТаблицаДанных.Колонки Цикл
		ЗначениеКолонки = СтрокаТаблицы[КолонкаТаблицы.Имя];
		ЗначенияКолонок.Добавить(ПодготовитьЗначениеCSV(ЗначениеКолонки));
	КонецЦикла;
	
	Возврат СтрСоединить(ЗначенияКолонок, "";"");
	
КонецФункции


Функция ПодготовитьЗначениеCSV(Значение)
	
	Если Значение = Неопределено Или Значение = Null Тогда
		ПредставлениеЗначения = """";
	Иначе
		ПредставлениеЗначения = Строка(Значение);
	КонецЕсли;
	
	НужноЭкранировать = Ложь;
	
	Если Найти(ПредставлениеЗначения, "";"") > 0
		Или Найти(ПредставлениеЗначения, """""""") > 0
		Или Найти(ПредставлениеЗначения, Символы.ПС) > 0
		Или Найти(ПредставлениеЗначения, Символы.ВК) > 0
		Или ПредставлениеЗначения <> СокрЛП(ПредставлениеЗначения) Тогда
		
		НужноЭкранировать = Истина;
		
	КонецЕсли;
	
	ПредставлениеЗначения = СтрЗаменить(ПредставлениеЗначения, """""""", """""""""""");
	
	Если НужноЭкранировать Тогда
		ПредставлениеЗначения = """""""" + ПредставлениеЗначения + """""""";
	КонецЕсли;
	
	Возврат ПредставлениеЗначения;
	
КонецФункции


Функция ПолучитьПутьCSVВоВременномКаталоге(ПутьФайла)
	
	Если ЗначениеЗаполнено(ПутьФайла) Тогда
		
		ФайлИсточник = Новый Файл(Строка(ПутьФайла));
		ИмяФайла = ФайлИсточник.Имя;
		
		Если ПустаяСтрока(ИмяФайла) Тогда
			ИмяФайла = ""ВыгрузкаТаблицы.csv"";
		КонецЕсли;
		
		Если НРег(Прав(ИмяФайла, 4)) <> "".csv"" Тогда
			ИмяФайла = ИмяФайла + "".csv"";
		КонецЕсли;
		
		Возврат ДобавитьРазделительПути(КаталогВременныхФайлов()) + ИмяФайла;
		
	Иначе
		
		Возврат ПолучитьИмяВременногоФайла(""csv"");
		
	КонецЕсли;
	
КонецФункции


Функция ДобавитьРазделительПути(Каталог)
	
	Если ПустаяСтрока(Каталог) Тогда
		Возврат Каталог;
	КонецЕсли;
	
	ПоследнийСимвол = Прав(Каталог, 1);
	
	Если ПоследнийСимвол = ""\"" Или ПоследнийСимвол = ""/"" Тогда
		Возврат Каталог;
	КонецЕсли;
	
	Если Найти(Каталог, ""\"") > 0 Тогда
		Возврат Каталог + ""\"";
	Иначе
		Возврат Каталог + ""/"";
	КонецЕсли;
	
КонецФункции"
"Написать функцию СвернутьДубли(ТаблицаДанных).
ТаблицаЗначений содержит колонки:
- КлючСтроки (Строка длина 100)
- Значение (Число)

Таблица может содержать несколько строк с одинаковым значением поля Ключ.

Необходимо вернуть новую ТаблицуЗначений:
- КлючСтроки
- Значение

Для каждого значения Ключ должна остаться одна строка.
Значение должно быть суммой всех строк с одинаковым Ключ.

Требования:
- Использовать язык запросов.
- Не изменять входную таблицу.
- Результат отсортировать по Ключ.",{},task_027,server,mid,Task6_Коробов_Средняя.epf,"Функция СвернутьДубли(ТаблицаДанных) Экспорт
	
	Запрос = Новый Запрос;
	Запрос.УстановитьПараметр(""ТаблицаДанных"", ТаблицаДанных);
	
	Запрос.Текст = 
""ВЫБРАТЬ
|	ТаблицаДанных.КлючСтроки КАК КлючСтроки,
|	СУММА(ТаблицаДанных.Значение) КАК Значение
|ИЗ
|	&ТаблицаДанных КАК ТаблицаДанных
|СГРУППИРОВАТЬ ПО
|	ТаблицаДанных.КлючСтроки
|УПОРЯДОЧИТЬ ПО
|	КлючСтроки"";
	
	Возврат Запрос.Выполнить().Выгрузить();
	
КонецФункции"
"Написать функцию ПолучитьСреднийКурс(Валюта, ДатаНачала,ДатаОкончания).

Необходимо получить средний курс валюты из регистра сведений КурсыВалют за указанный период с точностью до 4 знаков после запятой

Функция должна вернуть число — средний курс валюты.

Требования:
- Использовать запрос к СрезПоследних регистра сведений КурсыВалют.
- Если курс отсутствует — вернуть Неопределено.","{""InformationRegisters"": [{""id"": ""КурсыВалют"", ""name"": ""Курсы валют"", ""InformationRegisterPeriodicity"": ""Day"", ""WriteMode"": ""Independent"", ""Dimensions"": [{""id"": ""Валюта"", ""name"": ""Валюта"", ""types"": [{""type"": ""Ref"", ""id"": ""Справочник.Валюты""}]}], ""Resources"": [{""id"": ""Курс"", ""name"": ""Курс"", ""types"": [{""type"": ""Number"", ""NumberQualifiers"": ""10.2""}]}]}]}",task_028,server,mid,Task7_Коробов_Средняя.epf,"Функция ПолучитьСреднийКурс(Валюта, ДатаНачала, ДатаОкончания) Экспорт
	
	Если Не ЗначениеЗаполнено(Валюта)
		Или Не ЗначениеЗаполнено(ДатаНачала)
		Или Не ЗначениеЗаполнено(ДатаОкончания) Тогда
		Возврат Неопределено;
	КонецЕсли;
	
	ДатаНачалаПериода = НачалоДня(ДатаНачала);
	ДатаОкончанияПериода = НачалоДня(ДатаОкончания);
	
	Если ДатаНачалаПериода > ДатаОкончанияПериода Тогда
		Возврат Неопределено;
	КонецЕсли;
	
	Запрос = Новый Запрос;
	Запрос.Текст =
""ВЫБРАТЬ
|	КурсыВалютСрезПоследних.Период КАК Период,
|	КурсыВалютСрезПоследних.Курс КАК Курс
|ИЗ
|	РегистрСведений.КурсыВалют.СрезПоследних(&ДатаНачала, Валюта = &Валюта) КАК КурсыВалютСрезПоследних
|
|ОБЪЕДИНИТЬ ВСЕ
|
|ВЫБРАТЬ
|	КурсыВалют.Период КАК Период,
|	КурсыВалют.Курс КАК Курс
|ИЗ
|	РегистрСведений.КурсыВалют КАК КурсыВалют
|ГДЕ
|	КурсыВалют.Валюта = &Валюта
|	И КурсыВалют.Период > &ДатаНачала
|	И КурсыВалют.Период <= &ДатаОкончания
|
|УПОРЯДОЧИТЬ ПО
|	Период"";
	
	Запрос.УстановитьПараметр(""Валюта"", Валюта);
	Запрос.УстановитьПараметр(""ДатаНачала"", ДатаНачалаПериода);
	Запрос.УстановитьПараметр(""ДатаОкончания"", ДатаОкончанияПериода);
	
	Выборка = Запрос.Выполнить().Выбрать();
	
	СекундВДне = 24 * 60 * 60;
	
	СуммаКурсов = 0;
	КоличествоДней = 0;
	
	ЕстьТекущийКурс = Ложь;
	ТекущийКурс = 0;
	ДатаНачалаДействия = Неопределено;
	
	Пока Выборка.Следующий() Цикл
		
		ДатаНовогоКурса = НачалоДня(Выборка.Период);
		
		Если ЕстьТекущийКурс Тогда
			
			ДатаОкончанияДействия = ДатаНовогоКурса - СекундВДне;
			
			Если ДатаОкончанияДействия > ДатаОкончанияПериода Тогда
				ДатаОкончанияДействия = ДатаОкончанияПериода;
			КонецЕсли;
			
			Если ДатаОкончанияДействия >= ДатаНачалаДействия Тогда
				КоличествоДнейВИнтервале = Цел((ДатаОкончанияДействия - ДатаНачалаДействия) / СекундВДне) + 1;
				СуммаКурсов = СуммаКурсов + ТекущийКурс * КоличествоДнейВИнтервале;
				КоличествоДней = КоличествоДней + КоличествоДнейВИнтервале;
			КонецЕсли;
			
		КонецЕсли;
		
		ТекущийКурс = Выборка.Курс;
		
		Если ДатаНовогоКурса < ДатаНачалаПериода Тогда
			ДатаНачалаДействия = ДатаНачалаПериода;
		Иначе
			ДатаНачалаДействия = ДатаНовогоКурса;
		КонецЕсли;
		
		ЕстьТекущийКурс = Истина;
		
	КонецЦикла;
	
	Если ЕстьТекущийКурс Тогда
		
		ДатаОкончанияДействия = ДатаОкончанияПериода;
		
		Если ДатаОкончанияДействия >= ДатаНачалаДействия Тогда
			КоличествоДнейВИнтервале = Цел((ДатаОкончанияДействия - ДатаНачалаДействия) / СекундВДне) + 1;
			СуммаКурсов = СуммаКурсов + ТекущийКурс * КоличествоДнейВИнтервале;
			КоличествоДней = КоличествоДней + КоличествоДнейВИнтервале;
		КонецЕсли;
		
	КонецЕсли;
	
	Если КоличествоДней = 0 Тогда
		Возврат Неопределено;
	КонецЕсли;
	
	Возврат Окр(СуммаКурсов / КоличествоДней, 4);
	
КонецФункции"
"Написать функцию ДобавитьХарактиристикуТовара(Товар, ВидХарактеристики, Значение, Замещать), которая добавляет характеристику товара и присваивает заданное значение характеристики.
Функция добавляет запись в регистр сведений ""Характеристики"". 

В случае, когда запись с заданными полями ""Товар"", ""ВидХарактеристики"" не существует, тогда функция добавляет новую запись в регистр.
Иначе, если:
  
1.Параметр функции ""Замещать"" = Ложь. Тогда если количество существующих записей равно 1, новая запись не добавлется.   
2.Параметр функции ""Замещать"" = Истина. Тогда если количество существующих записей равно 1, новая запись замещает существующую. 

В иных случаях новая запись добавляется и измерение ""Номер"" увеличивается на единицу.

Параметры функции:
Товар (тип: СправочникСсылка.Товар) - товар.
ВидХарактеристики (тип: ПланВидовХарактеристикСсылка.ВидыХарактеристик.Товары) - вид характиристики.
Значение (тип: Характеристика.ВидыХарактеристик) - значение характеристики товара.
Замещать (тип: Булево) - флаг замещения записи.","{""InformationRegisters"": [{""id"": ""Характеристики"", ""name"": ""Характеристики"", ""InformationRegisterPeriodicity"": ""Nonperiodical"", ""WriteMode"": ""Independent"", ""Dimensions"": [{""id"": ""Объект"", ""name"": ""Объект"", ""types"": [{""type"": ""Ref"", ""id"": ""Справочник.Контрагенты""}]}, {""id"": ""ВидХарактеристики"", ""name"": ""Вид характеристики"", ""types"": []}, {""id"": ""Номер"", ""name"": ""Номер"", ""types"": [{""type"": ""Number"", ""NumberQualifiers"": ""10.0""}]}], ""Resources"": [{""id"": ""Значение"", ""name"": ""Значение"", ""types"": []}]}], ""Catalogs"": [{""id"": ""ЗначенияХарактеристик"", ""name"": ""Значения характеристик"", ""Attributes"": []}, {""id"": ""Товары"", ""name"": ""Товары"", ""Attributes"": [{""id"": ""Артикул"", ""name"": ""Артикул"", ""types"": [{""type"": ""String"", ""StringQualifiers"": ""15""}]}, {""id"": ""Поставщик"", ""name"": ""Поставщик"", ""types"": [{""type"": ""Ref"", ""id"": ""Справочник.Контрагенты""}]}, {""id"": ""ФайлКартинки"", ""name"": ""Картинка"", ""types"": [{""type"": ""Ref"", ""id"": ""Справочник.ХранимыеФайлы""}]}, {""id"": ""Вид"", ""name"": ""Вид"", ""types"": []}, {""id"": ""Штрихкод"", ""name"": ""Штрихкод"", ""types"": [{""type"": ""String"", ""StringQualifiers"": ""20""}]}, {""id"": ""Описание"", ""name"": ""Описание"", ""types"": [{""type"": ""String"", ""StringQualifiers"": ""0""}]}]}]}",task_029,server,,task1_Куликова_v1.epf,"Функция ДобавитьХарактиристикуТовара(Товар, ВидХарактеристики, Значение, Замещать) Экспорт
	
	Если Не ЗначениеЗаполнено(Товар) Тогда
		ВызватьИсключение ""Не задан товар."";
	КонецЕсли;
	
	Если Не ЗначениеЗаполнено(ВидХарактеристики) Тогда
		ВызватьИсключение ""Не задан вид характеристики."";
	КонецЕсли;
	
	НачатьТранзакцию();
	
	Попытка
		
		// Блокируем записи регистра по товару и виду характеристики,
		// чтобы корректно определить следующий номер при параллельной записи.
		Блокировка = Новый БлокировкаДанных;
		ЭлементБлокировки = Блокировка.Добавить(""РегистрСведений.Характеристики"");
		ЭлементБлокировки.УстановитьЗначение(""Объект"", Товар);
		ЭлементБлокировки.УстановитьЗначение(""ВидХарактеристики"", ВидХарактеристики);
		Блокировка.Заблокировать();
		
		Запрос = Новый Запрос;
		Запрос.Текст = 
""ВЫБРАТЬ
|	КОЛИЧЕСТВО(*) КАК Количество,
|	МАКСИМУМ(Характеристики.Номер) КАК МаксимальныйНомер,
|	МИНИМУМ(Характеристики.Номер) КАК НомерСуществующейЗаписи
|ИЗ
|	РегистрСведений.Характеристики КАК Характеристики
|ГДЕ
|	Характеристики.Объект = &Товар
|	И Характеристики.ВидХарактеристики = &ВидХарактеристики"";
		
		Запрос.УстановитьПараметр(""Товар"", Товар);
		Запрос.УстановитьПараметр(""ВидХарактеристики"", ВидХарактеристики);
		
		Выборка = Запрос.Выполнить().Выбрать();
		
		Количество = 0;
		МаксимальныйНомер = 0;
		НомерСуществующейЗаписи = Неопределено;
		
		Если Выборка.Следующий() Тогда
			Количество = Выборка.Количество;
			МаксимальныйНомер = Выборка.МаксимальныйНомер;
			НомерСуществующейЗаписи = Выборка.НомерСуществующейЗаписи;
		КонецЕсли;
		
		Если Количество = 1 И Не Замещать Тогда
			ЗафиксироватьТранзакцию();
			Возврат Ложь;
		КонецЕсли;
		
		Если Количество = 1 Тогда
			НомерЗаписи = НомерСуществующейЗаписи;
		ИначеЕсли Количество = 0 Тогда
			НомерЗаписи = 1;
		Иначе
			НомерЗаписи = МаксимальныйНомер + 1;
		КонецЕсли;
		
		ЗаписьРегистра = РегистрыСведений.Характеристики.СоздатьМенеджерЗаписи();
		ЗаписьРегистра.Объект = Товар;
		ЗаписьРегистра.ВидХарактеристики = ВидХарактеристики;
		ЗаписьРегистра.Номер = НомерЗаписи;
		ЗаписьРегистра.Значение = Значение;
		ЗаписьРегистра.Записать();
		
		ЗафиксироватьТранзакцию();
		
		Возврат Истина;
		
	Исключение
		
		ОтменитьТранзакцию();
		ВызватьИсключение;
		
	КонецПопытки;
	
КонецФункции"
"Написать функцию НайтиГруппировкуПоИмени(Структура, Имя) ищет в структуре настроек отчета группировку по имени элемента.
Возвращаемое значение функции имеет тип: ""ГруппировкаКомпоновкиДанных"" или ""ТаблицаКомпоновкиДанных"". Может быть Неопределено, если группировка не найдена.  

Параметры:
Структура (тип: КоллекцияЭлементовСтруктурыНастроекКомпоновкиДанных) - набор группировок данного уровня настроек.
Имя (тип: Строка) - имя искомого элемента структуры отчета.",{},task_030,server,high,task1_слож_Куликова_v1.epf,"Функция НайтиГруппировкуПоИмени(Структура, Имя) Экспорт
	
	Если Структура = Неопределено Тогда
		Возврат Неопределено;
	КонецЕсли;
	
	Для Каждого ЭлементСтруктуры Из Структура Цикл
		
		ТипЭлемента = ТипЗнч(ЭлементСтруктуры);
		
		ЭтоГруппировка = ТипЭлемента = Тип(""ГруппировкаКомпоновкиДанных"");
		ЭтоТаблица = ТипЭлемента = Тип(""ТаблицаКомпоновкиДанных"");
		
		Если (ЭтоГруппировка Или ЭтоТаблица)
			И ЭлементСтруктуры.Имя = Имя Тогда
			
			Возврат ЭлементСтруктуры;
			
		КонецЕсли;
		
		НайденнаяГруппировка = Неопределено;
		
		Если ЭтоГруппировка Тогда
			
			НайденнаяГруппировка = НайтиГруппировкуПоИмени(ЭлементСтруктуры.Структура, Имя);
			
		ИначеЕсли ЭтоТаблица Тогда
			
			НайденнаяГруппировка = НайтиГруппировкуПоИмени(ЭлементСтруктуры.Строки, Имя);
			
			Если НайденнаяГруппировка = Неопределено Тогда
				НайденнаяГруппировка = НайтиГруппировкуПоИмени(ЭлементСтруктуры.Колонки, Имя);
			КонецЕсли;
			
		КонецЕсли;
		
		Если НайденнаяГруппировка <> Неопределено Тогда
			Возврат НайденнаяГруппировка;
		КонецЕсли;
		
	КонецЦикла;
	
	Возврат Неопределено;
	
КонецФункции"
"Написать функцию ЗначенияРеквизитовОбъекта(Ссылка, Реквизиты), которая возвращает структуру, содержащую значения реквизитов, прочитанные из информационной базы по ссылке на объект.
Параметры:
Ссылка (тип: ЛюбаяСсылка) - объект, значения реквизитов которого необходимо получить.
Реквизиты (тип: Строка) - имена реквизитов, перечисленные через запятую в формате требований к свойствам структуры.             
          (тип: Структура)
          (тип:ФиксированнаяСтруктура) - в качестве ключа передается
                       псевдоним поля для возвращаемой структуры с результатом, а в качестве
                       значения (опционально) фактическое имя поля в таблице.
                       Если ключ задан, а значение не определено, то имя поля берется из ключа.
                       Допускается указание имени поля через точку
           (тип Массив из Строка)
           (тип ФиксированныйМассив из Строка) - имена реквизитов в формате требований к свойствам структуры.
Функция возвращает структуру, которая содержит имена(ключи) и значения требуемых реквизитов.

Если в параметр ""Реквизиты"" передана пустая строка, то возвращается пустая структура.
Если в параметр ""Ссылка"" передана пустая ссылка, то возвращается структура, соответствующуя именам реквизитов со значениями Неопределено.
Если в параметр ""Ссылка"" передана битая ссылка, то возвращается структура, соответствующуя именам реквизитов со значениями Неопределено. 
Если в параметр ""Реквизиты"" передано имя табличной части, то возвращается результат запроса.",{},task_031,server,high,task2_cложн_Куликова_v1.epf,"Функция ЗначенияРеквизитовОбъекта(Ссылка, Реквизиты) Экспорт
	
	ОписанияРеквизитов = ОписанияРеквизитовДляЧтения(Реквизиты);
	
	Результат = Новый Структура;
	Для Каждого ОписаниеРеквизита Из ОписанияРеквизитов Цикл
		Результат.Вставить(ОписаниеРеквизита.Алиас, Неопределено);
	КонецЦикла;
	
	Если ОписанияРеквизитов.Количество() = 0 Тогда
		Возврат Результат;
	КонецЕсли;
	
	// Для пустой ссылки сразу возвращаем структуру с Неопределено.
	Если Ссылка = Неопределено Или Не ЗначениеЗаполнено(Ссылка) Тогда
		Возврат Результат;
	КонецЕсли;
	
	Попытка
		МетаданныеОбъекта = Ссылка.Метаданные();
	Исключение
		Возврат Результат;
	КонецПопытки;
	
	ПолноеИмяТаблицы = МетаданныеОбъекта.ПолноеИмя();
	
	ОписанияРеквизитовОбъекта = Новый Массив;
	ОписанияТабличныхЧастей = Новый Массив;
	
	Для Каждого ОписаниеРеквизита Из ОписанияРеквизитов Цикл
		
		ПроверитьИмяАлиаса(ОписаниеРеквизита.Алиас);
		ПроверитьИмяПоляЗапроса(ОписаниеРеквизита.ИмяПоля);
		
		ИмяТабличнойЧасти = НайтиИмяТабличнойЧасти(МетаданныеОбъекта, ОписаниеРеквизита.ИмяПоля);
		
		Если ИмяТабличнойЧасти <> """" Тогда
			ОписаниеРеквизита.Вставить(""ИмяТабличнойЧасти"", ИмяТабличнойЧасти);
			ОписанияТабличныхЧастей.Добавить(ОписаниеРеквизита);
		Иначе
			ОписанияРеквизитовОбъекта.Добавить(ОписаниеРеквизита);
		КонецЕсли;
		
	КонецЦикла;
	
	Если ОписанияРеквизитовОбъекта.Количество() > 0 Тогда
		ЗаполнитьЗначенияРеквизитовОбъекта(
			Результат,
			Ссылка,
			ПолноеИмяТаблицы,
			ОписанияРеквизитовОбъекта);
	КонецЕсли;
	
	Для Каждого ОписаниеТабличнойЧасти Из ОписанияТабличныхЧастей Цикл
		
		РезультатЗапроса = РезультатЗапросаПоТабличнойЧасти(
			Ссылка,
			ПолноеИмяТаблицы,
			ОписаниеТабличнойЧасти.ИмяТабличнойЧасти);
		
		Результат.Вставить(ОписаниеТабличнойЧасти.Алиас, РезультатЗапроса);
		
	КонецЦикла;
	
	Возврат Результат;
	
КонецФункции

Функция ОписанияРеквизитовДляЧтения(Реквизиты)
	
	Описания = Новый Массив;
	ТипРеквизитов = ТипЗнч(Реквизиты);
	
	Если ТипРеквизитов = Тип(""Строка"") Тогда
		
		Если СокрЛП(Реквизиты) = """" Тогда
			Возврат Описания;
		КонецЕсли;
		
		ИменаРеквизитов = СтрРазделить(Реквизиты, "","", Ложь);
		
		Для Каждого ИмяРеквизита Из ИменаРеквизитов Цикл
			
			ИмяРеквизита = СокрЛП(ИмяРеквизита);
			
			Если ИмяРеквизита = """" Тогда
				Продолжить;
			КонецЕсли;
			
			Описания.Добавить(НовоеОписаниеРеквизита(ИмяРеквизита, ИмяРеквизита));
			
		КонецЦикла;
		
	ИначеЕсли ТипРеквизитов = Тип(""Структура"")
		Или ТипРеквизитов = Тип(""ФиксированнаяСтруктура"") Тогда
		
		Для Каждого ЭлементРеквизитов Из Реквизиты Цикл
			
			Алиас = СокрЛП(ЭлементРеквизитов.Ключ);
			
			Если Алиас = """" Тогда
				Продолжить;
			КонецЕсли;
			
			Если ЭлементРеквизитов.Значение = Неопределено Тогда
				ИмяПоля = Алиас;
			Иначе
				ИмяПоля = СокрЛП(Строка(ЭлементРеквизитов.Значение));
				
				Если ИмяПоля = """" Тогда
					ИмяПоля = Алиас;
				КонецЕсли;
			КонецЕсли;
			
			Описания.Добавить(НовоеОписаниеРеквизита(Алиас, ИмяПоля));
			
		КонецЦикла;
		
	ИначеЕсли ТипРеквизитов = Тип(""Массив"")
		Или ТипРеквизитов = Тип(""ФиксированныйМассив"") Тогда
		
		Для Каждого ИмяРеквизита Из Реквизиты Цикл
			
			ИмяРеквизита = СокрЛП(Строка(ИмяРеквизита));
			
			Если ИмяРеквизита = """" Тогда
				Продолжить;
			КонецЕсли;
			
			Описания.Добавить(НовоеОписаниеРеквизита(ИмяРеквизита, ИмяРеквизита));
			
		КонецЦикла;
		
	Иначе
		
		ВызватьИсключение ""Недопустимый тип параметра """"Реквизиты""""."";
		
	КонецЕсли;
	
	Возврат Описания;
	
КонецФункции

Функция НовоеОписаниеРеквизита(Алиас, ИмяПоля)
	
	Описание = Новый Структура;
	Описание.Вставить(""Алиас"", Алиас);
	Описание.Вставить(""ИмяПоля"", ИмяПоля);
	
	Возврат Описание;
	
КонецФункции

Процедура ЗаполнитьЗначенияРеквизитовОбъекта(Результат, Ссылка, ПолноеИмяТаблицы, ОписанияРеквизитов)
	
	Запрос = Новый Запрос;
	Запрос.УстановитьПараметр(""Ссылка"", Ссылка);
	
	Запрос.Текст = 
	""ВЫБРАТЬ "" + ТекстПолейВыборки(ОписанияРеквизитов) + ""
	|ИЗ
	|    "" + ПолноеИмяТаблицы + "" КАК Объект
	|ГДЕ
	|    Объект.Ссылка = &Ссылка"";
	
	Выборка = Запрос.Выполнить().Выбрать();
	
	Если Не Выборка.Следующий() Тогда
		// Битая ссылка: записи в таблице объекта нет.
		Возврат;
	КонецЕсли;
	
	Для Каждого ОписаниеРеквизита Из ОписанияРеквизитов Цикл
		Результат.Вставить(ОписаниеРеквизита.Алиас, Выборка[ОписаниеРеквизита.Алиас]);
	КонецЦикла;
	
КонецПроцедуры

Функция РезультатЗапросаПоТабличнойЧасти(Ссылка, ПолноеИмяТаблицы, ИмяТабличнойЧасти)
	
	Запрос = Новый Запрос;
	Запрос.УстановитьПараметр(""Ссылка"", Ссылка);
	
	Запрос.Текст = 
	""ВЫБРАТЬ ТабличнаяЧасть.*
	|ИЗ
	|    "" + ПолноеИмяТаблицы + ""."" + ИмяТабличнойЧасти + "" КАК ТабличнаяЧасть
	|ГДЕ
	|    ТабличнаяЧасть.Ссылка = &Ссылка"";
	
	Возврат Запрос.Выполнить();
	
КонецФункции

Функция ТекстПолейВыборки(ОписанияРеквизитов)
	
	ТекстПолей = """";
	
	Для Индекс = 0 По ОписанияРеквизитов.Количество() - 1 Цикл
		
		ОписаниеРеквизита = ОписанияРеквизитов[Индекс];
		
		Если Индекс > 0 Тогда
			ТекстПолей = ТекстПолей + "",
	|"";
		КонецЕсли;
		
		ТекстПолей = ТекстПолей
			+ ""    Объект."" + ОписаниеРеквизита.ИмяПоля
			+ "" КАК "" + ОписаниеРеквизита.Алиас;
		
	КонецЦикла;
	
	Возврат ТекстПолей;
	
КонецФункции

Функция НайтиИмяТабличнойЧасти(МетаданныеОбъекта, ИмяПоля)
	
	// Табличной частью считается только непосредственное имя табличной части,
	// а не путь через точку.
	Если СтрНайти(ИмяПоля, ""."") > 0 Тогда
		Возврат """";
	КонецЕсли;
	
	Попытка
		
		Для Каждого ТабличнаяЧасть Из МетаданныеОбъекта.ТабличныеЧасти Цикл
			Если НРег(ТабличнаяЧасть.Имя) = НРег(ИмяПоля) Тогда
				Возврат ТабличнаяЧасть.Имя;
			КонецЕсли;
		КонецЦикла;
		
	Исключение
		Возврат """";
	КонецПопытки;
	
	Возврат """";
	
КонецФункции

Процедура ПроверитьИмяАлиаса(ИмяАлиаса)
	
	Если Не КорректныйИдентификаторЗапроса(ИмяАлиаса) Тогда
		ВызватьИсключение ""Некорректное имя поля результата: "" + ИмяАлиаса;
	КонецЕсли;
	
КонецПроцедуры

Процедура ПроверитьИмяПоляЗапроса(ИмяПоля)
	
	ЧастиИмени = СтрРазделить(ИмяПоля, ""."", Ложь);
	
	Если ЧастиИмени.Количество() = 0 Тогда
		ВызватьИсключение ""Не задано имя поля запроса."";
	КонецЕсли;
	
	Для Каждого ЧастьИмени Из ЧастиИмени Цикл
		
		ЧастьИмени = СокрЛП(ЧастьИмени);
		
		Если Не КорректныйИдентификаторЗапроса(ЧастьИмени) Тогда
			ВызватьИсключение ""Некорректное имя поля запроса: "" + ИмяПоля;
		КонецЕсли;
		
	КонецЦикла;
	
КонецПроцедуры

Функция КорректныйИдентификаторЗапроса(Имя)
	
	Имя = СокрЛП(Имя);
	
	Если Имя = """" Тогда
		Возврат Ложь;
	КонецЕсли;
	
	ДопустимыеПервыеСимволы =
		""ABCDEFGHIJKLMNOPQRSTUVWXYZ""
		+ ""abcdefghijklmnopqrstuvwxyz""
		+ ""АБВГДЕЁЖЗИЙКЛМНОПРСТУФХЦЧШЩЪЫЬЭЮЯ""
		+ ""абвгдеёжзийклмнопрстуфхцчшщъыьэюя""
		+ ""_"";
	
	ДопустимыеСимволы = ДопустимыеПервыеСимволы + ""0123456789"";
	
	ПервыйСимвол = Сред(Имя, 1, 1);
	
	Если СтрНайти(ДопустимыеПервыеСимволы, ПервыйСимвол) = 0 Тогда
		Возврат Ложь;
	КонецЕсли;
	
	Для Индекс = 2 По СтрДлина(Имя) Цикл
		
		Символ = Сред(Имя, Индекс, 1);
		
		Если СтрНайти(ДопустимыеСимволы, Символ) = 0 Тогда
			Возврат Ложь;
		КонецЕсли;
		
	КонецЦикла;
	
	Возврат Истина;
	
КонецФункции"
"Написать функцию ПодставитьПараметрыВСтроку(ШаблонСтроки, Параметр1, Параметр2, Параметр3, Параметр4, Параметр5), которая подставляет параметры в строку. 
Параметры в строке задаются как %<номер параметра>. Нумерация параметров начинается с единицы.
Возвращает строку с подставленными параметрами. 

Параметры функции:
ШаблонСтроки (тип : Строка) - шаблон строки с параметрами (вхождениями вида ""%<номер параметра>"").
Параметр1 (тип : Строка) - значение подставляемого параметра.
Параметр2 (тип : Строка) - значение подставляемого параметра.
Параметр3 (тип : Строка) - значение подставляемого параметра. 
Параметр4 (тип : Строка) - значение подставляемого параметра.
Параметр5 (тип : Строка) - значение подставляемого параметра.",{},task_032,server,,task2_Куликова_v1.epf,"Функция ПодставитьПараметрыВСтроку(ШаблонСтроки, Параметр1, Параметр2, Параметр3, Параметр4, Параметр5) Экспорт
	
	Параметры = Новый Массив;
	Параметры.Добавить(Параметр1);
	Параметры.Добавить(Параметр2);
	Параметры.Добавить(Параметр3);
	Параметры.Добавить(Параметр4);
	Параметры.Добавить(Параметр5);
	
	Результат = """";
	ДлинаШаблона = СтрДлина(ШаблонСтроки);
	Позиция = 1;
	
	Пока Позиция <= ДлинаШаблона Цикл
		
		ТекущийСимвол = Сред(ШаблонСтроки, Позиция, 1);
		
		Если ТекущийСимвол <> ""%"" Тогда
			Результат = Результат + ТекущийСимвол;
			Позиция = Позиция + 1;
			Продолжить;
		КонецЕсли;
		
		ПозицияНомера = Позиция + 1;
		НомерПараметраСтрокой = """";
		
		Пока ПозицияНомера <= ДлинаШаблона Цикл
			
			СимволНомера = Сред(ШаблонСтроки, ПозицияНомера, 1);
			
			Если Найти(""0123456789"", СимволНомера) = 0 Тогда
				Прервать;
			КонецЕсли;
			
			НомерПараметраСтрокой = НомерПараметраСтрокой + СимволНомера;
			ПозицияНомера = ПозицияНомера + 1;
			
		КонецЦикла;
		
		Если НомерПараметраСтрокой = """" Тогда
			Результат = Результат + ТекущийСимвол;
			Позиция = Позиция + 1;
			Продолжить;
		КонецЕсли;
		
		НомерПараметра = Число(НомерПараметраСтрокой);
		
		Если НомерПараметра >= 1 И НомерПараметра <= Параметры.Количество() Тогда
			Результат = Результат + Параметры[НомерПараметра - 1];
		Иначе
			Результат = Результат + ""%"" + НомерПараметраСтрокой;
		КонецЕсли;
		
		Позиция = ПозицияНомера;
		
	КонецЦикла;
	
	Возврат Результат;
	
КонецФункции"
"Написать функцию СформироватьРеестрРеализаций(),
которая формирует реестр документов реализации товаров в виде таблицы значений.
Реестр должен включать только проведенные документы «РасходТовара».
Данные выбираются из документа РасходТовара с отбором по признаку Проведен = Истина.
Результат должен представлять таблицу значений (ТаблицаЗначений), где каждая строка соответствует одному документу реализации.
Таблица должна содержать следующие поля:
Дата — дата документа реализации (в формате ДД.ММ.ГГГГ)
Покупатель — ссылка на контрагента (реквизит Покупатель документа РасходТовара)
Склад — склад, с которого произведена отгрузка (реквизит Склад)
Валюта — валюта документа (реквизит Валюта)
ВидЦен — вид цен, используемый в документе (реквизит ВидЦен)","{""Documents"": [{""id"": ""РасходТовара"", ""name"": ""Расход товара"", ""Attributes"": [{""id"": ""Покупатель"", ""name"": ""Покупатель"", ""types"": [{""type"": ""Ref"", ""id"": ""Справочник.Контрагенты""}]}, {""id"": ""Склад"", ""name"": ""Склад"", ""types"": [{""type"": ""Ref"", ""id"": ""Справочник.Склады""}]}, {""id"": ""Валюта"", ""name"": ""Валюта взиморасчетов"", ""types"": [{""type"": ""Ref"", ""id"": ""Справочник.Валюты""}]}, {""id"": ""ВидЦен"", ""name"": ""Вид цен"", ""types"": [{""type"": ""Ref"", ""id"": ""Справочник.ВидыЦен""}]}, {""id"": ""ОбоснованиеОтгрузки"", ""name"": ""Обоснование отгрузки"", ""types"": [{""type"": ""String"", ""StringQualifiers"": ""0""}]}, {""id"": ""Организация"", ""name"": ""Организация"", ""types"": [{""type"": ""Ref"", ""id"": ""Справочник.Организации""}]}], ""TabularSections"": [{""id"": ""Товары"", ""name"": ""Товары"", ""Attributes"": [{""id"": ""Товар"", ""name"": ""Товар"", ""types"": [{""type"": ""Ref"", ""id"": ""Справочник.Товары""}]}, {""id"": ""Цена"", ""name"": ""Цена"", ""types"": [{""type"": ""Number"", ""NumberQualifiers"": ""10.2""}]}, {""id"": ""Количество"", ""name"": ""Количество"", ""types"": [{""type"": ""Number"", ""NumberQualifiers"": ""10.2""}]}, {""id"": ""Сумма"", ""name"": ""Сумма"", ""types"": [{""type"": ""Number"", ""NumberQualifiers"": ""10.2""}]}]}]}], ""Catalogs"": [{""id"": ""Валюты"", ""name"": ""Валюты"", ""Attributes"": [{""id"": ""НаименованиеОсновнойВалюты"", ""name"": ""Наименование основной валюты"", ""types"": [{""type"": ""String"", ""StringQualifiers"": ""0""}]}, {""id"": ""НаименованиеРазменнойВалюты"", ""name"": ""Наименование разменной валюты"", ""types"": [{""type"": ""String"", ""StringQualifiers"": ""0""}]}]}, {""id"": ""ВидыЦен"", ""name"": ""Виды цен"", ""Attributes"": []}, {""id"": ""Контрагенты"", ""name"": ""Контрагенты"", ""Attributes"": [{""id"": ""Регион"", ""name"": ""Регион"", ""types"": [{""type"": ""Ref"", ""id"": ""Справочник.Регионы""}]}, {""id"": ""Индекс"", ""name"": ""Индекс"", ""types"": [{""type"": ""String"", ""StringQualifiers"": ""10""}]}, {""id"": ""Страна"", ""name"": ""Страна"", ""types"": [{""type"": ""String"", ""StringQualifiers"": ""0""}]}, {""id"": ""Город"", ""name"": ""Город"", ""types"": [{""type"": ""String"", ""StringQualifiers"": ""0""}]}, {""id"": ""Улица"", ""name"": ""Улица"", ""types"": [{""type"": ""String"", ""StringQualifiers"": ""0""}]}, {""id"": ""Дом"", ""name"": ""Дом"", ""types"": [{""type"": ""String"", ""StringQualifiers"": ""15""}]}, {""id"": ""Телефон"", ""name"": ""Телефон"", ""types"": [{""type"": ""String"", ""StringQualifiers"": ""16""}]}, {""id"": ""ЭлектроннаяПочта"", ""name"": ""Электронная почта"", ""types"": [{""type"": ""String"", ""StringQualifiers"": ""40""}]}, {""id"": ""Факс"", ""name"": ""Факс"", ""types"": [{""type"": ""String"", ""StringQualifiers"": ""16""}]}, {""id"": ""ВебСайт"", ""name"": ""Веб сайт"", ""types"": [{""type"": ""String"", ""StringQualifiers"": ""40""}]}, {""id"": ""ВидЦен"", ""name"": ""Вид цен"", ""types"": [{""type"": ""Ref"", ""id"": ""Справочник.ВидыЦен""}]}, {""id"": ""ДополнительнаяИнформация"", ""name"": ""Дополнительная информация"", ""types"": [{""type"": ""String"", ""StringQualifiers"": ""0""}]}, {""id"": ""КонтактноеЛицо"", ""name"": ""Контактное лицо"", ""types"": [{""type"": ""String"", ""StringQualifiers"": ""100""}]}, {""id"": ""Широта"", ""name"": ""Широта"", ""types"": [{""type"": ""Number"", ""NumberQualifiers"": ""10.6""}]}, {""id"": ""Долгота"", ""name"": ""Долгота"", ""types"": [{""type"": ""Number"", ""NumberQualifiers"": ""10.6""}]}]}, {""id"": ""Склады"", ""name"": ""Склады"", ""Attributes"": [{""id"": ""НеИспользовать"", ""name"": ""Не использовать"", ""types"": [{""type"": ""Boolean""}]}]}]}",task_033,server,mid,task2_Средняя_СформироватьРеестрРеализацийБезСФ_v2.epf,"Функция СформироватьРеестрРеализаций() Экспорт
	
	Реестр = Новый ТаблицаЗначений;
	Реестр.Колонки.Добавить(""Дата"", Новый ОписаниеТипов(""Строка"", , Новый КвалификаторыСтроки(10)));
	Реестр.Колонки.Добавить(""Покупатель"", Новый ОписаниеТипов(""СправочникСсылка.Контрагенты""));
	Реестр.Колонки.Добавить(""Склад"", Новый ОписаниеТипов(""СправочникСсылка.Склады""));
	Реестр.Колонки.Добавить(""Валюта"", Новый ОписаниеТипов(""СправочникСсылка.Валюты""));
	Реестр.Колонки.Добавить(""ВидЦен"", Новый ОписаниеТипов(""СправочникСсылка.ВидыЦен""));
	
	Запрос = Новый Запрос;
	Запрос.Текст = 
""ВЫБРАТЬ
|	РасходТовара.Дата КАК Дата,
|	РасходТовара.Покупатель КАК Покупатель,
|	РасходТовара.Склад КАК Склад,
|	РасходТовара.Валюта КАК Валюта,
|	РасходТовара.ВидЦен КАК ВидЦен
|ИЗ
|	Документ.РасходТовара КАК РасходТовара
|ГДЕ
|	РасходТовара.Проведен = ИСТИНА
|УПОРЯДОЧИТЬ ПО
|	РасходТовара.Дата"";
	
	Выборка = Запрос.Выполнить().Выбрать();
	
	Пока Выборка.Следующий() Цикл
		
		НоваяСтрока = Реестр.Добавить();
		НоваяСтрока.Дата = Формат(Выборка.Дата, ""ДФ=dd.MM.yyyy"");
		НоваяСтрока.Покупатель = Выборка.Покупатель;
		НоваяСтрока.Склад = Выборка.Склад;
		НоваяСтрока.Валюта = Выборка.Валюта;
		НоваяСтрока.ВидЦен = Выборка.ВидЦен;
		
	КонецЦикла;
	
	Возврат Реестр;
	
КонецФункции"
"Написать функцию ПолучитьТаблицуЗаказовПоКурсуВалют(ДатаНачала, ДатаОкончания), формирующая таблицу заказов за определенный период. 
Сумму документа пересчитать с учетом курса валют. Данные курсов валют следует брать из регистра сведений ""КурсыВалют"".
Функция должна выбирать только заказы непомеченные на удаления. 

Параметры функции:
ДатаНачала (тип: Дата) - дата начала периода.
ДатаОкончания (тип: Дата) - дата окончания периода. 
  
Если в качестве параметра ДатаНачала передана пустая дата, тогда отбирать документы, дата которых меньше параметра ДатаОкончания.
Если в качестве параметра ДатаОкончания передана пустая дата, тогда отбирать документы, дата которых больше параметра ДатаНачала.
Если в качестве параметров ДатаНачала и ДатаОкончания переданы пустые даты, тогда возвращаются все документы.
 
Вернуть таблицу с колонками:
Дата (тип: Число) - дата документа
Заказ (тип: ДокументСсылка.Заказ) - документ заказа.
Сумма (тип: Число) - сумма документа. 
Покупатель (тип: СправочникСсылка.Контаргент) - покупатель.

Строки таблицы отсортировать по убыванию Дата.","{""Documents"": [{""id"": ""Заказ"", ""name"": ""Заказ"", ""Attributes"": [{""id"": ""Покупатель"", ""name"": ""Покупатель"", ""types"": [{""type"": ""Ref"", ""id"": ""Справочник.Контрагенты""}]}, {""id"": ""Склад"", ""name"": ""Склад"", ""types"": [{""type"": ""Ref"", ""id"": ""Справочник.Склады""}]}, {""id"": ""Валюта"", ""name"": ""Валюта взаиморасчетов"", ""types"": [{""type"": ""Ref"", ""id"": ""Справочник.Валюты""}]}, {""id"": ""ВидЦен"", ""name"": ""Вид цен"", ""types"": [{""type"": ""Ref"", ""id"": ""Справочник.ВидыЦен""}]}, {""id"": ""Организация"", ""name"": ""Организация"", ""types"": [{""type"": ""Ref"", ""id"": ""Справочник.Организации""}]}, {""id"": ""СостояниеЗаказа"", ""name"": ""Состояние заказа"", ""types"": [{""type"": ""Ref"", ""id"": ""Перечисление.СостоянияЗаказов""}]}, {""id"": ""Автор"", ""name"": ""Автор"", ""types"": [{""type"": ""Ref"", ""id"": ""Справочник.Пользователи""}]}, {""id"": ""Сумма"", ""name"": ""Сумма"", ""types"": [{""type"": ""Number"", ""NumberQualifiers"": ""10.2""}]}], ""TabularSections"": [{""id"": ""Товары"", ""name"": ""Товары"", ""Attributes"": [{""id"": ""Товар"", ""name"": ""Товар"", ""types"": [{""type"": ""Ref"", ""id"": ""Справочник.Товары""}]}, {""id"": ""Цена"", ""name"": ""Цена"", ""types"": [{""type"": ""Number"", ""NumberQualifiers"": ""10.2""}]}, {""id"": ""Количество"", ""name"": ""Количество"", ""types"": [{""type"": ""Number"", ""NumberQualifiers"": ""10.0""}]}, {""id"": ""Сумма"", ""name"": ""Сумма"", ""types"": [{""type"": ""Number"", ""NumberQualifiers"": ""10.2""}]}]}]}], ""InformationRegisters"": [{""id"": ""КурсыВалют"", ""name"": ""Курсы валют"", ""InformationRegisterPeriodicity"": ""Day"", ""WriteMode"": ""Independent"", ""Dimensions"": [{""id"": ""Валюта"", ""name"": ""Валюта"", ""types"": [{""type"": ""Ref"", ""id"": ""Справочник.Валюты""}]}], ""Resources"": [{""id"": ""Курс"", ""name"": ""Курс"", ""types"": [{""type"": ""Number"", ""NumberQualifiers"": ""10.2""}]}]}], ""Catalogs"": [{""id"": ""Контрагенты"", ""name"": ""Контрагенты"", ""Attributes"": [{""id"": ""Регион"", ""name"": ""Регион"", ""types"": [{""type"": ""Ref"", ""id"": ""Справочник.Регионы""}]}, {""id"": ""Индекс"", ""name"": ""Индекс"", ""types"": [{""type"": ""String"", ""StringQualifiers"": ""10""}]}, {""id"": ""Страна"", ""name"": ""Страна"", ""types"": [{""type"": ""String"", ""StringQualifiers"": ""0""}]}, {""id"": ""Город"", ""name"": ""Город"", ""types"": [{""type"": ""String"", ""StringQualifiers"": ""0""}]}, {""id"": ""Улица"", ""name"": ""Улица"", ""types"": [{""type"": ""String"", ""StringQualifiers"": ""0""}]}, {""id"": ""Дом"", ""name"": ""Дом"", ""types"": [{""type"": ""String"", ""StringQualifiers"": ""15""}]}, {""id"": ""Телефон"", ""name"": ""Телефон"", ""types"": [{""type"": ""String"", ""StringQualifiers"": ""16""}]}, {""id"": ""ЭлектроннаяПочта"", ""name"": ""Электронная почта"", ""types"": [{""type"": ""String"", ""StringQualifiers"": ""40""}]}, {""id"": ""Факс"", ""name"": ""Факс"", ""types"": [{""type"": ""String"", ""StringQualifiers"": ""16""}]}, {""id"": ""ВебСайт"", ""name"": ""Веб сайт"", ""types"": [{""type"": ""String"", ""StringQualifiers"": ""40""}]}, {""id"": ""ВидЦен"", ""name"": ""Вид цен"", ""types"": [{""type"": ""Ref"", ""id"": ""Справочник.ВидыЦен""}]}, {""id"": ""ДополнительнаяИнформация"", ""name"": ""Дополнительная информация"", ""types"": [{""type"": ""String"", ""StringQualifiers"": ""0""}]}, {""id"": ""КонтактноеЛицо"", ""name"": ""Контактное лицо"", ""types"": [{""type"": ""String"", ""StringQualifiers"": ""100""}]}, {""id"": ""Широта"", ""name"": ""Широта"", ""types"": [{""type"": ""Number"", ""NumberQualifiers"": ""10.6""}]}, {""id"": ""Долгота"", ""name"": ""Долгота"", ""types"": [{""type"": ""Number"", ""NumberQualifiers"": ""10.6""}]}]}]}",task_034,server,,task3_Куликова_v2.epf,"Функция ПолучитьТаблицуЗаказовПоКурсуВалют(ДатаНачала, ДатаОкончания) Экспорт
	
	Запрос = Новый Запрос;
	
	ЕстьДатаНачала = ЗначениеЗаполнено(ДатаНачала);
	ЕстьДатаОкончания = ЗначениеЗаполнено(ДатаОкончания);
	
	УсловияОтбора = """";
	
	Если ЕстьДатаНачала Тогда
		Запрос.УстановитьПараметр(""ДатаНачала"", НачалоДня(ДатаНачала));
		УсловияОтбора = УсловияОтбора + ""
|	И Заказ.Дата >= &ДатаНачала"";
	КонецЕсли;
	
	Если ЕстьДатаОкончания Тогда
		Запрос.УстановитьПараметр(""ДатаОкончания"", КонецДня(ДатаОкончания));
		УсловияОтбора = УсловияОтбора + ""
|	И Заказ.Дата <= &ДатаОкончания"";
	КонецЕсли;
	
	Запрос.Текст = 
""ВЫБРАТЬ
|	Заказ.Дата КАК Дата,
|	Заказ.Ссылка КАК Заказ,
|	Заказ.Сумма КАК Сумма,
|	Заказ.Покупатель КАК Покупатель,
|	Заказ.Валюта КАК Валюта
|ПОМЕСТИТЬ ВТ_Заказы
|ИЗ
|	Документ.Заказ КАК Заказ
|ГДЕ
|	Заказ.ПометкаУдаления = ЛОЖЬ""
	+ УсловияОтбора
	+ ""
|;
|
|////////////////////////////////////////////////////////////////////////////////
|ВЫБРАТЬ
|	ВТ_Заказы.Заказ КАК Заказ,
|	МАКСИМУМ(КурсыВалют.Период) КАК ПериодКурса
|ПОМЕСТИТЬ ВТ_ПериодыКурсов
|ИЗ
|	ВТ_Заказы КАК ВТ_Заказы
|		ЛЕВОЕ СОЕДИНЕНИЕ РегистрСведений.КурсыВалют КАК КурсыВалют
|		ПО КурсыВалют.Валюта = ВТ_Заказы.Валюта
|			И КурсыВалют.Период <= ВТ_Заказы.Дата
|
|СГРУППИРОВАТЬ ПО
|	ВТ_Заказы.Заказ
|;
|
|////////////////////////////////////////////////////////////////////////////////
|ВЫБРАТЬ
|	ВТ_Заказы.Дата КАК Дата,
|	ВТ_Заказы.Заказ КАК Заказ,
|	ВТ_Заказы.Сумма * ЕСТЬNULL(КурсыВалют.Курс, 1) КАК Сумма,
|	ВТ_Заказы.Покупатель КАК Покупатель
|ИЗ
|	ВТ_Заказы КАК ВТ_Заказы
|		ЛЕВОЕ СОЕДИНЕНИЕ ВТ_ПериодыКурсов КАК ВТ_ПериодыКурсов
|		ПО ВТ_ПериодыКурсов.Заказ = ВТ_Заказы.Заказ
|		ЛЕВОЕ СОЕДИНЕНИЕ РегистрСведений.КурсыВалют КАК КурсыВалют
|		ПО КурсыВалют.Валюта = ВТ_Заказы.Валюта
|			И КурсыВалют.Период = ВТ_ПериодыКурсов.ПериодКурса
|
|УПОРЯДОЧИТЬ ПО
|	Дата УБЫВ"";
	
	РезультатыПакета = Запрос.ВыполнитьПакет();
	Результат = РезультатыПакета[РезультатыПакета.Количество() - 1];
	
	Возврат Результат.Выгрузить();
	
КонецФункции"
"Написать функцию СформироватьОтчетЗадолженностьКонтрагентов(ДатаНачала, ДатаОкончания, Валюта) которая формирует отчет на сервере ""ОтчетПоВзаиморасчетам""  на заданный период с отбором по Валюте и по СуммаКонечныйОстаток, где СуммаКонечныйОстаток < 0. 
Функция должна программно сформировать отчет ""ОтчетПоВзаиморасчетам"", вариант отчета ""Основной"". 
Настройки отчета:
	Параметры отчета: Период. 
	    Значения парамета: Период.ДатаНачала = ДатаНачала, Период.ДатаОкончания = ДатаОкончания. 
	Структура отчета: Таблица
	                     *cтроки: Контргант.    
	                     *столбцы: Валюта.
	Выбранные поля: СуммаКонечныйОстаток, Контрагент.
	Отбор: СуммаКонечныйОстаток < 0, Валюта = Валюта.
	Параметры вывода: ВыводитьПараметрыДанных = Не выводить,
	                  ВыводитьОтбор = Не выводить. 
	УсловноеОформление: 
	                 Оформление - Формат = ""ЧЦ=10; ЧДЦ=2; ЧО=1"".  
	                 Оформляемые поля - СуммаКонечныйОстаток
Параметры функции:  
ДатаНачала (тип: Дата) - начало периода.
ДатаОкончания (тип: Дата) - окончание периода.
Валюта (тип: СправочникСсылка.Валюты) - валюта.

Возвращаемое значение: ТабличныйДокумент.","{""Catalogs"": [{""id"": ""Валюты"", ""name"": ""Валюты"", ""Attributes"": [{""id"": ""НаименованиеОсновнойВалюты"", ""name"": ""Наименование основной валюты"", ""types"": [{""type"": ""String"", ""StringQualifiers"": ""0""}]}, {""id"": ""НаименованиеРазменнойВалюты"", ""name"": ""Наименование разменной валюты"", ""types"": [{""type"": ""String"", ""StringQualifiers"": ""0""}]}]}]}",task_035,server,high,task3_сложн_Куликова_v1.epf,"&НаСервереБезКонтекста
Функция СформироватьОтчетЗадолженностьКонтрагентов(ДатаНачала, ДатаОкончания, Валюта) Экспорт
	
	Если Не ЗначениеЗаполнено(ДатаНачала) Тогда
		ВызватьИсключение ""Не заполнен параметр ДатаНачала."";
	КонецЕсли;
	
	Если Не ЗначениеЗаполнено(ДатаОкончания) Тогда
		ВызватьИсключение ""Не заполнен параметр ДатаОкончания."";
	КонецЕсли;
	
	Если ДатаНачала > ДатаОкончания Тогда
		ВызватьИсключение ""Дата начала периода не может быть больше даты окончания периода."";
	КонецЕсли;
	
	Если Не ЗначениеЗаполнено(Валюта) Тогда
		ВызватьИсключение ""Не заполнен параметр Валюта."";
	КонецЕсли;
	
	ОтчетОбъект = Отчеты.ОтчетПоВзаиморасчетам.Создать();
	СхемаКомпоновкиДанных = ОтчетОбъект.ПолучитьМакет(""ОсновнаяСхемаКомпоновкиДанных"");
	
	Настройки = ПолучитьНастройкиВариантаОтчета(СхемаКомпоновкиДанных, ""Основной"");
	
	УстановитьПараметрыПериода(Настройки, ДатаНачала, ДатаОкончания);
	НастроитьСтруктуруОтчетаЗадолженность(Настройки);
	НастроитьВыбранныеПоляОтчетаЗадолженность(Настройки);
	НастроитьОтборыОтчетаЗадолженность(Настройки, Валюта);
	НастроитьПараметрыВыводаОтчетаЗадолженность(Настройки);
	НастроитьУсловноеОформлениеОтчетаЗадолженность(Настройки);
	
	ТабличныйДокумент = Новый ТабличныйДокумент;
	
	ДанныеРасшифровки = Новый ДанныеРасшифровкиКомпоновкиДанных;
	
	КомпоновщикМакета = Новый КомпоновщикМакетаКомпоновкиДанных;
	МакетКомпоновкиДанных = КомпоновщикМакета.Выполнить(
		СхемаКомпоновкиДанных,
		Настройки,
		ДанныеРасшифровки
	);
	
	ПроцессорКомпоновкиДанных = Новый ПроцессорКомпоновкиДанных;
	ПроцессорКомпоновкиДанных.Инициализировать(МакетКомпоновкиДанных);
	
	ПроцессорВывода = Новый ПроцессорВыводаРезультатаКомпоновкиДанныхВТабличныйДокумент;
	ПроцессорВывода.УстановитьДокумент(ТабличныйДокумент);
	ПроцессорВывода.Вывести(ПроцессорКомпоновкиДанных);
	
	Возврат ТабличныйДокумент;
	
КонецФункции


Функция ПолучитьНастройкиВариантаОтчета(СхемаКомпоновкиДанных, ИмяВарианта)
	
	// Пытаемся получить настройки варианта отчета ""Основной"".
	// Если вариант не найден, используем настройки по умолчанию схемы компоновки данных.
	Попытка
		
		Для Каждого ВариантНастроек Из СхемаКомпоновкиДанных.ВариантыНастроек Цикл
			
			Если ВариантНастроек.Имя = ИмяВарианта
				Или ВариантНастроек.Представление = ИмяВарианта Тогда
				
				Возврат ВариантНастроек.Настройки.Скопировать();
				
			КонецЕсли;
			
		КонецЦикла;
		
	Исключение
		// В некоторых конфигурациях варианты настроек могут храниться вне схемы.
		// В этом случае будет использован вариант по умолчанию.
	КонецПопытки;
	
	Возврат СхемаКомпоновкиДанных.НастройкиПоУмолчанию.Скопировать();
	
КонецФункции


Процедура УстановитьПараметрыПериода(Настройки, ДатаНачала, ДатаОкончания)
	
	ПараметрПериод = Настройки.ПараметрыДанных.Элементы.Найти(""Период"");
	
	Если ПараметрПериод <> Неопределено Тогда
		
		ПериодОтчета = Новый СтандартныйПериод(ДатаНачала, ДатаОкончания);
		
		ПараметрПериод.Значение = ПериодОтчета;
		ПараметрПериод.Использование = Истина;
		
	Иначе
		
		// Резервный вариант на случай, если в конкретной СКД период задан отдельными параметрами.
		ПараметрДатаНачала = Настройки.ПараметрыДанных.Элементы.Найти(""ДатаНачала"");
		Если ПараметрДатаНачала <> Неопределено Тогда
			ПараметрДатаНачала.Значение = ДатаНачала;
			ПараметрДатаНачала.Использование = Истина;
		КонецЕсли;
		
		ПараметрДатаОкончания = Настройки.ПараметрыДанных.Элементы.Найти(""ДатаОкончания"");
		Если ПараметрДатаОкончания <> Неопределено Тогда
			ПараметрДатаОкончания.Значение = ДатаОкончания;
			ПараметрДатаОкончания.Использование = Истина;
		КонецЕсли;
		
	КонецЕсли;
	
КонецПроцедуры


Процедура НастроитьСтруктуруОтчетаЗадолженность(Настройки)
	
	Настройки.Структура.Очистить();
	
	ТаблицаОтчета = Настройки.Структура.Добавить(Тип(""ТаблицаКомпоновкиДанных""));
	ТаблицаОтчета.Использование = Истина;
	
	ГруппировкаСтрок = ТаблицаОтчета.Строки.Добавить(Тип(""ГруппировкаКомпоновкиДанных""));
	ГруппировкаСтрок.Использование = Истина;
	
	ПолеГруппировкиСтрок = ГруппировкаСтрок.ПоляГруппировки.Элементы.Добавить();
	ПолеГруппировкиСтрок.Поле = Новый ПолеКомпоновкиДанных(""Контрагент"");
	ПолеГруппировкиСтрок.Использование = Истина;
	
	ГруппировкаКолонок = ТаблицаОтчета.Колонки.Добавить(Тип(""ГруппировкаКомпоновкиДанных""));
	ГруппировкаКолонок.Использование = Истина;
	
	ПолеГруппировкиКолонок = ГруппировкаКолонок.ПоляГруппировки.Элементы.Добавить();
	ПолеГруппировкиКолонок.Поле = Новый ПолеКомпоновкиДанных(""Валюта"");
	ПолеГруппировкиКолонок.Использование = Истина;
	
КонецПроцедуры


Процедура НастроитьВыбранныеПоляОтчетаЗадолженность(Настройки)
	
	Настройки.Выбор.Элементы.Очистить();
	
	ДобавитьВыбранноеПоле(Настройки, ""Контрагент"");
	ДобавитьВыбранноеПоле(Настройки, ""СуммаКонечныйОстаток"");
	
КонецПроцедуры


Процедура ДобавитьВыбранноеПоле(Настройки, ИмяПоля)
	
	ВыбранноеПоле = Настройки.Выбор.Элементы.Добавить(Тип(""ВыбранноеПолеКомпоновкиДанных""));
	ВыбранноеПоле.Поле = Новый ПолеКомпоновкиДанных(ИмяПоля);
	ВыбранноеПоле.Использование = Истина;
	
КонецПроцедуры


Процедура НастроитьОтборыОтчетаЗадолженность(Настройки, Валюта)
	
	Настройки.Отбор.Элементы.Очистить();
	
	ОтборПоКонечномуОстатку = Настройки.Отбор.Элементы.Добавить(Тип(""ЭлементОтбораКомпоновкиДанных""));
	ОтборПоКонечномуОстатку.ЛевоеЗначение = Новый ПолеКомпоновкиДанных(""СуммаКонечныйОстаток"");
	ОтборПоКонечномуОстатку.ВидСравнения = ВидСравненияКомпоновкиДанных.Меньше;
	ОтборПоКонечномуОстатку.ПравоеЗначение = 0;
	ОтборПоКонечномуОстатку.Использование = Истина;
	
	ОтборПоВалюте = Настройки.Отбор.Элементы.Добавить(Тип(""ЭлементОтбораКомпоновкиДанных""));
	ОтборПоВалюте.ЛевоеЗначение = Новый ПолеКомпоновкиДанных(""Валюта"");
	ОтборПоВалюте.ВидСравнения = ВидСравненияКомпоновкиДанных.Равно;
	ОтборПоВалюте.ПравоеЗначение = Валюта;
	ОтборПоВалюте.Использование = Истина;
	
КонецПроцедуры


Процедура НастроитьПараметрыВыводаОтчетаЗадолженность(Настройки)
	
	УстановитьПараметрВывода(
		Настройки,
		""ВыводитьПараметрыДанных"",
		ТипВыводаТекстаКомпоновкиДанных.НеВыводить
	);
	
	УстановитьПараметрВывода(
		Настройки,
		""ВыводитьОтбор"",
		ТипВыводаТекстаКомпоновкиДанных.НеВыводить
	);
	
КонецПроцедуры


Процедура УстановитьПараметрВывода(Настройки, ИмяПараметра, ЗначениеПараметра)
	
	ПараметрВывода = Настройки.ПараметрыВывода.Элементы.Найти(ИмяПараметра);
	
	Если ПараметрВывода <> Неопределено Тогда
		ПараметрВывода.Значение = ЗначениеПараметра;
		ПараметрВывода.Использование = Истина;
	КонецЕсли;
	
КонецПроцедуры


Процедура НастроитьУсловноеОформлениеОтчетаЗадолженность(Настройки)
	
	Настройки.УсловноеОформление.Элементы.Очистить();
	
	ЭлементОформления = Настройки.УсловноеОформление.Элементы.Добавить();
	ЭлементОформления.Использование = Истина;
	
	ЭлементОформления.Оформление.УстановитьЗначениеПараметра(
		""Формат"",
		""ЧЦ=10; ЧДЦ=2; ЧО=1""
	);
	
	ОформляемоеПоле = ЭлементОформления.Поля.Элементы.Добавить();
	ОформляемоеПоле.Поле = Новый ПолеКомпоновкиДанных(""СуммаКонечныйОстаток"");
	ОформляемоеПоле.Использование = Истина;
	
КонецПроцедуры"
"Написать функцию ПолучитьТаблицуНепрочитанныхПисемКонтрагентов(мКонтрагенты), которая формирует таблицу непрочитанных писем от контрагентов за предыдущий месяц.
Предыдущий месяц - это календарный месяц, предшествующий текущей дате. 
 
Таблица должна содержать колонки:
Письмо (тип: СправочникСсылка.ВходящиеПисьма) - письмо.
Тема (тип: Строка) - тема письма.
Контрагента (тип: СправочникСсылка.Контрагенты) - дата письма.
Дата (тип: Дата) - дата письма.

Параметры функции: 
мКонтрагенты (тип: Массив из СправочникСсылка.Контрагенты) - контрагенты для отбора писем.

Данные о состоянии письма берутся из регистра сведений ""СостояниеВходящихПисем"". Данные электронной почты контрагента хранятся в справочнике ""Контрагенты"".","{""InformationRegisters"": [{""id"": ""СостояниеВходящихПисем"", ""name"": ""Состояние входящих писем"", ""InformationRegisterPeriodicity"": ""Nonperiodical"", ""WriteMode"": ""Independent"", ""Dimensions"": [{""id"": ""Письмо"", ""name"": ""Письмо"", ""types"": [{""type"": ""Ref"", ""id"": ""Справочник.ВходящиеПисьма""}]}], ""Resources"": [{""id"": ""Прочитано"", ""name"": ""Прочитано"", ""types"": []}]}], ""Catalogs"": [{""id"": ""ВходящиеПисьма"", ""name"": ""Входящие письма"", ""Attributes"": [{""id"": ""Дата"", ""name"": ""Дата"", ""types"": [{""type"": ""Date""}]}, {""id"": ""Отправитель"", ""name"": ""Отправитель"", ""types"": [{""type"": ""String"", ""StringQualifiers"": ""0""}]}, {""id"": ""Текст"", ""name"": ""Текст"", ""types"": [{""type"": ""String"", ""StringQualifiers"": ""0""}]}, {""id"": ""ВидСодержимого"", ""name"": ""Вид содержимого"", ""types"": []}, {""id"": ""Идентификатор"", ""name"": ""Идентификатор"", ""types"": [{""type"": ""String"", ""StringQualifiers"": ""0""}]}, {""id"": ""ПочтовыйЯщик"", ""name"": ""Почтовый ящик"", ""types"": [{""type"": ""String"", ""StringQualifiers"": ""64""}]}]}, {""id"": ""Контрагенты"", ""name"": ""Контрагенты"", ""Attributes"": [{""id"": ""Регион"", ""name"": ""Регион"", ""types"": [{""type"": ""Ref"", ""id"": ""Справочник.Регионы""}]}, {""id"": ""Индекс"", ""name"": ""Индекс"", ""types"": [{""type"": ""String"", ""StringQualifiers"": ""10""}]}, {""id"": ""Страна"", ""name"": ""Страна"", ""types"": [{""type"": ""String"", ""StringQualifiers"": ""0""}]}, {""id"": ""Город"", ""name"": ""Город"", ""types"": [{""type"": ""String"", ""StringQualifiers"": ""0""}]}, {""id"": ""Улица"", ""name"": ""Улица"", ""types"": [{""type"": ""String"", ""StringQualifiers"": ""0""}]}, {""id"": ""Дом"", ""name"": ""Дом"", ""types"": [{""type"": ""String"", ""StringQualifiers"": ""15""}]}, {""id"": ""Телефон"", ""name"": ""Телефон"", ""types"": [{""type"": ""String"", ""StringQualifiers"": ""16""}]}, {""id"": ""ЭлектроннаяПочта"", ""name"": ""Электронная почта"", ""types"": [{""type"": ""String"", ""StringQualifiers"": ""40""}]}, {""id"": ""Факс"", ""name"": ""Факс"", ""types"": [{""type"": ""String"", ""StringQualifiers"": ""16""}]}, {""id"": ""ВебСайт"", ""name"": ""Веб сайт"", ""types"": [{""type"": ""String"", ""StringQualifiers"": ""40""}]}, {""id"": ""ВидЦен"", ""name"": ""Вид цен"", ""types"": [{""type"": ""Ref"", ""id"": ""Справочник.ВидыЦен""}]}, {""id"": ""ДополнительнаяИнформация"", ""name"": ""Дополнительная информация"", ""types"": [{""type"": ""String"", ""StringQualifiers"": ""0""}]}, {""id"": ""КонтактноеЛицо"", ""name"": ""Контактное лицо"", ""types"": [{""type"": ""String"", ""StringQualifiers"": ""100""}]}, {""id"": ""Широта"", ""name"": ""Широта"", ""types"": [{""type"": ""Number"", ""NumberQualifiers"": ""10.6""}]}, {""id"": ""Долгота"", ""name"": ""Долгота"", ""types"": [{""type"": ""Number"", ""NumberQualifiers"": ""10.6""}]}]}]}",task_036,server,,task4_Куликова_ v1.epf,"Функция ПолучитьТаблицуНепрочитанныхПисемКонтрагентов(мКонтрагенты) Экспорт
	
	ТаблицаПисем = Новый ТаблицаЗначений;
	ТаблицаПисем.Колонки.Добавить(""Письмо"", Новый ОписаниеТипов(""СправочникСсылка.ВходящиеПисьма""));
	ТаблицаПисем.Колонки.Добавить(""Тема"", Новый ОписаниеТипов(""Строка""));
	ТаблицаПисем.Колонки.Добавить(""Контрагента"", Новый ОписаниеТипов(""СправочникСсылка.Контрагенты""));
	ТаблицаПисем.Колонки.Добавить(""Дата"", Новый ОписаниеТипов(""Дата""));
	
	Если мКонтрагенты = Неопределено Или мКонтрагенты.Количество() = 0 Тогда
		Возврат ТаблицаПисем;
	КонецЕсли;
	
	НачалоТекущегоМесяца = НачалоМесяца(ТекущаяДата());
	НачалоПредыдущегоМесяца = НачалоМесяца(ДобавитьМесяц(НачалоТекущегоМесяца, -1));
	
	Запрос = Новый Запрос;
	Запрос.Текст = 
""ВЫБРАТЬ
|	Письма.Ссылка КАК Письмо,
|	Письма.Наименование КАК Тема,
|	Контрагенты.Ссылка КАК Контрагента,
|	Письма.Дата КАК Дата
|ИЗ
|	Справочник.ВходящиеПисьма КАК Письма
|		ВНУТРЕННЕЕ СОЕДИНЕНИЕ Справочник.Контрагенты КАК Контрагенты
|		ПО Письма.Отправитель = Контрагенты.ЭлектроннаяПочта
|		ЛЕВОЕ СОЕДИНЕНИЕ РегистрСведений.СостояниеВходящихПисем КАК СостояниеПисем
|		ПО СостояниеПисем.Письмо = Письма.Ссылка
|ГДЕ
|	Контрагенты.Ссылка В (&Контрагенты)
|	И Письма.Дата >= &НачалоПериода
|	И Письма.Дата < &КонецПериода
|	И ЕСТЬNULL(СостояниеПисем.Прочитано, ЛОЖЬ) = ЛОЖЬ
|
|УПОРЯДОЧИТЬ ПО
|	Письма.Дата,
|	Контрагенты.Наименование,
|	Тема"";
	
	Запрос.УстановитьПараметр(""Контрагенты"", мКонтрагенты);
	Запрос.УстановитьПараметр(""НачалоПериода"", НачалоПредыдущегоМесяца);
	Запрос.УстановитьПараметр(""КонецПериода"", НачалоТекущегоМесяца);
	
	Выборка = Запрос.Выполнить().Выбрать();
	
	Пока Выборка.Следующий() Цикл
		
		НоваяСтрока = ТаблицаПисем.Добавить();
		НоваяСтрока.Письмо = Выборка.Письмо;
		НоваяСтрока.Тема = Выборка.Тема;
		НоваяСтрока.Контрагента = Выборка.Контрагента;
		НоваяСтрока.Дата = Выборка.Дата;
		
	КонецЦикла;
	
	Возврат ТаблицаПисем;
	
КонецФункции"
"Написать функцию ВыгрузитьЗаказыВXMLФайл(),     
которая формирует выгрузку заказов в работе в файл формата XML.
Выгрузка должна включать только проведенные документы «Заказ».
Данные выбираются из документа Заказ с отбором по следующим условиям:
признак Проведен = Истина;
состояние заказа равно значению перечисления СостоянияЗаказов.ВРаботе.
Результат формирования должен представлять XML-файл, сохранённый во временный каталог, путь к которому возвращается функцией.
Структура формирования XML выполняется следующим образом:
Создаётся временный XML-файл в кодировке UTF-8.
В файл записывается объявление XML.
Формируется корневой элемент «Заказ» с атрибутом Имя = ""ЗаказТовары"".
Для каждой записи выборки из документа Заказ формируется элемент «Запись», содержащий детальные сведения о заказе.
После завершения записи всех элементов XML-документ корректно закрывается и сохраняется в файл.
Источник данных:
Документ.Заказ (реквизиты: Номер, Дата, Покупатель, Склад, Валюта, ВидЦен, Организация, СостояниеЗаказа);
дополнительные представления ссылочных реквизитов (Покупатель, Склад, Организация) используются для формирования читаемого текста.","{""Documents"": [{""id"": ""Заказ"", ""name"": ""Заказ"", ""Attributes"": [{""id"": ""Покупатель"", ""name"": ""Покупатель"", ""types"": [{""type"": ""Ref"", ""id"": ""Справочник.Контрагенты""}]}, {""id"": ""Склад"", ""name"": ""Склад"", ""types"": [{""type"": ""Ref"", ""id"": ""Справочник.Склады""}]}, {""id"": ""Валюта"", ""name"": ""Валюта взаиморасчетов"", ""types"": [{""type"": ""Ref"", ""id"": ""Справочник.Валюты""}]}, {""id"": ""ВидЦен"", ""name"": ""Вид цен"", ""types"": [{""type"": ""Ref"", ""id"": ""Справочник.ВидыЦен""}]}, {""id"": ""Организация"", ""name"": ""Организация"", ""types"": [{""type"": ""Ref"", ""id"": ""Справочник.Организации""}]}, {""id"": ""СостояниеЗаказа"", ""name"": ""Состояние заказа"", ""types"": [{""type"": ""Ref"", ""id"": ""Перечисление.СостоянияЗаказов""}]}, {""id"": ""Автор"", ""name"": ""Автор"", ""types"": [{""type"": ""Ref"", ""id"": ""Справочник.Пользователи""}]}, {""id"": ""Сумма"", ""name"": ""Сумма"", ""types"": [{""type"": ""Number"", ""NumberQualifiers"": ""10.2""}]}], ""TabularSections"": [{""id"": ""Товары"", ""name"": ""Товары"", ""Attributes"": [{""id"": ""Товар"", ""name"": ""Товар"", ""types"": [{""type"": ""Ref"", ""id"": ""Справочник.Товары""}]}, {""id"": ""Цена"", ""name"": ""Цена"", ""types"": [{""type"": ""Number"", ""NumberQualifiers"": ""10.2""}]}, {""id"": ""Количество"", ""name"": ""Количество"", ""types"": [{""type"": ""Number"", ""NumberQualifiers"": ""10.0""}]}, {""id"": ""Сумма"", ""name"": ""Сумма"", ""types"": [{""type"": ""Number"", ""NumberQualifiers"": ""10.2""}]}]}]}]}",task_037,server,mid,task4_СредняяВыгрузкаЗаказовВФайлXML_v2.epf,"Функция ВыгрузитьЗаказыВXMLФайл() Экспорт
	
	ИмяФайла = ПолучитьИмяВременногоФайла(""xml"");
	
	Запрос = Новый Запрос;
	Запрос.Текст = 
""ВЫБРАТЬ
|	Заказ.Номер КАК Номер,
|	Заказ.Дата КАК Дата,
|	Заказ.Покупатель КАК Покупатель,
|	ПРЕДСТАВЛЕНИЕ(Заказ.Покупатель) КАК ПокупательПредставление,
|	Заказ.Склад КАК Склад,
|	ПРЕДСТАВЛЕНИЕ(Заказ.Склад) КАК СкладПредставление,
|	Заказ.Валюта КАК Валюта,
|	Заказ.ВидЦен КАК ВидЦен,
|	Заказ.Организация КАК Организация,
|	ПРЕДСТАВЛЕНИЕ(Заказ.Организация) КАК ОрганизацияПредставление,
|	Заказ.СостояниеЗаказа КАК СостояниеЗаказа
|ИЗ
|	Документ.Заказ КАК Заказ
|ГДЕ
|	Заказ.Проведен = ИСТИНА
|	И Заказ.СостояниеЗаказа = &СостояниеЗаказа
|УПОРЯДОЧИТЬ ПО
|	Заказ.Дата,
|	Заказ.Номер"";
	
	Запрос.УстановитьПараметр(""СостояниеЗаказа"", Перечисления.СостоянияЗаказов.ВРаботе);
	
	Выборка = Запрос.Выполнить().Выбрать();
	
	ЗаписьXML = Новый ЗаписьXML;
	
	Попытка
		
		ЗаписьXML.ОткрытьФайл(ИмяФайла, ""UTF-8"");
		ЗаписьXML.ЗаписатьОбъявлениеXML();
		
		ЗаписьXML.ЗаписатьНачалоЭлемента(""Заказ"");
		ЗаписьXML.ЗаписатьАтрибут(""Имя"", ""ЗаказТовары"");
		
		Пока Выборка.Следующий() Цикл
			
			ЗаписьXML.ЗаписатьНачалоЭлемента(""Запись"");
			
			ЗаписатьПростойЭлементXML(ЗаписьXML, ""Номер"", Выборка.Номер);
			ЗаписатьПростойЭлементXML(ЗаписьXML, ""Дата"", Формат(Выборка.Дата, ""ДФ=yyyy-MM-ddTHH:mm:ss""));
			
			ЗаписатьПростойЭлементXML(ЗаписьXML, ""Покупатель"", Выборка.ПокупательПредставление);
			ЗаписатьПростойЭлементXML(ЗаписьXML, ""Склад"", Выборка.СкладПредставление);
			ЗаписатьПростойЭлементXML(ЗаписьXML, ""Валюта"", Строка(Выборка.Валюта));
			ЗаписатьПростойЭлементXML(ЗаписьXML, ""ВидЦен"", Строка(Выборка.ВидЦен));
			ЗаписатьПростойЭлементXML(ЗаписьXML, ""Организация"", Выборка.ОрганизацияПредставление);
			ЗаписатьПростойЭлементXML(ЗаписьXML, ""СостояниеЗаказа"", Строка(Выборка.СостояниеЗаказа));
			
			ЗаписьXML.ЗаписатьКонецЭлемента(); // Запись
			
		КонецЦикла;
		
		ЗаписьXML.ЗаписатьКонецЭлемента(); // Заказ
		ЗаписьXML.Закрыть();
		
	Исключение
		
		Попытка
			ЗаписьXML.Закрыть();
		Исключение
		КонецПопытки;
		
		ВызватьИсключение;
		
	КонецПопытки;
	
	Возврат ИмяФайла;
	
КонецФункции

Процедура ЗаписатьПростойЭлементXML(ЗаписьXML, ИмяЭлемента, Значение)
	
	ЗаписьXML.ЗаписатьНачалоЭлемента(ИмяЭлемента);
	
	Если Значение <> Неопределено Тогда
		ЗаписьXML.ЗаписатьТекст(Строка(Значение));
	КонецЕсли;
	
	ЗаписьXML.ЗаписатьКонецЭлемента();
	
КонецПроцедуры"
"Создай функцию РазложитьСтрокуВМассивПодстрок(Знач Стр, Разделитель = "",""), которая ""расщепляет"" строку на подстроки, используя заданный разделитель (параметр №2). 
Разделитель может иметь любую длину. Если в качестве разделителя задан пробел, рядом стоящие пробелы считаются одним разделителем, а ведущие и хвостовые пробелы параметра Стр игнорируются.
     Например,
      РазложитьСтрокуВМассивПодстрок("",один,,,два"", "","") возвратит массив значений из пяти элементов,
      три из которых - пустые строки, а
      РазложитьСтрокуВМассивПодстрок("" один   два"", "" "") возвратит массив значений из двух элементов
В качестве первого параметра передается строка, которую необходимо разложить, строка передается по значению, 
в качестве второго параметра ""Разделитель"" используется   строка-разделитель, по умолчанию - запятая.
Возвращает  массив значений, элементы которого - подстроки",{},task_038,server,,task_1_amir_v4.epf,"Функция РазложитьСтрокуВМассивПодстрок(Знач Стр, Разделитель = "","") Экспорт
	
	Результат = Новый Массив;
	
	Если Разделитель = Неопределено Тогда
		Разделитель = "","";
	КонецЕсли;
	
	Разделитель = Строка(Разделитель);
	Стр = Строка(Стр);
	
	// Защита от пустого разделителя, чтобы избежать бесконечного цикла.
	Если Разделитель = """" Тогда
		Результат.Добавить(Стр);
		Возврат Результат;
	КонецЕсли;
	
	// Особый случай: разделитель — пробел.
	// Рядом стоящие пробелы считаются одним разделителем,
	// ведущие и хвостовые пробелы игнорируются.
	Если Разделитель = "" "" Тогда
		
		Стр = СокрЛП(Стр);
		
		Если Стр = """" Тогда
			Возврат Результат;
		КонецЕсли;
		
		ТекущаяПодстрока = """";
		
		Для НомерСимвола = 1 По СтрДлина(Стр) Цикл
			
			Символ = Сред(Стр, НомерСимвола, 1);
			
			Если Символ = "" "" Тогда
				
				Если ТекущаяПодстрока <> """" Тогда
					Результат.Добавить(ТекущаяПодстрока);
					ТекущаяПодстрока = """";
				КонецЕсли;
				
			Иначе
				
				ТекущаяПодстрока = ТекущаяПодстрока + Символ;
				
			КонецЕсли;
			
		КонецЦикла;
		
		Если ТекущаяПодстрока <> """" Тогда
			Результат.Добавить(ТекущаяПодстрока);
		КонецЕсли;
		
		Возврат Результат;
		
	КонецЕсли;
	
	// Общий случай: разделитель может иметь любую длину.
	ДлинаРазделителя = СтрДлина(Разделитель);
	ОстатокСтроки = Стр;
	
	Пока Истина Цикл
		
		ПозицияРазделителя = Найти(ОстатокСтроки, Разделитель);
		
		Если ПозицияРазделителя = 0 Тогда
			Результат.Добавить(ОстатокСтроки);
			Прервать;
		КонецЕсли;
		
		Результат.Добавить(Лев(ОстатокСтроки, ПозицияРазделителя - 1));
		ОстатокСтроки = Сред(ОстатокСтроки, ПозицияРазделителя + ДлинаРазделителя);
		
	КонецЦикла;
	
	Возврат Результат;
	
КонецФункции"
"Создай функцию ЗарегистрированныеКОбменуБитыеСсылки(Узел, ТипМетаданных), которая вернет таблицу значений с колонками ""МетаИмя"" - Полное имя метаданных,""УИД"" - уникальный идентификатор ссылки и ТипМетаданных - тип значения ссылки,
 где параметр ТипМетаданных является не обязательным и может быть не указан, тогда отбор выполняется по всем ссылочным метаданным из состава плана обмена

Параметры:
 Узел     - ПланОбменаСсылка - узел плана обмена, по которому выполняется поиск
 ТипМетаданных - ОбъектМетаданных - метаданные из состава плана обмена. Значение по умолчанию Неопределено

Возвращает таблицу значений с колонками МетаИмя, ТипМетаданных, УИД содержащей значения из зарегистрированных объектов на узле плана обмена
Результатом решения является проверка на количество элементов в таблице значений",{},task_039,server,,task_3_amir.epf,"Функция ЗарегистрированныеКОбменуБитыеСсылки(Узел, ТипМетаданных = Неопределено) Экспорт
	
	Результат = Новый ТаблицаЗначений;
	Результат.Колонки.Добавить(""МетаИмя"");
	Результат.Колонки.Добавить(""ТипМетаданных"");
	Результат.Колонки.Добавить(""УИД"");
	
	Если Узел = Неопределено Тогда
		Возврат Результат;
	КонецЕсли;
	
	МетаданныеПланаОбмена = Узел.Метаданные();
	ИмяТаблицыРегистрации = МетаданныеПланаОбмена.ПолноеИмя() + "".ЗарегистрированныеИзменения"";
	
	МетаданныеДляПроверки = Новый Массив;
	
	Если ТипМетаданных <> Неопределено Тогда
		
		Если ЗКО_МетаданныеВСоставеПланаОбмена(МетаданныеПланаОбмена, ТипМетаданных)
			И ЗКО_ЭтоСсылочныеМетаданные(ТипМетаданных) Тогда
			
			МетаданныеДляПроверки.Добавить(ТипМетаданных);
			
		КонецЕсли;
		
	Иначе
		
		Для Каждого ЭлементСостава Из МетаданныеПланаОбмена.Состав Цикл
			
			МетаданныеОбъекта = ЗКО_МетаданныеЭлементаСостава(ЭлементСостава);
			
			Если ЗКО_ЭтоСсылочныеМетаданные(МетаданныеОбъекта) Тогда
				МетаданныеДляПроверки.Добавить(МетаданныеОбъекта);
			КонецЕсли;
			
		КонецЦикла;
		
	КонецЕсли;
	
	Для Каждого МетаданныеОбъекта Из МетаданныеДляПроверки Цикл
		
		МетаИмя = МетаданныеОбъекта.ПолноеИмя();
		
		Выборка = ЗКО_ВыбратьБитыеСсылки(Узел, ИмяТаблицыРегистрации, МетаИмя);
		
		Пока Выборка.Следующий() Цикл
			
			НоваяСтрока = Результат.Добавить();
			НоваяСтрока.МетаИмя = МетаИмя;
			НоваяСтрока.ТипМетаданных = ТипЗнч(Выборка.ЗначениеСсылки);
			НоваяСтрока.УИД = ЗКО_УникальныйИдентификаторСсылки(Выборка.ЗначениеСсылки);
			
		КонецЦикла;
		
	КонецЦикла;
	
	Возврат Результат;
	
КонецФункции

Функция ЗКО_ВыбратьБитыеСсылки(Узел, ИмяТаблицыРегистрации, ИмяТаблицыДанных)
	
	Попытка
		Возврат ЗКО_ВыбратьБитыеСсылкиПоПолюРегистрации(
			Узел,
			ИмяТаблицыРегистрации,
			ИмяТаблицыДанных,
			""Ссылка"");
	Исключение
		Возврат ЗКО_ВыбратьБитыеСсылкиПоПолюРегистрации(
			Узел,
			ИмяТаблицыРегистрации,
			ИмяТаблицыДанных,
			""Объект"");
	КонецПопытки;
	
КонецФункции

Функция ЗКО_ВыбратьБитыеСсылкиПоПолюРегистрации(Узел, ИмяТаблицыРегистрации, ИмяТаблицыДанных, ИмяПоляРегистрации)
	
	Запрос = Новый Запрос;
	Запрос.УстановитьПараметр(""Узел"", Узел);
	
	Запрос.Текст = 
""ВЫБРАТЬ РАЗЛИЧНЫЕ
|	ЗарегистрированныеИзменения."" + ИмяПоляРегистрации + "" КАК ЗначениеСсылки
|ИЗ
|	"" + ИмяТаблицыРегистрации + "" КАК ЗарегистрированныеИзменения
|		ЛЕВОЕ СОЕДИНЕНИЕ "" + ИмяТаблицыДанных + "" КАК ДанныеОбъекта
|		ПО ЗарегистрированныеИзменения."" + ИмяПоляРегистрации + "" = ДанныеОбъекта.Ссылка
|ГДЕ
|	ЗарегистрированныеИзменения.Узел = &Узел
|	И ЗарегистрированныеИзменения."" + ИмяПоляРегистрации + "" ССЫЛКА "" + ИмяТаблицыДанных + ""
|	И ДанныеОбъекта.Ссылка ЕСТЬ NULL"";
	
	Возврат Запрос.Выполнить().Выбрать();
	
КонецФункции

Функция ЗКО_МетаданныеВСоставеПланаОбмена(МетаданныеПланаОбмена, ИскомыеМетаданные)
	
	ИскомоеПолноеИмя = ИскомыеМетаданные.ПолноеИмя();
	
	Для Каждого ЭлементСостава Из МетаданныеПланаОбмена.Состав Цикл
		
		МетаданныеОбъекта = ЗКО_МетаданныеЭлементаСостава(ЭлементСостава);
		
		Если МетаданныеОбъекта.ПолноеИмя() = ИскомоеПолноеИмя Тогда
			Возврат Истина;
		КонецЕсли;
		
	КонецЦикла;
	
	Возврат Ложь;
	
КонецФункции

Функция ЗКО_МетаданныеЭлементаСостава(ЭлементСостава)
	
	Попытка
		Возврат ЭлементСостава.Метаданные;
	Исключение
	КонецПопытки;
	
	Попытка
		Возврат ЭлементСостава.ОбъектМетаданных;
	Исключение
	КонецПопытки;
	
	Возврат ЭлементСостава;
	
КонецФункции

Функция ЗКО_ЭтоСсылочныеМетаданные(МетаданныеОбъекта)
	
	Если МетаданныеОбъекта = Неопределено Тогда
		Возврат Ложь;
	КонецЕсли;
	
	МетаИмя = МетаданныеОбъекта.ПолноеИмя();
	
	Возврат ЗКО_СтрокаНачинаетсяС(МетаИмя, ""Справочник."")
		Или ЗКО_СтрокаНачинаетсяС(МетаИмя, ""Документ."")
		Или ЗКО_СтрокаНачинаетсяС(МетаИмя, ""ПланВидовХарактеристик."")
		Или ЗКО_СтрокаНачинаетсяС(МетаИмя, ""ПланСчетов."")
		Или ЗКО_СтрокаНачинаетсяС(МетаИмя, ""ПланВидовРасчета."")
		Или ЗКО_СтрокаНачинаетсяС(МетаИмя, ""БизнесПроцесс."")
		Или ЗКО_СтрокаНачинаетсяС(МетаИмя, ""Задача."")
		Или ЗКО_СтрокаНачинаетсяС(МетаИмя, ""ПланОбмена."")
		Или ЗКО_СтрокаНачинаетсяС(МетаИмя,"
"Создай клиентскую функцию НайтиАдресПоКоординатам(Широта, Долгота, APIКлюч), которая вернет строковое пресдтавление адреса при HTTP запросе к серверу geocode-maps.yandex.ru

Параметры:
 Широта - координата X      
 Долгота - координата Y 
 APIКлюч - ключ api яндекс гео 
 
Возвращает строковое представление адреса по координатам",{},task_040,server,,task_4_amir.epf,"&НаКлиенте
Функция НайтиАдресПоКоординатам(Широта, Долгота, APIКлюч) Экспорт
	
	Если APIКлюч = Неопределено Или APIКлюч = Null Тогда
		ВызватьИсключение ""Не указан API-ключ Яндекс Геокодера."";
	КонецЕсли;
	
	Если СокрЛП(Строка(APIКлюч)) = """" Тогда
		ВызватьИсключение ""Не указан API-ключ Яндекс Геокодера."";
	КонецЕсли;
	
	Если Широта = Неопределено Или Широта = Null Тогда
		ВызватьИсключение ""Не указана широта."";
	КонецЕсли;
	
	Если Долгота = Неопределено Или Долгота = Null Тогда
		ВызватьИсключение ""Не указана долгота."";
	КонецЕсли;
	
	СтрокаШироты = КоординатаДляURL(Широта);
	СтрокаДолготы = КоординатаДляURL(Долгота);
	
	Если СтрокаШироты = """" Тогда
		ВызватьИсключение ""Некорректное значение широты."";
	КонецЕсли;
	
	Если СтрокаДолготы = """" Тогда
		ВызватьИсключение ""Некорректное значение долготы."";
	КонецЕсли;
	
	// Яндекс Геокодер принимает координаты в порядке: долгота,широта.
	ПараметрГеокод = СтрокаДолготы + "","" + СтрокаШироты;
	
	Путь = ""/1.x/?apikey="" + КодироватьПараметрURL(APIКлюч);
	Путь = Путь + ""&geocode="" + КодироватьПараметрURL(ПараметрГеокод);
	Путь = Путь + ""&format=json"";
	Путь = Путь + ""&results=1"";
	Путь = Путь + ""&lang=ru_RU"";
	
	Заголовки = Новый Соответствие;
	Заголовки.Вставить(""Accept"", ""application/json"");
	
	HTTPЗапрос = Новый HTTPЗапрос(Путь, Заголовки);
	
	Попытка
		ЗащищенноеСоединение = Новый ЗащищенноеСоединениеOpenSSL;
		HTTPСоединение = Новый HTTPСоединение(
			""geocode-maps.yandex.ru"",
			443,
			,
			,
			,
			30,
			ЗащищенноеСоединение);
		
		HTTPОтвет = HTTPСоединение.Получить(HTTPЗапрос);
	Исключение
		ВызватьИсключение ""Ошибка HTTP-запроса к Яндекс Геокодеру: "" + ОписаниеОшибки();
	КонецПопытки;
	
	Если HTTPОтвет.КодСостояния <> 200 Тогда
		ТекстОшибки = ""Яндекс Геокодер вернул HTTP-код "" + Строка(HTTPОтвет.КодСостояния) + ""."";
		
		Попытка
			ТелоОшибки = HTTPОтвет.ПолучитьТелоКакСтроку();
			Если СокрЛП(ТелоОшибки) <> """" Тогда
				ТекстОшибки = ТекстОшибки + "" Ответ сервера: "" + ТелоОшибки;
			КонецЕсли;
		Исключение
		КонецПопытки;
		
		ВызватьИсключение ТекстОшибки;
	КонецЕсли;
	
	ТелоОтвета = HTTPОтвет.ПолучитьТелоКакСтроку();
	
	Если СокрЛП(ТелоОтвета) = """" Тогда
		Возврат """";
	КонецЕсли;
	
	ЧтениеJSON = Новый ЧтениеJSON;
	
	Попытка
		ЧтениеJSON.УстановитьСтроку(ТелоОтвета);
		ДанныеОтвета = ПрочитатьJSON(ЧтениеJSON);
	Исключение
		ЧтениеJSON.Закрыть();
		ВызватьИсключение ""Не удалось разобрать JSON-ответ Яндекс Геокодера: "" + ОписаниеОшибки();
	КонецПопытки;
	
	ЧтениеJSON.Закрыть();
	
	Возврат ИзвлечьАдресИзОтветаЯндексГеокодера(ДанныеОтвета);
	
КонецФункции

&НаКлиенте
Функция КоординатаДляURL(Координата)
	
	Если ТипЗнч(Координата) = Тип(""Число"") Тогда
		Результат = Формат(Координата, ""ЧГ=0; ЧРД=.; ЧН=0"");
	Иначе
		Результат = СокрЛП(Строка(Координата));
	КонецЕсли;
	
	Результат = СтрЗаменить(Результат, "" "", """");
	Результат = СтрЗаменить(Результат, Символ(160), """");
	Результат = СтрЗаменить(Результат, "","", ""."");
	
	Возврат Результат;
	
КонецФункции

&НаКлиенте
Функция КодироватьПараметрURL(ЗначениеПараметра)
	
	Возврат КодироватьСтроку(Строка(ЗначениеПараметра), СпособКодированияСтроки.КодировкаURL);
	
КонецФункции

&НаКлиенте
Функция ИзвлечьАдресИзОтветаЯндексГеокодера(ДанныеОтвета)
	
	Ответ = Неопределено;
	Если Не ПолучитьСвойствоJSON(ДанныеОтвета, ""response"", Ответ) Тогда
		Возврат """";
	КонецЕсли;
	
	Коллекция = Неопределено;
	Если Не ПолучитьСвойствоJSON(Ответ, ""GeoObjectCollection"", Коллекция) Тогда
		Возврат """";
	КонецЕсли;
	
	НайденныеОбъекты = Неопределено;
	Если Не ПолучитьСвойствоJSON(Коллекция, ""featureMember"", НайденныеОбъекты) Тогда
		Возврат """";
	КонецЕсли;
	
	Если ТипЗнч(НайденныеОбъекты) <> Тип(""Массив"") Тогда
		Возврат """";
	КонецЕсли;
	
	Если НайденныеОбъекты.Количество() = 0 Тогда
		Возврат """";
	КонецЕсли;
	
	ПервыйНайденныйОбъект = НайденныеОбъекты[0];
	
	ГеоОбъект = Неопределено;
	Если Не ПолучитьСвойствоJSON(ПервыйНайденныйОбъект, ""GeoObject"", ГеоОбъект) Тогда
		Возврат """";
	КонецЕсли;
	
	СвойствоМетаданных = Неопределено;
	Если Не ПолучитьСвойствоJSON(ГеоОбъект, ""metaDataProperty"", СвойствоМетаданных) Тогда
		Возврат """";
	КонецЕсли;
	
	МетаданныеГеокодера = Неопределено;
	Если Не ПолучитьСвойствоJSON(СвойствоМетаданных, ""GeocoderMetaData"", МетаданныеГеокодера) Тогда
		Возврат """";
	КонецЕсли;
	
	Адрес = Неопределено;
	Если ПолучитьСвойствоJSON(МетаданныеГеокодера, ""text"", Адрес) Тогда
		Если Адрес <> Неопределено И Адрес <> Null Тогда
			Возврат Строка(Адрес);
		КонецЕсли;
	КонецЕсли;
	
	АдресОбъект = Неопределено;
	Если ПолучитьСвойствоJSON(МетаданныеГеокодера, ""Address"", АдресОбъект) Тогда
		
		ФорматированныйАдрес = Неопределено;
		Если ПолучитьСвойствоJSON(АдресОбъект, ""formatted"", ФорматированныйАдрес) Тогда
			Если ФорматированныйАдрес <> Неопределено И ФорматированныйАдрес <> Null Тогда
				Возврат Строка(ФорматированныйАдрес);
			КонецЕсли;
		КонецЕсли;
		
	КонецЕсли;
	
	Возврат """";
	
КонецФункции

&НаКлиенте
Функция ПолучитьСвойствоJSON(ОбъектJSON, ИмяСвойства, ЗначениеСвойства)
	
	ЗначениеСвойства = Неопределено;
	
	Если ОбъектJSON = Неопределено Или ОбъектJSON = Null Тогда
		Возврат Ложь;
	КонецЕсли;
	
	Если ТипЗнч(ОбъектJSON) = Тип(""Структура"") Тогда
		Возврат ОбъектJSON.Свойство(ИмяСвойства, ЗначениеСвойства);
	КонецЕсли;
	
	Если ТипЗнч(ОбъектJSON) = Тип(""Соответствие"") Тогда
		ЗначениеСвойства = ОбъектJSON.Получить(ИмяСвойства);
		Возврат ЗначениеСвойства <> Неопределено;
	КонецЕсли;
	
	Возврат Ложь;
	
КонецФункции"
"Написать функцию ПроверкаЛимитаЗадолженности(Заказ, ЛимитВРублях), которая проверяет
превышение лимита дебиторской задолженности контрагента перед проведением заказа.
Учесть, что взаиморасчеты с контрагентами могут быть указаны в разных валюта.
Учесть, что заказ может быть в разных валютах.
Привести все расчеты к валюте Рубли (RUB).

Параметры:
- Заказ: Структура с полями:
    * Контрагент (СправочникСсылка.Контрагенты)
    * Валюта (СправочникСсылка.Валюты) — валюта суммы заказа
    * Дата (Дата)
    * Сумма (Число) — сумма заказа в валюте Заказ.Валюта
- ЛимитВРублях: Число — лимит в валюте RUB

Функция должна возвращать структуру, где:

Ключ СуммаДебиторскойЗадолженности, Значение - Сумма
Ключ СуммаДебиторскойЗадолженностиСЗаказом, Значение - Сумма
Ключ СуммаЗаказаВРублях, Значение - Сумма
Ключ ЛимитНеПревышен, Значение - Булево
Ключ СообщениеПользователю, Значение - Строка

Требования:
- Использовать запрос к виртуальной таблице Остатки регистра накопления Взаиморасчеты
- Использовать запрос к СрезПоследних регистра сведений КурсыВалют.","{""Documents"": [{""id"": ""Заказ"", ""name"": ""Заказ"", ""Attributes"": [{""id"": ""Покупатель"", ""name"": ""Покупатель"", ""types"": [{""type"": ""Ref"", ""id"": ""Справочник.Контрагенты""}]}, {""id"": ""Склад"", ""name"": ""Склад"", ""types"": [{""type"": ""Ref"", ""id"": ""Справочник.Склады""}]}, {""id"": ""Валюта"", ""name"": ""Валюта взаиморасчетов"", ""types"": [{""type"": ""Ref"", ""id"": ""Справочник.Валюты""}]}, {""id"": ""ВидЦен"", ""name"": ""Вид цен"", ""types"": [{""type"": ""Ref"", ""id"": ""Справочник.ВидыЦен""}]}, {""id"": ""Организация"", ""name"": ""Организация"", ""types"": [{""type"": ""Ref"", ""id"": ""Справочник.Организации""}]}, {""id"": ""СостояниеЗаказа"", ""name"": ""Состояние заказа"", ""types"": [{""type"": ""Ref"", ""id"": ""Перечисление.СостоянияЗаказов""}]}, {""id"": ""Автор"", ""name"": ""Автор"", ""types"": [{""type"": ""Ref"", ""id"": ""Справочник.Пользователи""}]}, {""id"": ""Сумма"", ""name"": ""Сумма"", ""types"": [{""type"": ""Number"", ""NumberQualifiers"": ""10.2""}]}], ""TabularSections"": [{""id"": ""Товары"", ""name"": ""Товары"", ""Attributes"": [{""id"": ""Товар"", ""name"": ""Товар"", ""types"": [{""type"": ""Ref"", ""id"": ""Справочник.Товары""}]}, {""id"": ""Цена"", ""name"": ""Цена"", ""types"": [{""type"": ""Number"", ""NumberQualifiers"": ""10.2""}]}, {""id"": ""Количество"", ""name"": ""Количество"", ""types"": [{""type"": ""Number"", ""NumberQualifiers"": ""10.0""}]}, {""id"": ""Сумма"", ""name"": ""Сумма"", ""types"": [{""type"": ""Number"", ""NumberQualifiers"": ""10.2""}]}]}]}], ""AccumulationRegisters"": [{""id"": ""Взаиморасчеты"", ""name"": ""Взаиморасчеты"", ""RegisterType"": ""Balance"", ""Dimensions"": [{""id"": ""Контрагент"", ""name"": ""Контрагент"", ""types"": [{""type"": ""Ref"", ""id"": ""Справочник.Контрагенты""}]}, {""id"": ""Валюта"", ""name"": ""Валюта"", ""types"": [{""type"": ""Ref"", ""id"": ""Справочник.Валюты""}]}], ""Resources"": [{""id"": ""Сумма"", ""name"": ""Сумма"", ""types"": [{""type"": ""Number"", ""NumberQualifiers"": ""10.2""}]}]}], ""InformationRegisters"": [{""id"": ""КурсыВалют"", ""name"": ""Курсы валют"", ""InformationRegisterPeriodicity"": ""Day"", ""WriteMode"": ""Independent"", ""Dimensions"": [{""id"": ""Валюта"", ""name"": ""Валюта"", ""types"": [{""type"": ""Ref"", ""id"": ""Справочник.Валюты""}]}], ""Resources"": [{""id"": ""Курс"", ""name"": ""Курс"", ""types"": [{""type"": ""Number"", ""NumberQualifiers"": ""10.2""}]}]}], ""Catalogs"": [{""id"": ""Валюты"", ""name"": ""Валюты"", ""Attributes"": [{""id"": ""НаименованиеОсновнойВалюты"", ""name"": ""Наименование основной валюты"", ""types"": [{""type"": ""String"", ""StringQualifiers"": ""0""}]}, {""id"": ""НаименованиеРазменнойВалюты"", ""name"": ""Наименование разменной валюты"", ""types"": [{""type"": ""String"", ""StringQualifiers"": ""0""}]}]}, {""id"": ""Контрагенты"", ""name"": ""Контрагенты"", ""Attributes"": [{""id"": ""Регион"", ""name"": ""Регион"", ""types"": [{""type"": ""Ref"", ""id"": ""Справочник.Регионы""}]}, {""id"": ""Индекс"", ""name"": ""Индекс"", ""types"": [{""type"": ""String"", ""StringQualifiers"": ""10""}]}, {""id"": ""Страна"", ""name"": ""Страна"", ""types"": [{""type"": ""String"", ""StringQualifiers"": ""0""}]}, {""id"": ""Город"", ""name"": ""Город"", ""types"": [{""type"": ""String"", ""StringQualifiers"": ""0""}]}, {""id"": ""Улица"", ""name"": ""Улица"", ""types"": [{""type"": ""String"", ""StringQualifiers"": ""0""}]}, {""id"": ""Дом"", ""name"": ""Дом"", ""types"": [{""type"": ""String"", ""StringQualifiers"": ""15""}]}, {""id"": ""Телефон"", ""name"": ""Телефон"", ""types"": [{""type"": ""String"", ""StringQualifiers"": ""16""}]}, {""id"": ""ЭлектроннаяПочта"", ""name"": ""Электронная почта"", ""types"": [{""type"": ""String"", ""StringQualifiers"": ""40""}]}, {""id"": ""Факс"", ""name"": ""Факс"", ""types"": [{""type"": ""String"", ""StringQualifiers"": ""16""}]}, {""id"": ""ВебСайт"", ""name"": ""Веб сайт"", ""types"": [{""type"": ""String"", ""StringQualifiers"": ""40""}]}, {""id"": ""ВидЦен"", ""name"": ""Вид цен"", ""types"": [{""type"": ""Ref"", ""id"": ""Справочник.ВидыЦен""}]}, {""id"": ""ДополнительнаяИнформация"", ""name"": ""Дополнительная информация"", ""types"": [{""type"": ""String"", ""StringQualifiers"": ""0""}]}, {""id"": ""КонтактноеЛицо"", ""name"": ""Контактное лицо"", ""types"": [{""type"": ""String"", ""StringQualifiers"": ""100""}]}, {""id"": ""Широта"", ""name"": ""Широта"", ""types"": [{""type"": ""Number"", ""NumberQualifiers"": ""10.6""}]}, {""id"": ""Долгота"", ""name"": ""Долгота"", ""types"": [{""type"": ""Number"", ""NumberQualifiers"": ""10.6""}]}]}]}",task_041,server,high,Коробов_Сложная_задача.epf,"// Общий модуль, серверная функция.
// Предполагается, что ресурс КурсыВалют.Курс хранится как количество рублей за 1 единицу валюты.

Функция ПроверкаЛимитаЗадолженности(Заказ, ЛимитВРублях) Экспорт
	
	Результат = НовыйРезультатПроверкиЛимита();
	
	Если Заказ = Неопределено Или ТипЗнч(Заказ) <> Тип(""Структура"") Тогда
		Результат.СообщениеПользователю = ""Проверка лимита невозможна: параметр Заказ не заполнен или имеет неверный тип."";
		Возврат Результат;
	КонецЕсли;
	
	Контрагент = Неопределено;
	Если Не Заказ.Свойство(""Контрагент"", Контрагент) Тогда
		// На случай вызова функции по данным документа Заказ из данной конфигурации,
		// где реквизит контрагента называется Покупатель.
		Заказ.Свойство(""Покупатель"", Контрагент);
	КонецЕсли;
	
	ВалютаЗаказа = Неопределено;
	ДатаЗаказа = Неопределено;
	СуммаЗаказа = 0;
	
	Заказ.Свойство(""Валюта"", ВалютаЗаказа);
	Заказ.Свойство(""Дата"", ДатаЗаказа);
	Заказ.Свойство(""Сумма"", СуммаЗаказа);
	
	Если Не ЗначениеЗаполнено(Контрагент) Тогда
		Результат.СообщениеПользователю = ""Проверка лимита невозможна: не указан контрагент."";
		Возврат Результат;
	КонецЕсли;
	
	Если Не ЗначениеЗаполнено(ВалютаЗаказа) Тогда
		Результат.СообщениеПользователю = ""Проверка лимита невозможна: не указана валюта заказа."";
		Возврат Результат;
	КонецЕсли;
	
	Если Не ЗначениеЗаполнено(ДатаЗаказа) Тогда
		Результат.СообщениеПользователю = ""Проверка лимита невозможна: не указана дата заказа."";
		Возврат Результат;
	КонецЕсли;
	
	ВалютаРубль = ПолучитьВалютуРубль();
	Если Не ЗначениеЗаполнено(ВалютаРубль) Тогда
		Результат.СообщениеПользователю = ""Проверка лимита невозможна: не найдена валюта RUB в справочнике Валюты."";
		Возврат Результат;
	КонецЕсли;
	
	ДанныеДолга = ПолучитьДебиторскуюЗадолженностьВРублях(Контрагент, ДатаЗаказа, ВалютаРубль);
	ДанныеЗаказа = ПересчитатьСуммуВРубли(СуммаЗаказа, ВалютаЗаказа, ДатаЗаказа, ВалютаРубль);
	
	Результат.СуммаДебиторскойЗадолженности = Окр(ДанныеДолга.СуммаВРублях, 2);
	Результат.СуммаЗаказаВРублях = Окр(ДанныеЗаказа.СуммаВРублях, 2);
	Результат.СуммаДебиторскойЗадолженностиСЗаказом = Окр(
		Результат.СуммаДебиторскойЗадолженности + Результат.СуммаЗаказаВРублях, 2);
	
	ТекстОшибкиКурсов = """";
	
	Если ДанныеДолга.ЕстьВалютыБезКурса Тогда
		ТекстОшибкиКурсов = ТекстОшибкиКурсов
			+ ""Не найдены курсы валют взаиморасчетов на дату "" + Формат(ДатаЗаказа, ""ДФ=dd.MM.yyyy"") + ""."";
	КонецЕсли;
	
	Если Не ДанныеЗаказа.КурсНайден Тогда
		Если ТекстОшибкиКурсов <> """" Тогда
			ТекстОшибкиКурсов = ТекстОшибкиКурсов + Символы.ПС;
		КонецЕсли;
		
		ТекстОшибкиКурсов = ТекстОшибкиКурсов
			+ ""Не найден курс валюты заказа на дату "" + Формат(ДатаЗаказа, ""ДФ=dd.MM.yyyy"") + ""."";
	КонецЕсли;
	
	Если ТекстОшибкиКурсов <> """" Тогда
		Результат.ЛимитНеПревышен = Ложь;
		Результат.СообщениеПользователю = ""Проверка лимита невозможна."" + Символы.ПС + ТекстОшибкиКурсов;
		Возврат Результат;
	КонецЕсли;
	
	Результат.ЛимитНеПревышен = Результат.СуммаДебиторскойЗадолженностиСЗаказом <= ЛимитВРублях;
	
	Если Результат.ЛимитНеПревышен Тогда
		Результат.СообщениеПользователю =
			""Лимит дебиторской задолженности не превышен. ""
			+ ""Задолженность с учетом заказа: ""
			+ СуммаКСтроке(Результат.СуммаДебиторскойЗадолженностиСЗаказом)
			+ "" RUB, лимит: ""
			+ СуммаКСтроке(ЛимитВРублях)
			+ "" RUB."";
	Иначе
		Результат.СообщениеПользователю =
			""Превышен лимит дебиторской задолженности. ""
			+ ""Задолженность с учетом заказа: ""
			+ СуммаКСтроке(Результат.СуммаДебиторскойЗадолженностиСЗаказом)
			+ "" RUB, лимит: ""
			+ СуммаКСтроке(ЛимитВРублях)
			+ "" RUB."";
	КонецЕсли;
	
	Возврат Результат;
	
КонецФункции

Функция НовыйРезультатПроверкиЛимита()
	
	Результат = Новый Структура;
	Результат.Вставить(""СуммаДебиторскойЗадолженности"", 0);
	Результат.Вставить(""СуммаДебиторскойЗадолженностиСЗаказом"", 0);
	Результат.Вставить(""СуммаЗаказаВРублях"", 0);
	Результат.Вставить(""ЛимитНеПревышен"", Ложь);
	Результат.Вставить(""СообщениеПользователю"", """");
	
	Возврат Результат;
	
КонецФункции

Функция ПолучитьДебиторскуюЗадолженностьВРублях(Контрагент, ДатаОстатков, ВалютаРубль)
	
	Результат = Новый Структура;
	Результат.Вставить(""СуммаВРублях"", 0);
	Результат.Вставить(""ЕстьВалютыБезКурса"", Ложь);
	
	Запрос = Новый Запрос;
	Запрос.Текст = 
""ВЫБРАТЬ
|	ЕСТЬNULL(СУММА(
|		ВЫБОР
|			КОГДА ВзаиморасчетыОстатки.СуммаОстаток > 0
|				ТОГДА ВзаиморасчетыОстатки.СуммаОстаток
|					* ВЫБОР
|						КОГДА ВзаиморасчетыОстатки.Валюта = &ВалютаРубль
|							ТОГДА 1
|						КОГДА ЕСТЬNULL(КурсыВалютСрезПоследних.Курс, 0) > 0
|							ТОГДА КурсыВалютСрезПоследних.Курс
|						ИНАЧЕ 0
|					КОНЕЦ
|			ИНАЧЕ 0
|		КОНЕЦ), 0) КАК СуммаВРублях,
|	ЕСТЬNULL(СУММА(
|		ВЫБОР
|			КОГДА ВзаиморасчетыОстатки.СуммаОстаток > 0
|				И ВзаиморасчетыОстатки.Валюта <> &ВалютаРубль
|				И ЕСТЬNULL(КурсыВалютСрезПоследних.Курс, 0) <= 0
|				ТОГДА 1
|			ИНАЧЕ 0
|		КОНЕЦ), 0) КАК КоличествоВалютБезКурса
|ИЗ
|	РегистрНакопления.Взаиморасчеты.Остатки(&ДатаОстатков, Контрагент = &Контрагент) КАК ВзаиморасчетыОстатки
|		ЛЕВОЕ СОЕДИНЕНИЕ РегистрСведений.КурсыВалют.СрезПоследних(&ДатаОстатков) КАК КурсыВалютСрезПоследних
|		ПО ВзаиморасчетыОстатки.Валюта = КурсыВалютСрезПоследних.Валюта"";
	
	Запрос.УстановитьПараметр(""ДатаОстатков"", ДатаОстатков);
	Запрос.УстановитьПараметр(""Контрагент"", Контрагент);
	Запрос.УстановитьПараметр(""ВалютаРубль"", ВалютаРубль);
	
	Выборка = Запрос.Выполнить().Выбрать();
	Если Выборка.Следующий() Тогда
		Результат.СуммаВРублях = Выборка.СуммаВРублях;
		Результат.ЕстьВалютыБезКурса = Выборка.КоличествоВалютБезКурса > 0;
	КонецЕсли;
	
	Возврат Результат;
	
КонецФункции

Функция ПересчитатьСуммуВРубли(Сумма, Валюта, ДатаКурса, ВалютаРубль)
	
	Результат = Новый Структура;
	Результат.Вставить(""СуммаВРублях"", 0);
	Результат.Вставить(""Курс"", 0);
	Результат.Вставить(""КурсНайден"", Истина);
	
	Если Валюта = ВалютаРубль Тогда
		Результат.Курс = 1;
		Результат.СуммаВРублях = Сумма;
		Возврат Результат;
	КонецЕсли;
	
	Запрос = Новый Запрос;
	Запрос.Текст = 
""ВЫБРАТЬ
|	КурсыВалютСрезПоследних.Курс КАК Курс
|ИЗ
|	РегистрСведений.КурсыВалют.СрезПоследних(&ДатаКурса, Валюта = &Валюта) КАК КурсыВалютСрезПоследних"";
	
	Запрос.УстановитьПараметр(""ДатаКурса"", ДатаКурса);
	Запрос.УстановитьПараметр(""Валюта"", Валюта);
	
	Выборка = Запрос.Выполнить().Выбрать();
	
	Если Не Выборка.Следующий() Или Выборка.Курс <= 0 Тогда
		Результат.КурсНайден = Ложь;
		Возврат Результат;
	КонецЕсли;
	
	Результат.Курс = Выборка.Курс;
	Результат.СуммаВРублях = Сумма * Выборка.Курс;
	
	Возврат Результат;
	
КонецФункции

Функция ПолучитьВалютуРубль()
	
	НаименованияОсновнойВалюты = Новый Массив;
	НаименованияОсновнойВалюты.Добавить(""RUB"");
	НаименованияОсновнойВалюты.Добавить(""руб"");
	НаименованияОсновнойВалюты.Добавить(""рубль"");
	НаименованияОсновнойВалюты.Добавить(""рубли"");
	НаименованияОсновнойВалюты.Добавить(""Российский рубль"");
	НаименованияОсновнойВалюты.Добавить(""Российские рубли"");
	
	Запрос = Новый Запрос;
	Запрос.Текст = 
""ВЫБРАТЬ ПЕРВЫЕ 1
|	Валюты.Ссылка КАК Валюта
|ИЗ
|	Справочник.Валюты КАК Валюты
|ГДЕ
|	НЕ Валюты.ПометкаУдаления
|	И (
|		Валюты.Наименование = &КодRUB
|		ИЛИ Валюты.Наименование = &НаименованиеRUB
|		ИЛИ Валюты.НаименованиеОсновнойВалюты В (&НаименованияОсновнойВалюты)
|	)"";
	
	Запрос.УстановитьПараметр(""КодRUB"", ""RUB"");
	Запрос.УстановитьПараметр(""НаименованиеRUB"", ""Рубли"");
	Запрос.УстановитьПараметр(""НаименованияОсновнойВалюты"", НаименованияОсновнойВалюты);
	
	Выборка = Запрос.Выполнить().Выбрать();
	Если Выборка.Следующий() Тогда
		Возврат Выборка.Валюта;
	КонецЕсли;
	
	Возврат Справочники.Валюты.ПустаяСсылка();
	
КонецФункции

Функция СуммаКСтроке(Сумма)
	
	Возврат СокрЛП(Формат(Окр(Сумма, 2), ""ЧДЦ=2""));
	
КонецФункции"
"Написать функцию ПолучитьОстаткиПоНоменклатуреПоВсемСкладам(ТаблицаТовары). Функция принимает ТаблицуЗначений.
Таблица значений содержит информацию по остаткам номенклатуры со следующими колонками:

- Номенклатура (Строка)
- Склад (Строка)
- Количество (Число)
- Сумма (Число)

Таблица может содержать несколько строк с одинаковой Номенклатурой по разным складам. 
Необходимо вернуть новую ТаблицуЗначений с тремя колонками:
- Номенклатура (Строка)
- Количество (Число)
- Сумма (Число)

Для каждой Номенклатуры должна остаться одна строка, а Количество и Сумма должны быть суммой по всем исходным строкам.

Требования:
- Использовать язык запросов.
- Не изменять входную ТаблицуЗначений.
- В возвращаемой таблице строки должны быть отсортированы по Номенклатуре по возрастанию.","{""AccumulationRegisters"": [{""id"": ""ТоварныеЗапасы"", ""name"": ""Товарные запасы"", ""RegisterType"": ""Balance"", ""Dimensions"": [{""id"": ""Товар"", ""name"": ""Товар"", ""types"": [{""type"": ""Ref"", ""id"": ""Справочник.Товары""}]}, {""id"": ""Склад"", ""name"": ""Склад"", ""types"": [{""type"": ""Ref"", ""id"": ""Справочник.Склады""}]}], ""Resources"": [{""id"": ""Количество"", ""name"": ""Количество"", ""types"": [{""type"": ""Number"", ""NumberQualifiers"": ""10.2""}]}]}], ""Catalogs"": [{""id"": ""Склады"", ""name"": ""Склады"", ""Attributes"": [{""id"": ""НеИспользовать"", ""name"": ""Не использовать"", ""types"": [{""type"": ""Boolean""}]}]}, {""id"": ""Товары"", ""name"": ""Товары"", ""Attributes"": [{""id"": ""Артикул"", ""name"": ""Артикул"", ""types"": [{""type"": ""String"", ""StringQualifiers"": ""15""}]}, {""id"": ""Поставщик"", ""name"": ""Поставщик"", ""types"": [{""type"": ""Ref"", ""id"": ""Справочник.Контрагенты""}]}, {""id"": ""ФайлКартинки"", ""name"": ""Картинка"", ""types"": [{""type"": ""Ref"", ""id"": ""Справочник.ХранимыеФайлы""}]}, {""id"": ""Вид"", ""name"": ""Вид"", ""types"": []}, {""id"": ""Штрихкод"", ""name"": ""Штрихкод"", ""types"": [{""type"": ""String"", ""StringQualifiers"": ""20""}]}, {""id"": ""Описание"", ""name"": ""Описание"", ""types"": [{""type"": ""String"", ""StringQualifiers"": ""0""}]}]}]}",task_042,server,mid,Коробов_Средняя_задача_V2.epf,"Функция ПолучитьОстаткиПоНоменклатуреПоВсемСкладам(ТаблицаТовары) Экспорт
	
	Запрос = Новый Запрос;
	Запрос.УстановитьПараметр(""ТаблицаТовары"", ТаблицаТовары);
	
	Запрос.Текст = 
""ВЫБРАТЬ
|	ТаблицаТовары.Номенклатура КАК Номенклатура,
|	СУММА(ТаблицаТовары.Количество) КАК Количество,
|	СУММА(ТаблицаТовары.Сумма) КАК Сумма
|ИЗ
|	&ТаблицаТовары КАК ТаблицаТовары
|
|СГРУППИРОВАТЬ ПО
|	ТаблицаТовары.Номенклатура
|
|УПОРЯДОЧИТЬ ПО
|	Номенклатура ВОЗР"";
	
	Возврат Запрос.Выполнить().Выгрузить();
	
КонецФункции"
"Написать функцию ПолучитьТаблицуАнализаПродаж(НачалоПериода, ОкончаниеПериода, НормаПродаж), которая формирует таблицу, анализирующую продажи товара за указанный период.
Таблица должна содержать колонки:
Товар (тип: СправочникСсылка.Товары) - проданный товар.
КоличествоДнейМин (тип: Число) - количество дней за период, когда товар не продавался(продажи = 0).
КоличествоДнейМакс - (тип: Число) - количество дней за период, когда продажи товара были максимальными.
КоличествоДнейНорма - (тип: Число) - количество дней за период, когда продажи товара превышали норму. 
СуммаВсего - (тип: Число) - сумма продаж за период.
ОстатокНаКонецПериода - (тип: Число) - остаток товара на конец периода.

Параметры функции: 
НачалоПериода (тип: Дата) - начало периода.
ОкончаниеПериода (тип: Дата) - окончание периода.
НормаПродаж (тип: Число) - норма, с которой сверяются продажи товара.

Данные продаж товаров берутся из регистра накопления ""Продажи"". Данные остатков по товарам берутся из регистра накопления ""ТоварныеЗапасы"".","{""AccumulationRegisters"": [{""id"": ""Продажи"", ""name"": ""Продажи"", ""RegisterType"": ""Turnovers"", ""Dimensions"": [{""id"": ""Покупатель"", ""name"": ""Покупатель"", ""types"": [{""type"": ""Ref"", ""id"": ""Справочник.Контрагенты""}]}, {""id"": ""Товар"", ""name"": ""Товар"", ""types"": [{""type"": ""Ref"", ""id"": ""Справочник.Товары""}]}], ""Resources"": [{""id"": ""Количество"", ""name"": ""Количество"", ""types"": [{""type"": ""Number"", ""NumberQualifiers"": ""10.2""}]}, {""id"": ""Сумма"", ""name"": ""Сумма"", ""types"": [{""type"": ""Number"", ""NumberQualifiers"": ""10.2""}]}]}, {""id"": ""ТоварныеЗапасы"", ""name"": ""Товарные запасы"", ""RegisterType"": ""Balance"", ""Dimensions"": [{""id"": ""Товар"", ""name"": ""Товар"", ""types"": [{""type"": ""Ref"", ""id"": ""Справочник.Товары""}]}, {""id"": ""Склад"", ""name"": ""Склад"", ""types"": [{""type"": ""Ref"", ""id"": ""Справочник.Склады""}]}], ""Resources"": [{""id"": ""Количество"", ""name"": ""Количество"", ""types"": [{""type"": ""Number"", ""NumberQualifiers"": ""10.2""}]}]}], ""Catalogs"": [{""id"": ""Товары"", ""name"": ""Товары"", ""Attributes"": [{""id"": ""Артикул"", ""name"": ""Артикул"", ""types"": [{""type"": ""String"", ""StringQualifiers"": ""15""}]}, {""id"": ""Поставщик"", ""name"": ""Поставщик"", ""types"": [{""type"": ""Ref"", ""id"": ""Справочник.Контрагенты""}]}, {""id"": ""ФайлКартинки"", ""name"": ""Картинка"", ""types"": [{""type"": ""Ref"", ""id"": ""Справочник.ХранимыеФайлы""}]}, {""id"": ""Вид"", ""name"": ""Вид"", ""types"": []}, {""id"": ""Штрихкод"", ""name"": ""Штрихкод"", ""types"": [{""type"": ""String"", ""StringQualifiers"": ""20""}]}, {""id"": ""Описание"", ""name"": ""Описание"", ""types"": [{""type"": ""String"", ""StringQualifiers"": ""0""}]}]}]}",task_043,server,high,Куликова_Сложная_задача.epf,"Функция ПолучитьТаблицуАнализаПродаж(НачалоПериода, ОкончаниеПериода, НормаПродаж) Экспорт
	
	ТаблицаАнализа = Новый ТаблицаЗначений;
	ТаблицаАнализа.Колонки.Добавить(""Товар"", Новый ОписаниеТипов(""СправочникСсылка.Товары""));
	ТаблицаАнализа.Колонки.Добавить(""КоличествоДнейМин"", Новый ОписаниеТипов(""Число"", Новый КвалификаторыЧисла(10, 0)));
	ТаблицаАнализа.Колонки.Добавить(""КоличествоДнейМакс"", Новый ОписаниеТипов(""Число"", Новый КвалификаторыЧисла(10, 0)));
	ТаблицаАнализа.Колонки.Добавить(""КоличествоДнейНорма"", Новый ОписаниеТипов(""Число"", Новый КвалификаторыЧисла(10, 0)));
	ТаблицаАнализа.Колонки.Добавить(""СуммаВсего"", Новый ОписаниеТипов(""Число"", Новый КвалификаторыЧисла(15, 2)));
	ТаблицаАнализа.Колонки.Добавить(""ОстатокНаКонецПериода"", Новый ОписаниеТипов(""Число"", Новый КвалификаторыЧисла(15, 2)));
	
	Если НачалоПериода = Неопределено
		Или ОкончаниеПериода = Неопределено Тогда
		Возврат ТаблицаАнализа;
	КонецЕсли;
	
	НачалоПериодаЗапроса = НачалоДня(НачалоПериода);
	ОкончаниеПериодаЗапроса = КонецДня(ОкончаниеПериода);
	
	Если НачалоПериодаЗапроса > ОкончаниеПериодаЗапроса Тогда
		Возврат ТаблицаАнализа;
	КонецЕсли;
	
	КоличествоДнейВПериоде = Цел((НачалоДня(ОкончаниеПериодаЗапроса) - НачалоПериодаЗапроса) / 86400) + 1;
	
	Запрос = Новый Запрос;
	Запрос.Текст = 
""ВЫБРАТЬ
|	НАЧАЛОПЕРИОДА(ПродажиОбороты.Период, ДЕНЬ) КАК ДеньПродажи,
|	ПродажиОбороты.Товар КАК Товар,
|	СУММА(ПродажиОбороты.КоличествоОборот) КАК Количество,
|	СУММА(ПродажиОбороты.СуммаОборот) КАК Сумма
|ПОМЕСТИТЬ ВТПродажиПоДням
|ИЗ
|	РегистрНакопления.Продажи.Обороты(&НачалоПериода, &ОкончаниеПериода, День, ) КАК ПродажиОбороты
|
|СГРУППИРОВАТЬ ПО
|	НАЧАЛОПЕРИОДА(ПродажиОбороты.Период, ДЕНЬ),
|	ПродажиОбороты.Товар
|
|ИМЕЮЩИЕ
|	СУММА(ПродажиОбороты.КоличествоОборот) <> 0
|;
|
|////////////////////////////////////////////////////////////////////////////////
|ВЫБРАТЬ
|	ПродажиПоДням.Товар КАК Товар,
|	КОЛИЧЕСТВО(*) КАК КоличествоДнейПродаж,
|	МАКСИМУМ(ПродажиПоДням.Количество) КАК МаксимальноеКоличество,
|	СУММА(ПродажиПоДням.Сумма) КАК СуммаВсего
|ПОМЕСТИТЬ ВТПродажиПоТоварам
|ИЗ
|	ВТПродажиПоДням КАК ПродажиПоДням
|
|СГРУППИРОВАТЬ ПО
|	ПродажиПоДням.Товар
|;
|
|////////////////////////////////////////////////////////////////////////////////
|ВЫБРАТЬ
|	ТоварныеЗапасыОстатки.Товар КАК Товар,
|	СУММА(ТоварныеЗапасыОстатки.КоличествоОстаток) КАК ОстатокНаКонецПериода
|ПОМЕСТИТЬ ВТОстаткиТоваров
|ИЗ
|	РегистрНакопления.ТоварныеЗапасы.Остатки(&ОкончаниеПериода, ) КАК ТоварныеЗапасыОстатки
|
|СГРУППИРОВАТЬ ПО
|	ТоварныеЗапасыОстатки.Товар
|;
|
|////////////////////////////////////////////////////////////////////////////////
|ВЫБРАТЬ
|	ПродажиПоТоварам.Товар КАК Товар,
|	&КоличествоДнейВПериоде - ПродажиПоТоварам.КоличествоДнейПродаж КАК КоличествоДнейМин,
|	СУММА(
|		ВЫБОР
|			КОГДА ПродажиПоДням.Количество = ПродажиПоТоварам.МаксимальноеКоличество
|				ТОГДА 1
|			ИНАЧЕ 0
|		КОНЕЦ) КАК КоличествоДнейМакс,
|	СУММА(
|		ВЫБОР
|			КОГДА ПродажиПоДням.Количество > &НормаПродаж
|				ТОГДА 1
|			ИНАЧЕ 0
|		КОНЕЦ) КАК КоличествоДнейНорма,
|	ПродажиПоТоварам.СуммаВсего КАК СуммаВсего,
|	ЕСТЬNULL(ОстаткиТоваров.ОстатокНаКонецПериода, 0) КАК ОстатокНаКонецПериода
|ИЗ
|	ВТПродажиПоТоварам КАК ПродажиПоТоварам
|		ЛЕВОЕ СОЕДИНЕНИЕ ВТПродажиПоДням КАК ПродажиПоДням
|		ПО ПродажиПоТоварам.Товар = ПродажиПоДням.Товар
|		ЛЕВОЕ СОЕДИНЕНИЕ ВТОстаткиТоваров КАК ОстаткиТоваров
|		ПО ПродажиПоТоварам.Товар = ОстаткиТоваров.Товар
|
|СГРУППИРОВАТЬ ПО
|	ПродажиПоТоварам.Товар,
|	ПродажиПоТоварам.КоличествоДнейПродаж,
|	ПродажиПоТоварам.СуммаВсего,
|	ЕСТЬNULL(ОстаткиТоваров.ОстатокНаКонецПериода, 0)
|
|УПОРЯДОЧИТЬ ПО
|	Товар"";
	
	Запрос.УстановитьПараметр(""НачалоПериода"", НачалоПериодаЗапроса);
	Запрос.УстановитьПараметр(""ОкончаниеПериода"", ОкончаниеПериодаЗапроса);
	Запрос.УстановитьПараметр(""КоличествоДнейВПериоде"", КоличествоДнейВПериоде);
	Запрос.УстановитьПараметр(""НормаПродаж"", НормаПродаж);
	
	РезультатЗапроса = Запрос.Выполнить();
	Выборка = РезультатЗапроса.Выбрать();
	
	Пока Выборка.Следующий() Цикл
		
		НоваяСтрока = ТаблицаАнализа.Добавить();
		НоваяСтрока.Товар = Выборка.Товар;
		НоваяСтрока.КоличествоДнейМин = Выборка.КоличествоДнейМин;
		НоваяСтрока.КоличествоДнейМакс = Выборка.КоличествоДнейМакс;
		НоваяСтрока.КоличествоДнейНорма = Выборка.КоличествоДнейНорма;
		НоваяСтрока.СуммаВсего = Выборка.СуммаВсего;
		НоваяСтрока.ОстатокНаКонецПериода = Выборка.ОстатокНаКонецПериода;
		
	КонецЦикла;
	
	Возврат ТаблицаАнализа;
	
КонецФункции"
"Создай функцию ЗаполнитьТабличныйДокумент(ТабДокумент, Макет, Дата, ВидЦен) которая выводит в табличный документ актуальные цены товаров на заданную дату.
 
Параметры функции:
ТабДокумент (тип: ТабличныйДокумент) - результирующий табличный документ. 
Макет - (тип: ТабличныйДокумент). Шаблон, по которому заполняется табличный документ. В макете есть области Шапка, ШапкаТаблицы и Строка. 
В области Шапка есть параметр ""НаДату"", в области Строка есть параметры ""Товар"", ""Артикул"", ""ВидЦен"", ""Цена"". 
Дата (тип: Дата) - дата, на которую нужно получить цены товаров. 
ВидЦен - (тип: СправочникСсылка.ВидыЦен) - вид используемых цен товаров. Параметр может быть не задан, тогда выводятся цены товаров с учетом различных видов цен. 

Данные цен товаров хранятся в регистре сведений ""ЦеныТоваров"".","{""InformationRegisters"": [{""id"": ""ЦеныТоваров"", ""name"": ""Цены товаров"", ""InformationRegisterPeriodicity"": ""Day"", ""WriteMode"": ""Independent"", ""Dimensions"": [{""id"": ""Товар"", ""name"": ""Товар"", ""types"": [{""type"": ""Ref"", ""id"": ""Справочник.Товары""}]}, {""id"": ""ВидЦен"", ""name"": ""Вид цен"", ""types"": [{""type"": ""Ref"", ""id"": ""Справочник.ВидыЦен""}]}], ""Resources"": [{""id"": ""Цена"", ""name"": ""Цена"", ""types"": [{""type"": ""Number"", ""NumberQualifiers"": ""10.2""}]}]}], ""Catalogs"": [{""id"": ""ВидыЦен"", ""name"": ""Виды цен"", ""Attributes"": []}, {""id"": ""Товары"", ""name"": ""Товары"", ""Attributes"": [{""id"": ""Артикул"", ""name"": ""Артикул"", ""types"": [{""type"": ""String"", ""StringQualifiers"": ""15""}]}, {""id"": ""Поставщик"", ""name"": ""Поставщик"", ""types"": [{""type"": ""Ref"", ""id"": ""Справочник.Контрагенты""}]}, {""id"": ""ФайлКартинки"", ""name"": ""Картинка"", ""types"": [{""type"": ""Ref"", ""id"": ""Справочник.ХранимыеФайлы""}]}, {""id"": ""Вид"", ""name"": ""Вид"", ""types"": []}, {""id"": ""Штрихкод"", ""name"": ""Штрихкод"", ""types"": [{""type"": ""String"", ""StringQualifiers"": ""20""}]}, {""id"": ""Описание"", ""name"": ""Описание"", ""types"": [{""type"": ""String"", ""StringQualifiers"": ""0""}]}]}]}",task_044,server,mid,Куликова_Средняя_задача.epf,"Функция ЗаполнитьТабличныйДокумент(ТабДокумент, Макет, Дата, ВидЦен = Неопределено) Экспорт
	
	ТабДокумент.Очистить();
	
	ОбластьШапка = Макет.ПолучитьОбласть(""Шапка"");
	ОбластьШапкаТаблицы = Макет.ПолучитьОбласть(""ШапкаТаблицы"");
	ОбластьСтрока = Макет.ПолучитьОбласть(""Строка"");
	
	ОбластьШапка.Параметры.НаДату = Дата;
	
	ТабДокумент.Вывести(ОбластьШапка);
	ТабДокумент.Вывести(ОбластьШапкаТаблицы);
	
	Запрос = Новый Запрос;
	Запрос.УстановитьПараметр(""Дата"", Дата);
	
	Если ЗначениеЗаполнено(ВидЦен) Тогда
		
		Запрос.УстановитьПараметр(""ВидЦен"", ВидЦен);
		
		Запрос.Текст = 
""ВЫБРАТЬ
|	ЦеныТоваровСрезПоследних.Товар КАК Товар,
|	ЦеныТоваровСрезПоследних.Товар.Артикул КАК Артикул,
|	ЦеныТоваровСрезПоследних.ВидЦен КАК ВидЦен,
|	ЦеныТоваровСрезПоследних.Цена КАК Цена
|ИЗ
|	РегистрСведений.ЦеныТоваров.СрезПоследних(&Дата, ВидЦен = &ВидЦен) КАК ЦеныТоваровСрезПоследних
|ГДЕ
|	НЕ ЦеныТоваровСрезПоследних.Товар.ПометкаУдаления
|
|УПОРЯДОЧИТЬ ПО
|	Товар,
|	ВидЦен"";
		
	Иначе
		
		Запрос.Текст = 
""ВЫБРАТЬ
|	ЦеныТоваровСрезПоследних.Товар КАК Товар,
|	ЦеныТоваровСрезПоследних.Товар.Артикул КАК Артикул,
|	ЦеныТоваровСрезПоследних.ВидЦен КАК ВидЦен,
|	ЦеныТоваровСрезПоследних.Цена КАК Цена
|ИЗ
|	РегистрСведений.ЦеныТоваров.СрезПоследних(&Дата) КАК ЦеныТоваровСрезПоследних
|ГДЕ
|	НЕ ЦеныТоваровСрезПоследних.Товар.ПометкаУдаления
|
|УПОРЯДОЧИТЬ ПО
|	Товар,
|	ВидЦен"";
		
	КонецЕсли;
	
	ВыборкаЦены = Запрос.Выполнить().Выбрать();
	
	Пока ВыборкаЦены.Следующий() Цикл
		
		ОбластьСтрока.Параметры.Товар = ВыборкаЦены.Товар;
		ОбластьСтрока.Параметры.Артикул = ВыборкаЦены.Артикул;
		ОбластьСтрока.Параметры.ВидЦен = ВыборкаЦены.ВидЦен;
		ОбластьСтрока.Параметры.Цена = ВыборкаЦены.Цена;
		
		ТабДокумент.Вывести(ОбластьСтрока);
		
	КонецЦикла;
	
	Возврат ТабДокумент;
	
КонецФункции"
"Написать функцию НайтиКонтрагентовПоКонтактнойИнформации(СтрокаКонтактнойИнформации), 
которая возвращает стуктуру со ссылками на найденных контрагентов вида:
	Ключ: ""КонтактнаяИнформация"",			Значение: тип Строка - переданное значение ""СтрокаКонтактнойИнформации""
	Ключ: ""Количество"",						Значение: тип Число - количество найденных соответствий
	Ключ: ""КоличествоПолныхСоответствий"",	Значение: тип Число - количество полных соответствий
	Ключ: ""Контрагенты"",					Значение: тип ТаблицаЗначений - с колонками 
		""Контрагент""				- тип СправочникСсылка.Контрагенты 
		""ТипКонтактнойИнформации""	- тип Строка, принимающая одно из значений ""Телефон"", ""Факс"", ""ЭлектроннаяПочта"", ""ВебСайт"" и равно имени поля, где найдено соответствие
		""Значение"" 					- тип Строка, найденное значение
		""ПолноеСоответствие""		- тип Булево, 
			""Истина""	- содержимое полей ""Телефон"",""Факс"" равно ""СтрокаКонтактнойИнформации"" после удаления всех символов кроме цифр в сравниваемых значениях
						или содержимое полей ""ЭлектроннаяПочта"", ""ВебСайт"" равно ""СтрокаКонтактнойИнформации"" после удаления пробелов в началах и концах строк;
			""Ложь""		- в противном случае 
		таблица значений должна быть отсортирована так, чтобы сначала выводились контрагенты, имеющие ""ПолноеСоответствие""е
Параметры функции: 
	""СтрокаКонтактнойИнформации"" - тип Строка, номер телефона, адрес e-mail или web-сайта, может быть передана только часть искомого значения (например ""5289621"", ""528-96-"", ""@techno.ru"" и т.п.)
								Если передана пустая строка, то возвращается структура со значениями ключей = ""Неопределено""
	
Данные контрагентов хранятся в справочнике ""Контрагенты""","{""Catalogs"": [{""id"": ""Контрагенты"", ""name"": ""Контрагенты"", ""Attributes"": [{""id"": ""Регион"", ""name"": ""Регион"", ""types"": [{""type"": ""Ref"", ""id"": ""Справочник.Регионы""}]}, {""id"": ""Индекс"", ""name"": ""Индекс"", ""types"": [{""type"": ""String"", ""StringQualifiers"": ""10""}]}, {""id"": ""Страна"", ""name"": ""Страна"", ""types"": [{""type"": ""String"", ""StringQualifiers"": ""0""}]}, {""id"": ""Город"", ""name"": ""Город"", ""types"": [{""type"": ""String"", ""StringQualifiers"": ""0""}]}, {""id"": ""Улица"", ""name"": ""Улица"", ""types"": [{""type"": ""String"", ""StringQualifiers"": ""0""}]}, {""id"": ""Дом"", ""name"": ""Дом"", ""types"": [{""type"": ""String"", ""StringQualifiers"": ""15""}]}, {""id"": ""Телефон"", ""name"": ""Телефон"", ""types"": [{""type"": ""String"", ""StringQualifiers"": ""16""}]}, {""id"": ""ЭлектроннаяПочта"", ""name"": ""Электронная почта"", ""types"": [{""type"": ""String"", ""StringQualifiers"": ""40""}]}, {""id"": ""Факс"", ""name"": ""Факс"", ""types"": [{""type"": ""String"", ""StringQualifiers"": ""16""}]}, {""id"": ""ВебСайт"", ""name"": ""Веб сайт"", ""types"": [{""type"": ""String"", ""StringQualifiers"": ""40""}]}, {""id"": ""ВидЦен"", ""name"": ""Вид цен"", ""types"": [{""type"": ""Ref"", ""id"": ""Справочник.ВидыЦен""}]}, {""id"": ""ДополнительнаяИнформация"", ""name"": ""Дополнительная информация"", ""types"": [{""type"": ""String"", ""StringQualifiers"": ""0""}]}, {""id"": ""КонтактноеЛицо"", ""name"": ""Контактное лицо"", ""types"": [{""type"": ""String"", ""StringQualifiers"": ""100""}]}, {""id"": ""Широта"", ""name"": ""Широта"", ""types"": [{""type"": ""Number"", ""NumberQualifiers"": ""10.6""}]}, {""id"": ""Долгота"", ""name"": ""Долгота"", ""types"": [{""type"": ""Number"", ""NumberQualifiers"": ""10.6""}]}]}]}",task_045,server,high,Петров_Сложная_Задача.epf,"Функция НайтиКонтрагентовПоКонтактнойИнформации(СтрокаКонтактнойИнформации) Экспорт
	
	Если СтрокаКонтактнойИнформации = Неопределено Тогда
		Возврат РезультатПоискаНеопределено();
	КонецЕсли;
	
	СтрокаПоиска = Строка(СтрокаКонтактнойИнформации);
	
	Если СокрЛП(СтрокаПоиска) = """" Тогда
		Возврат РезультатПоискаНеопределено();
	КонецЕсли;
	
	ЦифрыПоиска = ТолькоЦифры(СтрокаПоиска);
	СтрокаПоискаБезКрайнихПробелов = СокрЛП(СтрокаПоиска);
	
	Контрагенты = СоздатьТаблицуНайденныхКонтрагентов();
	
	Запрос = Новый Запрос;
	Запрос.Текст = 
""ВЫБРАТЬ
|	Контрагенты.Ссылка КАК Контрагент,
|	Контрагенты.Телефон КАК Телефон,
|	Контрагенты.Факс КАК Факс,
|	Контрагенты.ЭлектроннаяПочта КАК ЭлектроннаяПочта,
|	Контрагенты.ВебСайт КАК ВебСайт
|ИЗ
|	Справочник.Контрагенты КАК Контрагенты
|ГДЕ
|	(&ИскатьТелефонФакс
|			И (Контрагенты.Телефон <> """"""""
|				ИЛИ Контрагенты.Факс <> """"""""))
|	ИЛИ (&ИскатьСтроковыеКонтакты
|			И (Контрагенты.ЭлектроннаяПочта <> """"""""
|				ИЛИ Контрагенты.ВебСайт <> """"""""))"";
	
	Запрос.УстановитьПараметр(""ИскатьТелефонФакс"", ЦифрыПоиска <> """");
	Запрос.УстановитьПараметр(""ИскатьСтроковыеКонтакты"", СтрокаПоискаБезКрайнихПробелов <> """");
	
	Выборка = Запрос.Выполнить().Выбрать();
	
	Пока Выборка.Следующий() Цикл
		
		ДобавитьСоответствиеТелефонаФакса(
			Контрагенты,
			Выборка.Контрагент,
			""Телефон"",
			Выборка.Телефон,
			ЦифрыПоиска);
		
		ДобавитьСоответствиеТелефонаФакса(
			Контрагенты,
			Выборка.Контрагент,
			""Факс"",
			Выборка.Факс,
			ЦифрыПоиска);
		
		ДобавитьСоответствиеСтроковогоКонтакта(
			Контрагенты,
			Выборка.Контрагент,
			""ЭлектроннаяПочта"",
			Выборка.ЭлектроннаяПочта,
			СтрокаПоискаБезКрайнихПробелов);
		
		ДобавитьСоответствиеСтроковогоКонтакта(
			Контрагенты,
			Выборка.Контрагент,
			""ВебСайт"",
			Выборка.ВебСайт,
			СтрокаПоискаБезКрайнихПробелов);
		
	КонецЦикла;
	
	Контрагенты.Сортировать(""ПолноеСоответствие Убыв"");
	
	КоличествоПолныхСоответствий = 0;
	Для Каждого СтрокаКонтрагента Из Контрагенты Цикл
		Если СтрокаКонтрагента.ПолноеСоответствие Тогда
			КоличествоПолныхСоответствий = КоличествоПолныхСоответствий + 1;
		КонецЕсли;
	КонецЦикла;
	
	Результат = Новый Структура;
	Результат.Вставить(""КонтактнаяИнформация"", СтрокаКонтактнойИнформации);
	Результат.Вставить(""Количество"", Контрагенты.Количество());
	Результат.Вставить(""КоличествоПолныхСоответствий"", КоличествоПолныхСоответствий);
	Результат.Вставить(""Контрагенты"", Контрагенты);
	
	Возврат Результат;
	
КонецФункции

Функция РезультатПоискаНеопределено()
	
	Результат = Новый Структура;
	Результат.Вставить(""КонтактнаяИнформация"", Неопределено);
	Результат.Вставить(""Количество"", Неопределено);
	Результат.Вставить(""КоличествоПолныхСоответствий"", Неопределено);
	Результат.Вставить(""Контрагенты"", Неопределено);
	
	Возврат Результат;
	
КонецФункции

Функция СоздатьТаблицуНайденныхКонтрагентов()
	
	Таблица = Новый ТаблицаЗначений;
	
	Таблица.Колонки.Добавить(
		""Контрагент"",
		Новый ОписаниеТипов(""СправочникСсылка.Контрагенты""));
	
	Таблица.Колонки.Добавить(
		""ТипКонтактнойИнформации"",
		Новый ОписаниеТипов(""Строка""));
	
	Таблица.Колонки.Добавить(
		""Значение"",
		Новый ОписаниеТипов(""Строка""));
	
	Таблица.Колонки.Добавить(
		""ПолноеСоответствие"",
		Новый ОписаниеТипов(""Булево""));
	
	Возврат Таблица;
	
КонецФункции

Процедура ДобавитьСоответствиеТелефонаФакса(
	ТаблицаКонтрагентов,
	Контрагент,
	ТипКонтактнойИнформации,
	Значение,
	ЦифрыПоиска)
	
	Если ЦифрыПоиска = """" Тогда
		Возврат;
	КонецЕсли;
	
	ЦифрыЗначения = ТолькоЦифры(Значение);
	
	Если ЦифрыЗначения = """" Тогда
		Возврат;
	КонецЕсли;
	
	Если Найти(ЦифрыЗначения, ЦифрыПоиска) = 0 Тогда
		Возврат;
	КонецЕсли;
	
	ДобавитьСтрокуСоответствия(
		ТаблицаКонтрагентов,
		Контрагент,
		ТипКонтактнойИнформации,
		Значение,
		ЦифрыЗначения = ЦифрыПоиска);
	
КонецПроцедуры

Процедура ДобавитьСоответствиеСтроковогоКонтакта(
	ТаблицаКонтрагентов,
	Контрагент,
	ТипКонтактнойИнформации,
	Значение,
	СтрокаПоискаБезКрайнихПробелов)
	
	Если СтрокаПоискаБезКрайнихПробелов = """" Тогда
		Возврат;
	КонецЕсли;
	
	ЗначениеБезКрайнихПробелов = СокрЛП(Строка(Значение));
	
	Если ЗначениеБезКрайнихПробелов = """" Тогда
		Возврат;
	КонецЕсли;
	
	Если Найти(ВРег(ЗначениеБезКрайнихПробелов), ВРег(СтрокаПоискаБезКрайнихПробелов)) = 0 Тогда
		Возврат;
	КонецЕсли;
	
	ДобавитьСтрокуСоответствия(
		ТаблицаКонтрагентов,
		Контрагент,
		ТипКонтактнойИнформации,
		Значение,
		ЗначениеБезКрайнихПробелов = СтрокаПоискаБезКрайнихПробелов);
	
КонецПроцедуры

Процедура ДобавитьСтрокуСоответствия(
	ТаблицаКонтрагентов,
	Контрагент,
	ТипКонтактнойИнформации,
	Значение,
	ПолноеСоответствие)
	
	НоваяСтрока = ТаблицаКонтрагентов.Добавить();
	НоваяСтрока.Контрагент = Контрагент;
	НоваяСтрока.ТипКонтактнойИнформации = ТипКонтактнойИнформации;
	НоваяСтрока.Значение = Строка(Значение);
	НоваяСтрока.ПолноеСоответствие = ПолноеСоответствие;
	
КонецПроцедуры

Функция ТолькоЦифры(Значение)
	
	СтрокаЗначения = Строка(Значение);
	Результат = """";
	
	Для НомерСимвола = 1 По СтрДлина(СтрокаЗначения) Цикл
		
		Символ = Сред(СтрокаЗначения, НомерСимвола, 1);
		
		Если Найти(""0123456789"", Символ) > 0 Тогда
			Результат = Результат + Символ;
		КонецЕсли;
		
	КонецЦикла;
	
	Возврат Результат;
	
КонецФункции"
"Написать функцию ВыполнитьABCАнализПродаж(ДатаНач, ДатаКон),
которая выполняет ABC-анализ продаж товаров за указанный период и возвращает таблицу с результатами анализа.
ДатаНачала (тип: Дата) — начало периода анализа
ДатаОкончания (тип: Дата) — окончание периода анализа
Источник данных
Данные берутся из регистра накопления Продажи.
Используются:
измерение Товар
ресурс Сумма
В анализ включаются обороты за период между ДатаНачала и ДатаОкончания.
Определить категорию:
A — товары, формирующие первые 80% оборота
B — следующие 15% оборота (до 95%)
C — оставшиеся 5%
Проценты должны рассчитываться динамически от фактической общей суммы продаж.
Требования к результату
Функция должна возвращать ТаблицуЗначений, содержащую поля:
Товар — ссылка на товар
НаименованиеТовара — представление товара
СуммаПродаж — сумма продаж за период
ДоляПроцентов — процент вклада в общий оборот
НакопительныйПроцент — накопительный процент
КатегорияABC — строка: ""A"", ""B"" или ""C""","{""AccumulationRegisters"": [{""id"": ""Продажи"", ""name"": ""Продажи"", ""RegisterType"": ""Turnovers"", ""Dimensions"": [{""id"": ""Покупатель"", ""name"": ""Покупатель"", ""types"": [{""type"": ""Ref"", ""id"": ""Справочник.Контрагенты""}]}, {""id"": ""Товар"", ""name"": ""Товар"", ""types"": [{""type"": ""Ref"", ""id"": ""Справочник.Товары""}]}], ""Resources"": [{""id"": ""Количество"", ""name"": ""Количество"", ""types"": [{""type"": ""Number"", ""NumberQualifiers"": ""10.2""}]}, {""id"": ""Сумма"", ""name"": ""Сумма"", ""types"": [{""type"": ""Number"", ""NumberQualifiers"": ""10.2""}]}]}], ""Catalogs"": [{""id"": ""Товары"", ""name"": ""Товары"", ""Attributes"": [{""id"": ""Артикул"", ""name"": ""Артикул"", ""types"": [{""type"": ""String"", ""StringQualifiers"": ""15""}]}, {""id"": ""Поставщик"", ""name"": ""Поставщик"", ""types"": [{""type"": ""Ref"", ""id"": ""Справочник.Контрагенты""}]}, {""id"": ""ФайлКартинки"", ""name"": ""Картинка"", ""types"": [{""type"": ""Ref"", ""id"": ""Справочник.ХранимыеФайлы""}]}, {""id"": ""Вид"", ""name"": ""Вид"", ""types"": []}, {""id"": ""Штрихкод"", ""name"": ""Штрихкод"", ""types"": [{""type"": ""String"", ""StringQualifiers"": ""20""}]}, {""id"": ""Описание"", ""name"": ""Описание"", ""types"": [{""type"": ""String"", ""StringQualifiers"": ""0""}]}]}]}",task_046,server,high,Попков_Сложная_задача.epf,"Функция ВыполнитьABCАнализПродаж(ДатаНач, ДатаКон) Экспорт
	
	РезультатАнализа = Новый ТаблицаЗначений;
	РезультатАнализа.Колонки.Добавить(""Товар"");
	РезультатАнализа.Колонки.Добавить(""НаименованиеТовара"", Новый ОписаниеТипов(""Строка""));
	РезультатАнализа.Колонки.Добавить(""СуммаПродаж"", Новый ОписаниеТипов(""Число"", Новый КвалификаторыЧисла(15, 2)));
	РезультатАнализа.Колонки.Добавить(""ДоляПроцентов"", Новый ОписаниеТипов(""Число"", Новый КвалификаторыЧисла(15, 2)));
	РезультатАнализа.Колонки.Добавить(""НакопительныйПроцент"", Новый ОписаниеТипов(""Число"", Новый КвалификаторыЧисла(15, 2)));
	РезультатАнализа.Колонки.Добавить(""КатегорияABC"", Новый ОписаниеТипов(""Строка""));
	
	Если ДатаНач = Неопределено Или ДатаКон = Неопределено Тогда
		Возврат РезультатАнализа;
	КонецЕсли;
	
	Если ДатаНач > ДатаКон Тогда
		ВременнаяДата = ДатаНач;
		ДатаНач = ДатаКон;
		ДатаКон = ВременнаяДата;
	КонецЕсли;
	
	Запрос = Новый Запрос;
	Запрос.Текст = 
""ВЫБРАТЬ
|	ПродажиОбороты.Товар КАК Товар,
|	ПРЕДСТАВЛЕНИЕ(ПродажиОбороты.Товар) КАК НаименованиеТовара,
|	СУММА(ПродажиОбороты.СуммаОборот) КАК СуммаПродаж
|ИЗ
|	РегистрНакопления.Продажи.Обороты(&ДатаНач, &ДатаКон, , ) КАК ПродажиОбороты
|ГДЕ
|	ПродажиОбороты.СуммаОборот <> 0
|
|СГРУППИРОВАТЬ ПО
|	ПродажиОбороты.Товар,
|	ПРЕДСТАВЛЕНИЕ(ПродажиОбороты.Товар)
|
|УПОРЯДОЧИТЬ ПО
|	СуммаПродаж УБЫВ"";
	
	Запрос.УстановитьПараметр(""ДатаНач"", ДатаНач);
	Запрос.УстановитьПараметр(""ДатаКон"", ДатаКон);
	
	ТаблицаПродаж = Запрос.Выполнить().Выгрузить();
	
	ОбщаяСуммаПродаж = 0;
	
	Для Каждого СтрокаПродаж Из ТаблицаПродаж Цикл
		ОбщаяСуммаПродаж = ОбщаяСуммаПродаж + СтрокаПродаж.СуммаПродаж;
	КонецЦикла;
	
	Если ОбщаяСуммаПродаж = 0 Тогда
		Возврат РезультатАнализа;
	КонецЕсли;
	
	НакопительныйПроцент = 0;
	
	Для Каждого СтрокаПродаж Из ТаблицаПродаж Цикл
		
		ДоляПроцентов = Окр(СтрокаПродаж.СуммаПродаж / ОбщаяСуммаПродаж * 100, 2);
		НакопительныйПроцент = НакопительныйПроцент + ДоляПроцентов;
		
		Если НакопительныйПроцент <= 80 Тогда
			КатегорияABC = ""A"";
		ИначеЕсли НакопительныйПроцент <= 95 Тогда
			КатегорияABC = ""B"";
		Иначе
			КатегорияABC = ""C"";
		КонецЕсли;
		
		НоваяСтрока = РезультатАнализа.Добавить();
		НоваяСтрока.Товар = СтрокаПродаж.Товар;
		НоваяСтрока.НаименованиеТовара = СтрокаПродаж.НаименованиеТовара;
		НоваяСтрока.СуммаПродаж = СтрокаПродаж.СуммаПродаж;
		НоваяСтрока.ДоляПроцентов = ДоляПроцентов;
		НоваяСтрока.НакопительныйПроцент = Окр(НакопительныйПроцент, 2);
		НоваяСтрока.КатегорияABC = КатегорияABC;
		
	КонецЦикла;
	
	Возврат РезультатАнализа;
	
КонецФункции"
"Написать функцию ВыгрузитьЗадолженностьВФайлJSON(),
которая выгружает текущую дебиторскую и кредиторскую задолженность контрагентов во временный файл формата JSON.
Файл должен представлять массив записей, каждая запись должна содержать поля:
Контрагент — наименование контрагента
КодКонтрагента — код контрагента (реквизит Код справочника Контрагенты)
СуммаОстаток — сумма задолженности
ВидЗадолженности — строковое значение:
""Дебиторская"" — если сумма остатка больше 0
""Кредиторская"" — если сумма остатка меньше 0
Данные о задолженности берутся из регистра накопления Взаиморасчеты (используются текущие остатки).
Функция должна возвращать путь к получившемуся файлу.","{""AccumulationRegisters"": [{""id"": ""Взаиморасчеты"", ""name"": ""Взаиморасчеты"", ""RegisterType"": ""Balance"", ""Dimensions"": [{""id"": ""Контрагент"", ""name"": ""Контрагент"", ""types"": [{""type"": ""Ref"", ""id"": ""Справочник.Контрагенты""}]}, {""id"": ""Валюта"", ""name"": ""Валюта"", ""types"": [{""type"": ""Ref"", ""id"": ""Справочник.Валюты""}]}], ""Resources"": [{""id"": ""Сумма"", ""name"": ""Сумма"", ""types"": [{""type"": ""Number"", ""NumberQualifiers"": ""10.2""}]}]}], ""Catalogs"": [{""id"": ""Контрагенты"", ""name"": ""Контрагенты"", ""Attributes"": [{""id"": ""Регион"", ""name"": ""Регион"", ""types"": [{""type"": ""Ref"", ""id"": ""Справочник.Регионы""}]}, {""id"": ""Индекс"", ""name"": ""Индекс"", ""types"": [{""type"": ""String"", ""StringQualifiers"": ""10""}]}, {""id"": ""Страна"", ""name"": ""Страна"", ""types"": [{""type"": ""String"", ""StringQualifiers"": ""0""}]}, {""id"": ""Город"", ""name"": ""Город"", ""types"": [{""type"": ""String"", ""StringQualifiers"": ""0""}]}, {""id"": ""Улица"", ""name"": ""Улица"", ""types"": [{""type"": ""String"", ""StringQualifiers"": ""0""}]}, {""id"": ""Дом"", ""name"": ""Дом"", ""types"": [{""type"": ""String"", ""StringQualifiers"": ""15""}]}, {""id"": ""Телефон"", ""name"": ""Телефон"", ""types"": [{""type"": ""String"", ""StringQualifiers"": ""16""}]}, {""id"": ""ЭлектроннаяПочта"", ""name"": ""Электронная почта"", ""types"": [{""type"": ""String"", ""StringQualifiers"": ""40""}]}, {""id"": ""Факс"", ""name"": ""Факс"", ""types"": [{""type"": ""String"", ""StringQualifiers"": ""16""}]}, {""id"": ""ВебСайт"", ""name"": ""Веб сайт"", ""types"": [{""type"": ""String"", ""StringQualifiers"": ""40""}]}, {""id"": ""ВидЦен"", ""name"": ""Вид цен"", ""types"": [{""type"": ""Ref"", ""id"": ""Справочник.ВидыЦен""}]}, {""id"": ""ДополнительнаяИнформация"", ""name"": ""Дополнительная информация"", ""types"": [{""type"": ""String"", ""StringQualifiers"": ""0""}]}, {""id"": ""КонтактноеЛицо"", ""name"": ""Контактное лицо"", ""types"": [{""type"": ""String"", ""StringQualifiers"": ""100""}]}, {""id"": ""Широта"", ""name"": ""Широта"", ""types"": [{""type"": ""Number"", ""NumberQualifiers"": ""10.6""}]}, {""id"": ""Долгота"", ""name"": ""Долгота"", ""types"": [{""type"": ""Number"", ""NumberQualifiers"": ""10.6""}]}]}]}",task_047,server,mid,Попков_Средняя_задача.epf,"Функция ВыгрузитьЗадолженностьВФайлJSON() Экспорт
	
	Запрос = Новый Запрос;
	Запрос.Текст = 
""ВЫБРАТЬ
|	ВзаиморасчетыОстатки.Контрагент.Наименование КАК Контрагент,
|	ВзаиморасчетыОстатки.Контрагент.Код КАК КодКонтрагента,
|	СУММА(ВзаиморасчетыОстатки.СуммаОстаток) КАК СуммаОстаток
|ИЗ
|	РегистрНакопления.Взаиморасчеты.Остатки(, ) КАК ВзаиморасчетыОстатки
|
|СГРУППИРОВАТЬ ПО
|	ВзаиморасчетыОстатки.Контрагент.Наименование,
|	ВзаиморасчетыОстатки.Контрагент.Код
|
|ИМЕЮЩИЕ
|	СУММА(ВзаиморасчетыОстатки.СуммаОстаток) <> 0
|
|УПОРЯДОЧИТЬ ПО
|	Контрагент"";
	
	Выборка = Запрос.Выполнить().Выбрать();
	
	ИмяФайла = ПолучитьИмяВременногоФайла(""json"");
	
	ЗаписьJSON = Новый ЗаписьJSON;
	ЗаписьJSON.ОткрытьФайл(ИмяФайла, КодировкаТекста.UTF8);
	
	ЗаписьJSON.ЗаписатьНачалоМассива();
	
	Пока Выборка.Следующий() Цикл
		
		Если Выборка.СуммаОстаток > 0 Тогда
			ВидЗадолженности = ""Дебиторская"";
		Иначе
			ВидЗадолженности = ""Кредиторская"";
		КонецЕсли;
		
		ЗаписьJSON.ЗаписатьНачалоОбъекта();
		
		ЗаписьJSON.ЗаписатьИмяСвойства(""Контрагент"");
		ЗаписьJSON.ЗаписатьЗначение(Выборка.Контрагент);
		
		ЗаписьJSON.ЗаписатьИмяСвойства(""КодКонтрагента"");
		ЗаписьJSON.ЗаписатьЗначение(Выборка.КодКонтрагента);
		
		ЗаписьJSON.ЗаписатьИмяСвойства(""СуммаОстаток"");
		ЗаписьJSON.ЗаписатьЗначение(Выборка.СуммаОстаток);
		
		ЗаписьJSON.ЗаписатьИмяСвойства(""ВидЗадолженности"");
		ЗаписьJSON.ЗаписатьЗначение(ВидЗадолженности);
		
		ЗаписьJSON.ЗаписатьКонецОбъекта();
		
	КонецЦикла;
	
	ЗаписьJSON.ЗаписатьКонецМассива();
	ЗаписьJSON.Закрыть();
	
	Возврат ИмяФайла;
	
КонецФункции"
"Написать функцию ПериодыУстановленныхКурсовВалют() возвращающую таблицу значений с курсами валют по периодам.
Колонки таблицы:
Валюта - Ссылка на справочник Валюты
НачалоПериода - Дата с которой установлен курс
КонецПериода - Дата по которую курс действут
Курс - значение курса валюты
Строки таблицы значений должны быть упорядочены по валюте (в алфавитном порядке) и началу периода.
Последовательные периоды с одним курсом должны быть объединены в 1 период.
Таблица должнв быть получена запросом и возвращена методом Запрос.Выполнить().Выгрузить().
Для текущих курсов КонецПериода должен быть '39991231235959'","{""InformationRegisters"": [{""id"": ""КурсыВалют"", ""name"": ""Курсы валют"", ""InformationRegisterPeriodicity"": ""Day"", ""WriteMode"": ""Independent"", ""Dimensions"": [{""id"": ""Валюта"", ""name"": ""Валюта"", ""types"": [{""type"": ""Ref"", ""id"": ""Справочник.Валюты""}]}], ""Resources"": [{""id"": ""Курс"", ""name"": ""Курс"", ""types"": [{""type"": ""Number"", ""NumberQualifiers"": ""10.2""}]}]}], ""Catalogs"": [{""id"": ""Валюты"", ""name"": ""Валюты"", ""Attributes"": [{""id"": ""НаименованиеОсновнойВалюты"", ""name"": ""Наименование основной валюты"", ""types"": [{""type"": ""String"", ""StringQualifiers"": ""0""}]}, {""id"": ""НаименованиеРазменнойВалюты"", ""name"": ""Наименование разменной валюты"", ""types"": [{""type"": ""String"", ""StringQualifiers"": ""0""}]}]}]}",task_048,server,mid,Чудородов_Средняя_задача.epf,"Функция ПериодыУстановленныхКурсовВалют() Экспорт
	
	Запрос = Новый Запрос;
	Запрос.Текст = 
""ВЫБРАТЬ
|	КурсыВалют.Валюта КАК Валюта,
|	КурсыВалют.Период КАК НачалоПериода,
|	КурсыВалют.Курс КАК Курс
|ПОМЕСТИТЬ КурсыВалютПоДатам
|ИЗ
|	РегистрСведений.КурсыВалют КАК КурсыВалют
|
|ИНДЕКСИРОВАТЬ ПО
|	Валюта,
|	НачалоПериода
|;
|
|ВЫБРАТЬ
|	Курсы.Валюта КАК Валюта,
|	Курсы.НачалоПериода КАК НачалоПериода,
|	Курсы.Курс КАК Курс,
|	МАКСИМУМ(ПредыдущиеКурсы.НачалоПериода) КАК НачалоПредыдущегоКурса
|ПОМЕСТИТЬ КурсыСПредыдущимиДатами
|ИЗ
|	КурсыВалютПоДатам КАК Курсы
|		ЛЕВОЕ СОЕДИНЕНИЕ КурсыВалютПоДатам КАК ПредыдущиеКурсы
|		ПО ПредыдущиеКурсы.Валюта = Курсы.Валюта
|			И ПредыдущиеКурсы.НачалоПериода < Курсы.НачалоПериода
|
|СГРУППИРОВАТЬ ПО
|	Курсы.Валюта,
|	Курсы.НачалоПериода,
|	Курсы.Курс
|
|ИНДЕКСИРОВАТЬ ПО
|	Валюта,
|	НачалоПериода
|;
|
|ВЫБРАТЬ
|	Курсы.Валюта КАК Валюта,
|	Курсы.НачалоПериода КАК НачалоПериода,
|	Курсы.Курс КАК Курс
|ПОМЕСТИТЬ НачалаПериодов
|ИЗ
|	КурсыСПредыдущимиДатами КАК Курсы
|		ЛЕВОЕ СОЕДИНЕНИЕ КурсыВалютПоДатам КАК ПредыдущиеКурсы
|		ПО ПредыдущиеКурсы.Валюта = Курсы.Валюта
|			И ПредыдущиеКурсы.НачалоПериода = Курсы.НачалоПредыдущегоКурса
|ГДЕ
|	Курсы.НачалоПредыдущегоКурса ЕСТЬ NULL
|	ИЛИ ПредыдущиеКурсы.Курс <> Курсы.Курс
|
|ИНДЕКСИРОВАТЬ ПО
|	Валюта,
|	НачалоПериода
|;
|
|ВЫБРАТЬ
|	НачалаПериодов.Валюта КАК Валюта,
|	НачалаПериодов.НачалоПериода КАК НачалоПериода,
|	НачалаПериодов.Курс КАК Курс,
|	МИНИМУМ(СледующиеНачалаПериодов.НачалоПериода) КАК НачалоСледующегоПериода
|ПОМЕСТИТЬ ПериодыКурсов
|ИЗ
|	НачалаПериодов КАК НачалаПериодов
|		ЛЕВОЕ СОЕДИНЕНИЕ НачалаПериодов КАК СледующиеНачалаПериодов
|		ПО СледующиеНачалаПериодов.Валюта = НачалаПериодов.Валюта
|			И СледующиеНачалаПериодов.НачалоПериода > НачалаПериодов.НачалоПериода
|
|СГРУППИРОВАТЬ ПО
|	НачалаПериодов.Валюта,
|	НачалаПериодов.НачалоПериода,
|	НачалаПериодов.Курс
|
|ИНДЕКСИРОВАТЬ ПО
|	Валюта,
|	НачалоПериода
|;
|
|ВЫБРАТЬ
|	ПериодыКурсов.Валюта КАК Валюта,
|	ПериодыКурсов.НачалоПериода КАК НачалоПериода,
|	ВЫБОР
|		КОГДА ПериодыКурсов.НачалоСледующегоПериода ЕСТЬ NULL
|			ТОГДА &КонецТекущегоПериода
|		ИНАЧЕ ДОБАВИТЬКДАТЕ(ПериодыКурсов.НачалоСледующегоПериода, СЕКУНДА, -1)
|	КОНЕЦ КАК КонецПериода,
|	ПериодыКурсов.Курс КАК Курс
|ИЗ
|	ПериодыКурсов КАК ПериодыКурсов
|
|УПОРЯДОЧИТЬ ПО
|	ПериодыКурсов.Валюта.Наименование,
|	ПериодыКурсов.НачалоПериода"";
	
	Запрос.УстановитьПараметр(""КонецТекущегоПериода"", Дата(3999, 12, 31, 23, 59, 59));
	
	Возврат Запрос.Выполнить().Выгрузить();
	
КонецФункции"
"Реализовать целевую функцию СформироватьОтчетОстаткиПоНоменклатуре(ДатаОтчета, МассивТоваров, Склад)

Где
- ДатаОтчета - Дата
- МассивТоваров - массив товар для отбора в запросе. Может быть не передан, тогда отчет формируется без отбора по номенклатуре
- Склад - отбор по складу в запросе

Отчет должен содержать:
- Заголовок ""Остатки номенклатуры""
- Номенклатуру
- Остаток
- Итоги

Результат вывести в ТабличныйДокумент.

Требования:
- Получение данных через запрос.
- Запрос выполнять к виртуальной таблице Остатки регистра ТоварныеЗапасы","{""AccumulationRegisters"": [{""id"": ""ТоварныеЗапасы"", ""name"": ""Товарные запасы"", ""RegisterType"": ""Balance"", ""Dimensions"": [{""id"": ""Товар"", ""name"": ""Товар"", ""types"": [{""type"": ""Ref"", ""id"": ""Справочник.Товары""}]}, {""id"": ""Склад"", ""name"": ""Склад"", ""types"": [{""type"": ""Ref"", ""id"": ""Справочник.Склады""}]}], ""Resources"": [{""id"": ""Количество"", ""name"": ""Количество"", ""types"": [{""type"": ""Number"", ""NumberQualifiers"": ""10.2""}]}]}], ""Catalogs"": [{""id"": ""Склады"", ""name"": ""Склады"", ""Attributes"": [{""id"": ""НеИспользовать"", ""name"": ""Не использовать"", ""types"": [{""type"": ""Boolean""}]}]}, {""id"": ""Товары"", ""name"": ""Товары"", ""Attributes"": [{""id"": ""Артикул"", ""name"": ""Артикул"", ""types"": [{""type"": ""String"", ""StringQualifiers"": ""15""}]}, {""id"": ""Поставщик"", ""name"": ""Поставщик"", ""types"": [{""type"": ""Ref"", ""id"": ""Справочник.Контрагенты""}]}, {""id"": ""ФайлКартинки"", ""name"": ""Картинка"", ""types"": [{""type"": ""Ref"", ""id"": ""Справочник.ХранимыеФайлы""}]}, {""id"": ""Вид"", ""name"": ""Вид"", ""types"": []}, {""id"": ""Штрихкод"", ""name"": ""Штрихкод"", ""types"": [{""type"": ""String"", ""StringQualifiers"": ""20""}]}, {""id"": ""Описание"", ""name"": ""Описание"", ""types"": [{""type"": ""String"", ""StringQualifiers"": ""0""}]}]}]}",task_049,server,high,Task10_Коробов_Сложная_ОстаткиНоменклатуры.epf,"Функция СформироватьОтчетОстаткиПоНоменклатуре(ДатаОтчета, МассивТоваров = Неопределено, Склад = Неопределено) Экспорт
	
	Если Не ЗначениеЗаполнено(ДатаОтчета) Тогда
		ВызватьИсключение ""Не указана дата отчета."";
	КонецЕсли;
	
	Если Не ЗначениеЗаполнено(Склад) Тогда
		ВызватьИсключение ""Не указан склад."";
	КонецЕсли;
	
	ИспользоватьОтборПоТоварам = МассивТоваров <> Неопределено;
	
	Если ИспользоватьОтборПоТоварам Тогда
		Если ТипЗнч(МассивТоваров) <> Тип(""Массив"") Тогда
			ВызватьИсключение ""Параметр """"МассивТоваров"""" должен быть массивом."";
		КонецЕсли;
	Иначе
		МассивТоваров = Новый Массив;
	КонецЕсли;
	
	ДатаОстатков = КонецДня(ДатаОтчета);
	
	Запрос = Новый Запрос;
	Запрос.Текст = 
""ВЫБРАТЬ
|	ТоварныеЗапасыОстатки.Товар КАК Номенклатура,
|	СУММА(ТоварныеЗапасыОстатки.КоличествоОстаток) КАК Остаток
|ИЗ
|	РегистрНакопления.ТоварныеЗапасы.Остатки(
|			&ДатаОтчета,
|			Склад = &Склад) КАК ТоварныеЗапасыОстатки
|ГДЕ
|	(&ИспользоватьОтборПоТоварам = ЛОЖЬ
|		ИЛИ ТоварныеЗапасыОстатки.Товар В (&МассивТоваров))
|
|СГРУППИРОВАТЬ ПО
|	ТоварныеЗапасыОстатки.Товар
|
|УПОРЯДОЧИТЬ ПО
|	Номенклатура"";
	
	Запрос.УстановитьПараметр(""ДатаОтчета"", ДатаОстатков);
	Запрос.УстановитьПараметр(""Склад"", Склад);
	Запрос.УстановитьПараметр(""МассивТоваров"", МассивТоваров);
	Запрос.УстановитьПараметр(""ИспользоватьОтборПоТоварам"", ИспользоватьОтборПоТоварам);
	
	ТаблицаОстатков = Запрос.Выполнить().Выгрузить();
	ИтогОстаток = ТаблицаОстатков.Итог(""Остаток"");
	
	ТабличныйДокумент = Новый ТабличныйДокумент;
	ТабличныйДокумент.ТолькоПросмотр = Истина;
	ТабличныйДокумент.АвтоМасштаб = Истина;
	
	ТабличныйДокумент.Область(1, 1).ШиринаКолонки = 50;
	ТабличныйДокумент.Область(1, 2).ШиринаКолонки = 18;
	
	НомерСтроки = 1;
	
	ОбластьЗаголовок = ТабличныйДокумент.Область(НомерСтроки, 1, НомерСтроки, 2);
	ОбластьЗаголовок.Объединить();
	ОбластьЗаголовок.Текст = ""Остатки номенклатуры"";
	ОбластьЗаголовок.ГоризонтальноеПоложение = ГоризонтальноеПоложение.Центр;
	ОбластьЗаголовок.Шрифт = Новый Шрифт(, 14, Истина);
	
	НомерСтроки = НомерСтроки + 2;
	
	ОбластьДата = ТабличныйДокумент.Область(НомерСтроки,"
"Реализовать функцию РассчитатьОборачиваемость(Товар, Склад, ДатаНачала, ДатаОкончания).

Оборачиваемость = Оборот за период / Средний остаток за период.

Необходимо:
1) Получить обороты по товару и складу за период из виртуальной таблицы Обороты.
2) Получить остаток на начало и конец периода из виртуальной таблицы Остатки.
3) Рассчитать средний остаток: (ОстатокНачало + ОстатокКонец) / 2.
4) Рассчитать оборачиваемость. Если средний остаток = 0 — вернуть 0.

Требования:
- Использовать виртуальные таблицы Остатки и Обороты регистра накопления ТоварныеЗапасы.
- Не использовать циклы по дням/периодам.
- Результат — число.","{""AccumulationRegisters"": [{""id"": ""ТоварныеЗапасы"", ""name"": ""Товарные запасы"", ""RegisterType"": ""Balance"", ""Dimensions"": [{""id"": ""Товар"", ""name"": ""Товар"", ""types"": [{""type"": ""Ref"", ""id"": ""Справочник.Товары""}]}, {""id"": ""Склад"", ""name"": ""Склад"", ""types"": [{""type"": ""Ref"", ""id"": ""Справочник.Склады""}]}], ""Resources"": [{""id"": ""Количество"", ""name"": ""Количество"", ""types"": [{""type"": ""Number"", ""NumberQualifiers"": ""10.2""}]}]}]}",task_050,server,high,Task9_Коробов_Сложная_Оборачиваемость.epf,"Функция РассчитатьОборачиваемость(Товар, Склад, ДатаНачала, ДатаОкончания) Экспорт
	
	Запрос = Новый Запрос;
	
	Запрос.Текст = 
""ВЫБРАТЬ
|	ВЫБОР
|		КОГДА ((ЕСТЬNULL(ОстаткиНачало.КоличествоОстаток, 0) + ЕСТЬNULL(ОстаткиКонец.КоличествоОстаток, 0)) / 2) = 0
|			ТОГДА 0
|		ИНАЧЕ
|			ЕСТЬNULL(Обороты.КоличествоОборот, 0) /
|			((ЕСТЬNULL(ОстаткиНачало.КоличествоОстаток, 0) + ЕСТЬNULL(ОстаткиКонец.КоличествоОстаток, 0)) / 2)
|	КОНЕЦ КАК Оборачиваемость
|ИЗ
|	(ВЫБРАТЬ
|		&Товар КАК Товар,
|		&Склад КАК Склад) КАК Параметры
|		ЛЕВОЕ СОЕДИНЕНИЕ РегистрНакопления.ТоварныеЗапасы.Обороты(
|			&ДатаНачала,
|			&ДатаОкончания,
|			,
|			Товар = &Товар
|				И Склад = &Склад) КАК Обороты
|		ПО Параметры.Товар = Обороты.Товар
|			И Параметры.Склад = Обороты.Склад
|		ЛЕВОЕ СОЕДИНЕНИЕ РегистрНакопления.ТоварныеЗапасы.Остатки(
|			&ДатаНачала,
|			Товар = &Товар
|				И Склад = &Склад) КАК ОстаткиНачало
|		ПО Параметры.Товар = ОстаткиНачало.Товар
|			И Параметры.Склад = ОстаткиНачало.Склад
|		ЛЕВОЕ СОЕДИНЕНИЕ РегистрНакопления.ТоварныеЗапасы.Остатки(
|			&ДатаОкончания,
|			Товар = &Товар
|				И Склад = &Склад) КАК ОстаткиКонец
|		ПО Параметры.Товар = ОстаткиКонец.Товар
|			И Параметры.Склад = ОстаткиКонец.Склад"";
	
	Запрос.УстановитьПараметр(""Товар"", Товар);
	Запрос.УстановитьПараметр(""Склад"", Склад);
	Запрос.УстановитьПараметр(""ДатаНачала"", ДатаНачала);
	Запрос.УстановитьПараметр(""ДатаОкончания"", ДатаОкончания);
	
	Выборка = Запрос.Выполнить().Выбрать();
	
	Если Выборка.Следующий() Тогда
		Возврат Выборка.Оборачиваемость;
	КонецЕсли;
	
	Возврат 0;
	
КонецФункции"
"Написать функцию СформироватьПрайсТоваровНаСкладе(Дата = Неопределено),
которая формирует прайс товаров, имеющихся в наличии на складе, на указанную дату.
Формирование прайса должно выполняться на основании данных регистра накопления «ТоварныеЗапасы» и регистра сведений «ЦеныТоваров».
Если параметр Дата не передан, в качестве даты формирования прайса используется конец текущего дня (КонецДня(ТекущаяДата())).
Алгоритм формирования данных выполняется следующим образом:
Сначала выполняется запрос к регистру накопления РегистрНакопления.ТоварныеЗапасы.Остатки, где:
отбираются только товары с положительным остатком (КоличествоОстаток > 0);
данные агрегируются по товару;
результат помещается во временную таблицу (ВременнаяТаблица), содержащую:
Товар;
КоличествоОстаток (суммарный остаток по товару).
Далее выполняется основной запрос, в котором:
используются актуальные цены из регистра сведений РегистрСведений.ЦеныТоваров (СрезПоследних);
выполняется внутреннее соединение с временной таблицей остатков по полю Товар;
рассчитываются итоговые показатели:
Цена — актуальная цена товара;
Остаток — количество товара на складе;
СуммаОстатков — произведение остатка на цену (стоимость складского запаса).
Результат запроса выгружается в таблицу значений.
На основании полученных данных формируется итоговая таблица (ТаблицаЗначений) со следующей структурой колонок:
Товар (СправочникСсылка.Товары);
Наименование (строковое представление товара);
Остаток (число);
Цена (число);
СуммаОстатков (число).
Для каждой строки выборки:
создаётся новая строка в таблице значений;
заполняются поля Товар, Остаток, Цена и СуммаОстатков.
После заполнения таблица сортируется по наименованию товара по возрастанию, что обеспечивает удобный вид прайса для анализа и печати.
Функция возвращает таблицу значений, содержащую прайс товаров на складе с актуальными остатками и ценами на указанную дату.
Функция ЗадачаРешена(ТабДок) предназначена для проверки корректности сформированного прайса и выполняет следующие проверки:
результат является типом ТаблицаЗначений;
таблица содержит обязательные колонки: Товар, Цена, Остаток;
таблица не пустая;
у каждой строки заполнен товар;
остаток товара не является отрицательным.
Если все проверки выполняются успешно, функция возвращает Истина, что подтверждает корректное формирование прайса товаров на складе.","{""AccumulationRegisters"": [{""id"": ""ТоварныеЗапасы"", ""name"": ""Товарные запасы"", ""RegisterType"": ""Balance"", ""Dimensions"": [{""id"": ""Товар"", ""name"": ""Товар"", ""types"": [{""type"": ""Ref"", ""id"": ""Справочник.Товары""}]}, {""id"": ""Склад"", ""name"": ""Склад"", ""types"": [{""type"": ""Ref"", ""id"": ""Справочник.Склады""}]}], ""Resources"": [{""id"": ""Количество"", ""name"": ""Количество"", ""types"": [{""type"": ""Number"", ""NumberQualifiers"": ""10.2""}]}]}], ""InformationRegisters"": [{""id"": ""ЦеныТоваров"", ""name"": ""Цены товаров"", ""InformationRegisterPeriodicity"": ""Day"", ""WriteMode"": ""Independent"", ""Dimensions"": [{""id"": ""Товар"", ""name"": ""Товар"", ""types"": [{""type"": ""Ref"", ""id"": ""Справочник.Товары""}]}, {""id"": ""ВидЦен"", ""name"": ""Вид цен"", ""types"": [{""type"": ""Ref"", ""id"": ""Справочник.ВидыЦен""}]}], ""Resources"": [{""id"": ""Цена"", ""name"": ""Цена"", ""types"": [{""type"": ""Number"", ""NumberQualifiers"": ""10.2""}]}]}], ""Catalogs"": [{""id"": ""Товары"", ""name"": ""Товары"", ""Attributes"": [{""id"": ""Артикул"", ""name"": ""Артикул"", ""types"": [{""type"": ""String"", ""StringQualifiers"": ""15""}]}, {""id"": ""Поставщик"", ""name"": ""Поставщик"", ""types"": [{""type"": ""Ref"", ""id"": ""Справочник.Контрагенты""}]}, {""id"": ""ФайлКартинки"", ""name"": ""Картинка"", ""types"": [{""type"": ""Ref"", ""id"": ""Справочник.ХранимыеФайлы""}]}, {""id"": ""Вид"", ""name"": ""Вид"", ""types"": []}, {""id"": ""Штрихкод"", ""name"": ""Штрихкод"", ""types"": [{""type"": ""String"", ""StringQualifiers"": ""20""}]}, {""id"": ""Описание"", ""name"": ""Описание"", ""types"": [{""type"": ""String"", ""StringQualifiers"": ""0""}]}]}]}",task_051,server,mid,task10_СредняяФормированиеПрайсаПоОстаткамТовара_v3.epf,"Функция СформироватьПрайсТоваровНаСкладе(Дата = Неопределено) Экспорт
	
	Если Дата = Неопределено Тогда
		Дата = КонецДня(ТекущаяДата());
	КонецЕсли;
	
	Запрос = Новый Запрос;
	Запрос.МенеджерВременныхТаблиц = Новый МенеджерВременныхТаблиц;
	Запрос.УстановитьПараметр(""Дата"", Дата);
	
	Запрос.Текст = 
""ВЫБРАТЬ
|	ОстаткиТоваров.Товар КАК Товар,
|	СУММА(ОстаткиТоваров.КоличествоОстаток) КАК КоличествоОстаток
|ПОМЕСТИТЬ ВременнаяТаблица
|ИЗ
|	РегистрНакопления.ТоварныеЗапасы.Остатки(&Дата, ) КАК ОстаткиТоваров
|
|СГРУППИРОВАТЬ ПО
|	ОстаткиТоваров.Товар
|
|ИМЕЮЩИЕ
|	СУММА(ОстаткиТоваров.КоличествоОстаток) > 0
|;
|
|////////////////////////////////////////////////////////////////////////////////
|ВЫБРАТЬ
|	ЦеныТоваров.Товар КАК Товар,
|	ПРЕДСТАВЛЕНИЕ(ЦеныТоваров.Товар) КАК Наименование,
|	Остатки.КоличествоОстаток КАК Остаток,
|	ЦеныТоваров.Цена КАК Цена,
|	Остатки.КоличествоОстаток * ЦеныТоваров.Цена КАК СуммаОстатков
|ИЗ
|	РегистрСведений.ЦеныТоваров.СрезПоследних(&Дата, ) КАК ЦеныТоваров
|		ВНУТРЕННЕЕ СОЕДИНЕНИЕ ВременнаяТаблица КАК Остатки
|		ПО ЦеныТоваров.Товар = Остатки.Товар"";
	
	РезультатыЗапроса = Запрос.ВыполнитьПакет();
	ДанныеПрайса = РезультатыЗапроса[1].Выгрузить();
	
	Прайс = Новый ТаблицаЗначений;
	Прайс.Колонки.Добавить(""Товар"", Новый ОписаниеТипов(""СправочникСсылка.Товары""));
	Прайс.Колонки.Добавить(""Наименование"", Новый ОписаниеТипов(""Строка""));
	Прайс.Колонки.Добавить(""Остаток"", Новый ОписаниеТипов(""Число"", Новый КвалификаторыЧисла(15, 2)));
	Прайс.Колонки.Добавить(""Цена"", Новый ОписаниеТипов(""Число"", Новый КвалификаторыЧисла(15, 2)));
	Прайс.Колонки.Добавить(""СуммаОстатков"", Новый ОписаниеТипов(""Число"", Новый КвалификаторыЧисла(15, 2)));
	
	Для Каждого СтрокаДанных Из ДанныеПрайса Цикл
		
		НоваяСтрока = Прайс.Добавить();
		НоваяСтрока.Товар = СтрокаДанных.Товар;
		НоваяСтрока.Наименование = СтрокаДанных.Наименование;
		НоваяСтрока.Остаток = СтрокаДанных.Остаток;
		НоваяСтрока.Цена = СтрокаДанных.Цена;
		НоваяСтрока.СуммаОстатков = СтрокаДанных.СуммаОстатков;
		
	КонецЦикла;
	
	Прайс.Сортировать(""Наименование Возр"");
	
	Возврат Прайс;
	
КонецФункции


Функция ЗадачаРешена(ТабДок) Экспорт
	
	Если ТипЗнч(ТабДок) <> Тип(""ТаблицаЗначений"") Тогда
		Возврат Ложь;
	КонецЕсли;
	
	Если ТабДок.Колонки.Найти(""Товар"") = Неопределено Тогда
		Возврат Ложь;
	КонецЕсли;
	
	Если ТабДок.Колонки.Найти(""Цена"") = Неопределено Тогда
		Возврат Ложь;
	КонецЕсли;
	
	Если ТабДок.Колонки.Найти(""Остаток"") = Неопределено Тогда
		Возврат Ложь;
	КонецЕсли;
	
	Если ТабДок.Количество() = 0 Тогда
		Возврат Ложь;
	КонецЕсли;
	
	Для Каждого СтрокаТаблицы Из ТабДок Цикл
		
		Если Не ЗначениеЗаполнено(СтрокаТаблицы.Товар) Тогда
			Возврат Ложь;
		КонецЕсли;
		
		Если СтрокаТаблицы.Остаток < 0 Тогда
			Возврат Ложь;
		КонецЕсли;
		
	КонецЦикла;
	
	Возврат Истина;
	
КонецФункции"
"Написать функцию СформироватьОтчетДинамикаПродажТовара(ДатаНачала, ДатаОкончания, Товар), которая формирует отчет на сервере ""ДинамикаПродаж"" на заданный период с отбором по ""Товар"" 
и подменяет стандартную структуру отчета(диаграмма) на группировку по полю ""Период"".

Функция должна программно сформировать отчет ""ДинамикаПродаж"", вариант отчета ""СуммаИКоличество"". 
Настройки отчета:   
    Структура отчета: Группировка
	                     ""Период"" ТипГруппировки = Элементы, ТипДополнения = БезДополнения.
	    Параметры отчета: Период 
	    Значения параметов: Период.ДатаНачала = ДатаНачала, Период.ДатаОкончания = ДатаОкончания.
	Параметры вывода: ВыводитьПараметрыДанных = Не выводить,
	                  ВыводитьОтбор = Не выводить. 
	Отбор : Товар = Товар.
	                  
Параметры функции:  
ДатаНачала (тип: Дата) - начало периода.
ДатаОкончания (тип: Дата) - окончание периода.
Товар (тип: СправочникСсылка.Товары) - товар.

Возвращаемое значение: ТабличныйДокумент.","{""Catalogs"": [{""id"": ""Товары"", ""name"": ""Товары"", ""Attributes"": [{""id"": ""Артикул"", ""name"": ""Артикул"", ""types"": [{""type"": ""String"", ""StringQualifiers"": ""15""}]}, {""id"": ""Поставщик"", ""name"": ""Поставщик"", ""types"": [{""type"": ""Ref"", ""id"": ""Справочник.Контрагенты""}]}, {""id"": ""ФайлКартинки"", ""name"": ""Картинка"", ""types"": [{""type"": ""Ref"", ""id"": ""Справочник.ХранимыеФайлы""}]}, {""id"": ""Вид"", ""name"": ""Вид"", ""types"": []}, {""id"": ""Штрихкод"", ""name"": ""Штрихкод"", ""types"": [{""type"": ""String"", ""StringQualifiers"": ""20""}]}, {""id"": ""Описание"", ""name"": ""Описание"", ""types"": [{""type"": ""String"", ""StringQualifiers"": ""0""}]}]}]}",task_052,server,high,task10_сложн_Куликова_v1.epf,"&НаСервереБезКонтекста
Функция СформироватьОтчетДинамикаПродажТовара(ДатаНачала, ДатаОкончания, Товар) Экспорт
	
	Если Не ЗначениеЗаполнено(ДатаНачала) Тогда
		ВызватьИсключение ""Не заполнена дата начала периода."";
	КонецЕсли;
	
	Если Не ЗначениеЗаполнено(ДатаОкончания) Тогда
		ВызватьИсключение ""Не заполнена дата окончания периода."";
	КонецЕсли;
	
	Если ДатаНачала > ДатаОкончания Тогда
		ВызватьИсключение ""Дата начала периода больше даты окончания периода."";
	КонецЕсли;
	
	Если Не ЗначениеЗаполнено(Товар) Тогда
		ВызватьИсключение ""Не заполнен товар."";
	КонецЕсли;
	
	СхемаКомпоновкиДанных = Отчеты.ДинамикаПродаж.ПолучитьМакет(""ОсновнаяСхемаКомпоновкиДанных"");
	
	Настройки = ПолучитьНастройкиВариантаДинамикаПродаж(
		СхемаКомпоновкиДанных,
		""СуммаИКоличество"");
	
	НастроитьОтчетДинамикаПродаж(
		Настройки,
		ДатаНачала,
		ДатаОкончания,
		Товар);
	
	ДанныеРасшифровки = Новый ДанныеРасшифровкиКомпоновкиДанных;
	
	КомпоновщикМакета = Новый КомпоновщикМакетаКомпоновкиДанных;
	МакетКомпоновкиДанных = КомпоновщикМакета.Выполнить(
		СхемаКомпоновкиДанных,
		Настройки,
		ДанныеРасшифровки);
	
	ПроцессорКомпоновкиДанных = Новый ПроцессорКомпоновкиДанных;
	ПроцессорКомпоновкиДанных.Инициализировать(
		МакетКомпоновкиДанных,
		,
		ДанныеРасшифровки);
	
	ТабличныйДокумент = Новый ТабличныйДокумент;
	
	ПроцессорВывода = Новый ПроцессорВыводаРезультатаКомпоновкиДанныхВТабличныйДокумент;
	ПроцессорВывода.УстановитьДокумент(ТабличныйДокумент);
	ПроцессорВывода.Вывести(ПроцессорКомпоновкиДанных);
	
	Возврат ТабличныйДокумент;
	
КонецФункции

&НаСервереБезКонтекста
Функция ПолучитьНастройкиВариантаДинамикаПродаж(СхемаКомпоновкиДанных, ИмяВарианта)
	
	НайденныйВариант = Неопределено;
	
	Для Каждого ВариантНастроек Из СхемаКомпоновкиДанных.ВариантыНастроек Цикл
		
		Если ВариантНастроек.Имя = ИмяВарианта
			Или ВариантНастроек.Представление = ИмяВарианта Тогда
			
			НайденныйВариант = ВариантНастроек;
			Прервать;
			
		КонецЕсли;
		
	КонецЦикла;
	
	Если НайденныйВариант = Неопределено Тогда
		ВызватьИсключение СтрШаблон(
			""В отчете """"ДинамикаПродаж"""" не найден вариант настроек """"%1""""."",
			ИмяВарианта);
	КонецЕсли;
	
	КомпоновщикНастроек = Новый КомпоновщикНастроекКомпоновкиДанных;
	КомпоновщикНастроек.Инициализировать(
		Новый ИсточникДоступныхНастроекКомпоновкиДанных(СхемаКомпоновкиДанных));
	
	КомпоновщикНастроек.ЗагрузитьНастройки(НайденныйВариант.Настройки);
	
	Возврат КомпоновщикНастроек.Настройки;
	
КонецФункции

&НаСервереБезКонтекста
Процедура НастроитьОтчетДинамикаПродаж(Настройки, ДатаНачала, ДатаОкончания, Товар)
	
	// Структура отчета: вместо стандартной диаграммы устанавливаем группировку по полю ""Период"".
	Настройки.Структура.Очистить();
	
	ГруппировкаПериод = Настройки.Структура.Добавить(Тип(""ГруппировкаКомпоновкиДанных""));
	ГруппировкаПериод.Использование = Истина;
	
	ПолеГруппировкиПериод = ГруппировкаПериод.ПоляГруппировки.Элементы.Добавить(
		Тип(""ПолеГруппировкиКомпоновкиДанных""));
	
	ПолеГруппировкиПериод.Использование = Истина;
	ПолеГруппировкиПериод.Поле = Новый ПолеКомпоновкиДанных(""Период"");
	ПолеГруппировкиПериод.ТипГруппировки = ТипГруппировкиКомпоновкиДанных.Элементы;
	ПолеГруппировкиПериод.ТипДополнения = ТипДополненияКомпоновкиДанных.БезДополнения;
	
	// Параметр данных ""Период"".
	ЗначениеПериода = Новый СтандартныйПериод;
	ЗначениеПериода.ДатаНачала = ДатаНачала;
	ЗначениеПериода.ДатаОкончания = ДатаОкончания;
	
	ПараметрПериод = Настройки.ПараметрыДанных.Элементы.Найти(""Период"");
	
	Если ПараметрПериод = Неопределено Тогда
		ВызватьИсключение ""В настройках отчета не найден параметр данных """"Период""""."";
	КонецЕсли;
	
	ПараметрПериод.Использование = Истина;
	ПараметрПериод.Значение = ЗначениеПериода;
	
	// Параметры вывода.
	Настройки.ПараметрыВывода.УстановитьЗначениеПараметра(
		""ВыводитьПараметрыДанных"",
		ТипВыводаТекстаКомпоновкиДанных.НеВыводить);
	
	Настройки.ПараметрыВывода.УстановитьЗначениеПараметра(
		""ВыводитьОтбор"",
		ТипВыводаТекстаКомпоновкиДанных.НеВыводить);
	
	// Отбор: Товар = переданный товар.
	Настройки.Отбор.Использование = Истина;
	Настройки.Отбор.Элементы.Очистить();
	
	ЭлементОтбора = Настройки.Отбор.Элементы.Добавить(
		Тип(""ЭлементОтбораКомпоновкиДанных""));
	
	ЭлементОтбора.Использование = Истина;
	ЭлементОтбора.ЛевоеЗначение = Новый ПолеКомпоновкиДанных(""Товар"");
	ЭлементОтбора.ВидСравнения = ВидСравненияКомпоновкиДанных.Равно;
	ЭлементОтбора.ПравоеЗначение = Товар;
	
КонецПроцедуры"
"Написать функцию СформироватьПереоценкуТоваровНаСкладе(Дата, ПроцентПереоценки),
которая формирует расчет переоценки товаров на складе и выводит прайс с учетом увеличения цены на заданный процент (по умолчанию 10%).
Расчет должен выполняться на основании остатков товаров на складе и актуальных цен номенклатуры.
В обработку должны попадать только те товары, по которым есть положительные остатки на складе.
Если параметр Дата не задан, используется текущая дата (конец дня).
Если процент переоценки не задан, используется значение 10%.
Источник данных:
Регистр накопления ТоварныеЗапасы (остатки товаров на складе);
Регистр сведений ЦеныТоваров (актуальные цены товаров, срез последних на дату).
Логика формирования данных:
Из регистра накопления ТоварныеЗапасы.Остатки выбираются товары с положительным количеством остатка на указанную дату.
Данные агрегируются по измерению Товар с расчетом:
Остаток — суммарное количество товара на складе.
К полученным остаткам выполняется присоединение регистра сведений ЦеныТоваров.СрезПоследних на ту же дату для получения актуальной цены.
Рассчитываются показатели переоценки:
СтараяЦена — текущая цена из регистра цен;
НоваяЦена — цена с учетом переоценки (СтараяЦена * (1 + ПроцентПереоценки / 100));
СуммаПереоценки — общий эффект переоценки по складу (разница цены * остаток товара).
Результат формирования должен представлять таблицу значений (ТаблицаЗначений), содержащую следующие колонки:
Товар (СправочникСсылка.Товары);
Наименование (представление товара);
Остаток (число);
СтараяЦена (число);
НоваяЦена (число);
СуммаПереоценки (число).
В итоговую таблицу включаются только товары, имеющие цену и положительные остатки.
Наименование товара заполняется через представление ссылочного поля номенклатуры для удобства анализа.
После заполнения данных выполняется сортировка таблицы по убыванию суммы переоценки, что позволяет в первую очередь анализировать товары с наибольшим финансовым эффектом от изменения цены.
Функция должна возвращать сформированную таблицу значений, пригодную для:
анализа розничной переоценки;
формирования прайса после изменения цен;
оценки влияния переоценки на стоимость складских остатков;
использования в управленческих отчетах по складу и рознице.","{""AccumulationRegisters"": [{""id"": ""ТоварныеЗапасы"", ""name"": ""Товарные запасы"", ""RegisterType"": ""Balance"", ""Dimensions"": [{""id"": ""Товар"", ""name"": ""Товар"", ""types"": [{""type"": ""Ref"", ""id"": ""Справочник.Товары""}]}, {""id"": ""Склад"", ""name"": ""Склад"", ""types"": [{""type"": ""Ref"", ""id"": ""Справочник.Склады""}]}], ""Resources"": [{""id"": ""Количество"", ""name"": ""Количество"", ""types"": [{""type"": ""Number"", ""NumberQualifiers"": ""10.2""}]}]}], ""InformationRegisters"": [{""id"": ""ЦеныТоваров"", ""name"": ""Цены товаров"", ""InformationRegisterPeriodicity"": ""Day"", ""WriteMode"": ""Independent"", ""Dimensions"": [{""id"": ""Товар"", ""name"": ""Товар"", ""types"": [{""type"": ""Ref"", ""id"": ""Справочник.Товары""}]}, {""id"": ""ВидЦен"", ""name"": ""Вид цен"", ""types"": [{""type"": ""Ref"", ""id"": ""Справочник.ВидыЦен""}]}], ""Resources"": [{""id"": ""Цена"", ""name"": ""Цена"", ""types"": [{""type"": ""Number"", ""NumberQualifiers"": ""10.2""}]}]}], ""Catalogs"": [{""id"": ""Товары"", ""name"": ""Товары"", ""Attributes"": [{""id"": ""Артикул"", ""name"": ""Артикул"", ""types"": [{""type"": ""String"", ""StringQualifiers"": ""15""}]}, {""id"": ""Поставщик"", ""name"": ""Поставщик"", ""types"": [{""type"": ""Ref"", ""id"": ""Справочник.Контрагенты""}]}, {""id"": ""ФайлКартинки"", ""name"": ""Картинка"", ""types"": [{""type"": ""Ref"", ""id"": ""Справочник.ХранимыеФайлы""}]}, {""id"": ""Вид"", ""name"": ""Вид"", ""types"": []}, {""id"": ""Штрихкод"", ""name"": ""Штрихкод"", ""types"": [{""type"": ""String"", ""StringQualifiers"": ""20""}]}, {""id"": ""Описание"", ""name"": ""Описание"", ""types"": [{""type"": ""String"", ""StringQualifiers"": ""0""}]}]}]}",task_053,server,mid,task11_СредняяСформироватьПереоценкуТоваровНаСкладе_v3.epf,"// Размещать, например, в общем модуле с установленным флагом ""Сервер"".
// Функция возвращает ТаблицуЗначений с расчетом переоценки товаров на складе.

Функция СформироватьПереоценкуТоваровНаСкладе(Дата = Неопределено, ПроцентПереоценки = 10) Экспорт
	
	// Если дата не задана — используем конец текущего дня.
	Если Не ЗначениеЗаполнено(Дата) Тогда
		ДатаРасчета = КонецДня(ТекущаяДата());
	Иначе
		ДатаРасчета = КонецДня(Дата);
	КонецЕсли;
	
	// Если процент не задан — используем 10%.
	// Нулевой процент считается заданным значением и не заменяется на 10.
	Если ПроцентПереоценки = Неопределено Тогда
		ПроцентРасчета = 10;
	Иначе
		ПроцентРасчета = ПроцентПереоценки;
	КонецЕсли;
	
	КоэффициентПереоценки = 1 + ПроцентРасчета / 100;
	
	Запрос = Новый Запрос;
	
	Запрос.Текст = 
""ВЫБРАТЬ
|	ОстаткиТоваров.Товар КАК Товар,
|	ПРЕДСТАВЛЕНИЕ(ОстаткиТоваров.Товар) КАК Наименование,
|	ОстаткиТоваров.Остаток КАК Остаток,
|	ЦеныТоваров.Цена КАК СтараяЦена,
|	ЦеныТоваров.Цена * &КоэффициентПереоценки КАК НоваяЦена,
|	(ЦеныТоваров.Цена * &КоэффициентПереоценки - ЦеныТоваров.Цена) * ОстаткиТоваров.Остаток КАК СуммаПереоценки
|ИЗ
|	(ВЫБРАТЬ
|		ТоварныеЗапасыОстатки.Товар КАК Товар,
|		СУММА(ТоварныеЗапасыОстатки.КоличествоОстаток) КАК Остаток
|	ИЗ
|		РегистрНакопления.ТоварныеЗапасы.Остатки(&ДатаРасчета, ) КАК ТоварныеЗапасыОстатки
|	
|	СГРУППИРОВАТЬ ПО
|		ТоварныеЗапасыОстатки.Товар
|	
|	ИМЕЮЩИЕ
|		СУММА(ТоварныеЗапасыОстатки.КоличествоОстаток) > 0) КАК ОстаткиТоваров
|		ВНУТРЕННЕЕ СОЕДИНЕНИЕ
|			(ВЫБРАТЬ
|				ЦеныТоваровСрезПоследних.Товар КАК Товар,
|				МАКСИМУМ(ЦеныТоваровСрезПоследних.Цена) КАК Цена
|			ИЗ
|				РегистрСведений.ЦеныТоваров.СрезПоследних(&ДатаРасчета, ) КАК ЦеныТоваровСрезПоследних
|			
|			СГРУППИРОВАТЬ ПО
|				ЦеныТоваровСрезПоследних.Товар) КАК ЦеныТоваров
|		ПО ОстаткиТоваров.Товар = ЦеныТоваров.Товар
|
|УПОРЯДОЧИТЬ ПО
|	СуммаПереоценки УБЫВ"";
	
	Запрос.УстановитьПараметр(""ДатаРасчета"", ДатаРасчета);
	Запрос.УстановитьПараметр(""КоэффициентПереоценки"", КоэффициентПереоценки);
	
	Результат = Запрос.Выполнить();
	ТаблицаПереоценки = Результат.Выгрузить();
	
	// Дополнительная сортировка на стороне ТаблицыЗначений.
	// Полезно, если далее таблица будет дозаполняться или изменяться.
	ТаблицаПереоценки.Сортировать(""СуммаПереоценки Убыв"");
	
	Возврат ТаблицаПереоценки;
	
КонецФункции"
"Написать функцию СформироватьОтчетДинамикаПродажКонтрольВТаблице(ДатаНачала, ДатаОкончания, СуммаКонтроль, ТипКонтроля), которая формирует отчет на сервере ""ДинамикаПродаж"" на заданный период с отбором по ""СуммаОборот"" 
и подменяет стандартную структуру отчета(диаграмма) на группировку по полю ""Период"".

Функция должна программно сформировать отчет ""ДинамикаПродаж"", вариант отчета ""ДиаграммаПоПериодам"". 
Настройки отчета:   
    Структура отчета: Группировка
	                     ""Период"" ТипГруппировки = Элементы, ТипДополнения = БезДополнения.
	Параметры отчета: Период 
	    Значения параметов: Период.ДатаНачала = ДатаНачала, Период.ДатаОкончания = ДатаОкончания.    
	Параметры вывода: ВыводитьПараметрыДанных = Не выводить,
	                  ВыводитьОтбор = Не выводить. 
	Отбор : В зависимости от параметра ТипКонтроля, применятется отбор к полю Сумма.
	Если ТипКонтроля = Равно, тогда отбор:  СуммаОборот = СуммаКонтроль.
	Если ТипКонтроля = БольшеИлиРавно, тогда отбор:  ССуммаОборот >= СуммаКонтроль.
	Если ТипКонтроля = МеньшеИлиРавно, тогда отбор:  СуммаОборот <= СуммаКонтроль.
	Если ТипКонтроля = Больше, тогда отбор:  СуммаОборот > СуммаКонтроль.
	Если ТипКонтроля = Меньше, тогда отбор:  СуммаОборот < СуммаКонтроль. 
    Для других значений ТипКонтроля формирование отчета не поддерживается.
	                 
Параметры функции:  
ДатаНачала (тип: Дата) - начало периода.
ДатаОкончания (тип: Дата) - окончание периода.
СуммаКонтроль (тип: Число) - значение для отбора по СуммаОборот.
ТипКонтроля (тип: ВидСравненияКомпоновкиДанных) - вид сравнения для отбора по СуммаОборот.

Возвращаемое значение: ТабличныйДокумент.",{},task_054,server,high,task11_сложн_Куликова_v1.epf,"Функция СформироватьОтчетДинамикаПродажКонтрольВТаблице(ДатаНачала, ДатаОкончания, СуммаКонтроль, ТипКонтроля) Экспорт
	
	Если Не ДопустимыйТипКонтроляСуммаОборот(ТипКонтроля) Тогда
		ВызватьИсключение СтрШаблон(
			""Формирование отчета """"ДинамикаПродаж"""" с типом контроля """"%1"""" не поддерживается."",
			ТипКонтроля);
	КонецЕсли;
	
	ОтчетОбъект = Отчеты.ДинамикаПродаж.Создать();
	
	СхемаКомпоновкиДанных = ОтчетОбъект.ПолучитьМакет(""ОсновнаяСхемаКомпоновкиДанных"");
	
	ВариантНастроек = СхемаКомпоновкиДанных.ВариантыНастроек.Найти(""ДиаграммаПоПериодам"");
	Если ВариантНастроек = Неопределено Тогда
		ВызватьИсключение ""В отчете """"ДинамикаПродаж"""" не найден вариант """"ДиаграммаПоПериодам""""."";
	КонецЕсли;
	
	Настройки = СкопироватьНастройкиКомпоновкиДанных(ВариантНастроек.Настройки);
	
	НастроитьСтруктуруОтчетаПоПериоду(Настройки);
	НастроитьПараметрПериод(Настройки, ДатаНачала, ДатаОкончания);
	НастроитьПараметрыВыводаОтчета(Настройки);
	НастроитьОтборПоСуммаОборот(Настройки, СуммаКонтроль, ТипКонтроля);
	
	ДанныеРасшифровки = Новый ДанныеРасшифровкиКомпоновкиДанных;
	
	КомпоновщикМакета = Новый КомпоновщикМакетаКомпоновкиДанных;
	МакетКомпоновкиДанных = КомпоновщикМакета.Выполнить(
		СхемаКомпоновкиДанных,
		Настройки,
		ДанныеРасшифровки);
	
	ПроцессорКомпоновкиДанных = Новый ПроцессорКомпоновкиДанных;
	ПроцессорКомпоновкиДанных.Инициализировать(
		МакетКомпоновкиДанных,
		,
		ДанныеРасшифровки);
	
	ТабличныйДокумент = Новый ТабличныйДокумент;
	
	ПроцессорВывода = Новый ПроцессорВыводаРезультатаКомпоновкиДанныхВТабличныйДокумент;
	ПроцессорВывода.УстановитьДокумент(ТабличныйДокумент);
	ПроцессорВывода.Вывести(ПроцессорКомпоновкиДанных);
	
	Возврат ТабличныйДокумент;
	
КонецФункции

Функция ДопустимыйТипКонтроляСуммаОборот(ТипКонтроля)
	
	Возврат ТипКонтроля = ВидСравненияКомпоновкиДанных.Равно
		Или ТипКонтроля = ВидСравненияКомпоновкиДанных.БольшеИлиРавно
		Или ТипКонтроля = ВидСравненияКомпоновкиДанных.МеньшеИлиРавно
		Или ТипКонтроля = ВидСравненияКомпоновкиДанных.Больше
		Или ТипКонтроля = ВидСравненияКомпоновкиДанных.Меньше;
	
КонецФункции

Функция СкопироватьНастройкиКомпоновкиДанных(Настройки)
	
	Попытка
		Возврат Настройки.Скопировать();
	Исключение
		Возврат ЗначениеИзСтрокиВнутр(ЗначениеВСтрокуВнутр(Настройки));
	КонецПопытки;
	
КонецФункции

Процедура НастроитьСтруктуруОтчетаПоПериоду(Настройки)
	
	Настройки.Структура.Очистить();
	
	ГруппировкаПериод = Настройки.Структура.Добавить(Тип(""ГруппировкаКомпоновкиДанных""));
	ГруппировкаПериод.Использование = Истина;
	
	ПолеГруппировки = ГруппировкаПериод.ПоляГруппировки.Элементы.Добавить(
		Новый ПолеКомпоновкиДанных(""Период""));
	
	ПолеГруппировки.ТипГруппировки = ТипГруппировкиКомпоновкиДанных.Элементы;
	ПолеГруппировки.ТипДополнения = ТипДополненияКомпоновкиДанных.БезДополнения;
	
КонецПроцедуры

Процедура НастроитьПараметрПериод(Настройки, ДатаНачала, ДатаОкончания)
	
	ПараметрПериод = Настройки.ПараметрыДанных.Элементы.Найти(""Период"");
	
	Если ПараметрПериод = Неопределено Тогда
		ВызватьИсключение ""В настройках отчета не найден параметр данных """"Период""""."";
	КонецЕсли;
	
	ПериодОтчета = Новый СтандартныйПериод(ДатаНачала, ДатаОкончания);
	
	ПараметрПериод.Значение = ПериодОтчета;
	ПараметрПериод.Использование = Истина;
	
КонецПроцедуры

Процедура НастроитьПараметрыВыводаОтчета(Настройки)
	
	УстановитьПараметрВыводаКомпоновкиДанных(
		Настройки,
		""ВыводитьПараметрыДанных"",
		ТипВыводаТекстаКомпоновкиДанных.НеВыводить);
	
	УстановитьПараметрВыводаКомпоновкиДанных(
		Настройки,
		""ВыводитьОтбор"",
		ТипВыводаТекстаКомпоновкиДанных.НеВыводить);
	
КонецПроцедуры

Процедура УстановитьПараметрВыводаКомпоновкиДанных(Настройки, ИмяПараметра, ЗначениеПараметра)
	
	ПараметрВывода = Настройки.ПараметрыВывода.Элементы.Найти(ИмяПараметра);
	
	Если ПараметрВывода <> Неопределено Тогда
		ПараметрВывода.Значение = ЗначениеПараметра;
		ПараметрВывода.Использование = Истина;
	КонецЕсли;
	
КонецПроцедуры

Процедура НастроитьОтборПоСуммаОборот(Настройки, СуммаКонтроль, ТипКонтроля)
	
	Настройки.Отбор.Элементы.Очистить();
	
	ЭлементОтбора = Настройки.Отбор.Элементы.Добавить(Тип(""ЭлементОтбораКомпоновкиДанных""));
	ЭлементОтбора.Использование = Истина;
	ЭлементОтбора.ЛевоеЗначение = Новый ПолеКомпоновкиДанных(""СуммаОборот"");
	ЭлементОтбора.ВидСравнения = ТипКонтроля;
	ЭлементОтбора.ПравоеЗначение = СуммаКонтроль;
	
КонецПроцедуры"
"Написать функцию СформироватьРезервированиеТоваровПодЗаказы(Дата = Неопределено),
которая формирует отчет по резервированию товаров на складе под заказы клиентов в виде таблицы значений.
Отчет должен показывать, какое количество товара уже заказано клиентами, какой остаток есть на складе и хватает ли его для обеспечения заказов.
Если дата не передана в параметрах, расчет должен выполняться на конец текущего дня (КонецДня(ТекущаяДата())).
Данные для формирования отчета выбираются из следующих источников метаданных:
Документ.Заказ (табличная часть Товары);
РегистрНакопления.ТоварныеЗапасы.Остатки.
Отбор заказов выполняется по следующим условиям:
документ Заказ проведен (Проведен = Истина);
состояние заказа равно значению перечисления СостоянияЗаказов.ВРаботе.
Алгоритм формирования отчета выполняется следующим образом:
Выполняется запрос к табличной части Документ.Заказ.Товары, где:
данные агрегируются по номенклатуре (Товар);
рассчитывается суммарное количество товара в активных заказах клиентов (КоличествоВЗаказах).
Полученные данные помещаются во временную таблицу.
Далее выполняется запрос к регистру накопления ТоварныеЗапасы.Остатки на указанную дату:
определяется остаток товара на складе (КоличествоОстаток);
выполняется левое соединение с временной таблицей заказов.
Рассчитываются итоговые показатели:
ОстатокНаСкладе — текущий складской остаток товара;
КоличествоВЗаказах — общее количество товара в заказах клиентов;
ДоступныйОстаток — разница между остатком и количеством в заказах;
РезервКОбеспечению — дефицит товара (если заказов больше, чем остатка).
Результат работы функции должен представлять ТаблицаЗначений, где каждая строка соответствует одному товару.
Таблица должна содержать следующие колонки:
Товар — ссылка на элемент справочника Товары;
Наименование — наименование номенклатуры;
ОстатокНаСкладе — текущий остаток товара на складе;
КоличествоВЗаказах — суммарное количество товара в активных заказах клиентов;
ДоступныйОстаток — доступный остаток с учетом резервирования;
РезервКОбеспечению — количество товара, которого не хватает для обеспечения заказов.
В итоговую таблицу включаются только товары, по которым есть остатки или заказы клиентов.
После формирования данных таблица сортируется по полю РезервКОбеспечению в порядке убывания, что позволяет в первую очередь видеть наиболее дефицитные позиции.
Функция ЗадачаРешена(ТабДок) должна выполнять проверку корректности результата:
результат должен быть типа ТаблицаЗначений;
таблица должна содержать обязательные колонки (Товар, ОстатокНаСкладе, КоличествоВЗаказах, РезервКОбеспечению);
у всех строк должен быть заполнен товар;
значение резерва не должно быть отрицательным.
Если структура данных корректна, функция возвращает Истина, в противном случае — Ложь.","{""Documents"": [{""id"": ""Заказ"", ""name"": ""Заказ"", ""Attributes"": [{""id"": ""Покупатель"", ""name"": ""Покупатель"", ""types"": [{""type"": ""Ref"", ""id"": ""Справочник.Контрагенты""}]}, {""id"": ""Склад"", ""name"": ""Склад"", ""types"": [{""type"": ""Ref"", ""id"": ""Справочник.Склады""}]}, {""id"": ""Валюта"", ""name"": ""Валюта взаиморасчетов"", ""types"": [{""type"": ""Ref"", ""id"": ""Справочник.Валюты""}]}, {""id"": ""ВидЦен"", ""name"": ""Вид цен"", ""types"": [{""type"": ""Ref"", ""id"": ""Справочник.ВидыЦен""}]}, {""id"": ""Организация"", ""name"": ""Организация"", ""types"": [{""type"": ""Ref"", ""id"": ""Справочник.Организации""}]}, {""id"": ""СостояниеЗаказа"", ""name"": ""Состояние заказа"", ""types"": [{""type"": ""Ref"", ""id"": ""Перечисление.СостоянияЗаказов""}]}, {""id"": ""Автор"", ""name"": ""Автор"", ""types"": [{""type"": ""Ref"", ""id"": ""Справочник.Пользователи""}]}, {""id"": ""Сумма"", ""name"": ""Сумма"", ""types"": [{""type"": ""Number"", ""NumberQualifiers"": ""10.2""}]}], ""TabularSections"": [{""id"": ""Товары"", ""name"": ""Товары"", ""Attributes"": [{""id"": ""Товар"", ""name"": ""Товар"", ""types"": [{""type"": ""Ref"", ""id"": ""Справочник.Товары""}]}, {""id"": ""Цена"", ""name"": ""Цена"", ""types"": [{""type"": ""Number"", ""NumberQualifiers"": ""10.2""}]}, {""id"": ""Количество"", ""name"": ""Количество"", ""types"": [{""type"": ""Number"", ""NumberQualifiers"": ""10.0""}]}, {""id"": ""Сумма"", ""name"": ""Сумма"", ""types"": [{""type"": ""Number"", ""NumberQualifiers"": ""10.2""}]}]}]}], ""AccumulationRegisters"": [{""id"": ""ТоварныеЗапасы"", ""name"": ""Товарные запасы"", ""RegisterType"": ""Balance"", ""Dimensions"": [{""id"": ""Товар"", ""name"": ""Товар"", ""types"": [{""type"": ""Ref"", ""id"": ""Справочник.Товары""}]}, {""id"": ""Склад"", ""name"": ""Склад"", ""types"": [{""type"": ""Ref"", ""id"": ""Справочник.Склады""}]}], ""Resources"": [{""id"": ""Количество"", ""name"": ""Количество"", ""types"": [{""type"": ""Number"", ""NumberQualifiers"": ""10.2""}]}]}], ""Catalogs"": [{""id"": ""Товары"", ""name"": ""Товары"", ""Attributes"": [{""id"": ""Артикул"", ""name"": ""Артикул"", ""types"": [{""type"": ""String"", ""StringQualifiers"": ""15""}]}, {""id"": ""Поставщик"", ""name"": ""Поставщик"", ""types"": [{""type"": ""Ref"", ""id"": ""Справочник.Контрагенты""}]}, {""id"": ""ФайлКартинки"", ""name"": ""Картинка"", ""types"": [{""type"": ""Ref"", ""id"": ""Справочник.ХранимыеФайлы""}]}, {""id"": ""Вид"", ""name"": ""Вид"", ""types"": []}, {""id"": ""Штрихкод"", ""name"": ""Штрихкод"", ""types"": [{""type"": ""String"", ""StringQualifiers"": ""20""}]}, {""id"": ""Описание"", ""name"": ""Описание"", ""types"": [{""type"": ""String"", ""StringQualifiers"": ""0""}]}]}]}",task_055,server,mid,task12_СредняяРезервированиеТоваровПодЗаказыКлиентов_v3.epf,"Функция СформироватьРезервированиеТоваровПодЗаказы(Дата = Неопределено) Экспорт
	
	Если Дата = Неопределено Тогда
		ДатаРасчета = КонецДня(ТекущаяДата());
	Иначе
		ДатаРасчета = Дата;
	КонецЕсли;
	
	МенеджерВременныхТаблиц = Новый МенеджерВременныхТаблиц;
	
	// Формируем временную таблицу с количеством товаров в активных заказах клиентов.
	Запрос = Новый Запрос;
	Запрос.МенеджерВременныхТаблиц = МенеджерВременныхТаблиц;
	Запрос.УстановитьПараметр(""СостояниеЗаказа"", Перечисления.СостоянияЗаказов.ВРаботе);
	
	Запрос.Текст = 
""ВЫБРАТЬ
|	ЗаказТовары.Товар КАК Товар,
|	СУММА(ЗаказТовары.Количество) КАК КоличествоВЗаказах
|ПОМЕСТИТЬ ЗаказыКлиентов
|ИЗ
|	Документ.Заказ.Товары КАК ЗаказТовары
|ГДЕ
|	ЗаказТовары.Ссылка.Проведен = ИСТИНА
|	И ЗаказТовары.Ссылка.СостояниеЗаказа = &СостояниеЗаказа
|	И ЗаказТовары.Товар <> ЗНАЧЕНИЕ(Справочник.Товары.ПустаяСсылка)
|	И ЗаказТовары.Количество <> 0
|
|СГРУППИРОВАТЬ ПО
|	ЗаказТовары.Товар
|
|ИНДЕКСИРОВАТЬ ПО
|	Товар"";
	
	Запрос.Выполнить();
	
	// Формируем итоговую таблицу:
	// - остатки агрегируются по товару по всем складам;
	// - в результат попадают товары, по которым есть остатки или активные заказы;
	// - дефицит рассчитывается как положительная разница между заказами и остатком.
	Запрос = Новый Запрос;
	Запрос.МенеджерВременныхТаблиц = МенеджерВременныхТаблиц;
	Запрос.УстановитьПараметр(""ДатаРасчета"", ДатаРасчета);
	
	Запрос.Текст = 
""ВЫБРАТЬ
|	ТоварыОтчета.Товар КАК Товар,
|	ТоварыОтчета.Товар.Наименование КАК Наименование,
|	ЕСТЬNULL(ОстаткиТоваров.ОстатокНаСкладе, 0) КАК ОстатокНаСкладе,
|	ЕСТЬNULL(ЗаказыКлиентов.КоличествоВЗаказах, 0) КАК КоличествоВЗаказах,
|	ЕСТЬNULL(ОстаткиТоваров.ОстатокНаСкладе, 0) - ЕСТЬNULL(ЗаказыКлиентов.КоличествоВЗаказах, 0) КАК ДоступныйОстаток,
|	ВЫБОР
|		КОГДА ЕСТЬNULL(ЗаказыКлиентов.КоличествоВЗаказах, 0) > ЕСТЬNULL(ОстаткиТоваров.ОстатокНаСкладе, 0)
|			ТОГДА ЕСТЬNULL(ЗаказыКлиентов.КоличествоВЗаказах, 0) - ЕСТЬNULL(ОстаткиТоваров.ОстатокНаСкладе, 0)
|		ИНАЧЕ 0
|	КОНЕЦ КАК РезервКОбеспечению
|ИЗ
|	(
|		ВЫБРАТЬ
|			ТоварныеЗапасыОстатки.Товар КАК Товар
|		ИЗ
|			РегистрНакопления.ТоварныеЗапасы.Остатки(&ДатаРасчета, ) КАК ТоварныеЗапасыОстатки
|		ГДЕ
|			ТоварныеЗапасыОстатки.Товар <> ЗНАЧЕНИЕ(Справочник.Товары.ПустаяСсылка)
|			И ТоварныеЗапасыОстатки.КоличествоОстаток <> 0
|		
|		ОБЪЕДИНИТЬ
|		
|		ВЫБРАТЬ
|			ЗаказыКлиентов.Товар КАК Товар
|		ИЗ
|			ЗаказыКлиентов КАК ЗаказыКлиентов
|	) КАК ТоварыОтчета
|		ЛЕВОЕ СОЕДИНЕНИЕ
|			(
|				ВЫБРАТЬ
|					ТоварныеЗапасыОстатки.Товар КАК Товар,
|					СУММА(ТоварныеЗапасыОстатки.КоличествоОстаток) КАК ОстатокНаСкладе
|				ИЗ
|					РегистрНакопления.ТоварныеЗапасы.Остатки(&ДатаРасчета, ) КАК ТоварныеЗапасыОстатки
|				ГДЕ
|					ТоварныеЗапасыОстатки.Товар <> ЗНАЧЕНИЕ(Справочник.Товары.ПустаяСсылка)
|					И ТоварныеЗапасыОстатки.КоличествоОстаток <> 0
|				
|				СГРУППИРОВАТЬ ПО
|					ТоварныеЗапасыОстатки.Товар
|			) КАК ОстаткиТоваров
|		ПО ТоварыОтчета.Товар = ОстаткиТоваров.Товар
|		ЛЕВОЕ СОЕДИНЕНИЕ ЗаказыКлиентов КАК ЗаказыКлиентов
|		ПО ТоварыОтчета.Товар = ЗаказыКлиентов.Товар
|
|УПОРЯДОЧИТЬ ПО
|	РезервКОбеспечению УБЫВ,
|	Наименование"";
	
	Возврат Запрос.Выполнить().Выгрузить();
	
КонецФункции


Функция ЗадачаРешена(ТабДок) Экспорт
	
	Если ТипЗнч(ТабДок) <> Тип(""ТаблицаЗначений"") Тогда
		Возврат Ложь;
	КонецЕсли;
	
	ОбязательныеКолонки = Новый Массив;
	ОбязательныеКолонки.Добавить(""Товар"");
	ОбязательныеКолонки.Добавить(""ОстатокНаСкладе"");
	ОбязательныеКолонки.Добавить(""КоличествоВЗаказах"");
	ОбязательныеКолонки.Добавить(""РезервКОбеспечению"");
	
	Для Каждого ИмяКолонки Из ОбязательныеКолонки Цикл
		
		Если ТабДок.Колонки.Найти(ИмяКолонки) = Неопределено Тогда
			Возврат Ложь;
		КонецЕсли;
		
	КонецЦикла;
	
	Для Каждого СтрокаТаблицы Из ТабДок Цикл
		
		Если Не ЗначениеЗаполнено(СтрокаТаблицы.Товар) Тогда
			Возврат Ложь;
		КонецЕсли;
		
		РезервКОбеспечению = СтрокаТаблицы.РезервКОбеспечению;
		
		Если РезервКОбеспечению = Неопределено Или РезервКОбеспечению = Null Тогда
			Возврат Ложь;
		КонецЕсли;
		
		Попытка
			Если РезервКОбеспечению < 0 Тогда
				Возврат Ложь;
			КонецЕсли;
		Исключение
			Возврат Ложь;
		КонецПопытки;
		
	КонецЦикла;
	
	Возврат Истина;
	
КонецФункции"
"Написать функцию СформироватьОтчетДниПродажВышеНормы(ДатаНачала, ДатаОкончания, КоличествоНорма), которая формирует отчет на сервере ""ДинамикаПродаж"" на заданный период с отбором по ""КоличествоОборот"" 
и подменяет стандартную структуру отчета(диаграмма) на группировку по полю ""Период"".

Функция должна программно сформировать отчет ""ДинамикаПродаж"", вариант отчета ""СуммаИКоличество"". 
Настройки отчета:   
    Структура отчета: Группировка
	                     ""Период"" ТипГруппировки = Элементы, ТипДополнения = БезДополнения.
	    Параметры отчета: Период 
	    Значения параметов: Период.ДатаНачала = ДатаНачала, Период.ДатаОкончания = ДатаОкончания.
	Параметры вывода: ВыводитьПараметрыДанных = Не выводить,
	                  ВыводитьОтбор = Не выводить. 
	Отбор : КоличествоОборот >= КоличествоНорма.
	                  
Параметры функции:  
ДатаНачала (тип: Дата) - начало периода.
ДатаОкончания (тип: Дата) - окончание периода.
КоличествоНорма (тип: Число) - норма количества продаж.

Возвращаемое значение: ТабличныйДокумент.",{},task_056,server,high,task12_сложн_Куликова_v1.epf,"&НаСервереБезКонтекста
Функция СформироватьОтчетДниПродажВышеНормы(ДатаНачала, ДатаОкончания, КоличествоНорма) Экспорт
	
	Если ДатаНачала > ДатаОкончания Тогда
		ВызватьИсключение ""Дата начала периода не может быть больше даты окончания периода."";
	КонецЕсли;
	
	// Получаем основную СКД отчета ""ДинамикаПродаж"".
	СхемаКомпоновкиДанных = Отчеты.ДинамикаПродаж.ПолучитьМакет(""ОсновнаяСхемаКомпоновкиДанных"");
	
	// Загружаем вариант отчета ""СуммаИКоличество"".
	ВариантНастроек = СхемаКомпоновкиДанных.ВариантыНастроек.Найти(""СуммаИКоличество"");
	Если ВариантНастроек = Неопределено Тогда
		ВызватьИсключение ""В схеме компоновки данных отчета """"ДинамикаПродаж"""" не найден вариант """"СуммаИКоличество""""."";
	КонецЕсли;
	
	КомпоновщикНастроек = Новый КомпоновщикНастроекКомпоновкиДанных;
	КомпоновщикНастроек.Инициализировать(
		Новый ИсточникДоступныхНастроекКомпоновкиДанных(СхемаКомпоновкиДанных)
	);
	КомпоновщикНастроек.ЗагрузитьНастройки(ВариантНастроек.Настройки);
	
	Настройки = КомпоновщикНастроек.Настройки;
	
	// Подменяем стандартную структуру отчета, например диаграмму, на группировку по полю ""Период"".
	Настройки.Структура.Очистить();
	
	ГруппировкаПериод = Настройки.Структура.Добавить(Тип(""ГруппировкаКомпоновкиДанных""));
	ГруппировкаПериод.Использование = Истина;
	
	ПолеГруппировки = ГруппировкаПериод.ПоляГруппировки.Элементы.Добавить(
		Новый ПолеКомпоновкиДанных(""Период"")
	);
	ПолеГруппировки.Использование = Истина;
	ПолеГруппировки.ТипГруппировки = ТипГруппировкиКомпоновкиДанных.Элементы;
	ПолеГруппировки.ТипДополнения = ТипДополненияКомпоновкиДанных.БезДополнения;
	
	// Устанавливаем параметр отчета ""Период"".
	ПериодОтчета = Новый СтандартныйПериод;
	ПериодОтчета.ДатаНачала = ДатаНачала;
	ПериодОтчета.ДатаОкончания = ДатаОкончания;
	
	ПараметрПериод = Настройки.ПараметрыДанных.Элементы.Найти(""Период"");
	Если ПараметрПериод = Неопределено Тогда
		ВызватьИсключение ""В настройках отчета не найден параметр данных """"Период""""."";
	КонецЕсли;
	
	ПараметрПериод.Использование = Истина;
	ПараметрПериод.Значение = ПериодОтчета;
	
	// Настраиваем параметры вывода.
	Настройки.ПараметрыВывода.УстановитьЗначениеПараметра(
		""ВыводитьПараметрыДанных"",
		ТипВыводаТекстаКомпоновкиДанных.НеВыводить
	);
	
	Настройки.ПараметрыВывода.УстановитьЗначениеПараметра(
		""ВыводитьОтбор"",
		ТипВыводаТекстаКомпоновкиДанных.НеВыводить
	);
	
	// Настраиваем отбор: КоличествоОборот >= КоличествоНорма.
	Настройки.Отбор.Элементы.Очистить();
	
	ЭлементОтбора = Настройки.Отбор.Элементы.Добавить(
		Тип(""ЭлементОтбораКомпоновкиДанных"")
	);
	ЭлементОтбора.Использование = Истина;
	ЭлементОтбора.ЛевоеЗначение = Новый ПолеКомпоновкиДанных(""КоличествоОборот"");
	ЭлементОтбора.ВидСравнения = ВидСравненияКомпоновкиДанных.БольшеИлиРавно;
	ЭлементОтбора.ПравоеЗначение = КоличествоНорма;
	
	// Формируем отчет в табличный документ.
	ДанныеРасшифровки = Новый ДанныеРасшифровкиКомпоновкиДанных;
	
	КомпоновщикМакета = Новый КомпоновщикМакетаКомпоновкиДанных;
	МакетКомпоновки = КомпоновщикМакета.Выполнить(
		СхемаКомпоновкиДанных,
		Настройки,
		ДанныеРасшифровки
	);
	
	ПроцессорКомпоновки = Новый ПроцессорКомпоновкиДанных;
	ПроцессорКомпоновки.Инициализировать(
		МакетКомпоновки,
		,
		ДанныеРасшифровки
	);
	
	ТабличныйДокумент = Новый ТабличныйДокумент;
	
	ПроцессорВывода = Новый ПроцессорВыводаРезультатаКомпоновкиДанныхВТабличныйДокумент;
	ПроцессорВывода.УстановитьДокумент(ТабличныйДокумент);
	ПроцессорВывода.Вывести(ПроцессорКомпоновки);
	
	Возврат ТабличныйДокумент;
	
КонецФункции"
"Написать функцию СформироватьАнализТоваровВПутиНаличие(Дата),
которая формирует анализ наличия товаров с учетом заказов клиентов в работе в виде таблицы значений.
Анализ должен выполняться на основании данных:
регистра накопления «ТоварныеЗапасы» (остатки товаров на складе);
документа «Заказ» (табличная часть «Товары»), находящегося в состоянии ВРаботе.
Если параметр Дата не задан, в качестве даты анализа используется текущая дата (КонецДня(ТекущаяДата())).
Формирование анализа выполняется в два этапа:
На первом этапе формируется временная таблица, содержащая суммарное количество товаров по заказам клиентов, находящимся в работе.
Данные выбираются из табличной части Документ.Заказ.Товары с отбором по условию:
состояние заказа равно значению перечисления СостоянияЗаказов.ВРаботе.
Данные группируются по полю Товар, рассчитывается суммарное количество заказанного товара (Количество).
На втором этапе выполняется объединение остатков товаров на складе с временной таблицей заказов:
остатки берутся из регистра накопления РегистрНакопления.ТоварныеЗапасы.Остатки на указанную дату;
соединение выполняется по полю Товар;
рассчитываются итоговые показатели:
ОстатокНаСкладе — суммарный остаток товара на складе;
КоличествоВПути — суммарное количество товара в заказах (резерв под заказы клиентов);
НаличиеДляЗаказа — доступное количество товара с учетом заказов, вычисляемое как:
ОстатокНаСкладе − КоличествоВПути.
Результат должен представлять таблицу значений (ТаблицаЗначений), где каждая строка соответствует одному товару, участвующему в заказах клиентов.
Таблица должна содержать следующие поля:
Товар — ссылка на элемент справочника Товары;
ОстатокНаСкладе — текущий остаток товара на складе на дату анализа;
КоличествоВПути — суммарное количество товара в активных заказах клиентов (в работе);
НаличиеДляЗаказа — доступное количество товара после учета заказов;
НедостачаТовара — булево значение, принимающее Истина, если доступное наличие меньше нуля (дефицит товара), и Ложь в противном случае.
В процессе формирования результата:
для каждой строки выборки создается новая строка таблицы значений;
заполняются поля Товар, ОстатокНаСкладе, КоличествоВПути и НаличиеДляЗаказа;
признак НедостачаТовара устанавливается в Истина, если НаличиеДляЗаказа < 0, что позволяет выявить товары с недостатком запасов под текущие заказы клиентов.
После формирования всех строк функция возвращает заполненную таблицу значений, предназначенную для анализа обеспеченности заказов и выявления дефицита товаров на складе","{""Documents"": [{""id"": ""Заказ"", ""name"": ""Заказ"", ""Attributes"": [{""id"": ""Покупатель"", ""name"": ""Покупатель"", ""types"": [{""type"": ""Ref"", ""id"": ""Справочник.Контрагенты""}]}, {""id"": ""Склад"", ""name"": ""Склад"", ""types"": [{""type"": ""Ref"", ""id"": ""Справочник.Склады""}]}, {""id"": ""Валюта"", ""name"": ""Валюта взаиморасчетов"", ""types"": [{""type"": ""Ref"", ""id"": ""Справочник.Валюты""}]}, {""id"": ""ВидЦен"", ""name"": ""Вид цен"", ""types"": [{""type"": ""Ref"", ""id"": ""Справочник.ВидыЦен""}]}, {""id"": ""Организация"", ""name"": ""Организация"", ""types"": [{""type"": ""Ref"", ""id"": ""Справочник.Организации""}]}, {""id"": ""СостояниеЗаказа"", ""name"": ""Состояние заказа"", ""types"": [{""type"": ""Ref"", ""id"": ""Перечисление.СостоянияЗаказов""}]}, {""id"": ""Автор"", ""name"": ""Автор"", ""types"": [{""type"": ""Ref"", ""id"": ""Справочник.Пользователи""}]}, {""id"": ""Сумма"", ""name"": ""Сумма"", ""types"": [{""type"": ""Number"", ""NumberQualifiers"": ""10.2""}]}], ""TabularSections"": [{""id"": ""Товары"", ""name"": ""Товары"", ""Attributes"": [{""id"": ""Товар"", ""name"": ""Товар"", ""types"": [{""type"": ""Ref"", ""id"": ""Справочник.Товары""}]}, {""id"": ""Цена"", ""name"": ""Цена"", ""types"": [{""type"": ""Number"", ""NumberQualifiers"": ""10.2""}]}, {""id"": ""Количество"", ""name"": ""Количество"", ""types"": [{""type"": ""Number"", ""NumberQualifiers"": ""10.0""}]}, {""id"": ""Сумма"", ""name"": ""Сумма"", ""types"": [{""type"": ""Number"", ""NumberQualifiers"": ""10.2""}]}]}]}], ""AccumulationRegisters"": [{""id"": ""ТоварныеЗапасы"", ""name"": ""Товарные запасы"", ""RegisterType"": ""Balance"", ""Dimensions"": [{""id"": ""Товар"", ""name"": ""Товар"", ""types"": [{""type"": ""Ref"", ""id"": ""Справочник.Товары""}]}, {""id"": ""Склад"", ""name"": ""Склад"", ""types"": [{""type"": ""Ref"", ""id"": ""Справочник.Склады""}]}], ""Resources"": [{""id"": ""Количество"", ""name"": ""Количество"", ""types"": [{""type"": ""Number"", ""NumberQualifiers"": ""10.2""}]}]}], ""Catalogs"": [{""id"": ""Товары"", ""name"": ""Товары"", ""Attributes"": [{""id"": ""Артикул"", ""name"": ""Артикул"", ""types"": [{""type"": ""String"", ""StringQualifiers"": ""15""}]}, {""id"": ""Поставщик"", ""name"": ""Поставщик"", ""types"": [{""type"": ""Ref"", ""id"": ""Справочник.Контрагенты""}]}, {""id"": ""ФайлКартинки"", ""name"": ""Картинка"", ""types"": [{""type"": ""Ref"", ""id"": ""Справочник.ХранимыеФайлы""}]}, {""id"": ""Вид"", ""name"": ""Вид"", ""types"": []}, {""id"": ""Штрихкод"", ""name"": ""Штрихкод"", ""types"": [{""type"": ""String"", ""StringQualifiers"": ""20""}]}, {""id"": ""Описание"", ""name"": ""Описание"", ""types"": [{""type"": ""String"", ""StringQualifiers"": ""0""}]}]}]}",task_057,server,mid,task13_СредняяАнализНаличияТоваровВпути_v3.epf,"Функция СформироватьАнализТоваровВПутиНаличие(Дата = Неопределено) Экспорт
	
	Если Дата = Неопределено Тогда
		ДатаАнализа = КонецДня(ТекущаяДата());
	Иначе
		ДатаАнализа = Дата;
	КонецЕсли;
	
	РезультатАнализа = Новый ТаблицаЗначений;
	РезультатАнализа.Колонки.Добавить(""Товар"", Новый ОписаниеТипов(""СправочникСсылка.Товары""));
	РезультатАнализа.Колонки.Добавить(""ОстатокНаСкладе"", Новый ОписаниеТипов(""Число"", Новый КвалификаторыЧисла(15, 2)));
	РезультатАнализа.Колонки.Добавить(""КоличествоВПути"", Новый ОписаниеТипов(""Число"", Новый КвалификаторыЧисла(15, 2)));
	РезультатАнализа.Колонки.Добавить(""НаличиеДляЗаказа"", Новый ОписаниеТипов(""Число"", Новый КвалификаторыЧисла(15, 2)));
	РезультатАнализа.Колонки.Добавить(""НедостачаТовара"", Новый ОписаниеТипов(""Булево""));
	
	Запрос = Новый Запрос;
	Запрос.УстановитьПараметр(""ДатаАнализа"", ДатаАнализа);
	
	Запрос.Текст = 
""ВЫБРАТЬ
|	ЗаказТовары.Товар КАК Товар,
|	СУММА(ЗаказТовары.Количество) КАК КоличествоВПути
|ПОМЕСТИТЬ ЗаказыВРаботе
|ИЗ
|	Документ.Заказ.Товары КАК ЗаказТовары
|ГДЕ
|	ЗаказТовары.Ссылка.СостояниеЗаказа = ЗНАЧЕНИЕ(Перечисление.СостоянияЗаказов.ВРаботе)
|	И НЕ ЗаказТовары.Ссылка.ПометкаУдаления
|
|СГРУППИРОВАТЬ ПО
|	ЗаказТовары.Товар
|;
|
|////////////////////////////////////////////////////////////////////////////////
|ВЫБРАТЬ
|	ЗаказыВРаботе.Товар КАК Товар,
|	ЕСТЬNULL(ОстаткиТоваров.ОстатокНаСкладе, 0) КАК ОстатокНаСкладе,
|	ЗаказыВРаботе.КоличествоВПути КАК КоличествоВПути,
|	ЕСТЬNULL(ОстаткиТоваров.ОстатокНаСкладе, 0) - ЗаказыВРаботе.КоличествоВПути КАК НаличиеДляЗаказа
|ИЗ
|	ЗаказыВРаботе КАК ЗаказыВРаботе
|		ЛЕВОЕ СОЕДИНЕНИЕ (
|			ВЫБРАТЬ
|				ТоварныеЗапасыОстатки.Товар КАК Товар,
|				СУММА(ТоварныеЗапасыОстатки.КоличествоОстаток) КАК ОстатокНаСкладе
|			ИЗ
|				РегистрНакопления.ТоварныеЗапасы.Остатки(&ДатаАнализа, ) КАК ТоварныеЗапасыОстатки
|			
|			СГРУППИРОВАТЬ ПО
|				ТоварныеЗапасыОстатки.Товар
|		) КАК ОстаткиТоваров
|		ПО ЗаказыВРаботе.Товар = ОстаткиТоваров.Товар
|
|УПОРЯДОЧИТЬ ПО
|	ЗаказыВРаботе.Товар"";
	
	Выборка = Запрос.Выполнить().Выбрать();
	
	Пока Выборка.Следующий() Цикл
		
		НоваяСтрока = РезультатАнализа.Добавить();
		НоваяСтрока.Товар = Выборка.Товар;
		НоваяСтрока.ОстатокНаСкладе = Выборка.ОстатокНаСкладе;
		НоваяСтрока.КоличествоВПути = Выборка.КоличествоВПути;
		НоваяСтрока.НаличиеДляЗаказа = Выборка.НаличиеДляЗаказа;
		НоваяСтрока.НедостачаТовара = Выборка.НаличиеДляЗаказа < 0;
		
	КонецЦикла;
	
	Возврат РезультатАнализа;
	
КонецФункции"
"Написать функцию СформироватьОтчетПродажиПоПокупателям(ДатаНачала, ДатаОкончания), которая формирует отчет на сервере ""ДинамикаПродаж"" на заданный период.
Функция должна программно сформировать отчет ""ДинамикаПродаж"", вариант отчета ""ПродажиТоваровПоПокупателям"". Стандартную группировку (Товар, Покупатель) подменить на новую группировку (Покупатель, Товар).
Настройки отчета: 
   Структура отчета: Группировка:
	                     ""Покупатель"": ТипГруппировки = Элементы, ТипДополнения = БезДополнения.
	                         ""Товар"":  ТипГруппировки = Элементы, ТипДополнения = БезДополнения.
	Параметры отчета: Период 
	    Значения параметов: Период.ДатаНачала = ДатаНачала, Период.ДатаОкончания = ДатаОкончания.
	Параметры вывода: ВыводитьПараметрыДанных = Не выводить,
	                  ВыводитьОтбор = Не выводить.
	                  
Параметры функции:  
ДатаНачала (тип: Дата) - начало периода.
ДатаОкончания (тип: Дата) - окончание периода.

Возвращаемое значение: ТабличныйДокумент.",{},task_058,server,high,task13_сложн_Куликова_v1.epf,"&НаСервереБезКонтекста
Функция СформироватьОтчетПродажиПоПокупателям(ДатаНачала, ДатаОкончания) Экспорт
	
	Если Не ЗначениеЗаполнено(ДатаНачала) Тогда
		ВызватьИсключение ""Не заполнена дата начала периода."";
	КонецЕсли;
	
	Если Не ЗначениеЗаполнено(ДатаОкончания) Тогда
		ВызватьИсключение ""Не заполнена дата окончания периода."";
	КонецЕсли;
	
	Если ДатаНачала > ДатаОкончания Тогда
		ВызватьИсключение ""Дата начала периода больше даты окончания периода."";
	КонецЕсли;
	
	СхемаКомпоновкиДанных = Отчеты.ДинамикаПродаж.ПолучитьМакет(""ОсновнаяСхемаКомпоновкиДанных"");
	
	ВариантНастроек = Неопределено;
	
	Для Каждого ТекущийВариант Из СхемаКомпоновкиДанных.ВариантыНастроек Цикл
		Если ТекущийВариант.Имя = ""ПродажиТоваровПоПокупателям"" Тогда
			ВариантНастроек = ТекущийВариант;
			Прервать;
		КонецЕсли;
	КонецЦикла;
	
	Если ВариантНастроек = Неопределено Тогда
		ВызватьИсключение ""Не найден вариант отчета """"ПродажиТоваровПоПокупателям""""."";
	КонецЕсли;
	
	Настройки = ВариантНастроек.Настройки.Скопировать();
	
	// Заменяем стандартную структуру группировок:
	// было: Товар -> Покупатель
	// стало: Покупатель -> Товар
	Настройки.Структура.Очистить();
	
	ГруппировкаПокупатель = Настройки.Структура.Добавить(Тип(""ГруппировкаКомпоновкиДанных""));
	ГруппировкаПокупатель.Использование = Истина;
	
	ПолеГруппировкиПокупатель = ГруппировкаПокупатель.ПоляГруппировки.Элементы.Добавить(Тип(""ПолеГруппировкиКомпоновкиДанных""));
	ПолеГруппировкиПокупатель.Использование = Истина;
	ПолеГруппировкиПокупатель.Поле = Новый ПолеКомпоновкиДанных(""Покупатель"");
	ПолеГруппировкиПокупатель.ТипГруппировки = ТипГруппировкиКомпоновкиДанных.Элементы;
	ПолеГруппировкиПокупатель.ТипДополнения = ТипДополненияКомпоновкиДанных.БезДополнения;
	
	ГруппировкаТовар = ГруппировкаПокупатель.Структура.Добавить(Тип(""ГруппировкаКомпоновкиДанных""));
	ГруппировкаТовар.Использование = Истина;
	
	ПолеГруппировкиТовар = ГруппировкаТовар.ПоляГруппировки.Элементы.Добавить(Тип(""ПолеГруппировкиКомпоновкиДанных""));
	ПолеГруппировкиТовар.Использование = Истина;
	ПолеГруппировкиТовар.Поле = Новый ПолеКомпоновкиДанных(""Товар"");
	ПолеГруппировкиТовар.ТипГруппировки = ТипГруппировкиКомпоновкиДанных.Элементы;
	ПолеГруппировкиТовар.ТипДополнения = ТипДополненияКомпоновкиДанных.БезДополнения;
	
	// Параметры отчета.
	ПараметрПериод = Настройки.ПараметрыДанных.Элементы.Найти(""Период"");
	
	Если ПараметрПериод = Неопределено Тогда
		ВызватьИсключение ""В настройках отчета не найден параметр данных """"Период""""."";
	КонецЕсли;
	
	ПараметрПериод.Использование = Истина;
	ПараметрПериод.Значение = Новый СтандартныйПериод(ДатаНачала, ДатаОкончания);
	
	// Параметры вывода.
	Настройки.ПараметрыВывода.УстановитьЗначениеПараметра(
		""ВыводитьПараметрыДанных"",
		ТипВыводаТекстаКомпоновкиДанных.НеВыводить);
	
	Настройки.ПараметрыВывода.УстановитьЗначениеПараметра(
		""ВыводитьОтбор"",
		ТипВыводаТекстаКомпоновкиДанных.НеВыводить);
	
	ТабличныйДокумент = Новый ТабличныйДокумент;
	ТабличныйДокумент.АвтоМасштаб = Истина;
	
	ДанныеРасшифровки = Новый ДанныеРасшифровкиКомпоновкиДанных;
	
	КомпоновщикМакета = Новый КомпоновщикМакетаКомпоновкиДанных;
	МакетКомпоновки = КомпоновщикМакета.Выполнить(
		СхемаКомпоновкиДанных,
		Настройки,
		ДанныеРасшифровки);
	
	ПроцессорКомпоновки = Новый ПроцессорКомпоновкиДанных;
	ПроцессорКомпоновки.Инициализировать(
		МакетКомпоновки,
		,
		ДанныеРасшифровки);
	
	ПроцессорВывода = Новый ПроцессорВыводаРезультатаКомпоновкиДанныхВТабличныйДокумент;
	ПроцессорВывода.УстановитьДокумент(ТабличныйДокумент);
	ПроцессорВывода.Вывести(ПроцессорКомпоновки);
	
	Возврат ТабличныйДокумент;
	
КонецФункции"
"Написать функцию СформироватьОтчетПоОплатамПоставшика(ПоставщикФильтр, ВидСравненияКД), которая формирует отчет на сервере ""ДокументыОплата"" с отбором по поставщику.
Функция должна программно сформировать отчет ""ДокументыОплата"", вариант отчета ""Основной"".
Настройки отчета: 
	Параметры вывода: ВыводитьПараметрыДанных = Не выводить,
	                  ВыводитьОтбор = Не выводить.
	Отбор : добавляется отбор по полю ""Поставщик"", где ПравоеЗначение = ПоставщикФильтр, ВидСравнения = ВидСравненияКД.                
Параметры функции:  
ПоставщикФильтр (тип: СправочникСсылка.Контрагенты, Массив, СписокЗначений) - фильтр по поставшику.
ВидСравненияКД (тип: ВидСравненияКомпоновкиДанных) - вид сравнения для отбора по Поставщик.
Допускаются значения: ВидСравненияКомпоновкиДанных.Равно, ВидСравненияКомпоновкиДанных.НеРавно, ВидСравненияКомпоновкиДанных.Заполнено, ВидСравненияКомпоновкиДанных.НеЗаполнено,
                      ВидСравненияКомпоновкиДанных.ВГруппе, ВидСравненияКомпоновкиДанных.ВСписке, ВидСравненияКомпоновкиДанных.НеВГруппе, ВидСравненияКомпоновкиДанных.НеВСписке,
                      ВидСравненияКомпоновкиДанных.ВИерархии, ВидСравненияКомпоновкиДанных.НеВИерархии, ВидСравненияКомпоновкиДанных.ВСпискеПоИерархии, ВидСравнения = ВидСравненияКомпоновкиДанных.НеВСпискеПоИерархии.
Возвращаемое значение: ТабличныйДокумент.","{""Catalogs"": [{""id"": ""Контрагенты"", ""name"": ""Контрагенты"", ""Attributes"": [{""id"": ""Регион"", ""name"": ""Регион"", ""types"": [{""type"": ""Ref"", ""id"": ""Справочник.Регионы""}]}, {""id"": ""Индекс"", ""name"": ""Индекс"", ""types"": [{""type"": ""String"", ""StringQualifiers"": ""10""}]}, {""id"": ""Страна"", ""name"": ""Страна"", ""types"": [{""type"": ""String"", ""StringQualifiers"": ""0""}]}, {""id"": ""Город"", ""name"": ""Город"", ""types"": [{""type"": ""String"", ""StringQualifiers"": ""0""}]}, {""id"": ""Улица"", ""name"": ""Улица"", ""types"": [{""type"": ""String"", ""StringQualifiers"": ""0""}]}, {""id"": ""Дом"", ""name"": ""Дом"", ""types"": [{""type"": ""String"", ""StringQualifiers"": ""15""}]}, {""id"": ""Телефон"", ""name"": ""Телефон"", ""types"": [{""type"": ""String"", ""StringQualifiers"": ""16""}]}, {""id"": ""ЭлектроннаяПочта"", ""name"": ""Электронная почта"", ""types"": [{""type"": ""String"", ""StringQualifiers"": ""40""}]}, {""id"": ""Факс"", ""name"": ""Факс"", ""types"": [{""type"": ""String"", ""StringQualifiers"": ""16""}]}, {""id"": ""ВебСайт"", ""name"": ""Веб сайт"", ""types"": [{""type"": ""String"", ""StringQualifiers"": ""40""}]}, {""id"": ""ВидЦен"", ""name"": ""Вид цен"", ""types"": [{""type"": ""Ref"", ""id"": ""Справочник.ВидыЦен""}]}, {""id"": ""ДополнительнаяИнформация"", ""name"": ""Дополнительная информация"", ""types"": [{""type"": ""String"", ""StringQualifiers"": ""0""}]}, {""id"": ""КонтактноеЛицо"", ""name"": ""Контактное лицо"", ""types"": [{""type"": ""String"", ""StringQualifiers"": ""100""}]}, {""id"": ""Широта"", ""name"": ""Широта"", ""types"": [{""type"": ""Number"", ""NumberQualifiers"": ""10.6""}]}, {""id"": ""Долгота"", ""name"": ""Долгота"", ""types"": [{""type"": ""Number"", ""NumberQualifiers"": ""10.6""}]}]}]}",task_059,server,high,task14_сложн_Куликова_v1.epf,"&НаСервереБезКонтекста
Функция СформироватьОтчетПоОплатамПоставшика(ПоставщикФильтр, ВидСравненияКД) Экспорт
	
	ПроверитьПараметрыФормированияОтчетаПоОплатамПоставщика(ПоставщикФильтр, ВидСравненияКД);
	
	СхемаКомпоновкиДанных = Отчеты.ДокументыОплата.ПолучитьМакет(""ОсновнаяСхемаКомпоновкиДанных"");
	
	НастройкиВарианта = ПолучитьНастройкиВариантаОтчетаДокументыОплата(
		СхемаКомпоновкиДанных,
		""Основной"");
	
	КомпоновщикНастроек = Новый КомпоновщикНастроекКомпоновкиДанных;
	КомпоновщикНастроек.Инициализировать(
		Новый ИсточникДоступныхНастроекКомпоновкиДанных(СхемаКомпоновкиДанных));
	КомпоновщикНастроек.ЗагрузитьНастройки(НастройкиВарианта);
	
	НастройкиКомпоновки = КомпоновщикНастроек.Настройки;
	
	НастройкиКомпоновки.ПараметрыВывода.УстановитьЗначениеПараметра(
		Новый ПараметрКомпоновкиДанных(""ВыводитьПараметрыДанных""),
		ТипВыводаТекстаКомпоновкиДанных.НеВыводить);
	
	НастройкиКомпоновки.ПараметрыВывода.УстановитьЗначениеПараметра(
		Новый ПараметрКомпоновкиДанных(""ВыводитьОтбор""),
		ТипВыводаТекстаКомпоновкиДанных.НеВыводить);
	
	ЭлементОтбора = НастройкиКомпоновки.Отбор.Элементы.Добавить(
		Тип(""ЭлементОтбораКомпоновкиДанных""));
	ЭлементОтбора.Использование = Истина;
	ЭлементОтбора.ЛевоеЗначение = Новый ПолеКомпоновкиДанных(""Поставщик"");
	ЭлементОтбора.ВидСравнения = ВидСравненияКД;
	ЭлементОтбора.ПравоеЗначение = ПоставщикФильтр;
	
	ДанныеРасшифровки = Новый ДанныеРасшифровкиКомпоновкиДанных;
	
	КомпоновщикМакета = Новый КомпоновщикМакетаКомпоновкиДанных;
	МакетКомпоновки = КомпоновщикМакета.Выполнить(
		СхемаКомпоновкиДанных,
		НастройкиКомпоновки,
		ДанныеРасшифровки);
	
	ПроцессорКомпоновки = Новый ПроцессорКомпоновкиДанных;
	ПроцессорКомпоновки.Инициализировать(МакетКомпоновки);
	
	ТабличныйДокумент = Новый ТабличныйДокумент;
	
	ПроцессорВывода = Новый ПроцессорВыводаРезультатаКомпоновкиДанныхВТабличныйДокумент;
	ПроцессорВывода.УстановитьДокумент(ТабличныйДокумент);
	ПроцессорВывода.Вывести(ПроцессорКомпоновки);
	
	Возврат ТабличныйДокумент;
	
КонецФункции

&НаСервереБезКонтекста
Функция ПолучитьНастройкиВариантаОтчетаДокументыОплата(СхемаКомпоновкиДанных, ИмяВарианта)
	
	ВариантНастроек = СхемаКомпоновкиДанных.ВариантыНастроек.Найти(ИмяВарианта);
	
	Если ВариантНастроек = Неопределено Тогда
		
		Для Каждого ТекущийВариант Из СхемаКомпоновкиДанных.ВариантыНастроек Цикл
			
			Если ТекущийВариант.Представление = ИмяВарианта Тогда
				ВариантНастроек = ТекущийВариант;
				Прервать;
			КонецЕсли;
			
		КонецЦикла;
		
	КонецЕсли;
	
	Если ВариантНастроек = Неопределено Тогда
		ВызватьИсключение СтрШаблон(
			""В отчете """"ДокументыОплата"""" не найден вариант отчета """"%1""""."",
			ИмяВарианта);
	КонецЕсли;
	
	Возврат ВариантНастроек.Настройки;
	
КонецФункции

&НаСервереБезКонтекста
Процедура ПроверитьПараметрыФормированияОтчетаПоОплатамПоставщика(ПоставщикФильтр, ВидСравненияКД)
	
	Если Не ВидСравненияПоставщикаДопустим(ВидСравненияКД) Тогда
		ВызватьИсключение ""Недопустимый вид сравнения для отбора по полю """"Поставщик""""."";
	КонецЕсли;
	
	ТипПоставщика = ТипЗнч(ПоставщикФильтр);
	
	Если ТипПоставщика <> Тип(""СправочникСсылка.Контрагенты"")
		И ТипПоставщика <> Тип(""Массив"")
		И ТипПоставщика <> Тип(""СписокЗначений"") Тогда
		
		ВызватьИсключение ""Недопустимый тип параметра """"ПоставщикФильтр""""."";
		
	КонецЕсли;
	
КонецПроцедуры

&НаСервереБезКонтекста
Функция ВидСравненияПоставщикаДопустим(ВидСравненияКД)
	
	Возврат ВидСравненияКД = ВидСравненияКомпоновкиДанных.Равно
		Или ВидСравненияКД = ВидСравненияКомпоновкиДанных.НеРавно
		Или ВидСравненияКД = ВидСравненияКомпоновкиДанных.Заполнено
		Или ВидСравненияКД = ВидСравненияКомпоновкиДанных.НеЗаполнено
		Или ВидСравненияКД = ВидСравненияКомпоновкиДанных.ВГруппе
		Или ВидСравненияКД = ВидСравненияКомпоновкиДанных.ВСписке
		Или ВидСравненияКД = ВидСравненияКомпоновкиДанных.НеВГруппе
		Или ВидСравненияКД = ВидСравненияКомпоновкиДанных.НеВСписке
		Или ВидСравненияКД = ВидСравненияКомпоновкиДанных.ВИерархии
		Или ВидСравненияКД = ВидСравненияКомпоновкиДанных.НеВИерархии
		Или ВидСравненияКД = ВидСравненияКомпоновкиДанных.ВСпискеПоИерархии
		Или ВидСравненияКД = ВидСравненияКомпоновкиДанных.НеВСпискеПоИерархии;
	
КонецФункции"
"Написать функцию СформироватьАнализНеликвидныхТоваров(ДатаНач, ДатаКон),
которая формирует аналитический отчет по неликвидным товарам на складе за указанный период.
Отчет предназначен для выявления товаров, имеющих остатки на складе, но не имеющих продаж в выбранном периоде, на основании данных регистров накопления «Продажи» и «ТоварныеЗапасы».
Если параметры периода не заданы, функция должна автоматически:
устанавливать ДатаНач = текущая дата минус 30 дней (с начала дня);
устанавливать ДатаКон = текущая дата (конец дня).
Перед выполнением расчета должна выполняться проверка корректности периода:
если ДатаКон меньше ДатаНач — вызывается исключение.
Формирование отчета выполняется следующим образом:
Выполняется запрос к регистру накопления РегистрНакопления.Продажи:
данные отбираются по периоду между ДатаНач и ДатаКон (по дате регистратора);
выполняется группировка по полю Товар;
рассчитывается агрегированный показатель:
КоличествоПродаж — суммарное количество продаж товара за период;
результат помещается во временную таблицу ВТ_Продажи.
Далее выполняется основной запрос к регистру накопления
РегистрНакопления.ТоварныеЗапасы.Остатки на дату ДатаКон:
выбираются товары с положительными остатками на складе;
выполняется левое соединение с временной таблицей продаж;
дополнительно выполняется соединение со справочником Товары для получения наименования;
рассчитываются итоговые показатели:
ОстатокНаСкладе — суммарный остаток товара;
КоличествоПродаж — количество продаж за период (с использованием ЕСТЬNULL = 0 при отсутствии продаж).
На основании полученных данных формируется итоговая таблица значений (ТаблицаЗначений) со следующей структурой:
Товар (СправочникСсылка.Товары);
Наименование (Строка);
ОстатокНаСкладе (Число);
КоличествоПродаж (Число);
Неликвид (Булево).
Заполнение итоговой таблицы выполняется построчно:
в таблицу включаются только товары, у которых:
ОстатокНаСкладе > 0;
КоличествоПродаж = 0;
такие товары помечаются признаком Неликвид = Истина.
После формирования данных выполняется сортировка результата:
по полю ОстатокНаСкладе по убыванию,
что позволяет вывести наиболее критичные неликвидные остатки в верхней части отчета.
Функция должна возвращать объект типа ТаблицаЗначений, содержащий список неликвидных товаров с остатками на складе.
Дополнительно реализуется функция ЗадачаРешена(ТабДок), которая проверяет корректность результата:
тип возвращаемого значения — ТаблицаЗначений;
наличие обязательных колонок (Товар, ОстатокНаСкладе, КоличествоПродаж, Неликвид);
отсутствие отрицательных остатков и продаж;
заполненность ссылки на товар в каждой строке.
В случае отсутствия неликвидных товаров таблица может быть пустой, что считается корректным результатом выполнения задачи анализа.","{""AccumulationRegisters"": [{""id"": ""Продажи"", ""name"": ""Продажи"", ""RegisterType"": ""Turnovers"", ""Dimensions"": [{""id"": ""Покупатель"", ""name"": ""Покупатель"", ""types"": [{""type"": ""Ref"", ""id"": ""Справочник.Контрагенты""}]}, {""id"": ""Товар"", ""name"": ""Товар"", ""types"": [{""type"": ""Ref"", ""id"": ""Справочник.Товары""}]}], ""Resources"": [{""id"": ""Количество"", ""name"": ""Количество"", ""types"": [{""type"": ""Number"", ""NumberQualifiers"": ""10.2""}]}, {""id"": ""Сумма"", ""name"": ""Сумма"", ""types"": [{""type"": ""Number"", ""NumberQualifiers"": ""10.2""}]}]}, {""id"": ""ТоварныеЗапасы"", ""name"": ""Товарные запасы"", ""RegisterType"": ""Balance"", ""Dimensions"": [{""id"": ""Товар"", ""name"": ""Товар"", ""types"": [{""type"": ""Ref"", ""id"": ""Справочник.Товары""}]}, {""id"": ""Склад"", ""name"": ""Склад"", ""types"": [{""type"": ""Ref"", ""id"": ""Справочник.Склады""}]}], ""Resources"": [{""id"": ""Количество"", ""name"": ""Количество"", ""types"": [{""type"": ""Number"", ""NumberQualifiers"": ""10.2""}]}]}], ""Catalogs"": [{""id"": ""Товары"", ""name"": ""Товары"", ""Attributes"": [{""id"": ""Артикул"", ""name"": ""Артикул"", ""types"": [{""type"": ""String"", ""StringQualifiers"": ""15""}]}, {""id"": ""Поставщик"", ""name"": ""Поставщик"", ""types"": [{""type"": ""Ref"", ""id"": ""Справочник.Контрагенты""}]}, {""id"": ""ФайлКартинки"", ""name"": ""Картинка"", ""types"": [{""type"": ""Ref"", ""id"": ""Справочник.ХранимыеФайлы""}]}, {""id"": ""Вид"", ""name"": ""Вид"", ""types"": []}, {""id"": ""Штрихкод"", ""name"": ""Штрихкод"", ""types"": [{""type"": ""String"", ""StringQualifiers"": ""20""}]}, {""id"": ""Описание"", ""name"": ""Описание"", ""types"": [{""type"": ""String"", ""StringQualifiers"": ""0""}]}]}]}",task_060,server,mid,task15_СредняяАнализНеликвидныхТоваров_v3.epf,"Функция СформироватьАнализНеликвидныхТоваров(ДатаНач = Неопределено, ДатаКон = Неопределено) Экспорт
	
	ТекущаяДатаРасчета = ТекущаяДата();
	
	Если Не ЗначениеЗаполнено(ДатаНач) Тогда
		ДатаНач = НачалоДня(ТекущаяДатаРасчета - 30 * 24 * 60 * 60);
	КонецЕсли;
	
	Если Не ЗначениеЗаполнено(ДатаКон) Тогда
		ДатаКон = КонецДня(ТекущаяДатаРасчета);
	КонецЕсли;
	
	Если ДатаКон < ДатаНач Тогда
		ВызватьИсключение ""Дата окончания периода меньше даты начала периода."";
	КонецЕсли;
	
	Результат = Новый ТаблицаЗначений;
	Результат.Колонки.Добавить(""Товар"", Новый ОписаниеТипов(""СправочникСсылка.Товары""));
	Результат.Колонки.Добавить(""Наименование"", Новый ОписаниеТипов(""Строка""));
	Результат.Колонки.Добавить(""ОстатокНаСкладе"", Новый ОписаниеТипов(""Число"", Новый КвалификаторыЧисла(15, 2)));
	Результат.Колонки.Добавить(""КоличествоПродаж"", Новый ОписаниеТипов(""Число"", Новый КвалификаторыЧисла(15, 2)));
	Результат.Колонки.Добавить(""Неликвид"", Новый ОписаниеТипов(""Булево""));
	
	Запрос = Новый Запрос;
	Запрос.УстановитьПараметр(""ДатаНач"", ДатаНач);
	Запрос.УстановитьПараметр(""ДатаКон"", ДатаКон);
	
	Запрос.Текст = 
""ВЫБРАТЬ
|	Продажи.Товар КАК Товар,
|	СУММА(Продажи.Количество) КАК КоличествоПродаж
|ПОМЕСТИТЬ ВТ_Продажи
|ИЗ
|	РегистрНакопления.Продажи КАК Продажи
|ГДЕ
|	Продажи.Регистратор.Дата МЕЖДУ &ДатаНач И &ДатаКон
|
|СГРУППИРОВАТЬ ПО
|	Продажи.Товар
|;
|
|ВЫБРАТЬ
|	Остатки.Товар КАК Товар,
|	Товары.Наименование КАК Наименование,
|	СУММА(Остатки.КоличествоОстаток) КАК ОстатокНаСкладе,
|	ЕСТЬNULL(МАКСИМУМ(Продажи.КоличествоПродаж), 0) КАК КоличествоПродаж
|ИЗ
|	РегистрНакопления.ТоварныеЗапасы.Остатки(&ДатаКон, ) КАК Остатки
|		ЛЕВОЕ СОЕДИНЕНИЕ ВТ_Продажи КАК Продажи
|		ПО Остатки.Товар = Продажи.Товар
|		ЛЕВОЕ СОЕДИНЕНИЕ Справочник.Товары КАК Товары
|		ПО Остатки.Товар = Товары.Ссылка
|
|СГРУППИРОВАТЬ ПО
|	Остатки.Товар,
|	Товары.Наименование
|
|ИМЕЮЩИЕ
|	СУММА(Остатки.КоличествоОстаток) > 0"";
	
	РезультатыПакета = Запрос.ВыполнитьПакет();
	РезультатЗапроса = РезультатыПакета[РезультатыПакета.Количество() - 1];
	
	Выборка = РезультатЗапроса.Выбрать();
	
	Пока Выборка.Следующий() Цикл
		
		Если Выборка.ОстатокНаСкладе > 0
			И Выборка.КоличествоПродаж = 0
			И ЗначениеЗаполнено(Выборка.Товар) Тогда
			
			НоваяСтрока = Результат.Добавить();
			НоваяСтрока.Товар = Выборка.Товар;
			НоваяСтрока.Наименование = Выборка.Наименование;
			НоваяСтрока.ОстатокНаСкладе = Выборка.ОстатокНаСкладе;
			НоваяСтрока.КоличествоПродаж = Выборка.КоличествоПродаж;
			НоваяСтрока.Неликвид = Истина;
			
		КонецЕсли;
		
	КонецЦикла;
	
	Результат.Сортировать(""ОстатокНаСкладе Убыв"");
	
	Возврат Результат;
	
КонецФункции


Функция ЗадачаРешена(ТабДок) Экспорт
	
	Если ТипЗнч(ТабДок) <> Тип(""ТаблицаЗначений"") Тогда
		Возврат Ложь;
	КонецЕсли;
	
	Если ТабДок.Колонки.Найти(""Товар"") = Неопределено Тогда
		Возврат Ложь;
	КонецЕсли;
	
	Если ТабДок.Колонки.Найти(""ОстатокНаСкладе"") = Неопределено Тогда
		Возврат Ложь;
	КонецЕсли;
	
	Если ТабДок.Колонки.Найти(""КоличествоПродаж"") = Неопределено Тогда
		Возврат Ложь;
	КонецЕсли;
	
	Если ТабДок.Колонки.Найти(""Неликвид"") = Неопределено Тогда
		Возврат Ложь;
	КонецЕсли;
	
	Для Каждого СтрокаТаблицы Из ТабДок Цикл
		
		Если ТипЗнч(СтрокаТаблицы.Товар) <> Тип(""СправочникСсылка.Товары"") Тогда
			Возврат Ложь;
		КонецЕсли;
		
		Если Не ЗначениеЗаполнено(СтрокаТаблицы.Товар) Тогда
			Возврат Ложь;
		КонецЕсли;
		
		Если ТипЗнч(СтрокаТаблицы.ОстатокНаСкладе) <> Тип(""Число"") Тогда
			Возврат Ложь;
		КонецЕсли;
		
		Если ТипЗнч(СтрокаТаблицы.КоличествоПродаж) <> Тип(""Число"") Тогда
			Возврат Ложь;
		КонецЕсли;
		
		Если СтрокаТаблицы.ОстатокНаСкладе < 0 Тогда
			Возврат Ложь;
		КонецЕсли;
		
		Если СтрокаТаблицы.КоличествоПродаж < 0 Тогда
			Возврат Ложь;
		КонецЕсли;
		
		Если ТипЗнч(СтрокаТаблицы.Неликвид) <> Тип(""Булево"") Тогда
			Возврат Ложь;
		КонецЕсли;
		
		Если Не СтрокаТаблицы.Неликвид Тогда
			Возврат Ложь;
		КонецЕсли;
		
	КонецЦикла;
	
	Возврат Истина;
	
КонецФункции"
"Написать функцию СформироватьОтчетПоОплатамСГруппировкойПоПоставщикам(), которая формирует отчет на сервере ""ДокументыОплата"" с добавлением группировки по полю Поставщик.
Функция должна программно сформировать отчет ""ДокументыОплата"", вариант отчета ""Основной"". Стандартную структуру отчета подменить на структуру вида группировка(Поставщик, ДетальныеЗаписи). 
Настройки отчета:  
    Структура отчета: Группировка:
                         Поставщик : ТипГруппировки = Элементы, ТипДополнения = БезДополнения. 
                           ДетальныеЗаписи.
	Параметры вывода: ВыводитьПараметрыДанных = Не выводить,
	                  ВыводитьОтбор = Не выводить.                
Возвращаемое значение: ТабличныйДокумент.",{},task_061,server,high,task15_сложн_Куликова_v1.epf,"&НаСервереБезКонтекста
Функция СформироватьОтчетПоОплатамСГруппировкойПоПоставщикам() Экспорт
	
	ИмяВариантаНастроек = ""Основной"";
	
	ОтчетОбъект = Отчеты.ДокументыОплата.Создать();
	СхемаКомпоновкиДанных = ОтчетОбъект.ПолучитьМакет(""ОсновнаяСхемаКомпоновкиДанных"");
	
	ВариантНастроек = НайтиВариантНастроекСКД(СхемаКомпоновкиДанных, ИмяВариантаНастроек);
	
	Если ВариантНастроек = Неопределено Тогда
		ИсходныеНастройки = СхемаКомпоновкиДанных.НастройкиПоУмолчанию;
	Иначе
		ИсходныеНастройки = ВариантНастроек.Настройки;
	КонецЕсли;
	
	КомпоновщикНастроек = Новый КомпоновщикНастроекКомпоновкиДанных;
	ИсточникДоступныхНастроек = Новый ИсточникДоступныхНастроекКомпоновкиДанных(СхемаКомпоновкиДанных);
	
	КомпоновщикНастроек.Инициализировать(ИсточникДоступныхНастроек);
	КомпоновщикНастроек.ЗагрузитьНастройки(ИсходныеНастройки);
	
	Настройки = КомпоновщикНастроек.Настройки;
	
	// Подменяем стандартную структуру отчета:
	// Группировка(Поставщик, ДетальныеЗаписи)
	Настройки.Структура.Очистить();
	
	ГруппировкаПоставщик = Настройки.Структура.Добавить(Тип(""ГруппировкаКомпоновкиДанных""));
	ГруппировкаПоставщик.Использование = Истина;
	
	ПолеГруппировкиПоставщик = ГруппировкаПоставщик.ПоляГруппировки.Элементы.Добавить(Тип(""ПолеГруппировкиКомпоновкиДанных""));
	ПолеГруппировкиПоставщик.Использование = Истина;
	ПолеГруппировкиПоставщик.Поле = Новый ПолеКомпоновкиДанных(""Поставщик"");
	ПолеГруппировкиПоставщик.ТипГруппировки = ТипГруппировкиКомпоновкиДанных.Элементы;
	ПолеГруппировкиПоставщик.ТипДополнения = ТипДополненияКомпоновкиДанных.БезДополнения;
	
	ДетальныеЗаписи = ГруппировкаПоставщик.Структура.Добавить(Тип(""ДетальныеЗаписиКомпоновкиДанных""));
	ДетальныеЗаписи.Использование = Истина;
	
	// Параметры вывода.
	УстановитьПараметрВыводаСКД(
		Настройки,
		""ВыводитьПараметрыДанных"",
		ТипВыводаПараметровДанныхКомпоновкиДанных.НеВыводить);
	
	УстановитьПараметрВыводаСКД(
		Настройки,
		""ВыводитьОтбор"",
		ТипВыводаОтбораКомпоновкиДанных.НеВыводить);
	
	ТабличныйДокумент = Новый ТабличныйДокумент;
	ДанныеРасшифровки = Новый ДанныеРасшифровкиКомпоновкиДанных;
	
	КомпоновщикМакета = Новый КомпоновщикМакетаКомпоновкиДанных;
	МакетКомпоновки = КомпоновщикМакета.Выполнить(
		СхемаКомпоновкиДанных,
		Настройки,
		ДанныеРасшифровки);
	
	ПроцессорКомпоновки = Новый ПроцессорКомпоновкиДанных;
	ПроцессорКомпоновки.Инициализировать(
		МакетКомпоновки,
		,
		ДанныеРасшифровки);
	
	ПроцессорВывода = Новый ПроцессорВыводаРезультатаКомпоновкиДанныхВТабличныйДокумент;
	ПроцессорВывода.УстановитьДокумент(ТабличныйДокумент);
	ПроцессорВывода.Вывести(ПроцессорКомпоновки);
	
	Возврат ТабличныйДокумент;
	
КонецФункции

&НаСервереБезКонтекста
Функция НайтиВариантНастроекСКД(СхемаКомпоновкиДанных, ИмяВариантаНастроек)
	
	Для Каждого ВариантНастроек Из СхемаКомпоновкиДанных.ВариантыНастроек Цикл
		
		Если ВРег(Строка(ВариантНастроек.Имя)) = ВРег(ИмяВариантаНастроек)
			Или ВРег(Строка(ВариантНастроек.Представление)) = ВРег(ИмяВариантаНастроек) Тогда
			Возврат ВариантНастроек;
		КонецЕсли;
		
	КонецЦикла;
	
	Возврат Неопределено;
	
КонецФункции

&НаСервереБезКонтекста
Процедура УстановитьПараметрВыводаСКД(Настройки, ИмяПараметра, ЗначениеПараметра)
	
	ПараметрВывода = Настройки.ПараметрыВывода.Элементы.Найти(ИмяПараметра);
	
	Если ПараметрВывода <> Неопределено Тогда
		ПараметрВывода.Значение = ЗначениеПараметра;
	Иначе
		Настройки.ПараметрыВывода.УстановитьЗначениеПараметра(ИмяПараметра, ЗначениеПараметра);
	КонецЕсли;
	
КонецПроцедуры"
"Написать функцию ПолучитьПродажиСклада(ДатаНачала, ДатаОкончания),
которая формирует аналитический отчет по эффективности продаж склада за указанный период.

Отчет предназначен для анализа объема реализации товаров в разрезе складов на основании данных регистра накопления РегистрНакопления.
Продажи и позволяет оценить товарооборот, структуру продаж и эффективность складской реализации. 

Параметры функции
Функция принимает два параметра:
ДатаНачала — дата начала периода анализа;
ДатаОкончания — дата окончания периода анализа.


Значения по умолчанию
Если параметры периода не заданы, функция должна автоматически установить:
ДатаНачала = начало текущего месяца (с начала дня);
ДатаОкончания = текущая дата (конец дня).

Проверка параметров
Перед выполнением расчета необходимо выполнить проверку:
если ДатаОкончания < ДатаНачала — должно быть сгенерировано исключение.  

Источники данных
Расчет выполняется на основании регистра накопления:
РегистрНакопления.Продажи
Используются:
измерение: Регистратор.Склад;
измерение: Товар;
ресурсы: Количество, Сумма. 

Результат функции
Функция должна возвращать объект типа ТаблицаЗначений, содержащий:
РегистраторСклад — склад;
Товар — товар;
Количество — количество продаж;
Сумма — сумма продаж;
СредняяЦена — средняя цена. 

Позволяет анализировать эффективность продаж по складам и товарам, выявлять наиболее прибыльные направления и принимать управленческие решения на основе данных учета.","{""AccumulationRegisters"": [{""id"": ""Продажи"", ""name"": ""Продажи"", ""RegisterType"": ""Turnovers"", ""Dimensions"": [{""id"": ""Покупатель"", ""name"": ""Покупатель"", ""types"": [{""type"": ""Ref"", ""id"": ""Справочник.Контрагенты""}]}, {""id"": ""Товар"", ""name"": ""Товар"", ""types"": [{""type"": ""Ref"", ""id"": ""Справочник.Товары""}]}], ""Resources"": [{""id"": ""Количество"", ""name"": ""Количество"", ""types"": [{""type"": ""Number"", ""NumberQualifiers"": ""10.2""}]}, {""id"": ""Сумма"", ""name"": ""Сумма"", ""types"": [{""type"": ""Number"", ""NumberQualifiers"": ""10.2""}]}]}], ""Catalogs"": [{""id"": ""Склады"", ""name"": ""Склады"", ""Attributes"": [{""id"": ""НеИспользовать"", ""name"": ""Не использовать"", ""types"": [{""type"": ""Boolean""}]}]}, {""id"": ""Товары"", ""name"": ""Товары"", ""Attributes"": [{""id"": ""Артикул"", ""name"": ""Артикул"", ""types"": [{""type"": ""String"", ""StringQualifiers"": ""15""}]}, {""id"": ""Поставщик"", ""name"": ""Поставщик"", ""types"": [{""type"": ""Ref"", ""id"": ""Справочник.Контрагенты""}]}, {""id"": ""ФайлКартинки"", ""name"": ""Картинка"", ""types"": [{""type"": ""Ref"", ""id"": ""Справочник.ХранимыеФайлы""}]}, {""id"": ""Вид"", ""name"": ""Вид"", ""types"": []}, {""id"": ""Штрихкод"", ""name"": ""Штрихкод"", ""types"": [{""type"": ""String"", ""StringQualifiers"": ""20""}]}, {""id"": ""Описание"", ""name"": ""Описание"", ""types"": [{""type"": ""String"", ""StringQualifiers"": ""0""}]}]}]}",task_062,server,mid,task16_СредняяОтчетПоэффективностиРаботыСклада_v4.epf,"Функция ПолучитьПродажиСклада(ДатаНачала = Неопределено, ДатаОкончания = Неопределено) Экспорт
	
	// Установка значений периода по умолчанию
	Если ДатаНачала = Неопределено Или Не ЗначениеЗаполнено(ДатаНачала) Тогда
		ДатаНачала = НачалоМесяца(ТекущаяДата());
	КонецЕсли;
	
	Если ДатаОкончания = Неопределено Или Не ЗначениеЗаполнено(ДатаОкончания) Тогда
		ДатаОкончания = КонецДня(ТекущаяДата());
	Иначе
		ДатаОкончания = КонецДня(ДатаОкончания);
	КонецЕсли;
	
	ДатаНачала = НачалоДня(ДатаНачала);
	
	// Проверка корректности периода
	Если ДатаОкончания < ДатаНачала Тогда
		ВызватьИсключение ""Дата окончания периода не может быть меньше даты начала периода."";
	КонецЕсли;
	
	Запрос = Новый Запрос;
	Запрос.УстановитьПараметр(""ДатаНачала"", ДатаНачала);
	Запрос.УстановитьПараметр(""ДатаОкончания"", ДатаОкончания);
	
	Запрос.Текст = 
""ВЫБРАТЬ
|	ПродажиОбороты.Регистратор.Склад КАК РегистраторСклад,
|	ПродажиОбороты.Товар КАК Товар,
|	СУММА(ПродажиОбороты.КоличествоОборот) КАК Количество,
|	СУММА(ПродажиОбороты.СуммаОборот) КАК Сумма,
|	ВЫБОР
|		КОГДА СУММА(ПродажиОбороты.КоличествоОборот) = 0
|			ТОГДА 0
|		ИНАЧЕ СУММА(ПродажиОбороты.СуммаОборот) / СУММА(ПродажиОбороты.КоличествоОборот)
|	КОНЕЦ КАК СредняяЦена
|ИЗ
|	РегистрНакопления.Продажи.Обороты(&ДатаНачала, &ДатаОкончания, Регистратор, ) КАК ПродажиОбороты
|
|СГРУППИРОВАТЬ ПО
|	ПродажиОбороты.Регистратор.Склад,
|	ПродажиОбороты.Товар
|
|УПОРЯДОЧИТЬ ПО
|	РегистраторСклад,
|	Товар"";
	
	РезультатЗапроса = Запрос.Выполнить();
	
	Возврат РезультатЗапроса.Выгрузить();
	
КонецФункции"
"Написать функцию СформироватьОтчетПоНеПроведеннымОплатамПоставщиков(), которая формирует отчет на сервере ""ДокументыОплата"" с отбором по непроведенным документам оплат.
Функция должна программно сформировать отчет ""ДокументыОплата"", вариант отчета ""Основной"".               
Поле компоновки данных называется ""Проведен""
Настройки отчета:  
   	Параметры вывода: ВыводитьПараметрыДанных = Не выводить,
	                  ВыводитьОтбор = Не выводить.                
Возвращаемое значение: ТабличныйДокумент.","{""Catalogs"": [{""id"": ""ХранилищеВариантовОтчетов"", ""name"": ""Варианты отчетов"", ""Attributes"": [{""id"": ""ВариантОтчета"", ""name"": ""Вариант отчета"", ""types"": []}, {""id"": ""КлючОбъекта"", ""name"": ""Ключ объекта"", ""types"": [{""type"": ""String"", ""StringQualifiers"": ""255""}]}]}]}",task_063,server,high,task16_сложн_Куликова_v1 .epf,"// Разместите код в серверном общем модуле.

Функция СформироватьОтчетПоНеПроведеннымОплатамПоставщиков() Экспорт
	
	ИмяОтчета = ""ДокументыОплата"";
	ИмяВариантаОтчета = ""Основной"";
	ИмяПоляПроведен = ""Проведен"";
	
	СхемаКомпоновкиДанных = Отчеты[ИмяОтчета].ПолучитьМакет(""ОсновнаяСхемаКомпоновкиДанных"");
	
	НастройкиВарианта = ПолучитьНастройкиВариантаОтчетаДокументыОплата(
		СхемаКомпоновкиДанных,
		ИмяВариантаОтчета);
	
	КомпоновщикНастроек = Новый КомпоновщикНастроекКомпоновкиДанных;
	ИсточникДоступныхНастроек = Новый ИсточникДоступныхНастроекКомпоновкиДанных(СхемаКомпоновкиДанных);
	
	КомпоновщикНастроек.Инициализировать(ИсточникДоступныхНастроек);
	КомпоновщикНастроек.ЗагрузитьНастройки(НастройкиВарианта);
	
	Настройки = КомпоновщикНастроек.Настройки;
	
	// Отбор: только непроведенные документы.
	УстановитьОтборПоНепроведеннымДокументам(Настройки, ИмяПоляПроведен);
	
	// Параметры вывода отчета.
	УстановитьПараметрВыводаКомпоновки(
		Настройки,
		""ВыводитьПараметрыДанных"",
		ТипВыводаТекстаКомпоновкиДанных.НеВыводить);
	
	УстановитьПараметрВыводаКомпоновки(
		Настройки,
		""ВыводитьОтбор"",
		ТипВыводаТекстаКомпоновкиДанных.НеВыводить);
	
	ДанныеРасшифровки = Новый ДанныеРасшифровкиКомпоновкиДанных;
	
	КомпоновщикМакета = Новый КомпоновщикМакетаКомпоновкиДанных;
	МакетКомпоновкиДанных = КомпоновщикМакета.Выполнить(
		СхемаКомпоновкиДанных,
		Настройки,
		ДанныеРасшифровки);
	
	ПроцессорКомпоновкиДанных = Новый ПроцессорКомпоновкиДанных;
	ПроцессорКомпоновкиДанных.Инициализировать(
		МакетКомпоновкиДанных,
		,
		ДанныеРасшифровки);
	
	ТабличныйДокумент = Новый ТабличныйДокумент;
	
	ПроцессорВывода = Новый ПроцессорВыводаРезультатаКомпоновкиДанныхВТабличныйДокумент;
	ПроцессорВывода.УстановитьДокумент(ТабличныйДокумент);
	ПроцессорВывода.Вывести(ПроцессорКомпоновкиДанных);
	
	Возврат ТабличныйДокумент;
	
КонецФункции

Функция ПолучитьНастройкиВариантаОтчетаДокументыОплата(СхемаКомпоновкиДанных, ИмяВариантаОтчета)
	
	НастройкиВарианта = ПолучитьНастройкиВариантаИзСхемы(
		СхемаКомпоновкиДанных,
		ИмяВариантаОтчета);
	
	Если НастройкиВарианта <> Неопределено Тогда
		Возврат НастройкиВарианта;
	КонецЕсли;
	
	НастройкиВарианта = ПолучитьНастройкиВариантаИзХранилищаОтчетов(ИмяВариантаОтчета);
	
	Если НастройкиВарианта <> Неопределено Тогда
		Возврат НастройкиВарианта;
	КонецЕсли;
	
	Возврат СхемаКомпоновкиДанных.НастройкиПоУмолчанию;
	
КонецФункции

Функция ПолучитьНастройкиВариантаИзСхемы(СхемаКомпоновкиДанных, ИмяВариантаОтчета)
	
	Попытка
		
		Для Каждого ВариантНастроек Из СхемаКомпоновкиДанных.ВариантыНастроек Цикл
			
			ИмяВарианта = """";
			ПредставлениеВарианта = """";
			
			Попытка
				ИмяВарианта = СокрЛП(ВариантНастроек.Имя);
			Исключение
			КонецПопытки;
			
			Попытка
				ПредставлениеВарианта = СокрЛП(Строка(ВариантНастроек.Представление));
			Исключение
			КонецПопытки;
			
			Если НРег(ИмяВарианта) = НРег(ИмяВариантаОтчета)
				Или НРег(ПредставлениеВарианта) = НРег(ИмяВариантаОтчета) Тогда
				
				Возврат ПолучитьНастройкиИзЗначенияВарианта(ВариантНастроек);
				
			КонецЕсли;
			
		КонецЦикла;
		
	Исключение
	КонецПопытки;
	
	Возврат Неопределено;
	
КонецФункции

Функция ПолучитьНастройкиВариантаИзХранилищаОтчетов(ИмяВариантаОтчета)
	
	КлючиОбъекта = Новый Массив;
	КлючиОбъекта.Добавить(""Отчет.ДокументыОплата"");
	КлючиОбъекта.Добавить(""ДокументыОплата"");
	
	Попытка
		КлючиОбъекта.Добавить(Метаданные.Отчеты.ДокументыОплата.ПолноеИмя());
	Исключение
	КонецПопытки;
	
	Запрос = Новый Запрос;
	Запрос.Текст = 
""ВЫБРАТЬ
|	ХранилищеВариантовОтчетов.Ссылка КАК Ссылка,
|	ХранилищеВариантовОтчетов.ВариантОтчета КАК ВариантОтчета
|ИЗ
|	Справочник.ХранилищеВариантовОтчетов КАК ХранилищеВариантовОтчетов
|ГДЕ
|	ХранилищеВариантовОтчетов.КлючОбъекта В (&КлючиОбъекта)"";
	
	Запрос.УстановитьПараметр(""КлючиОбъекта"", КлючиОбъекта);
	
	Выборка = Запрос.Выполнить().Выбрать();
	
	Пока Выборка.Следующий() Цикл
		
		Если НРег(СокрЛП(Строка(Выборка.Ссылка))) = НРег(ИмяВариантаОтчета) Тогда
			
			НастройкиВарианта = ПолучитьНастройкиИзЗначенияВарианта(Выборка.ВариантОтчета);
			
			Если НастройкиВарианта <> Неопределено Тогда
				Возврат НастройкиВарианта;
			КонецЕсли;
			
		Кон"
"Написать функцию СформироватьОтчетТоварыБезЦены(ВидЦен), которая формирует отчет на сервере ""ПрайсЛист"" по заданному виду цен и раскрашивает строки отечта, где цена не установлена.
Функция должна программно сформировать отчет ""ПрайсЛист"", вариант отчета ""Основной"".  
Настройки отчета:  
    Параметры отчета: ВидЦен 
	    Значения параметов: ВидЦен = ВидЦен.  
   	Параметры вывода: ВыводитьПараметрыДанных = Не выводить,
	                  ВыводитьОтбор = Не выводить. 
	УсловноеОформление: 
       Оформление: ЦветФона = Цвет(255, 236, 239);
       Условие: Цена НеЗаполнено                          
Возвращаемое значение: ТабличныйДокумент.","{""InformationRegisters"": [{""id"": ""ЦеныТоваров"", ""name"": ""Цены товаров"", ""InformationRegisterPeriodicity"": ""Day"", ""WriteMode"": ""Independent"", ""Dimensions"": [{""id"": ""Товар"", ""name"": ""Товар"", ""types"": [{""type"": ""Ref"", ""id"": ""Справочник.Товары""}]}, {""id"": ""ВидЦен"", ""name"": ""Вид цен"", ""types"": [{""type"": ""Ref"", ""id"": ""Справочник.ВидыЦен""}]}], ""Resources"": [{""id"": ""Цена"", ""name"": ""Цена"", ""types"": [{""type"": ""Number"", ""NumberQualifiers"": ""10.2""}]}]}], ""Catalogs"": [{""id"": ""ВидыЦен"", ""name"": ""Виды цен"", ""Attributes"": []}]}",task_064,server,high,task18_сложн_Куликова_v1.epf,"&НаСервереБезКонтекста
Функция СформироватьОтчетТоварыБезЦены(ВидЦен) Экспорт
	
	Если Не ЗначениеЗаполнено(ВидЦен) Тогда
		ВызватьИсключение ""Не задан параметр отчета """"ВидЦен""""."";
	КонецЕсли;
	
	СхемаКомпоновкиДанных = Отчеты.ПрайсЛист.ПолучитьМакет(""ОсновнаяСхемаКомпоновкиДанных"");
	Настройки = ПолучитьНастройкиВариантаОтчета(СхемаКомпоновкиДанных, ""Основной"");
	
	УстановитьЗначениеПараметраКомпоновки(
		Настройки.ПараметрыДанных,
		""ВидЦен"",
		ВидЦен);
	
	УстановитьЗначениеПараметраКомпоновки(
		Настройки.ПараметрыВывода,
		""ВыводитьПараметрыДанных"",
		ТипВыводаТекстаКомпоновкиДанных.НеВыводить);
	
	УстановитьЗначениеПараметраКомпоновки(
		Настройки.ПараметрыВывода,
		""ВыводитьОтбор"",
		ТипВыводаТекстаКомпоновкиДанных.НеВыводить);
	
	ДобавитьУсловноеОформлениеТоваровБезЦены(Настройки);
	
	ДанныеРасшифровки = Новый ДанныеРасшифровкиКомпоновкиДанных;
	
	КомпоновщикМакета = Новый КомпоновщикМакетаКомпоновкиДанных;
	МакетКомпоновки = КомпоновщикМакета.Выполнить(
		СхемаКомпоновкиДанных,
		Настройки,
		ДанныеРасшифровки,
		,
		ТипГенератораМакетаКомпоновкиДанных.ДляВывода);
	
	ПроцессорКомпоновки = Новый ПроцессорКомпоновкиДанных;
	ПроцессорКомпоновки.Инициализировать(МакетКомпоновки);
	
	ТабличныйДокумент = Новый ТабличныйДокумент;
	
	ПроцессорВывода = Новый ПроцессорВыводаРезультатаКомпоновкиДанныхВТабличныйДокумент;
	ПроцессорВывода.УстановитьДокумент(ТабличныйДокумент);
	ПроцессорВывода.Вывести(ПроцессорКомпоновки);
	
	Возврат ТабличныйДокумент;
	
КонецФункции

&НаСервереБезКонтекста
Функция ПолучитьНастройкиВариантаОтчета(СхемаКомпоновкиДанных, ИмяВарианта)
	
	ВариантНастроек = СхемаКомпоновкиДанных.ВариантыНастроек.Найти(ИмяВарианта);
	
	Если ВариантНастроек = Неопределено Тогда
		
		Для Каждого ТекущийВариант Из СхемаКомпоновкиДанных.ВариантыНастроек Цикл
			
			Если ТекущийВариант.Представление = ИмяВарианта Тогда
				ВариантНастроек = ТекущийВариант;
				Прервать;
			КонецЕсли;
			
		КонецЦикла;
		
	КонецЕсли;
	
	Если ВариантНастроек = Неопределено Тогда
		ВызватьИсключение СтрШаблон(
			""В отчете """"ПрайсЛист"""" не найден вариант настроек """"%1""""."",
			ИмяВарианта);
	КонецЕсли;
	
	Возврат СкопироватьНастройкиКомпоновки(ВариантНастроек.Настройки);
	
КонецФункции

&НаСервереБезКонтекста
Функция СкопироватьНастройкиКомпоновки(Настройки)
	
	Попытка
		Возврат Настройки.Скопировать();
	Исключение
		Возврат ЗначениеИзСтрокиВнутр(ЗначениеВСтрокуВнутр(Настройки));
	КонецПопытки;
	
КонецФункции

&НаСервереБезКонтекста
Процедура УстановитьЗначениеПараметраКомпоновки(КоллекцияПараметров, ИмяПараметра, ЗначениеПараметра)
	
	ПараметрКомпоновки = КоллекцияПараметров.Элементы.Найти(ИмяПараметра);
	
	Если ПараметрКомпоновки = Неопределено Тогда
		ВызватьИсключение СтрШаблон(
			""В настройках компоновки данных не найден параметр """"%1""""."",
			ИмяПараметра);
	КонецЕсли;
	
	ПараметрКомпоновки.Использование = Истина;
	ПараметрКомпоновки.Значение = ЗначениеПараметра;
	
КонецПроцедуры

&НаСервереБезКонтекста
Процедура ДобавитьУсловноеОформлениеТоваровБезЦены(Настройки)
	
	ЭлементОформления = Настройки.УсловноеОформление.Элементы.Добавить();
	ЭлементОформления.Использование = Истина;
	
	ЭлементОформления.Оформление.УстановитьЗначениеПараметра(
		""ЦветФона"",
		Новый Цвет(255, 236, 239));
	
	ЭлементОтбора = ЭлементОформления.Отбор.Элементы.Добавить(
		Тип(""ЭлементОтбораКомпоновкиДанных""));
	
	ЭлементОтбора.Использование = Истина;
	ЭлементОтбора.ЛевоеЗначение = Новый ПолеКомпоновкиДанных(""Цена"");
	ЭлементОтбора.ВидСравнения = ВидСравненияКомпоновкиДанных.НеЗаполнено;
	
КонецПроцедуры"
"Написать функцию СформироватьРеестрПродажПоПокупателям(ДатаНач, ДатаКон),
которая формирует реестр продаж товаров по покупателям за указанный период в виде таблицы значений.
Реестр должен включать только проведенные документы «РасходТовара».
Данные выбираются из документа РасходТовара с отбором по следующим условиям:
признак Проведен = Истина;
дата документа находится в диапазоне между параметрами ДатаНач и ДатаКон (включительно).
Формирование реестра выполняется в два этапа:
Временная таблица содержит ссылки на документы РасходТовара и соответствующих покупателей за заданный период.
На основании временной таблицы выполняется соединение с табличной частью «Товары» документа РасходТовара для получения агрегированных данных о продажах.
Результат должен представлять таблицу значений (ТаблицаЗначений), где каждая строка соответствует сочетанию:
Покупатель + Товар.
Таблица должна содержать следующие поля:
Покупатель — ссылка на контрагента (реквизит Покупатель документа РасходТовара);
Товар — номенклатура из табличной части «Товары» документа РасходТовара;
Количество — суммарное количество проданных товаров по покупателю за период;
Сумма — суммарная сумма продаж по покупателю и товару за период.","{""Documents"": [{""id"": ""РасходТовара"", ""name"": ""Расход товара"", ""Attributes"": [{""id"": ""Покупатель"", ""name"": ""Покупатель"", ""types"": [{""type"": ""Ref"", ""id"": ""Справочник.Контрагенты""}]}, {""id"": ""Склад"", ""name"": ""Склад"", ""types"": [{""type"": ""Ref"", ""id"": ""Справочник.Склады""}]}, {""id"": ""Валюта"", ""name"": ""Валюта взиморасчетов"", ""types"": [{""type"": ""Ref"", ""id"": ""Справочник.Валюты""}]}, {""id"": ""ВидЦен"", ""name"": ""Вид цен"", ""types"": [{""type"": ""Ref"", ""id"": ""Справочник.ВидыЦен""}]}, {""id"": ""ОбоснованиеОтгрузки"", ""name"": ""Обоснование отгрузки"", ""types"": [{""type"": ""String"", ""StringQualifiers"": ""0""}]}, {""id"": ""Организация"", ""name"": ""Организация"", ""types"": [{""type"": ""Ref"", ""id"": ""Справочник.Организации""}]}], ""TabularSections"": [{""id"": ""Товары"", ""name"": ""Товары"", ""Attributes"": [{""id"": ""Товар"", ""name"": ""Товар"", ""types"": [{""type"": ""Ref"", ""id"": ""Справочник.Товары""}]}, {""id"": ""Цена"", ""name"": ""Цена"", ""types"": [{""type"": ""Number"", ""NumberQualifiers"": ""10.2""}]}, {""id"": ""Количество"", ""name"": ""Количество"", ""types"": [{""type"": ""Number"", ""NumberQualifiers"": ""10.2""}]}, {""id"": ""Сумма"", ""name"": ""Сумма"", ""types"": [{""type"": ""Number"", ""NumberQualifiers"": ""10.2""}]}]}]}], ""Catalogs"": [{""id"": ""Контрагенты"", ""name"": ""Контрагенты"", ""Attributes"": [{""id"": ""Регион"", ""name"": ""Регион"", ""types"": [{""type"": ""Ref"", ""id"": ""Справочник.Регионы""}]}, {""id"": ""Индекс"", ""name"": ""Индекс"", ""types"": [{""type"": ""String"", ""StringQualifiers"": ""10""}]}, {""id"": ""Страна"", ""name"": ""Страна"", ""types"": [{""type"": ""String"", ""StringQualifiers"": ""0""}]}, {""id"": ""Город"", ""name"": ""Город"", ""types"": [{""type"": ""String"", ""StringQualifiers"": ""0""}]}, {""id"": ""Улица"", ""name"": ""Улица"", ""types"": [{""type"": ""String"", ""StringQualifiers"": ""0""}]}, {""id"": ""Дом"", ""name"": ""Дом"", ""types"": [{""type"": ""String"", ""StringQualifiers"": ""15""}]}, {""id"": ""Телефон"", ""name"": ""Телефон"", ""types"": [{""type"": ""String"", ""StringQualifiers"": ""16""}]}, {""id"": ""ЭлектроннаяПочта"", ""name"": ""Электронная почта"", ""types"": [{""type"": ""String"", ""StringQualifiers"": ""40""}]}, {""id"": ""Факс"", ""name"": ""Факс"", ""types"": [{""type"": ""String"", ""StringQualifiers"": ""16""}]}, {""id"": ""ВебСайт"", ""name"": ""Веб сайт"", ""types"": [{""type"": ""String"", ""StringQualifiers"": ""40""}]}, {""id"": ""ВидЦен"", ""name"": ""Вид цен"", ""types"": [{""type"": ""Ref"", ""id"": ""Справочник.ВидыЦен""}]}, {""id"": ""ДополнительнаяИнформация"", ""name"": ""Дополнительная информация"", ""types"": [{""type"": ""String"", ""StringQualifiers"": ""0""}]}, {""id"": ""КонтактноеЛицо"", ""name"": ""Контактное лицо"", ""types"": [{""type"": ""String"", ""StringQualifiers"": ""100""}]}, {""id"": ""Широта"", ""name"": ""Широта"", ""types"": [{""type"": ""Number"", ""NumberQualifiers"": ""10.6""}]}, {""id"": ""Долгота"", ""name"": ""Долгота"", ""types"": [{""type"": ""Number"", ""NumberQualifiers"": ""10.6""}]}]}, {""id"": ""Товары"", ""name"": ""Товары"", ""Attributes"": [{""id"": ""Артикул"", ""name"": ""Артикул"", ""types"": [{""type"": ""String"", ""StringQualifiers"": ""15""}]}, {""id"": ""Поставщик"", ""name"": ""Поставщик"", ""types"": [{""type"": ""Ref"", ""id"": ""Справочник.Контрагенты""}]}, {""id"": ""ФайлКартинки"", ""name"": ""Картинка"", ""types"": [{""type"": ""Ref"", ""id"": ""Справочник.ХранимыеФайлы""}]}, {""id"": ""Вид"", ""name"": ""Вид"", ""types"": []}, {""id"": ""Штрихкод"", ""name"": ""Штрихкод"", ""types"": [{""type"": ""String"", ""StringQualifiers"": ""20""}]}, {""id"": ""Описание"", ""name"": ""Описание"", ""types"": [{""type"": ""String"", ""StringQualifiers"": ""0""}]}]}]}",task_065,server,high,task1_Сложная_СформироватьТаблицуПродажСгруппированнуюПоПокупателям_v3.epf,"Функция СформироватьРеестрПродажПоПокупателям(ДатаНач, ДатаКон) Экспорт
	
	МенеджерВременныхТаблиц = Новый МенеджерВременныхТаблиц;
	
	// Этап 1. Формируем временную таблицу документов продаж за период.
	Запрос = Новый Запрос;
	Запрос.МенеджерВременныхТаблиц = МенеджерВременныхТаблиц;
	
	Запрос.Текст = 
""ВЫБРАТЬ
|	РасходТовара.Ссылка КАК ДокументРасхода,
|	РасходТовара.Покупатель КАК Покупатель
|ПОМЕСТИТЬ ВТ_ДокументыРасхода
|ИЗ
|	Документ.РасходТовара КАК РасходТовара
|ГДЕ
|	РасходТовара.Проведен = ИСТИНА
|	И РасходТовара.Дата МЕЖДУ &ДатаНач И &ДатаКон
|;
|
|////////////////////////////////////////////////////////////////////////////////
|ВЫБРАТЬ
|	ВТ_ДокументыРасхода.Покупатель КАК Покупатель,
|	Товары.Товар КАК Товар,
|	СУММА(Товары.Количество) КАК Количество,
|	СУММА(Товары.Сумма) КАК Сумма
|ИЗ
|	ВТ_ДокументыРасхода КАК ВТ_ДокументыРасхода
|		ВНУТРЕННЕЕ СОЕДИНЕНИЕ Документ.РасходТовара.Товары КАК Товары
|		ПО Товары.Ссылка = ВТ_ДокументыРасхода.ДокументРасхода
|
|СГРУППИРОВАТЬ ПО
|	ВТ_ДокументыРасхода.Покупатель,
|	Товары.Товар
|
|УПОРЯДОЧИТЬ ПО
|	Покупатель,
|	Товар"";
	
	Запрос.УстановитьПараметр(""ДатаНач"", ДатаНач);
	Запрос.УстановитьПараметр(""ДатаКон"", ДатаКон);
	
	РезультатыЗапросов = Запрос.ВыполнитьПакет();
	
	// Последний запрос пакета содержит итоговый реестр.
	РезультатЗапроса = РезультатыЗапросов[РезультатыЗапросов.Количество() - 1];
	
	Возврат РезультатЗапроса.Выгрузить();
	
КонецФункции"
"Написать функцию СформироватьАнализКурсовойРазницыПоОплатам(ДатаНач, ДатаКон),
которая анализирует документы Оплата и рассчитывает курсовую прибыль или убыток по платежам поставщикам, если расчеты выполнялись в иностранной валюте.
Задача предназначена для анализа влияния изменения курса валют на финансовые расчеты предприятия и может использоваться в финансовой аналитике и управленческой отчетности.
Если параметры периода не заданы, функция должна автоматически:
ДатаНач = начало дня 30 дней назад;
ДатаКон = конец текущего дня.
Перед выполнением расчета выполняется проверка параметров:
если ДатаКон < ДатаНач, генерируется исключение;
если даты не заданы — используются значения по умолчанию.
Расчет выполняется на основании следующих объектов конфигурации:
Документ.Оплата
Реквизиты:
Поставщик
Валюта
Сумма
Организация
Дата
РегистрСведений.КурсыВалют
Измерение:
Валюта
Ресурс:
Курс
На первом этапе выполняется запрос к документу Оплата:
выбираются проведенные документы;
выполняется отбор по дате;
извлекаются данные поставщика, валюты и суммы оплаты.
На втором этапе выполняется получение курса валюты:
курс выбирается из регистра КурсыВалют;
курс определяется на дату документа оплаты.
На третьем этапе выполняется расчет суммы оплаты в базовой валюте и расчет курсовой разницы.
Формулы расчета:
СуммаВБазовойВалюте = Сумма * Курс
КурсоваяРазница = СуммаВБазовойВалюте - Сумма
Если значение положительное — это курсовая прибыль,
если отрицательное — курсовый убыток.
Результат формируется в таблицу значений со следующими колонками:
Документ
Дата
Поставщик
Валюта
СуммаВВалюте
Курс
СуммаВБазовойВалюте
КурсоваяРазница
Далее выполняется сортировка по убыванию абсолютного значения курсовой разницы.","{""Documents"": [{""id"": ""Оплата"", ""name"": ""Оплата"", ""Attributes"": [{""id"": ""Поставщик"", ""name"": ""Поставщик"", ""types"": [{""type"": ""Ref"", ""id"": ""Справочник.Контрагенты""}]}, {""id"": ""РасчетныйСчетПоставщика"", ""name"": ""Расчетный счет поставщика"", ""types"": [{""type"": ""Ref"", ""id"": ""Справочник.РасчетныеСчетаКонтрагентов""}]}, {""id"": ""РасчетныйСчет"", ""name"": ""Расчетный счет"", ""types"": [{""type"": ""Ref"", ""id"": ""Справочник.РасчетныеСчета""}]}, {""id"": ""Валюта"", ""name"": ""Валюта"", ""types"": [{""type"": ""Ref"", ""id"": ""Справочник.Валюты""}]}, {""id"": ""Сумма"", ""name"": ""Сумма"", ""types"": [{""type"": ""Number"", ""NumberQualifiers"": ""10.2""}]}, {""id"": ""Организация"", ""name"": ""Организация"", ""types"": [{""type"": ""Ref"", ""id"": ""Справочник.Организации""}]}]}], ""InformationRegisters"": [{""id"": ""КурсыВалют"", ""name"": ""Курсы валют"", ""InformationRegisterPeriodicity"": ""Day"", ""WriteMode"": ""Independent"", ""Dimensions"": [{""id"": ""Валюта"", ""name"": ""Валюта"", ""types"": [{""type"": ""Ref"", ""id"": ""Справочник.Валюты""}]}], ""Resources"": [{""id"": ""Курс"", ""name"": ""Курс"", ""types"": [{""type"": ""Number"", ""NumberQualifiers"": ""10.2""}]}]}]}",task_066,server,,task22_СрВывестиКурсовуюРаздницуТовара_v2.epf,"Функция СформироватьАнализКурсовойРазницыПоОплатам(ДатаНач = Неопределено, ДатаКон = Неопределено) Экспорт
	
	// Установка периода по умолчанию и проверка параметров
	Если Не ЗначениеЗаполнено(ДатаНач) Тогда
		ДатаНач = НачалоДня(ТекущаяДата() - 30 * 24 * 60 * 60);
	ИначеЕсли ТипЗнч(ДатаНач) <> Тип(""Дата"") Тогда
		ВызватьИсключение ""Параметр ДатаНач должен иметь тип Дата."";
	Иначе
		ДатаНач = НачалоДня(ДатаНач);
	КонецЕсли;
	
	Если Не ЗначениеЗаполнено(ДатаКон) Тогда
		ДатаКон = КонецДня(ТекущаяДата());
	ИначеЕсли ТипЗнч(ДатаКон) <> Тип(""Дата"") Тогда
		ВызватьИсключение ""Параметр ДатаКон должен иметь тип Дата."";
	Иначе
		ДатаКон = КонецДня(ДатаКон);
	КонецЕсли;
	
	Если ДатаКон < ДатаНач Тогда
		ВызватьИсключение ""Дата окончания периода не может быть меньше даты начала периода."";
	КонецЕсли;
	
	// Таблица результата
	Результат = Новый ТаблицаЗначений;
	Результат.Колонки.Добавить(""Документ"");
	Результат.Колонки.Добавить(""Дата"");
	Результат.Колонки.Добавить(""Поставщик"");
	Результат.Колонки.Добавить(""Валюта"");
	Результат.Колонки.Добавить(""СуммаВВалюте"");
	Результат.Колонки.Добавить(""Курс"");
	Результат.Колонки.Добавить(""СуммаВБазовойВалюте"");
	Результат.Колонки.Добавить(""КурсоваяРазница"");
	
	// Служебная колонка для сортировки по модулю курсовой разницы
	КолонкаАбсолютнаяРазница = Результат.Колонки.Добавить(""АбсолютнаяКурсоваяРазница"");
	
	// Получаем проведенные документы оплаты за период
	Запрос = Новый Запрос;
	Запрос.Текст = 
""ВЫБРАТЬ
|	Оплата.Ссылка КАК Документ,
|	Оплата.Дата КАК Дата,
|	Оплата.Поставщик КАК Поставщик,
|	Оплата.Валюта КАК Валюта,
|	Оплата.Сумма КАК СуммаВВалюте
|ИЗ
|	Документ.Оплата КАК Оплата
|ГДЕ
|	Оплата.Проведен = ИСТИНА
|	И Оплата.Дата МЕЖДУ &ДатаНач И &ДатаКон
|	И Оплата.Валюта <> ЗНАЧЕНИЕ(Справочник.Валюты.ПустаяСсылка)
|	И Оплата.Сумма <> 0"";
	
	Запрос.УстановитьПараметр(""ДатаНач"", ДатаНач);
	Запрос.УстановитьПараметр(""ДатаКон"", ДатаКон);
	
	Выборка = Запрос.Выполнить().Выбрать();
	
	// Кэш курсов, чтобы не обращаться к регистру повторно для одной валюты и даты
	КэшКурсов = Новый Соответствие;
	
	Пока Выборка.Следующий() Цикл
		
		ДатаКурса = КонецДня(Выборка.Дата);
		ДатаКурсаДляКлюча = НачалоДня(Выборка.Дата);
		КлючКурса = Строка(Выборка.Валюта.УникальныйИдентификатор()) + ""|"" + Формат(ДатаКурсаДляКлюча, ""ДФ=yyyyMMdd"");
		
		Курс = КэшКурсов.Получить(КлючКурса);
		
		Если Курс = Неопределено Тогда
			
			ОтборКурса = Новый Структура;
			ОтборКурса.Вставить(""Валюта"", Выборка.Валюта);
			
			ДанныеКурса = РегистрыСведений.КурсыВалют.ПолучитьПоследнее(ДатаКурса, ОтборКурса);
			
			Если ДанныеКурса = Неопределено 
				Или Не ЗначениеЗаполнено(ДанныеКурса.Курс)
				Или ДанныеКурса.Курс <= 0 Тогда
				
				ВызватьИсключение ""Не найден корректный курс валюты """""" 
					+ Строка(Выборка.Валюта) 
					+ """""" на дату "" 
					+ Формат(Выборка.Дата, ""ДФ=dd.MM.yyyy"") 
					+ "" для документа "" 
					+ Строка(Выборка.Документ) 
					+ ""."";
				
			КонецЕсли;
			
			Курс = ДанныеКурса.Курс;
			КэшКурсов.Вставить(КлючКурса, Курс);
			
		КонецЕсли;
		
		СуммаВБазовойВалюте = Окр(Выборка.СуммаВВалюте * Курс, 2);
		КурсоваяРазница = Окр(СуммаВБазовойВалюте - Выборка.СуммаВВалюте, 2);
		
		НоваяСтрока = Результат.Добавить();
		НоваяСтрока.Документ = Выборка.Документ;
		НоваяСтрока.Дата = Выборка.Дата;
		НоваяСтрока.Поставщик = Выборка.Поставщик;
		НоваяСтрока.Валюта = Выборка.Валюта;
		НоваяСтрока.СуммаВВалюте = Выборка.СуммаВВалюте;
		НоваяСтрока.Курс = Курс;
		НоваяСтрока.СуммаВБазовойВалюте = СуммаВБазовойВалюте;
		НоваяСтрока.КурсоваяРазница = КурсоваяРазница;
		НоваяСтрока.АбсолютнаяКурсоваяРазница = ?(КурсоваяРазница < 0, -КурсоваяРазница, КурсоваяРазница);
		
	КонецЦикла;
	
	// Сортировка по убыванию абсолютного значения курсовой разницы
	Результат.Сортировать(""АбсолютнаяКурсоваяРазница Убыв"");
	
	// Удаляем служебную колонку, чтобы вернуть таблицу в требуемом формате
	Результат.Колонки.Удалить(КолонкаАбсолютнаяРазница);
	
	Возврат Результат;
	
КонецФункции"
"Написать функцию СформироватьСреднийЧекПродаж(ДатаНач, ДатаКон),
которая рассчитывает средний чек продаж предприятия за выбранный период.Задача предназначена для анализа эффективности продаж и позволяет определить среднюю сумму одного чека.
Отчет может использоваться для оценки покупательской активности, анализа работы кассиров и планирования маркетинговых мероприятий, направленных на увеличение среднего чека.
Если параметры периода не заданы, функция должна автоматически установить значения:
ДатаНач = начало дня 30 дней назад
ДатаКон = конец текущего дня
Перед выполнением расчета выполняется проверка параметров:
если ДатаКон < ДатаНач, генерируется исключение;
если даты не заданы — используются значения по умолчанию.
Расчет выполняется на основании следующих объектов конфигурации.
Документ.РасходТовара
Реквизиты:
Дата
Покупатель
Склад
Валюта
Табличная часть Документ.РасходТовара.Товары
Поля:
Товар
Количество
Сумма
Данные объекты используются как основной источник информации о фактических продажах товаров и суммах чеков.
1.Выполняется запрос к документу РасходТовара и его табличной части Товары.
Запрос выполняет:
отбор только проведенных документов продаж;
отбор записей по периоду ДатаНач – ДатаКон;
группировку по документу продажи;
расчет суммы каждого чека как суммы строк табличной части.
В результате формируется агрегированный набор данных, содержащий сумму каждого чека продаж.
2.Полученные данные выгружаются в таблицу значений, в которой выполняется расчет итоговых показателей.
На этом этапе определяется:
КоличествоЧеков — количество документов продаж;
ОбщаяСуммаПродаж — сумма всех чеков за выбранный период.
3.После определения количества чеков и общей суммы продаж выполняется расчет среднего чека.
Формула расчета:
СреднийЧек = ОбщаяСуммаПродаж / КоличествоЧеков
Если количество чеков равно нулю, значение среднего чека устанавливается равным 0.
Формирование результата
Результат работы функции возвращается в виде таблицы значений со следующими колонками:
КоличествоЧеков
ОбщаяСуммаПродаж
СреднийЧек","{""Documents"": [{""id"": ""РасходТовара"", ""name"": ""Расход товара"", ""Attributes"": [{""id"": ""Покупатель"", ""name"": ""Покупатель"", ""types"": [{""type"": ""Ref"", ""id"": ""Справочник.Контрагенты""}]}, {""id"": ""Склад"", ""name"": ""Склад"", ""types"": [{""type"": ""Ref"", ""id"": ""Справочник.Склады""}]}, {""id"": ""Валюта"", ""name"": ""Валюта взиморасчетов"", ""types"": [{""type"": ""Ref"", ""id"": ""Справочник.Валюты""}]}, {""id"": ""ВидЦен"", ""name"": ""Вид цен"", ""types"": [{""type"": ""Ref"", ""id"": ""Справочник.ВидыЦен""}]}, {""id"": ""ОбоснованиеОтгрузки"", ""name"": ""Обоснование отгрузки"", ""types"": [{""type"": ""String"", ""StringQualifiers"": ""0""}]}, {""id"": ""Организация"", ""name"": ""Организация"", ""types"": [{""type"": ""Ref"", ""id"": ""Справочник.Организации""}]}], ""TabularSections"": [{""id"": ""Товары"", ""name"": ""Товары"", ""Attributes"": [{""id"": ""Товар"", ""name"": ""Товар"", ""types"": [{""type"": ""Ref"", ""id"": ""Справочник.Товары""}]}, {""id"": ""Цена"", ""name"": ""Цена"", ""types"": [{""type"": ""Number"", ""NumberQualifiers"": ""10.2""}]}, {""id"": ""Количество"", ""name"": ""Количество"", ""types"": [{""type"": ""Number"", ""NumberQualifiers"": ""10.2""}]}, {""id"": ""Сумма"", ""name"": ""Сумма"", ""types"": [{""type"": ""Number"", ""NumberQualifiers"": ""10.2""}]}]}]}]}",task_067,server,mid,task24_СредняяСреднийЧекПродаж_v1.epf,"Функция СформироватьСреднийЧекПродаж(ДатаНач = Неопределено, ДатаКон = Неопределено) Экспорт
	
	Если ДатаНач = Неопределено Тогда
		ДатаНач = НачалоДня(ТекущаяДата() - 30 * 24 * 60 * 60);
	Иначе
		ДатаНач = НачалоДня(ДатаНач);
	КонецЕсли;
	
	Если ДатаКон = Неопределено Тогда
		ДатаКон = КонецДня(ТекущаяДата());
	Иначе
		ДатаКон = КонецДня(ДатаКон);
	КонецЕсли;
	
	Если ДатаКон < ДатаНач Тогда
		ВызватьИсключение ""Дата окончания периода не может быть меньше даты начала периода."";
	КонецЕсли;
	
	Запрос = Новый Запрос;
	Запрос.Текст = 
""ВЫБРАТЬ
|	РасходТовараТовары.Ссылка КАК ДокументПродажи,
|	СУММА(РасходТовараТовары.Сумма) КАК СуммаЧека
|ИЗ
|	Документ.РасходТовара.Товары КАК РасходТовараТовары
|ГДЕ
|	РасходТовараТовары.Ссылка.Проведен
|	И РасходТовараТовары.Ссылка.Дата МЕЖДУ &ДатаНач И &ДатаКон
|СГРУППИРОВАТЬ ПО
|	РасходТовараТовары.Ссылка"";
	
	Запрос.УстановитьПараметр(""ДатаНач"", ДатаНач);
	Запрос.УстановитьПараметр(""ДатаКон"", ДатаКон);
	
	ТаблицаЧеков = Запрос.Выполнить().Выгрузить();
	
	КоличествоЧеков = 0;
	ОбщаяСуммаПродаж = 0;
	
	Для Каждого СтрокаЧека Из ТаблицаЧеков Цикл
		КоличествоЧеков = КоличествоЧеков + 1;
		ОбщаяСуммаПродаж = ОбщаяСуммаПродаж + СтрокаЧека.СуммаЧека;
	КонецЦикла;
	
	Если КоличествоЧеков = 0 Тогда
		СреднийЧек = 0;
	Иначе
		СреднийЧек = ОбщаяСуммаПродаж / КоличествоЧеков;
	КонецЕсли;
	
	Результат = Новый ТаблицаЗначений;
	Результат.Колонки.Добавить(""КоличествоЧеков"", Новый ОписаниеТипов(""Число"", Новый КвалификаторыЧисла(15, 0)));
	Результат.Колонки.Добавить(""ОбщаяСуммаПродаж"", Новый ОписаниеТипов(""Число"", Новый КвалификаторыЧисла(20, 2)));
	Результат.Колонки.Добавить(""СреднийЧек"", Новый ОписаниеТипов(""Число"", Новый КвалификаторыЧисла(20, 2)));
	
	СтрокаРезультата = Результат.Добавить();
	СтрокаРезультата.КоличествоЧеков = КоличествоЧеков;
	СтрокаРезультата.ОбщаяСуммаПродаж = ОбщаяСуммаПродаж;
	СтрокаРезультата.СреднийЧек = СреднийЧек;
	
	Возврат Результат;
	
КонецФункции"
"Написать функцию СформироватьПродажиПоДням(ДатаНач, ДатаКон),
которая формирует отчет о продажах предприятия по дням за выбранный период.
Задача предназначена для анализа динамики продаж и позволяет определить объем продаж товаров по каждому дню.
Отчет может использоваться для анализа сезонности продаж, определения наиболее прибыльных дней, планирования загрузки персонала и оценки эффективности маркетинговых мероприятий.
Если параметры периода не заданы, функция должна автоматически установить значения:
ДатаНач = начало дня 30 дней назад
ДатаКон = конец текущего дня
Перед выполнением расчета выполняется проверка параметров:
если ДатаКон < ДатаНач, генерируется исключение;
если даты не заданы — используются значения по умолчанию.
Расчет выполняется на основании следующих объектов конфигурации.
Документ.РасходТовара
Реквизиты:
Дата
Покупатель
Склад
Валюта
Табличная часть Документ.РасходТовара.Товары
Поля:
Товар
Количество
Сумма
Данные объекты используются как основной источник информации о фактических продажах товаров и суммах продаж.
1. Выполняется запрос к документу РасходТовара и его табличной части Товары.
Запрос выполняет:
отбор только проведенных документов продаж;
отбор записей по периоду ДатаНач – ДатаКон;
группировку данных по дате документа;
расчет общего количества проданных товаров за день;
расчет общей суммы продаж за день.
В результате формируется агрегированный набор данных, содержащий суммарные продажи предприятия по каждому дню.
2. Полученные данные выгружаются в таблицу значений.
На этом этапе формируется структура таблицы результата со следующими полями:
Дата — дата продаж;
КоличествоПродаж — общее количество проданных товаров за день;
СуммаПродаж — общая сумма продаж за день.
Если дата не определена, такая строка исключается из результата.
3. После формирования таблицы выполняется аналитическая обработка данных.
Данные сортируются по дате в порядке возрастания, что позволяет получить последовательную динамику продаж предприятия.
Каждая строка таблицы отражает суммарные продажи предприятия за конкретный день.
Формирование результата
Результат работы функции возвращается в виде таблицы значений со следующими колонками:
Дата
КоличествоПродаж
СуммаПродаж
Такая структура позволяет использовать результат функции для построения отчетов, графиков продаж и аналитики динамики продаж предприятия.","{""Documents"": [{""id"": ""РасходТовара"", ""name"": ""Расход товара"", ""Attributes"": [{""id"": ""Покупатель"", ""name"": ""Покупатель"", ""types"": [{""type"": ""Ref"", ""id"": ""Справочник.Контрагенты""}]}, {""id"": ""Склад"", ""name"": ""Склад"", ""types"": [{""type"": ""Ref"", ""id"": ""Справочник.Склады""}]}, {""id"": ""Валюта"", ""name"": ""Валюта взиморасчетов"", ""types"": [{""type"": ""Ref"", ""id"": ""Справочник.Валюты""}]}, {""id"": ""ВидЦен"", ""name"": ""Вид цен"", ""types"": [{""type"": ""Ref"", ""id"": ""Справочник.ВидыЦен""}]}, {""id"": ""ОбоснованиеОтгрузки"", ""name"": ""Обоснование отгрузки"", ""types"": [{""type"": ""String"", ""StringQualifiers"": ""0""}]}, {""id"": ""Организация"", ""name"": ""Организация"", ""types"": [{""type"": ""Ref"", ""id"": ""Справочник.Организации""}]}], ""TabularSections"": [{""id"": ""Товары"", ""name"": ""Товары"", ""Attributes"": [{""id"": ""Товар"", ""name"": ""Товар"", ""types"": [{""type"": ""Ref"", ""id"": ""Справочник.Товары""}]}, {""id"": ""Цена"", ""name"": ""Цена"", ""types"": [{""type"": ""Number"", ""NumberQualifiers"": ""10.2""}]}, {""id"": ""Количество"", ""name"": ""Количество"", ""types"": [{""type"": ""Number"", ""NumberQualifiers"": ""10.2""}]}, {""id"": ""Сумма"", ""name"": ""Сумма"", ""types"": [{""type"": ""Number"", ""NumberQualifiers"": ""10.2""}]}]}]}]}",task_068,server,mid,task25_СредняяСформироватьПродажиПоДням_v1.epf,"Функция СформироватьПродажиПоДням(ДатаНач = Неопределено, ДатаКон = Неопределено) Экспорт
	
	Если Не ЗначениеЗаполнено(ДатаНач) Тогда
		ДатаНач = НачалоДня(ТекущаяДата() - 30 * 24 * 60 * 60);
	КонецЕсли;
	
	Если Не ЗначениеЗаполнено(ДатаКон) Тогда
		ДатаКон = КонецДня(ТекущаяДата());
	КонецЕсли;
	
	Если ДатаКон < ДатаНач Тогда
		ВызватьИсключение ""Дата окончания периода не может быть меньше даты начала периода."";
	КонецЕсли;
	
	Запрос = Новый Запрос;
	Запрос.УстановитьПараметр(""ДатаНач"", ДатаНач);
	Запрос.УстановитьПараметр(""ДатаКон"", ДатаКон);
	
	Запрос.Текст = 
""ВЫБРАТЬ
|	НАЧАЛОПЕРИОДА(ТоварыДокумента.Ссылка.Дата, ДЕНЬ) КАК Дата,
|	СУММА(ТоварыДокумента.Количество) КАК КоличествоПродаж,
|	СУММА(ТоварыДокумента.Сумма) КАК СуммаПродаж
|ИЗ
|	Документ.РасходТовара.Товары КАК ТоварыДокумента
|ГДЕ
|	ТоварыДокумента.Ссылка.Проведен
|	И ТоварыДокумента.Ссылка.Дата МЕЖДУ &ДатаНач И &ДатаКон
|	И ТоварыДокумента.Ссылка.Дата <> ДАТАВРЕМЯ(1, 1, 1)
|
|СГРУППИРОВАТЬ ПО
|	НАЧАЛОПЕРИОДА(ТоварыДокумента.Ссылка.Дата, ДЕНЬ)
|
|УПОРЯДОЧИТЬ ПО
|	Дата ВОЗР"";
	
	РезультатЗапроса = Запрос.Выполнить();
	ТаблицаПродаж = РезультатЗапроса.Выгрузить();
	
	// Дополнительная защита: исключаем строки с неопределенной или пустой датой,
	// если такие по каким-либо причинам появились в результате.
	Для Индекс = ТаблицаПродаж.Количество() - 1 По 0 Цикл
		Если Не ЗначениеЗаполнено(ТаблицаПродаж[Индекс].Дата) Тогда
			ТаблицаПродаж.Удалить(Индекс);
		КонецЕсли;
	КонецЦикла;
	
	ТаблицаПродаж.Сортировать(""Дата Возр"");
	
	Возврат ТаблицаПродаж;
	
КонецФункции"
"Написать функцию СформироватьТоварыСОтрицательнымиОстатками(ДатаОстатков),
которая формирует отчет о товарах предприятия с отрицательными остатками на указанную дату.
Задача предназначена для контроля корректности учета товаров и позволяет выявить товары, по которым количество на складе стало отрицательным.
Отчет может использоваться для анализа ошибок учета, контроля корректности проведения документов движения товаров, выявления проблемных операций списания и предотвращения дальнейших ошибок складского учета.
Если параметр даты не задан, функция должна автоматически установить значение:
ДатаОстатков = конец текущего дня
Перед выполнением расчета выполняется проверка параметров:
если дата не задана — используется значение по умолчанию.
Расчет выполняется на основании следующих объектов конфигурации
Регистр накопления ТоварныеЗапасы
Измерения:
Товар
Склад
Ресурсы:
Количество
Данный регистр используется как основной источник информации о фактических остатках товаров на складах предприятия.
1. Выполняется запрос к регистру накопления ТоварныеЗапасы
Запрос выполняет:
получение остатков товаров на дату ДатаОстатков;
отбор товаров, у которых количество остатка меньше нуля;
упорядочивание данных по товару.
В результате формируется набор данных, содержащий список товаров, у которых остаток на складе стал отрицательным.
2. Полученные данные выгружаются в таблицу значений
На этом этапе формируется структура таблицы результата со следующими полями:
Товар — наименование товара;
КоличествоОстаток — количество товара на складе на выбранную дату.
Если товар не определен, такая строка исключается из результата.
3. После формирования таблицы выполняется аналитическая обработка данных
Данные сортируются по товару в порядке возрастания, что позволяет получить упорядоченный список товаров с отрицательными остатками.
Каждая строка таблицы отражает конкретный товар предприятия, по которому зафиксирован отрицательный остаток на выбранную дату.
Формирование результата
Результат работы функции возвращается в виде таблицы значений со следующими колонками:
Товар
КоличествоОстаток
Такая структура позволяет использовать результат функции для контроля складских остатков, анализа ошибок учета товаров, а также оперативного выявления проблемных позиций в системе учета предприятия.","{""AccumulationRegisters"": [{""id"": ""ТоварныеЗапасы"", ""name"": ""Товарные запасы"", ""RegisterType"": ""Balance"", ""Dimensions"": [{""id"": ""Товар"", ""name"": ""Товар"", ""types"": [{""type"": ""Ref"", ""id"": ""Справочник.Товары""}]}, {""id"": ""Склад"", ""name"": ""Склад"", ""types"": [{""type"": ""Ref"", ""id"": ""Справочник.Склады""}]}], ""Resources"": [{""id"": ""Количество"", ""name"": ""Количество"", ""types"": [{""type"": ""Number"", ""NumberQualifiers"": ""10.2""}]}]}], ""Catalogs"": [{""id"": ""Склады"", ""name"": ""Склады"", ""Attributes"": [{""id"": ""НеИспользовать"", ""name"": ""Не использовать"", ""types"": [{""type"": ""Boolean""}]}]}, {""id"": ""Товары"", ""name"": ""Товары"", ""Attributes"": [{""id"": ""Артикул"", ""name"": ""Артикул"", ""types"": [{""type"": ""String"", ""StringQualifiers"": ""15""}]}, {""id"": ""Поставщик"", ""name"": ""Поставщик"", ""types"": [{""type"": ""Ref"", ""id"": ""Справочник.Контрагенты""}]}, {""id"": ""ФайлКартинки"", ""name"": ""Картинка"", ""types"": [{""type"": ""Ref"", ""id"": ""Справочник.ХранимыеФайлы""}]}, {""id"": ""Вид"", ""name"": ""Вид"", ""types"": []}, {""id"": ""Штрихкод"", ""name"": ""Штрихкод"", ""types"": [{""type"": ""String"", ""StringQualifiers"": ""20""}]}, {""id"": ""Описание"", ""name"": ""Описание"", ""types"": [{""type"": ""String"", ""StringQualifiers"": ""0""}]}]}]}",task_069,server,mid,task27_СредняяТоварыСОтрицательнымиОстатками_v1.epf,"Функция СформироватьТоварыСОтрицательнымиОстатками(ДатаОстатков = Неопределено) Экспорт
	
	// Если дата не задана, используем конец текущего дня
	Если НЕ ЗначениеЗаполнено(ДатаОстатков) Тогда
		ДатаОстатков = КонецДня(ТекущаяДата());
	Иначе
		ДатаОстатков = КонецДня(ДатаОстатков);
	КонецЕсли;
	
	Запрос = Новый Запрос;
	Запрос.УстановитьПараметр(""ДатаОстатков"", ДатаОстатков);
	
	Запрос.Текст = 
""ВЫБРАТЬ
|	ТоварныеЗапасыОстатки.Товар КАК Товар,
|	СУММА(ТоварныеЗапасыОстатки.КоличествоОстаток) КАК КоличествоОстаток
|ИЗ
|	РегистрНакопления.ТоварныеЗапасы.Остатки(&ДатаОстатков) КАК ТоварныеЗапасыОстатки
|ГДЕ
|	ТоварныеЗапасыОстатки.Товар <> ЗНАЧЕНИЕ(Справочник.Товары.ПустаяСсылка)
|
|СГРУППИРОВАТЬ ПО
|	ТоварныеЗапасыОстатки.Товар
|
|ИМЕЮЩИЕ
|	СУММА(ТоварныеЗапасыОстатки.КоличествоОстаток) < 0
|
|УПОРЯДОЧИТЬ ПО
|	Товар"";
	
	РезультатЗапроса = Запрос.Выполнить();
	
	ТаблицаРезультата = РезультатЗапроса.Выгрузить();
	
	// Дополнительная аналитическая сортировка результата
	ТаблицаРезультата.Сортировать(""Товар Возр"");
	
	Возврат ТаблицаРезультата;
	
КонецФункции"
"Написать функцию СформироватьТоварыБезЦены(ДатаЦен),
которая формирует отчет о товарах предприятия, для которых на указанную дату не установлена цена.
Задача предназначена для контроля корректности настройки цен номенклатуры и позволяет выявить товары, по которым отсутствуют записи о цене в системе учета.
Отчет может использоваться для анализа полноты заполнения справочников цен, подготовки прайс-листов, контроля корректности продаж и предотвращения ситуаций, когда товар продается без установленной цены.
Если параметр даты не задан, функция должна автоматически установить значение:
ДатаЦен = конец текущего дня
Перед выполнением расчета выполняется проверка параметров:
если дата не задана — используется значение по умолчанию.
Расчет выполняется на основании следующих объектов конфигурации.
Справочник Товары
Реквизиты:
Ссылка
Наименование
Данный справочник используется как основной источник информации о номенклатуре товаров предприятия.
Регистр сведений ЦеныТоваров
Измерения:
Товар
ВидЦен
Ресурсы:
Цена
Данный регистр используется как основной источник информации о текущих ценах товаров предприятия.
1. Выполняется запрос к справочнику Товары и регистру сведений ЦеныТоваров.
Запрос выполняет:
выбор всех товаров из справочника Товары;
левое соединение с регистром сведений ЦеныТоваров.СрезПоследних, которое позволяет получить актуальные цены товаров на указанную дату;
отбор товаров, для которых цена отсутствует (Цена ЕСТЬ NULL);
упорядочивание данных по товару.
В результате формируется набор данных, содержащий список товаров, для которых на выбранную дату не установлена цена.
2. Полученные данные выгружаются в таблицу значений.
На этом этапе формируется структура таблицы результата со следующим полем:
Товар — ссылка на номенклатуру товара.
Если товар не определен, такая строка исключается из результата.
3. После формирования таблицы выполняется аналитическая обработка данных.
Данные сортируются по товару в порядке возрастания, что позволяет получить упорядоченный список товаров, для которых отсутствует установленная цена.
Каждая строка таблицы отражает конкретный товар предприятия, для которого в системе учета отсутствует запись о цене на выбранную дату.
Формирование результата
Результат работы функции возвращается в виде таблицы значений со следующей колонкой:
Товар
Такая структура позволяет использовать результат функции для контроля заполнения цен номенклатуры, формирования отчетов о корректности настройки системы учета и своевременного выявления товаров, по которым отсутствуют установленные цены.","{""InformationRegisters"": [{""id"": ""ЦеныТоваров"", ""name"": ""Цены товаров"", ""InformationRegisterPeriodicity"": ""Day"", ""WriteMode"": ""Independent"", ""Dimensions"": [{""id"": ""Товар"", ""name"": ""Товар"", ""types"": [{""type"": ""Ref"", ""id"": ""Справочник.Товары""}]}, {""id"": ""ВидЦен"", ""name"": ""Вид цен"", ""types"": [{""type"": ""Ref"", ""id"": ""Справочник.ВидыЦен""}]}], ""Resources"": [{""id"": ""Цена"", ""name"": ""Цена"", ""types"": [{""type"": ""Number"", ""NumberQualifiers"": ""10.2""}]}]}], ""Catalogs"": [{""id"": ""Товары"", ""name"": ""Товары"", ""Attributes"": [{""id"": ""Артикул"", ""name"": ""Артикул"", ""types"": [{""type"": ""String"", ""StringQualifiers"": ""15""}]}, {""id"": ""Поставщик"", ""name"": ""Поставщик"", ""types"": [{""type"": ""Ref"", ""id"": ""Справочник.Контрагенты""}]}, {""id"": ""ФайлКартинки"", ""name"": ""Картинка"", ""types"": [{""type"": ""Ref"", ""id"": ""Справочник.ХранимыеФайлы""}]}, {""id"": ""Вид"", ""name"": ""Вид"", ""types"": []}, {""id"": ""Штрихкод"", ""name"": ""Штрихкод"", ""types"": [{""type"": ""String"", ""StringQualifiers"": ""20""}]}, {""id"": ""Описание"", ""name"": ""Описание"", ""types"": [{""type"": ""String"", ""StringQualifiers"": ""0""}]}]}]}",task_070,server,mid,task28_СредняяСформироватьТоварыБезЦены_v1.epf,"Функция СформироватьТоварыБезЦены(ДатаЦен = Неопределено) Экспорт
	
	// Если дата не задана, используем конец текущего дня
	Если ДатаЦен = Неопределено Или Не ЗначениеЗаполнено(ДатаЦен) Тогда
		ДатаЦен = КонецДня(ТекущаяДата());
	Иначе
		ДатаЦен = КонецДня(ДатаЦен);
	КонецЕсли;
	
	Запрос = Новый Запрос;
	Запрос.УстановитьПараметр(""ДатаЦен"", ДатаЦен);
	
	Запрос.Текст = 
""ВЫБРАТЬ
|	Товары.Ссылка КАК Товар
|ИЗ
|	Справочник.Товары КАК Товары
|		ЛЕВОЕ СОЕДИНЕНИЕ РегистрСведений.ЦеныТоваров.СрезПоследних(&ДатаЦен, ) КАК ЦеныТоваров
|		ПО Товары.Ссылка = ЦеныТоваров.Товар
|ГДЕ
|	ЦеныТоваров.Цена ЕСТЬ NULL
|	И Товары.Ссылка <> ЗНАЧЕНИЕ(Справочник.Товары.ПустаяСсылка)
|
|УПОРЯДОЧИТЬ ПО
|	Товар"";
	
	РезультатЗапроса = Запрос.Выполнить();
	ТаблицаТоваров = РезультатЗапроса.Выгрузить();
	
	// Дополнительная защита от неопределенных значений
	Для НомерСтроки = ТаблицаТоваров.Количество() - 1 По 0 Цикл
		
		СтрокаТаблицы = ТаблицаТоваров[НомерСтроки];
		
		Если СтрокаТаблицы.Товар = Неопределено
			Или СтрокаТаблицы.Товар = Справочники.Товары.ПустаяСсылка() Тогда
			
			ТаблицаТоваров.Удалить(СтрокаТаблицы);
			
		КонецЕсли;
		
	КонецЦикла;
	
	// Аналитическая обработка результата — сортировка по товару
	ТаблицаТоваров.Сортировать(""Товар Возр"");
	
	Возврат ТаблицаТоваров;
	
КонецФункции"
"Написать функцию СформироватьСебестоимостьТоваровСредневзвеш(), 
которая формирует таблицу себестоимости остатков товаров на текущую дату в виде таблицы значений.
Расчет выполняется на основании:
регистра накопления «ТоварныеЗапасы» (текущие остатки товаров);
документов «ПриходТовара» (источник закупочной стоимости).
В выборку должны включаться только товары, имеющие положительный остаток на дату формирования отчета.
Дата расчета передается в запрос через параметр &Дата и устанавливается равной текущей дате.
Формирование себестоимости выполняется в один этап с использованием соединения:
Из регистра накопления ТоварныеЗапасы.Остатки выбираются остатки товаров (КоличествоОстаток) на заданную дату.
Выполняется левое соединение с подзапросом по табличной части документов ПриходТовара.Товары.
В подзапросе рассчитывается себестоимость единицы товара как отношение:
СУММА(Сумма) / СУММА(Количество),
с защитой от деления на ноль через конструкцию ВЫБОР.
В расчет включаются только проведенные документы «ПриходТовара» (Проведен = Истина).
Результат должен представлять таблицу значений (ТаблицаЗначений), где каждая строка соответствует одному товару с остатком на складе.
Таблица должна содержать следующие поля:
Товар — ссылка на номенклатуру (измерение регистра ТоварныеЗапасы);
КоличествоОстаток — текущий остаток товара на дату отчета;
СебестоимостьЕд — расчетная себестоимость единицы товара на основе суммарных приходов;
СебестоимостьОстатка — общая себестоимость остатка, рассчитываемая как произведение количества остатка на себестоимость единицы.","{""Documents"": [{""id"": ""ПриходТовара"", ""name"": ""Приход товара"", ""Attributes"": [{""id"": ""Поставщик"", ""name"": ""Поставщик"", ""types"": [{""type"": ""Ref"", ""id"": ""Справочник.Контрагенты""}]}, {""id"": ""Склад"", ""name"": ""Склад"", ""types"": [{""type"": ""Ref"", ""id"": ""Справочник.Склады""}]}, {""id"": ""Валюта"", ""name"": ""Валюта взаиморасчетов"", ""types"": [{""type"": ""Ref"", ""id"": ""Справочник.Валюты""}]}, {""id"": ""Организация"", ""name"": ""Организация"", ""types"": [{""type"": ""Ref"", ""id"": ""Справочник.Организации""}]}], ""TabularSections"": [{""id"": ""Товары"", ""name"": ""Товары"", ""Attributes"": [{""id"": ""Товар"", ""name"": ""Товар"", ""types"": [{""type"": ""Ref"", ""id"": ""Справочник.Товары""}]}, {""id"": ""Цена"", ""name"": ""Цена"", ""types"": [{""type"": ""Number"", ""NumberQualifiers"": ""10.2""}]}, {""id"": ""Количество"", ""name"": ""Количество"", ""types"": [{""type"": ""Number"", ""NumberQualifiers"": ""10.2""}]}, {""id"": ""Сумма"", ""name"": ""Сумма"", ""types"": [{""type"": ""Number"", ""NumberQualifiers"": ""10.2""}]}]}]}], ""AccumulationRegisters"": [{""id"": ""ТоварныеЗапасы"", ""name"": ""Товарные запасы"", ""RegisterType"": ""Balance"", ""Dimensions"": [{""id"": ""Товар"", ""name"": ""Товар"", ""types"": [{""type"": ""Ref"", ""id"": ""Справочник.Товары""}]}, {""id"": ""Склад"", ""name"": ""Склад"", ""types"": [{""type"": ""Ref"", ""id"": ""Справочник.Склады""}]}], ""Resources"": [{""id"": ""Количество"", ""name"": ""Количество"", ""types"": [{""type"": ""Number"", ""NumberQualifiers"": ""10.2""}]}]}], ""Catalogs"": [{""id"": ""Товары"", ""name"": ""Товары"", ""Attributes"": [{""id"": ""Артикул"", ""name"": ""Артикул"", ""types"": [{""type"": ""String"", ""StringQualifiers"": ""15""}]}, {""id"": ""Поставщик"", ""name"": ""Поставщик"", ""types"": [{""type"": ""Ref"", ""id"": ""Справочник.Контрагенты""}]}, {""id"": ""ФайлКартинки"", ""name"": ""Картинка"", ""types"": [{""type"": ""Ref"", ""id"": ""Справочник.ХранимыеФайлы""}]}, {""id"": ""Вид"", ""name"": ""Вид"", ""types"": []}, {""id"": ""Штрихкод"", ""name"": ""Штрихкод"", ""types"": [{""type"": ""String"", ""StringQualifiers"": ""20""}]}, {""id"": ""Описание"", ""name"": ""Описание"", ""types"": [{""type"": ""String"", ""StringQualifiers"": ""0""}]}]}]}",task_071,server,high,task3_СложнаяСформироватьСебестоимостьТоваров_v3.epf,"Функция СформироватьСебестоимостьТоваровСредневзвеш() Экспорт
	
	ДатаРасчета = ТекущаяДата();
	
	Запрос = Новый Запрос;
	Запрос.УстановитьПараметр(""Дата"", ДатаРасчета);
	
	Запрос.Текст = 
""ВЫБРАТЬ
|	ОстаткиТоваров.Товар КАК Товар,
|	ОстаткиТоваров.КоличествоОстаток КАК КоличествоОстаток,
|	ЕСТЬNULL(СебестоимостьТоваров.СебестоимостьЕд, 0) КАК СебестоимостьЕд,
|	ОстаткиТоваров.КоличествоОстаток * ЕСТЬNULL(СебестоимостьТоваров.СебестоимостьЕд, 0) КАК СебестоимостьОстатка
|ИЗ
|	(ВЫБРАТЬ
|		ТоварныеЗапасыОстатки.Товар КАК Товар,
|		СУММА(ТоварныеЗапасыОстатки.КоличествоОстаток) КАК КоличествоОстаток
|	ИЗ
|		РегистрНакопления.ТоварныеЗапасы.Остатки(&Дата, ) КАК ТоварныеЗапасыОстатки
|	
|	СГРУППИРОВАТЬ ПО
|		ТоварныеЗапасыОстатки.Товар
|	
|	ИМЕЮЩИЕ
|		СУММА(ТоварныеЗапасыОстатки.КоличествоОстаток) > 0) КАК ОстаткиТоваров
|		ЛЕВОЕ СОЕДИНЕНИЕ
|			(ВЫБРАТЬ
|				ПриходТовараТовары.Товар КАК Товар,
|				ВЫБОР
|					КОГДА СУММА(ПриходТовараТовары.Количество) = 0
|						ТОГДА 0
|					ИНАЧЕ СУММА(ПриходТовараТовары.Сумма) / СУММА(ПриходТовараТовары.Количество)
|				КОНЕЦ КАК СебестоимостьЕд
|			ИЗ
|				Документ.ПриходТовара.Товары КАК ПриходТовараТовары
|			ГДЕ
|				ПриходТовараТовары.Ссылка.Проведен = ИСТИНА
|				И ПриходТовараТовары.Ссылка.Дата <= &Дата
|			
|			СГРУППИРОВАТЬ ПО
|				ПриходТовараТовары.Товар) КАК СебестоимостьТоваров
|		ПО ОстаткиТоваров.Товар = СебестоимостьТоваров.Товар
|
|УПОРЯДОЧИТЬ ПО
|	ОстаткиТоваров.Товар"";
	
	РезультатЗапроса = Запрос.Выполнить();
	
	Возврат РезультатЗапроса.Выгрузить();
	
КонецФункции"
"Написать функцию ВыгрузитьПродажиВXMLФайл(ДатаНач, ДатаКон),
которая формирует выгрузку данных о продажах по покупателям и товарам за указанный период в файл формата XML.
Выгрузка должна формироваться на основании регистра накопления «Продажи».
Данные выбираются из регистра РегистрНакопления.Продажи с отбором по периоду дат:
дата регистратора (Продажи.Регистратор.Дата) находится в диапазоне между параметрами ДатаНач и ДатаКон (включительно).
Результат формирования должен представлять XML-файл, сохранённый во временный каталог; функция должна возвращать строку — путь к сформированному файлу.
Структура формирования XML выполняется следующим образом:
Создаётся временный XML-файл в кодировке UTF-8.
В файл записывается объявление XML.
Формируется корневой элемент «Продажи» с атрибутами:
Имя = ""ПродажиПоПокупателямИТоварам"";
ДатаНач — дата начала периода (в формате yyyy-MM-dd);
ДатаКон — дата окончания периода (в формате yyyy-MM-dd).
Выполняется запрос к регистру накопления Продажи:
данные группируются по Покупателю и Товару;
рассчитываются итоговые показатели:
Количество — суммарное количество продаж;
Сумма — суммарная сумма продаж.
Для каждой строки выборки формируется элемент «Запись», содержащий данные по сочетанию Покупатель + Товар.
После завершения записи всех элементов XML-документ корректно закрывается и сохраняется в файл.","{""AccumulationRegisters"": [{""id"": ""Продажи"", ""name"": ""Продажи"", ""RegisterType"": ""Turnovers"", ""Dimensions"": [{""id"": ""Покупатель"", ""name"": ""Покупатель"", ""types"": [{""type"": ""Ref"", ""id"": ""Справочник.Контрагенты""}]}, {""id"": ""Товар"", ""name"": ""Товар"", ""types"": [{""type"": ""Ref"", ""id"": ""Справочник.Товары""}]}], ""Resources"": [{""id"": ""Количество"", ""name"": ""Количество"", ""types"": [{""type"": ""Number"", ""NumberQualifiers"": ""10.2""}]}, {""id"": ""Сумма"", ""name"": ""Сумма"", ""types"": [{""type"": ""Number"", ""NumberQualifiers"": ""10.2""}]}]}]}",task_072,server,mid,task5_СредняяВыгрузитьПродажиВФайлXML_v3.epf,"Функция ВыгрузитьПродажиВXMLФайл(ДатаНач, ДатаКон) Экспорт
	
	Если ДатаНач = Неопределено Или ДатаКон = Неопределено Тогда
		ВызватьИсключение ""Не заданы даты периода выгрузки."";
	КонецЕсли;
	
	Если ДатаНач > ДатаКон Тогда
		ВызватьИсключение ""Дата начала периода больше даты окончания периода."";
	КонецЕсли;
	
	ДатаНачПериода = НачалоДня(ДатаНач);
	ДатаКонПериода = КонецДня(ДатаКон);
	
	ИмяФайла = ПолучитьИмяВременногоФайла(""xml"");
	
	Запрос = Новый Запрос;
	Запрос.Текст = 
""ВЫБРАТЬ
|	Продажи.Покупатель КАК Покупатель,
|	Продажи.Товар КАК Товар,
|	СУММА(Продажи.Количество) КАК Количество,
|	СУММА(Продажи.Сумма) КАК Сумма
|ИЗ
|	РегистрНакопления.Продажи КАК Продажи
|ГДЕ
|	Продажи.Регистратор.Дата МЕЖДУ &ДатаНач И &ДатаКон
|
|СГРУППИРОВАТЬ ПО
|	Продажи.Покупатель,
|	Продажи.Товар
|
|УПОРЯДОЧИТЬ ПО
|	Покупатель,
|	Товар"";
	
	Запрос.УстановитьПараметр(""ДатаНач"", ДатаНачПериода);
	Запрос.УстановитьПараметр(""ДатаКон"", ДатаКонПериода);
	
	Выборка = Запрос.Выполнить().Выбрать();
	
	ЗаписьXML = Новый ЗаписьXML;
	
	Попытка
		
		ЗаписьXML.ОткрытьФайл(ИмяФайла, ""UTF-8"");
		ЗаписьXML.ЗаписатьОбъявлениеXML();
		
		ЗаписьXML.ЗаписатьНачалоЭлемента(""Продажи"");
		ЗаписьXML.ЗаписатьАтрибут(""Имя"", ""ПродажиПоПокупателямИТоварам"");
		ЗаписьXML.ЗаписатьАтрибут(""ДатаНач"", Формат(ДатаНачПериода, ""ДФ=yyyy-MM-dd""));
		ЗаписьXML.ЗаписатьАтрибут(""ДатаКон"", Формат(ДатаКонПериода, ""ДФ=yyyy-MM-dd""));
		
		Пока Выборка.Следующий() Цикл
			
			ЗаписьXML.ЗаписатьНачалоЭлемента(""Запись"");
			
			ЗаписьXML.ЗаписатьНачалоЭлемента(""Покупатель"");
			ЗаписьXML.ЗаписатьТекст(Строка(Выборка.Покупатель));
			ЗаписьXML.ЗаписатьКонецЭлемента();
			
			ЗаписьXML.ЗаписатьНачалоЭлемента(""Товар"");
			ЗаписьXML.ЗаписатьТекст(Строка(Выборка.Товар));
			ЗаписьXML.ЗаписатьКонецЭлемента();
			
			ЗаписьXML.ЗаписатьНачалоЭлемента(""Количество"");
			ЗаписьXML.ЗаписатьТекст(XMLСтрока(Выборка.Количество));
			ЗаписьXML.ЗаписатьКонецЭлемента();
			
			ЗаписьXML.ЗаписатьНачалоЭлемента(""Сумма"");
			ЗаписьXML.ЗаписатьТекст(XMLСтрока(Выборка.Сумма));
			ЗаписьXML.ЗаписатьКонецЭлемента();
			
			ЗаписьXML.ЗаписатьКонецЭлемента(); // Запись
			
		КонецЦикла;
		
		ЗаписьXML.ЗаписатьКонецЭлемента(); // Продажи
		ЗаписьXML.Закрыть();
		
	Исключение
		
		Попытка
			ЗаписьXML.Закрыть();
		Исключение
		КонецПопытки;
		
		Если ФайлСуществует(ИмяФайла) Тогда
			УдалитьФайлы(ИмяФайла);
		КонецЕсли;
		
		ВызватьИсключение;
		
	КонецПопытки;
	
	Возврат ИмяФайла;
	
КонецФункции"
"Написать функцию ПолучитьДанныеФайла(ФайлСсылка), которая получает структуру с сведениями о переданном файле.
Параметры функции:
ФайлСсылка (тип: СправочникСсылка.ХранимыеФайлы) - ссылка на файл.

Возвращаемое значение:
Структура - данные о файле:
    * Ссылка (тип СправочникСсылка.ХранимыеФайлы) - ссылка на файл;
    * СсылкаНаДвоичныеДанныеФайла (тип Строка) - адрес во временном хранилище, по которому помещены данные файла.
    * Владелец (тип СправочникСсылка.Товары, СправочникСсылка.Контрагенты) - ссылка на объект-владелец файла;
    * ИмяФайла (тип Строка) - имя файла;
    * Наименование (тип Строка) наименование файла (в справочнике ХранимыеФайлы);   
    * Расширение (тип Строка) - расширение файла без точки;  
    * Подписан (тип Булево) - признак того, что файл подписан;
    * Зашифрован (тип Булево) - признак того, что файл зашифрован; 
    * Ширина (тип Число) - ширина файла, только для .png;
    * Высота (тип Число) - высота файла, только для .png;
    * Размер (тип Число) - размер файла в кб.","{""Catalogs"": [{""id"": ""Контрагенты"", ""name"": ""Контрагенты"", ""Attributes"": [{""id"": ""Регион"", ""name"": ""Регион"", ""types"": [{""type"": ""Ref"", ""id"": ""Справочник.Регионы""}]}, {""id"": ""Индекс"", ""name"": ""Индекс"", ""types"": [{""type"": ""String"", ""StringQualifiers"": ""10""}]}, {""id"": ""Страна"", ""name"": ""Страна"", ""types"": [{""type"": ""String"", ""StringQualifiers"": ""0""}]}, {""id"": ""Город"", ""name"": ""Город"", ""types"": [{""type"": ""String"", ""StringQualifiers"": ""0""}]}, {""id"": ""Улица"", ""name"": ""Улица"", ""types"": [{""type"": ""String"", ""StringQualifiers"": ""0""}]}, {""id"": ""Дом"", ""name"": ""Дом"", ""types"": [{""type"": ""String"", ""StringQualifiers"": ""15""}]}, {""id"": ""Телефон"", ""name"": ""Телефон"", ""types"": [{""type"": ""String"", ""StringQualifiers"": ""16""}]}, {""id"": ""ЭлектроннаяПочта"", ""name"": ""Электронная почта"", ""types"": [{""type"": ""String"", ""StringQualifiers"": ""40""}]}, {""id"": ""Факс"", ""name"": ""Факс"", ""types"": [{""type"": ""String"", ""StringQualifiers"": ""16""}]}, {""id"": ""ВебСайт"", ""name"": ""Веб сайт"", ""types"": [{""type"": ""String"", ""StringQualifiers"": ""40""}]}, {""id"": ""ВидЦен"", ""name"": ""Вид цен"", ""types"": [{""type"": ""Ref"", ""id"": ""Справочник.ВидыЦен""}]}, {""id"": ""ДополнительнаяИнформация"", ""name"": ""Дополнительная информация"", ""types"": [{""type"": ""String"", ""StringQualifiers"": ""0""}]}, {""id"": ""КонтактноеЛицо"", ""name"": ""Контактное лицо"", ""types"": [{""type"": ""String"", ""StringQualifiers"": ""100""}]}, {""id"": ""Широта"", ""name"": ""Широта"", ""types"": [{""type"": ""Number"", ""NumberQualifiers"": ""10.6""}]}, {""id"": ""Долгота"", ""name"": ""Долгота"", ""types"": [{""type"": ""Number"", ""NumberQualifiers"": ""10.6""}]}]}, {""id"": ""Товары"", ""name"": ""Товары"", ""Attributes"": [{""id"": ""Артикул"", ""name"": ""Артикул"", ""types"": [{""type"": ""String"", ""StringQualifiers"": ""15""}]}, {""id"": ""Поставщик"", ""name"": ""Поставщик"", ""types"": [{""type"": ""Ref"", ""id"": ""Справочник.Контрагенты""}]}, {""id"": ""ФайлКартинки"", ""name"": ""Картинка"", ""types"": [{""type"": ""Ref"", ""id"": ""Справочник.ХранимыеФайлы""}]}, {""id"": ""Вид"", ""name"": ""Вид"", ""types"": []}, {""id"": ""Штрихкод"", ""name"": ""Штрихкод"", ""types"": [{""type"": ""String"", ""StringQualifiers"": ""20""}]}, {""id"": ""Описание"", ""name"": ""Описание"", ""types"": [{""type"": ""String"", ""StringQualifiers"": ""0""}]}]}, {""id"": ""ХранимыеФайлы"", ""name"": ""Хранимые файлы"", ""Attributes"": [{""id"": ""ДанныеФайла"", ""name"": ""Данные файла"", ""types"": []}, {""id"": ""ИмяФайла"", ""name"": ""Имя файла"", ""types"": [{""type"": ""String"", ""StringQualifiers"": ""0""}]}, {""id"": ""Подпись"", ""name"": ""Подпись"", ""types"": []}, {""id"": ""Подписан"", ""name"": ""Подписан"", ""types"": [{""type"": ""Boolean""}]}, {""id"": ""Зашифрован"", ""name"": ""Зашифрован"", ""types"": [{""type"": ""Boolean""}]}, {""id"": ""ДляОписания"", ""name"": ""Для описания"", ""types"": [{""type"": ""Boolean""}]}]}]}",task_073,server,high,task5_сложн_Куликова_v1.epf,"Функция ПолучитьДанныеФайла(ФайлСсылка) Экспорт
	
	Результат = Новый Структура;
	Результат.Вставить(""Ссылка"", ФайлСсылка);
	Результат.Вставить(""СсылкаНаДвоичныеДанныеФайла"", """");
	Результат.Вставить(""Владелец"", Неопределено);
	Результат.Вставить(""ИмяФайла"", """");
	Результат.Вставить(""Наименование"", """");
	Результат.Вставить(""Расширение"", """");
	Результат.Вставить(""Подписан"", Ложь);
	Результат.Вставить(""Зашифрован"", Ложь);
	Результат.Вставить(""Ширина"", 0);
	Результат.Вставить(""Высота"", 0);
	Результат.Вставить(""Размер"", 0);
	
	Если Не ЗначениеЗаполнено(ФайлСсылка) Тогда
		Возврат Результат;
	КонецЕсли;
	
	Запрос = Новый Запрос;
	Запрос.Текст = 
""ВЫБРАТЬ
|	ХранимыеФайлы.Ссылка КАК Ссылка,
|	ХранимыеФайлы.ДанныеФайла КАК ДанныеФайла,
|	ХранимыеФайлы.Владелец КАК Владелец,
|	ХранимыеФайлы.ИмяФайла КАК ИмяФайла,
|	ХранимыеФайлы.Наименование КАК Наименование,
|	ХранимыеФайлы.Подписан КАК Подписан,
|	ХранимыеФайлы.Зашифрован КАК Зашифрован
|ИЗ
|	Справочник.ХранимыеФайлы КАК ХранимыеФайлы
|ГДЕ
|	ХранимыеФайлы.Ссылка = &ФайлСсылка"";
	
	Запрос.УстановитьПараметр(""ФайлСсылка"", ФайлСсылка);
	
	Выборка = Запрос.Выполнить().Выбрать();
	
	Если Не Выборка.Следующий() Тогда
		Возврат Результат;
	КонецЕсли;
	
	Результат.Ссылка = Выборка.Ссылка;
	Результат.Владелец = Выборка.Владелец;
	Результат.ИмяФайла = Выборка.ИмяФайла;
	Результат.Наименование = Выборка.Наименование;
	Результат.Расширение = ПолучитьРасширениеИмениФайла(Выборка.ИмяФайла);
	Результат.Подписан = Выборка.Подписан;
	Результат.Зашифрован = Выборка.Зашифрован;
	
	ДвоичныеДанныеФайла = ПолучитьДвоичныеДанныеФайла(Выборка.ДанныеФайла);
	
	Если ДвоичныеДанныеФайла <> Неопределено Тогда
		
		Результат.СсылкаНаДвоичныеДанныеФайла = ПоместитьВоВременноеХранилище(ДвоичныеДанныеФайла);
		Результат.Размер = Окр(ДвоичныеДанныеФайла.Размер() / 1024, 2);
		
		Если НРег(Результат.Расширение) = ""png"" Тогда
			ЗаполнитьРазмерыКартинкиPNG(Результат, ДвоичныеДанныеФайла);
		КонецЕсли;
		
	КонецЕсли;
	
	Возврат Результат;
	
КонецФункции

Функция ПолучитьДвоичныеДанныеФайла(ДанныеФайла)
	
	Если ДанныеФайла = Неопределено Тогда
		Возврат Неопределено;
	КонецЕсли;
	
	ТипДанных = ТипЗнч(ДанныеФайла);
	
	Если ТипДанных = Тип(""ДвоичныеДанные"") Тогда
		Возврат ДанныеФайла;
	КонецЕсли;
	
	Если ТипДанных = Тип(""ХранилищеЗначения"") Тогда
		
		ЗначениеИзХранилища = ДанныеФайла.Получить();
		
		Если ЗначениеИзХранилища <> Неопределено
			И ТипЗнч(ЗначениеИзХранилища) = Тип(""ДвоичныеДанные"") Тогда
			Возврат ЗначениеИзХранилища;
		КонецЕсли;
		
	КонецЕсли;
	
	Если ТипДанных = Тип(""Строка"") И ЗначениеЗаполнено(ДанныеФайла) Тогда
		
		Попытка
			ЗначениеИзВременногоХранилища = ПолучитьИзВременногоХранилища(ДанныеФайла);
		Исключение
			ЗначениеИзВременногоХранилища = Неопределено;
		КонецПопытки;
		
		Если ЗначениеИзВременногоХранилища <> Неопределено
			И ТипЗнч(ЗначениеИзВременногоХранилища) = Тип(""ДвоичныеДанные"") Тогда
			Возврат ЗначениеИзВременногоХранилища;
		КонецЕсли;
		
	КонецЕсли;
	
	Возврат Неопределено;
	
КонецФункции

Функция ПолучитьРасширениеИмениФайла(ИмяФайла)
	
	ИмяФайла = СокрЛП(ИмяФайла);
	
	Позиция = СтрДлина(ИмяФайла);
	
	Пока Позиция > 0 Цикл
		
		Если Сред(ИмяФайла, Позиция, 1) = ""."" Тогда
			
			Если Позиция = СтрДлина(ИмяФайла) Тогда
				Возврат """";
			КонецЕсли;
			
			Возврат НРег(Сред(ИмяФайла, Позиция + 1));
			
		КонецЕсли;
		
		Позиция = Позиция - 1;
		
	КонецЦикла;
	
	Возврат """";
	
КонецФункции

Процедура ЗаполнитьРазмерыКартинкиPNG(ДанныеФайла, ДвоичныеДанныеФайла)
	
	Попытка
		
		КартинкаФайла = Новый Картинка(ДвоичныеДанныеФайла);
		
		ДанныеФайла.Ширина = КартинкаФайла.Ширина();
		ДанныеФайла.Высота = КартинкаФайла.Высота();
		
	Исключение
		
		ДанныеФайла.Ширина = 0;
		ДанныеФайла.Высота = 0;
		
	КонецПопытки;
	
КонецПроцедуры"
"Написать функцию ЗагрузитьДанныеТоваровИзJSON(СтрокаJSON), которая загружает данные товара в справочник ""Товары"" из строки JSON.  
Функция должна:
  1) преобразовать строку в формате JSON в массив структур или структуру, содержащие свойства товара.
  2) найти существующий элемент справочника ""Товары"" по обязательным свойствам ""article"" и ""description""(получены из строки JSON). Если товар не найден, создать новый элемент.
  3) заполнить свойства элемента по данным преобразованной строки, сохранить запись в справочник.

Параметр функции:
    СтрокаJSON (тип Строка) - строка в формате JSON, которая содержит данные загружаемого товара.  
    Обязательными являются свойства: 
        ""article"": артикул товара. Тип значения свойства: Строка(15). Соответствует реквизиту ""Артикул"" справочника ""Товары"". 
        ""description: наименование товара. Тип значения свойства: Строка(50). Соответствует реквизиту ""Наименование"" справочника ""Товары"".
    Необязательные свойства:
        ""counterparty_code"": код поставщика товара. Тип значения свойства: Строка(9). Соответствует реквизиту ""Код"" справочника ""Контрагенты"". 
        ""barcode"": штрихкод товара. Тип значения свойства: Строка(20). Соответствует реквизиту ""Штрихкод"" справочника ""Товары"". 
        ""type"": вид товара. Тип значения свойства: Строка. Соответствует значению перечисления ""ВидыТоваров"". 
	Пример строки JSON:   
	[
		{
		 ""article"": ""56568758746"",
		 ""description"": ""Шапка зимняя"",
		 ""counterparty_code"": ""0000001"",
		 ""type"": ""Товар"",
		 ""barcode"": ""677865456789765"" 
		 },
		 
		{
		 ""article"": ""56568758740"",
		 ""description"": ""Шапка летняя"",
		 ""counterparty_code"": ""0000001"",
		 ""type"": ""Товар"",
		 ""barcode"": ""654567893543500"" 
		 }  
    ]","{""Catalogs"": [{""id"": ""Контрагенты"", ""name"": ""Контрагенты"", ""Attributes"": [{""id"": ""Регион"", ""name"": ""Регион"", ""types"": [{""type"": ""Ref"", ""id"": ""Справочник.Регионы""}]}, {""id"": ""Индекс"", ""name"": ""Индекс"", ""types"": [{""type"": ""String"", ""StringQualifiers"": ""10""}]}, {""id"": ""Страна"", ""name"": ""Страна"", ""types"": [{""type"": ""String"", ""StringQualifiers"": ""0""}]}, {""id"": ""Город"", ""name"": ""Город"", ""types"": [{""type"": ""String"", ""StringQualifiers"": ""0""}]}, {""id"": ""Улица"", ""name"": ""Улица"", ""types"": [{""type"": ""String"", ""StringQualifiers"": ""0""}]}, {""id"": ""Дом"", ""name"": ""Дом"", ""types"": [{""type"": ""String"", ""StringQualifiers"": ""15""}]}, {""id"": ""Телефон"", ""name"": ""Телефон"", ""types"": [{""type"": ""String"", ""StringQualifiers"": ""16""}]}, {""id"": ""ЭлектроннаяПочта"", ""name"": ""Электронная почта"", ""types"": [{""type"": ""String"", ""StringQualifiers"": ""40""}]}, {""id"": ""Факс"", ""name"": ""Факс"", ""types"": [{""type"": ""String"", ""StringQualifiers"": ""16""}]}, {""id"": ""ВебСайт"", ""name"": ""Веб сайт"", ""types"": [{""type"": ""String"", ""StringQualifiers"": ""40""}]}, {""id"": ""ВидЦен"", ""name"": ""Вид цен"", ""types"": [{""type"": ""Ref"", ""id"": ""Справочник.ВидыЦен""}]}, {""id"": ""ДополнительнаяИнформация"", ""name"": ""Дополнительная информация"", ""types"": [{""type"": ""String"", ""StringQualifiers"": ""0""}]}, {""id"": ""КонтактноеЛицо"", ""name"": ""Контактное лицо"", ""types"": [{""type"": ""String"", ""StringQualifiers"": ""100""}]}, {""id"": ""Широта"", ""name"": ""Широта"", ""types"": [{""type"": ""Number"", ""NumberQualifiers"": ""10.6""}]}, {""id"": ""Долгота"", ""name"": ""Долгота"", ""types"": [{""type"": ""Number"", ""NumberQualifiers"": ""10.6""}]}]}, {""id"": ""Товары"", ""name"": ""Товары"", ""Attributes"": [{""id"": ""Артикул"", ""name"": ""Артикул"", ""types"": [{""type"": ""String"", ""StringQualifiers"": ""15""}]}, {""id"": ""Поставщик"", ""name"": ""Поставщик"", ""types"": [{""type"": ""Ref"", ""id"": ""Справочник.Контрагенты""}]}, {""id"": ""ФайлКартинки"", ""name"": ""Картинка"", ""types"": [{""type"": ""Ref"", ""id"": ""Справочник.ХранимыеФайлы""}]}, {""id"": ""Вид"", ""name"": ""Вид"", ""types"": []}, {""id"": ""Штрихкод"", ""name"": ""Штрихкод"", ""types"": [{""type"": ""String"", ""StringQualifiers"": ""20""}]}, {""id"": ""Описание"", ""name"": ""Описание"", ""types"": [{""type"": ""String"", ""StringQualifiers"": ""0""}]}]}]}",task_074,server,,task6_Куликова_v1.epf,"Функция ЗагрузитьДанныеТоваровИзJSON(СтрокаJSON) Экспорт
	
	ДанныеJSON = ПрочитатьДанныеИзJSON(СтрокаJSON);
	МассивДанныхТоваров = ПривестиДанныеJSONКМассиву(ДанныеJSON);
	
	Результат = Новый Массив;
	
	НачатьТранзакцию();
	
	Попытка
		
		Для Каждого ДанныеТовара Из МассивДанныхТоваров Цикл
			
			Если ТипЗнч(ДанныеТовара) <> Тип(""Структура"") Тогда
				ВызватьИсключение ""Элемент JSON должен быть объектом со свойствами товара."";
			КонецЕсли;
			
			Артикул = ПолучитьОбязательноеСтроковоеСвойствоJSON(
				ДанныеТовара,
				""article"",
				15);
			
			Наименование = ПолучитьОбязательноеСтроковоеСвойствоJSON(
				ДанныеТовара,
				""description"",
				50);
			
			СсылкаТовара = НайтиТоварПоАртикулуИНаменованию(Артикул, Наименование);
			
			Если СсылкаТовара = Справочники.Товары.ПустаяСсылка() Тогда
				ОбъектТовара = Справочники.Товары.СоздатьЭлемент();
			Иначе
				ОбъектТовара = СсылкаТовара.ПолучитьОбъект();
			КонецЕсли;
			
			ОбъектТовара.Артикул = Артикул;
			ОбъектТовара.Наименование = Наименование;
			
			ЗаполнитьНеобязательныеСвойстваТовара(ОбъектТовара, ДанныеТовара);
			
			ОбъектТовара.Записать();
			
			Результат.Добавить(ОбъектТовара.Ссылка);
			
		КонецЦикла;
		
		ЗафиксироватьТранзакцию();
		
	Исключение
		
		ОтменитьТранзакцию();
		ВызватьИсключение;
		
	КонецПопытки;
	
	Возврат Результат;
	
КонецФункции


Функция ПрочитатьДанныеИзJSON(СтрокаJSON)
	
	Если ТипЗнч(СтрокаJSON) <> Тип(""Строка"") Тогда
		ВызватьИсключение ""Параметр СтрокаJSON должен иметь тип Строка."";
	КонецЕсли;
	
	Если ПустаяСтрока(СтрокаJSON) Тогда
		ВызватьИсключение ""Строка JSON не заполнена."";
	КонецЕсли;
	
	ЧтениеJSON = Новый ЧтениеJSON;
	ЧтениеJSON.УстановитьСтроку(СтрокаJSON);
	
	Попытка
		ДанныеJSON = ПрочитатьJSON(ЧтениеJSON);
	Исключение
		ЧтениеJSON.Закрыть();
		ВызватьИсключение ""Ошибка чтения JSON: "" + ОписаниеОшибки();
	КонецПопытки;
	
	ЧтениеJSON.Закрыть();
	
	Возврат ДанныеJSON;
	
КонецФункции


Функция ПривестиДанныеJSONКМассиву(ДанныеJSON)
	
	Если ТипЗнч(ДанныеJSON) = Тип(""Массив"") Тогда
		Возврат ДанныеJSON;
	КонецЕсли;
	
	Если ТипЗнч(ДанныеJSON) = Тип(""Структура"") Тогда
		
		МассивДанных = Новый Массив;
		МассивДанных.Добавить(ДанныеJSON);
		
		Возврат МассивДанных;
		
	КонецЕсли;
	
	ВызватьИсключение ""JSON должен содержать объект товара или массив объектов товаров."";
	
КонецФункции


Функция НайтиТоварПоАртикулуИНаменованию(Артикул, Наименование)
	
	Запрос = Новый Запрос;
	Запрос.Текст = 
""ВЫБРАТЬ ПЕРВЫЕ 1
|	Товары.Ссылка КАК Ссылка
|ИЗ
|	Справочник.Товары КАК Товары
|ГДЕ
|	Товары.Артикул = &Артикул
|	И Товары.Наименование = &Наименование"";
	
	Запрос.УстановитьПараметр(""Артикул"", Артикул);
	Запрос.УстановитьПараметр(""Наименование"", Наименование);
	
	Выборка = Запрос.Выполнить().Выбрать();
	
	Если Выборка.Следующий() Тогда
		Возврат Выборка.Ссылка;
	КонецЕсли;
	
	Возврат Справочники.Товары.ПустаяСсылка();
	
КонецФункции


Процедура ЗаполнитьНеобязательныеСвойстваТовара(ОбъектТовара, ДанныеТовара)
	
	ЗначениеJSON = Неопределено;
	
	Если ДанныеТовара.Свойство(""counterparty_code"", ЗначениеJSON) Тогда
		
		КодПоставщика = ПодготовитьСтроковоеЗначениеJSON(
			ЗначениеJSON,
			""counterparty_code"",
			Ложь,
			9);
		
		Если ПустаяСтрока(КодПоставщика) Тогда
			
			ОбъектТовара.Поставщик = Справочники.Контрагенты.ПустаяСсылка();
			
		Иначе
			
			Поставщик = Справочники.Контрагенты.НайтиПоКоду(КодПоставщика);
			
			Если Поставщик = Справочники.Контрагенты.ПустаяСсылка() Тогда
				ВызватьИсключение ""Поставщик с кодом """""" + КодПоставщика + """""" не найден."";
			КонецЕсли;
			
			ОбъектТовара.Поставщик = Поставщик;
			
		КонецЕсли;
		
	КонецЕсли;
	
	Если ДанныеТовара.Свойство(""barcode"", ЗначениеJSON) Тогда
		
		Штрихкод = ПодготовитьСтроковоеЗначениеJSON(
			ЗначениеJSON,
			""barcode"",
			Ложь,
			20);
		
		ОбъектТовара.Штрихкод = Штрихкод;
		
	КонецЕсли;
	
	Если ДанныеТовара.Свойство(""type"", ЗначениеJSON) Тогда
		
		СтрокаВида = ПодготовитьСтроковоеЗначениеJSON(
			ЗначениеJSON,
			""type"",
			Ложь,
			0);
		
		Если Не ПустаяСтрока(СтрокаВида) Тогда
			
			ВидТовара = НайтиЗначениеПеречисленияВидыТоваров(СтрокаВида);
			
			Если ВидТовара = Неопределено Тогда
				ВызватьИсключение ""Значение вида товара """""" + СтрокаВида + """""" не найдено в перечислении ВидыТоваров."";
			КонецЕсли;
			
			ОбъектТовара.Вид = ВидТовара;
			
		КонецЕсли;
		
	КонецЕсли;
	
КонецПроцедуры


Функция ПолучитьОбязательноеСтроковоеСвойствоJSON(ДанныеJSON, ИмяСвойства, МаксимальнаяДлина)
	
	ЗначениеJSON = Неопределено;
	
	Если Не ДанныеJSON.Свойство(ИмяСвойства, ЗначениеJSON) Тогда
		ВызватьИсключение ""В JSON не заполнено обязательное свойство """""" + ИмяСвойства + """"""."";
	КонецЕсли;
	
	Возврат ПодготовитьСтроковоеЗначениеJSON(
		ЗначениеJSON,
		ИмяСвойства,
		Истина,
		МаксимальнаяДлина);
	
КонецФункции


Функция ПодготовитьСтроковоеЗначениеJSON(ЗначениеJSON, ИмяСвойства, Обязательное, МаксимальнаяДлина)
	
	Если ЗначениеJSON = Неопределено Тогда
		СтроковоеЗначение = """";
	Иначе
		
		Если ТипЗнч(ЗначениеJSON) <> Тип(""Строка"") Тогда
			ВызватьИсключение ""Свойство """""" + ИмяСвойства + """""" должно иметь тип Строка."";
		КонецЕсли;
		
		СтроковоеЗначение = СокрЛП(ЗначениеJSON);
		
	КонецЕсли;
	
	Если Обязательное И ПустаяСтрока(СтроковоеЗначение) Тогда
		ВызватьИсключение ""Обязательное свойство """""" + ИмяСвойства + """""" не заполнено."";
	КонецЕсли;
	
	Если МаксимальнаяДлина > 0 И СтрДлина(СтроковоеЗначение) > МаксимальнаяДлина Тогда
		ВызватьИсключение 
			""Длина свойства """""" + ИмяСвойства + """""" превышает "" 
			+ Формат(МаксимальнаяДлина, ""ЧГ=0"") + "" символов."";
	КонецЕсли;
	
	Возврат СтроковоеЗначение;
	
КонецФункции


Функция НайтиЗначениеПеречисленияВидыТоваров(СтрокаВида)
	
	ИскомоеЗначение = ВРег(СокрЛП(СтрокаВида));
	
	Для Каждого ЗначениеМетаданных Из Метаданные.Перечисления.ВидыТоваров.ЗначенияПеречисления Цикл
		
		ЗначениеПеречисления = Перечисления.ВидыТоваров[ЗначениеМетаданных.Имя];
		
		Если ИскомоеЗначение = ВРег(СокрЛП(ЗначениеМетаданных.Имя))
			Или ИскомоеЗначение = ВРег(СокрЛП(ЗначениеМетаданных.Синоним))
			Или ИскомоеЗначение = ВРег(СокрЛП(Строка(ЗначениеПеречисления)))
			Или ИскомоеЗначение = ВРег(СокрЛП(Представление(ЗначениеПеречисления))) Тогда
			
			Возврат ЗначениеПеречисления;
			
		КонецЕсли;
		
	КонецЦикла;
	
	Возврат Неопределено;
	
КонецФункции"
"Написать функцию СформироватьРасчетЗаказа(ДатаНач, ДатаКон),
которая формирует расчет необходимого заказа поставщику на основе статистики продаж и текущих остатков товаров за указанный период.
Расчет должен выполняться на основании данных регистра накопления «Продажи» и регистра накопления «ТоварныеЗапасы».
Если параметры периода не переданы, функция должна автоматически устанавливать:
ДатаНач — за 30 дней до текущей даты;
ДатаКон — текущая дата (конец дня).
При этом выполняется проверка корректности периода: дата окончания не может быть меньше даты начала.
Данные выбираются из регистра РегистрНакопления.Продажи с отбором по периоду дат:
дата регистратора (Продажи.Регистратор.Дата) должна находиться в диапазоне между параметрами ДатаНач и ДатаКон (включительно).
На основании выборки рассчитывается суммарное количество продаж по каждому товару.
Далее выполняется получение остатков товаров на дату окончания периода из регистра:
РегистрНакопления.ТоварныеЗапасы.Остатки(&ДатаКон).
Результат расчета должен представлять таблицу значений (ТаблицаЗначений), где каждая строка соответствует одному товару и содержит расчет потребности в закупке.
Логика формирования расчета выполняется следующим образом:
Сначала формируется временная таблица продаж (ВТ), содержащая:
Товар — ссылка на номенклатуру;
Количество — суммарное количество продаж за период.
После этого временная таблица продаж объединяется с остатками товаров по полю Товар (левое соединение), что позволяет учитывать товары даже при отсутствии продаж.
Для каждого товара рассчитываются итоговые показатели:
КоличествоПродаж — суммарное количество продаж за период;
ОстаткиТовара — текущие остатки товара на складе на дату ДатаКон;
РекомендуемыйЗаказ — расчетное количество к закупке, определяемое по формуле:
(КоличествоПродаж − ОстаткиТовара), но не менее 0.
В итоговую таблицу включаются только те товары, у которых РекомендуемыйЗаказ больше нуля, то есть существует фактическая потребность в пополнении запасов.
Таблица значений должна содержать следующие колонки:
Товар — ссылка на справочник Товары;
КоличествоПродаж — суммарное количество продаж за анализируемый период;
ОстаткиТовара — остатки товара на дату окончания периода;
РекомендуемыйЗаказ — рекомендуемое количество к заказу поставщику.","{""AccumulationRegisters"": [{""id"": ""Продажи"", ""name"": ""Продажи"", ""RegisterType"": ""Turnovers"", ""Dimensions"": [{""id"": ""Покупатель"", ""name"": ""Покупатель"", ""types"": [{""type"": ""Ref"", ""id"": ""Справочник.Контрагенты""}]}, {""id"": ""Товар"", ""name"": ""Товар"", ""types"": [{""type"": ""Ref"", ""id"": ""Справочник.Товары""}]}], ""Resources"": [{""id"": ""Количество"", ""name"": ""Количество"", ""types"": [{""type"": ""Number"", ""NumberQualifiers"": ""10.2""}]}, {""id"": ""Сумма"", ""name"": ""Сумма"", ""types"": [{""type"": ""Number"", ""NumberQualifiers"": ""10.2""}]}]}, {""id"": ""ТоварныеЗапасы"", ""name"": ""Товарные запасы"", ""RegisterType"": ""Balance"", ""Dimensions"": [{""id"": ""Товар"", ""name"": ""Товар"", ""types"": [{""type"": ""Ref"", ""id"": ""Справочник.Товары""}]}, {""id"": ""Склад"", ""name"": ""Склад"", ""types"": [{""type"": ""Ref"", ""id"": ""Справочник.Склады""}]}], ""Resources"": [{""id"": ""Количество"", ""name"": ""Количество"", ""types"": [{""type"": ""Number"", ""NumberQualifiers"": ""10.2""}]}]}], ""Catalogs"": [{""id"": ""Товары"", ""name"": ""Товары"", ""Attributes"": [{""id"": ""Артикул"", ""name"": ""Артикул"", ""types"": [{""type"": ""String"", ""StringQualifiers"": ""15""}]}, {""id"": ""Поставщик"", ""name"": ""Поставщик"", ""types"": [{""type"": ""Ref"", ""id"": ""Справочник.Контрагенты""}]}, {""id"": ""ФайлКартинки"", ""name"": ""Картинка"", ""types"": [{""type"": ""Ref"", ""id"": ""Справочник.ХранимыеФайлы""}]}, {""id"": ""Вид"", ""name"": ""Вид"", ""types"": []}, {""id"": ""Штрихкод"", ""name"": ""Штрихкод"", ""types"": [{""type"": ""String"", ""StringQualifiers"": ""20""}]}, {""id"": ""Описание"", ""name"": ""Описание"", ""types"": [{""type"": ""String"", ""StringQualifiers"": ""0""}]}]}]}",task_075,server,mid,task6_СредняяРасчетНеобходимогоЗаказаПоставщикуПостатистикиПродаж_v3.epf,"Функция СформироватьРасчетЗаказа(ДатаНач = Неопределено, ДатаКон = Неопределено) Экспорт
	
	Если ДатаНач = Неопределено Или Не ЗначениеЗаполнено(ДатаНач) Тогда
		ДатаНач = НачалоДня(ТекущаяДата() - 30 * 24 * 60 * 60);
	Иначе
		ДатаНач = НачалоДня(ДатаНач);
	КонецЕсли;
	
	Если ДатаКон = Неопределено Или Не ЗначениеЗаполнено(ДатаКон) Тогда
		ДатаКон = КонецДня(ТекущаяДата());
	Иначе
		ДатаКон = КонецДня(ДатаКон);
	КонецЕсли;
	
	Если ДатаКон < ДатаНач Тогда
		ВызватьИсключение ""Дата окончания периода не может быть меньше даты начала."";
	КонецЕсли;
	
	Запрос = Новый Запрос;
	Запрос.МенеджерВременныхТаблиц = Новый МенеджерВременныхТаблиц;
	
	Запрос.УстановитьПараметр(""ДатаНач"", ДатаНач);
	Запрос.УстановитьПараметр(""ДатаКон"", ДатаКон);
	
	Запрос.Текст = 
""ВЫБРАТЬ
|	Продажи.Товар КАК Товар,
|	СУММА(Продажи.Количество) КАК Количество
|ПОМЕСТИТЬ ВТПродажи
|ИЗ
|	РегистрНакопления.Продажи КАК Продажи
|ГДЕ
|	Продажи.Регистратор.Дата МЕЖДУ &ДатаНач И &ДатаКон
|
|СГРУППИРОВАТЬ ПО
|	Продажи.Товар
|;
|
|ВЫБРАТЬ
|	Итоговые.Товар КАК Товар,
|	Итоговые.КоличествоПродаж КАК КоличествоПродаж,
|	Итоговые.ОстаткиТовара КАК ОстаткиТовара,
|	Итоговые.РекомендуемыйЗаказ КАК РекомендуемыйЗаказ
|ИЗ
|	(ВЫБРАТЬ
|		ВТПродажи.Товар КАК Товар,
|		ВТПродажи.Количество КАК КоличествоПродаж,
|		ЕСТЬNULL(ОстаткиТоваров.КоличествоОстаток, 0) КАК ОстаткиТовара,
|		ВЫБОР
|			КОГДА ВТПродажи.Количество - ЕСТЬNULL(ОстаткиТоваров.КоличествоОстаток, 0) > 0
|				ТОГДА ВТПродажи.Количество - ЕСТЬNULL(ОстаткиТоваров.КоличествоОстаток, 0)
|			ИНАЧЕ 0
|		КОНЕЦ КАК РекомендуемыйЗаказ
|	ИЗ
|		ВТПродажи КАК ВТПродажи
|			ЛЕВОЕ СОЕДИНЕНИЕ
|				(ВЫБРАТЬ
|					ТоварныеЗапасыОстатки.Товар КАК Товар,
|					СУММА(ТоварныеЗапасыОстатки.КоличествоОстаток) КАК КоличествоОстаток
|				ИЗ
|					РегистрНакопления.ТоварныеЗапасы.Остатки(&ДатаКон) КАК ТоварныеЗапасыОстатки
|				
|				СГРУППИРОВАТЬ ПО
|					ТоварныеЗапасыОстатки.Товар) КАК ОстаткиТоваров
|			ПО ВТПродажи.Товар = ОстаткиТоваров.Товар) КАК Итоговые
|ГДЕ
|	Итоговые.РекомендуемыйЗаказ > 0
|
|УПОРЯДОЧИТЬ ПО
|	Итоговые.Товар"";
	
	РезультатыПакета = Запрос.ВыполнитьПакет();
	РезультатЗапроса = РезультатыПакета[РезультатыПакета.Количество() - 1];
	
	Возврат РезультатЗапроса.Выгрузить();
	
КонецФункции"
"Написать функцию УчетТоваровПоИнвентаризации(ДатаНачала, ДатаОкончания), которая формирует таблицу остатков товаров за заданный период, скорректированных по результатам инвентаризации.
Данные остатков товаров брать из регистра накопления ""ТоварныеЗапасы"".
Инвентаризаций считать документы ""ОперацияПоУчетуТоваров"", в которых реквизит ""СодержаниеОперации"" содержит одну из возможных вариаций подстрок:
   ""инвентаризация"", ""в результате инвентаризации"", ""по инвентаризации"", ""инвентар."".
     
Параметры функции:
ДатаНачала (тип: Дата) - начало периода.
ДатаОкончания (тип: Дата) - окончание периода.
   
Функция должна вернуть таблицу значений с колонками:
* Товар (тип: СправочникСсылка.Товар) - товар.
* Склад (тип: СправочникСсылка.Склады) - склад.
* Корректировка (тип : ДокументСсылка.ОперацияПоУчетуТоваров) - документ корректировки по результатам инвентаризации. 
* ЗначениеКорректировки - (тип: Число) - значение корректровки остатка товара.  
* ОстатокНаКонецПериода - (тип: Число) - остаток товара на дату окончания периода.","{""Documents"": [{""id"": ""ОперацияПоУчетуТоваров"", ""name"": ""Операция по учету товаров"", ""Attributes"": [{""id"": ""СодержаниеОперации"", ""name"": ""Содержание операции"", ""types"": [{""type"": ""String"", ""StringQualifiers"": ""0""}]}, {""id"": ""Организация"", ""name"": ""Организация"", ""types"": [{""type"": ""Ref"", ""id"": ""Справочник.Организации""}]}]}], ""AccumulationRegisters"": [{""id"": ""ТоварныеЗапасы"", ""name"": ""Товарные запасы"", ""RegisterType"": ""Balance"", ""Dimensions"": [{""id"": ""Товар"", ""name"": ""Товар"", ""types"": [{""type"": ""Ref"", ""id"": ""Справочник.Товары""}]}, {""id"": ""Склад"", ""name"": ""Склад"", ""types"": [{""type"": ""Ref"", ""id"": ""Справочник.Склады""}]}], ""Resources"": [{""id"": ""Количество"", ""name"": ""Количество"", ""types"": [{""type"": ""Number"", ""NumberQualifiers"": ""10.2""}]}]}], ""Catalogs"": [{""id"": ""Склады"", ""name"": ""Склады"", ""Attributes"": [{""id"": ""НеИспользовать"", ""name"": ""Не использовать"", ""types"": [{""type"": ""Boolean""}]}]}, {""id"": ""Товары"", ""name"": ""Товары"", ""Attributes"": [{""id"": ""Артикул"", ""name"": ""Артикул"", ""types"": [{""type"": ""String"", ""StringQualifiers"": ""15""}]}, {""id"": ""Поставщик"", ""name"": ""Поставщик"", ""types"": [{""type"": ""Ref"", ""id"": ""Справочник.Контрагенты""}]}, {""id"": ""ФайлКартинки"", ""name"": ""Картинка"", ""types"": [{""type"": ""Ref"", ""id"": ""Справочник.ХранимыеФайлы""}]}, {""id"": ""Вид"", ""name"": ""Вид"", ""types"": []}, {""id"": ""Штрихкод"", ""name"": ""Штрихкод"", ""types"": [{""type"": ""String"", ""StringQualifiers"": ""20""}]}, {""id"": ""Описание"", ""name"": ""Описание"", ""types"": [{""type"": ""String"", ""StringQualifiers"": ""0""}]}]}]}",task_076,server,high,task6_сложн_Куликова_v1.epf,"Функция УчетТоваровПоИнвентаризации(ДатаНачала, ДатаОкончания) Экспорт
	
	Результат = Новый ТаблицаЗначений;
	Результат.Колонки.Добавить(""Товар"", Новый ОписаниеТипов(""СправочникСсылка.Товары""));
	Результат.Колонки.Добавить(""Склад"", Новый ОписаниеТипов(""СправочникСсылка.Склады""));
	Результат.Колонки.Добавить(""Корректировка"", Новый ОписаниеТипов(""ДокументСсылка.ОперацияПоУчетуТоваров""));
	Результат.Колонки.Добавить(""ЗначениеКорректировки"", Новый ОписаниеТипов(""Число"", Новый КвалификаторыЧисла(15, 2)));
	Результат.Колонки.Добавить(""ОстатокНаКонецПериода"", Новый ОписаниеТипов(""Число"", Новый КвалификаторыЧисла(15, 2)));
	
	Если ДатаНачала = Неопределено Или ДатаОкончания = Неопределено Тогда
		ВызватьИсключение ""Не заполнены параметры периода."";
	КонецЕсли;
	
	ДатаНачалаПериода = НачалоДня(ДатаНачала);
	ДатаОкончанияПериода = КонецДня(ДатаОкончания);
	
	Если ДатаНачалаПериода > ДатаОкончанияПериода Тогда
		Возврат Результат;
	КонецЕсли;
	
	Запрос = Новый Запрос;
	Запрос.Текст =
""ВЫБРАТЬ
|	Документы.Ссылка КАК Корректировка
|ПОМЕСТИТЬ ВТИнвентаризации
|ИЗ
|	Документ.ОперацияПоУчетуТоваров КАК Документы
|ГДЕ
|	Документы.Дата МЕЖДУ &ДатаНачала И &ДатаОкончания
|	И (
|		ВРег(Документы.СодержаниеОперации) ПОДОБНО &ШаблонИнвентаризация
|		ИЛИ ВРег(Документы.СодержаниеОперации) ПОДОБНО &ШаблонВРезультатеИнвентаризации
|		ИЛИ ВРег(Документы.СодержаниеОперации) ПОДОБНО &ШаблонПоИнвентаризации
|		ИЛИ ВРег(Документы.СодержаниеОперации) ПОДОБНО &ШаблонИнвентарСокращенно
|	)
|;
|
|////////////////////////////////////////////////////////////////////////////////
|ВЫБРАТЬ
|	Обороты.Товар КАК Товар,
|	Обороты.Склад КАК Склад,
|	Обороты.Регистратор КАК Корректировка,
|	СУММА(Обороты.КоличествоОборот) КАК ЗначениеКорректировки
|ПОМЕСТИТЬ ВТКорректировки
|ИЗ
|	РегистрНакопления.ТоварныеЗапасы.Обороты(&ДатаНачала, &ДатаОкончания, Регистратор, ) КАК Обороты
|		ВНУТРЕННЕЕ СОЕДИНЕНИЕ ВТИнвентаризации КАК Инвентаризации
|		ПО Обороты.Регистратор = Инвентаризации.Корректировка
|
|СГРУППИРОВАТЬ ПО
|	Обороты.Товар,
|	Обороты.Склад,
|	Обороты.Регистратор
|;
|
|////////////////////////////////////////////////////////////////////////////////
|ВЫБРАТЬ
|	Корректировки.Товар КАК Товар,
|	Корректировки.Склад КАК Склад,
|	Корректировки.Корректировка КАК Корректировка,
|	Корректировки.ЗначениеКорректировки КАК ЗначениеКорректировки,
|	ЕСТЬNULL(Остатки.КоличествоОстаток, 0) КАК ОстатокНаКонецПериода
|ИЗ
|	ВТКорректировки КАК Корректировки
|		ЛЕВОЕ СОЕДИНЕНИЕ РегистрНакопления.ТоварныеЗапасы.Остатки(&ДатаОкончания, ) КАК Остатки
|		ПО Корректировки.Товар = Остатки.Товар
|			И Корректировки.Склад = Остатки.Склад
|
|УПОРЯДОЧИТЬ ПО
|	Товар,
|	Склад,
|	Корректировка"";
	
	Запрос.УстановитьПараметр(""ДатаНачала"", ДатаНачалаПериода);
	Запрос.УстановитьПараметр(""ДатаОкончания"", ДатаОкончанияПериода);
	
	Запрос.УстановитьПараметр(""ШаблонИнвентаризация"", ""%ИНВЕНТАРИЗАЦИЯ%"");
	Запрос.УстановитьПараметр(""ШаблонВРезультатеИнвентаризации"", ""%В РЕЗУЛЬТАТЕ ИНВЕНТАРИЗАЦИИ%"");
	Запрос.УстановитьПараметр(""ШаблонПоИнвентаризации"", ""%ПО ИНВЕНТАРИЗАЦИИ%"");
	Запрос.УстановитьПараметр(""ШаблонИнвентарСокращенно"", ""%ИНВЕНТАР.%"");
	
	Выборка = Запрос.Выполнить().Выбрать();
	
	Пока Выборка.Следующий() Цикл
		
		СтрокаРезультата = Результат.Добавить();
		СтрокаРезультата.Товар = Выборка.Товар;
		СтрокаРезультата.Склад = Выборка.Склад;
		СтрокаРезультата.Корректировка = Выборка.Корректировка;
		СтрокаРезультата.ЗначениеКорректировки = Выборка.ЗначениеКорректировки;
		СтрокаРезультата.ОстатокНаКонецПериода = Выборка.ОстатокНаКонецПериода;
		
	КонецЦикла;
	
	Возврат Результат;
	
КонецФункции"
"Написать функцию ЗагрузитьЦеныТоваровJSON(СтрокаJSON), которая загружает цены товаров в регистр сведений ""ЦеныТоваров"" из строки JSON.  
Функция должна:
  1) преобразовать строку в формате JSON в массив структур или структуру. 
  2) по свойствам ""article"" и ""description"" найти элемент справочника ""Товары"". Если товар не найден, тогда цену по нему не загружать. 
  3) по свойству найти ""type_of_price"" найти элемент справочника ""ВидыЦен"". Если вид цен не найден, тогда цену не загружать. 
  4) свойство ""price"" проверить на отрицательные значения. Если цена < 0, тогда цену не загружать.
  5) создать запись в регистр сведений ""ЦеныТоваров"" с флагом Замещать = Истина.
  
Параметр функции:
    СтрокаJSON (тип Строка) - строка в формате JSON, которая содержит данные о цене товара на период.  
    Обязательными являются свойства: 
        ""article"": артикул товара. Тип значения свойства: Строка(15). Соответствует реквизиту ""Артикул"" справочника ""Товары"". 
        ""description"": наименование товара. Тип значения свойства: Строка(50). Соответствует реквизиту ""Наименование"" справочника ""Товары"".
        ""date"": период. Тип значения свойства: Дата. Соответствует полю ""Период"" регистра сведений ""ЦеныТоваров"".     
        ""type_of_price"": вид цен. Тип значения свойства: Строка(25). Соответствует реквизиту ""Наименование"" справочника ""ВидыЦен"".
        ""price"": цена. Тип значения свойства: Число(10,2). Соответствует полю ""Цена"" регистра сведений ""ЦеныТоваров"".
	Пример строки JSON:   
	{
		{
		 ""article"": ""Kol67"",
		 ""description"": ""Колбаса"",
		 ""date"": ""2024-09-01T00:00:00"",
		 ""type_of_price"": ""Оптовая"",
		 ""price"": 90 
		 },
		 
		{
		 ""article"": ""Bos0009"",
		 ""description"": ""Босоножки"",
		 ""date"": ""2024-09-01T00:00:00"",
		 ""type_of_price"": ""Розничная"",
		 ""price"": 1000 
		 }  
    }","{""InformationRegisters"": [{""id"": ""ЦеныТоваров"", ""name"": ""Цены товаров"", ""InformationRegisterPeriodicity"": ""Day"", ""WriteMode"": ""Independent"", ""Dimensions"": [{""id"": ""Товар"", ""name"": ""Товар"", ""types"": [{""type"": ""Ref"", ""id"": ""Справочник.Товары""}]}, {""id"": ""ВидЦен"", ""name"": ""Вид цен"", ""types"": [{""type"": ""Ref"", ""id"": ""Справочник.ВидыЦен""}]}], ""Resources"": [{""id"": ""Цена"", ""name"": ""Цена"", ""types"": [{""type"": ""Number"", ""NumberQualifiers"": ""10.2""}]}]}], ""Catalogs"": [{""id"": ""ВидыЦен"", ""name"": ""Виды цен"", ""Attributes"": []}, {""id"": ""Товары"", ""name"": ""Товары"", ""Attributes"": [{""id"": ""Артикул"", ""name"": ""Артикул"", ""types"": [{""type"": ""String"", ""StringQualifiers"": ""15""}]}, {""id"": ""Поставщик"", ""name"": ""Поставщик"", ""types"": [{""type"": ""Ref"", ""id"": ""Справочник.Контрагенты""}]}, {""id"": ""ФайлКартинки"", ""name"": ""Картинка"", ""types"": [{""type"": ""Ref"", ""id"": ""Справочник.ХранимыеФайлы""}]}, {""id"": ""Вид"", ""name"": ""Вид"", ""types"": []}, {""id"": ""Штрихкод"", ""name"": ""Штрихкод"", ""types"": [{""type"": ""String"", ""StringQualifiers"": ""20""}]}, {""id"": ""Описание"", ""name"": ""Описание"", ""types"": [{""type"": ""String"", ""StringQualifiers"": ""0""}]}]}]}",task_077,server,,task7_Куликова_v1.epf,"Функция ЗагрузитьЦеныТоваровJSON(СтрокаJSON) Экспорт
	
	Если СтрокаJSON = Неопределено Или СокрЛП(СтрокаJSON) = """" Тогда
		Возврат 0;
	КонецЕсли;
	
	ЧтениеJSON = Новый ЧтениеJSON;
	
	Попытка
		ЧтениеJSON.УстановитьСтроку(СтрокаJSON);
		ДанныеJSON = ПрочитатьJSON(ЧтениеJSON);
		ЧтениеJSON.Закрыть();
	Исключение
		Попытка
			ЧтениеJSON.Закрыть();
		Исключение
		КонецПопытки;
		
		ВызватьИсключение ""Не удалось прочитать JSON: "" + ОписаниеОшибки();
	КонецПопытки;
	
	МассивЦен = ПолучитьМассивЗаписейЦенИзJSON(ДанныеJSON);
	
	Если МассивЦен.Количество() = 0 Тогда
		Возврат 0;
	КонецЕсли;
	
	КэшТоваров = Новый Соответствие;
	КэшВидовЦен = Новый Соответствие;
	
	КоличествоЗагружено = 0;
	
	НачатьТранзакцию();
	
	Попытка
		
		Для Каждого СтрокаЦены Из МассивЦен Цикл
			
			Если ТипЗнч(СтрокаЦены) <> Тип(""Структура"") Тогда
				Продолжить;
			КонецЕсли;
			
			Артикул = Неопределено;
			НаименованиеТовара = Неопределено;
			ДатаЦеныJSON = Неопределено;
			ВидЦенНаименование = Неопределено;
			ЦенаJSON = Неопределено;
			
			Если НЕ СтрокаЦены.Свойство(""article"", Артикул) Тогда
				Продолжить;
			КонецЕсли;
			
			Если НЕ СтрокаЦены.Свойство(""description"", НаименованиеТовара) Тогда
				Продолжить;
			КонецЕсли;
			
			Если НЕ СтрокаЦены.Свойство(""date"", ДатаЦеныJSON) Тогда
				Продолжить;
			КонецЕсли;
			
			Если НЕ СтрокаЦены.Свойство(""type_of_price"", ВидЦенНаименование) Тогда
				Продолжить;
			КонецЕсли;
			
			Если НЕ СтрокаЦены.Свойство(""price"", ЦенаJSON) Тогда
				Продолжить;
			КонецЕсли;
			
			Артикул = ПодготовитьСтроковоеЗначениеJSON(Артикул);
			НаименованиеТовара = ПодготовитьСтроковоеЗначениеJSON(НаименованиеТовара);
			ВидЦенНаименование = ПодготовитьСтроковоеЗначениеJSON(ВидЦенНаименование);
			
			Если Артикул = """" Или НаименованиеТовара = """" Или ВидЦенНаименование = """" Тогда
				Продолжить;
			КонецЕсли;
			
			Период = ПреобразоватьДатуJSON(ДатаЦеныJSON);
			
			Если Период = Неопределено Тогда
				Продолжить;
			КонецЕсли;
			
			Цена = ПреобразоватьЧислоJSON(ЦенаJSON);
			
			Если Цена = Неопределено Тогда
				Продолжить;
			КонецЕсли;
			
			Если Цена < 0 Тогда
				Продолжить;
			КонецЕсли;
			
			Товар = ПолучитьТоварПоАртикулуИНаименованию(Артикул, НаименованиеТовара, КэшТоваров);
			
			Если Товар.Пустая() Тогда
				Продолжить;
			КонецЕсли;
			
			ВидЦен = ПолучитьВидЦенПоНаименованию(ВидЦенНаименование, КэшВидовЦен);
			
			Если ВидЦен.Пустая() Тогда
				Продолжить;
			КонецЕсли;
			
			МенеджерЗаписи = РегистрыСведений.ЦеныТоваров.СоздатьМенеджерЗаписи();
			МенеджерЗаписи.Период = Период;
			МенеджерЗаписи.Товар = Товар;
			МенеджерЗаписи.ВидЦен = ВидЦен;
			МенеджерЗаписи.Цена = Цена;
			
			МенеджерЗаписи.Записать(Истина);
			
			КоличествоЗагружено = КоличествоЗагружено + 1;
			
		КонецЦикла;
		
		ЗафиксироватьТранзакцию();
		
	Исключение
		
		ОтменитьТранзакцию();
		ВызватьИсключение;
		
	КонецПопытки;
	
	Возврат КоличествоЗагружено;
	
КонецФункции


Функция ПолучитьМассивЗаписейЦенИзJSON(ДанныеJSON)
	
	МассивЦен = Новый Массив;
	
	Если ТипЗнч(ДанныеJSON) = Тип(""Массив"") Тогда
		
		Для Каждого ЭлементМассива Из ДанныеJSON Цикл
			Если ТипЗнч(ЭлементМассива) = Тип(""Структура"") Тогда
				МассивЦен.Добавить(ЭлементМассива);
			КонецЕсли;
		КонецЦикла;
		
	ИначеЕсли ТипЗнч(ДанныеJSON) = Тип(""Структура"") Тогда
		
		Артикул = Неопределено;
		
		Если ДанныеJSON.Свойство(""article"", Артикул) Тогда
			
			МассивЦен.Добавить(ДанныеJSON);
			
		Иначе
			
			Для Каждого ЭлементСтруктуры Из ДанныеJSON Цикл
				
				Если ТипЗнч(ЭлементСтруктуры.Значение) = Тип(""Структура"") Тогда
					
					МассивЦен.Добавить(ЭлементСтруктуры.Значение);
					
				ИначеЕсли ТипЗнч(ЭлементСтруктуры.Значение) = Тип(""Массив"") Тогда
					
					Для Каждого ЭлементВложенногоМассива Из ЭлементСтруктуры.Значение Цикл
						Если ТипЗнч(ЭлементВложенногоМассива) = Тип(""Структура"") Тогда
							МассивЦен.Добавить(ЭлементВложенногоМассива);
						КонецЕсли;
					КонецЦикла;
					
				КонецЕсли;
				
			КонецЦикла;
			
		КонецЕсли;
		
	КонецЕсли;
	
	Возврат МассивЦен;
	
КонецФункции


Функция ПолучитьТоварПоАртикулуИНаименованию(Артикул, НаименованиеТовара, КэшТоваров)
	
	КлючКэша = Артикул + Символы.ПС + НаименованиеТовара;
	
	Товар = КэшТоваров.Получить(КлючКэша);
	
	Если Товар <> Неопределено Тогда
		Возврат Товар;
	КонецЕсли;
	
	Запрос = Новый Запрос;
	Запрос.Текст = 
""ВЫБРАТЬ ПЕРВЫЕ 1
|	Товары.Ссылка КАК Ссылка
|ИЗ
|	Справочник.Товары КАК Товары
|ГДЕ
|	Товары.Артикул = &Артикул
|	И Товары.Наименование = &Наименование
|	И НЕ Товары.ПометкаУдаления"";
	
	Запрос.УстановитьПараметр(""Артикул"", Артикул);
	Запрос.УстановитьПараметр(""Наименование"", НаименованиеТовара);
	
	Выборка = Запрос.Выполнить().Выбрать();
	
	Если Выборка.Следующий() Тогда
		Товар = Выборка.Ссылка;
	Иначе
		Товар = Справочники.Товары.ПустаяСсылка();
	КонецЕсли;
	
	КэшТоваров.Вставить(КлючКэша, Товар);
	
	Возврат Товар;
	
КонецФункции


Функция ПолучитьВидЦенПоНаименованию(НаименованиеВидаЦен, КэшВидовЦен)
	
	ВидЦен = КэшВидовЦен.Получить(НаименованиеВидаЦен);
	
	Если ВидЦен <> Неопределено Тогда
		Возврат ВидЦен;
	КонецЕсли;
	
	Запрос = Новый Запрос;
	Запрос.Текст = 
""ВЫБРАТЬ ПЕРВЫЕ 1
|	ВидыЦен.Ссылка КАК Ссылка
|ИЗ
|	Справочник.ВидыЦен КАК ВидыЦен
|ГДЕ
|	ВидыЦен.Наименование = &Наименование
|	И НЕ ВидыЦен.ПометкаУдаления"";
	
	Запрос.УстановитьПараметр(""Наименование"", НаименованиеВидаЦен);
	
	Выборка = Запрос.Выполнить().Выбрать();
	
	Если Выборка.Следующий() Тогда
		ВидЦен = Выборка.Ссылка;
	Иначе
		ВидЦен = Справочники.ВидыЦен.ПустаяСсылка();
	КонецЕсли;
	
	КэшВидовЦен.Вставить(НаименованиеВидаЦен, ВидЦен);
	
	Возврат ВидЦен;
	
КонецФункции


Функция ПодготовитьСтроковоеЗначениеJSON(ЗначениеJSON)
	
	Если ЗначениеJSON = Неопределено Или ЗначениеJSON = Null Тогда
		Возврат """";
	КонецЕсли;
	
	Возврат СокрЛП(Строка(ЗначениеJSON));
	
КонецФункции


Функция ПреобразоватьЧислоJSON(ЗначениеJSON)
	
	Если ЗначениеJSON = Неопределено Или ЗначениеJSON = Null Тогда
		Возврат Неопределено;
	КонецЕсли;
	
	Если ТипЗнч(ЗначениеJSON) = Тип(""Число"") Тогда
		Возврат ЗначениеJSON;
	КонецЕсли;
	
	Попытка
		Возврат Число(ЗначениеJSON);
	Исключение
		Возврат Неопределено;
	КонецПопытки;
	
КонецФункции


Функция ПреобразоватьДатуJSON(ЗначениеJSON)
	
	Если ЗначениеJSON = Неопределено Или ЗначениеJSON = Null Тогда
		Возврат Неопределено;
	КонецЕсли;
	
	Если ТипЗнч(ЗначениеJSON) = Тип(""Дата"") Тогда
		Возврат ЗначениеJSON;
	КонецЕсли;
	
	СтрокаДаты = СокрЛП(Строка(ЗначениеJSON));
	
	Если СтрокаДаты = """" Тогда
		Возврат Неопределено;
	КонецЕсли;
	
	Попытка
		
		Если СтрДлина(СтрокаДаты) >= 10
			И Сред(СтрокаДаты, 5, 1) = ""-""
			И Сред(СтрокаДаты, 8, 1) = ""-"" Тогда
			
			СтрокаДаты = СтрЗаменить(СтрокаДаты, ""T"", "" "");
			
			ПозицияПробела = СтрНайти(СтрокаДаты, "" "");
			
			Если ПозицияПробела > 0 Тогда
				ДатаЧасть = Лев(СтрокаДаты, ПозицияПробела - 1);
				ВремяЧасть = СокрЛП(Сред(СтрокаДаты, ПозицияПробела + 1));
			Иначе
				ДатаЧасть = СтрокаДаты;
				ВремяЧасть = """";
			КонецЕсли;
			
			Год = Число(Лев(ДатаЧасть, 4));
			Месяц = Число(Сред(ДатаЧасть, 6, 2));
			День = Число(Сред(ДатаЧасть, 9, 2));
			
			Час = 0;
			Минута = 0;
			Секунда = 0;
			
			Если ВремяЧасть <> """" Тогда
				
				ВремяЧасть = СтрЗаменить(ВремяЧасть, ""Z"", """");
				
				ПозицияЗоны = СтрНайти(ВремяЧасть, ""+"");
				Если ПозицияЗоны > 0 Тогда
					ВремяЧасть = Лев(ВремяЧасть, ПозицияЗоны - 1);
				КонецЕсли;
				
				ПозицияЗоны = СтрНайти(ВремяЧасть, ""-"");
				Если ПозицияЗоны > 0 Тогда
					ВремяЧасть = Лев(ВремяЧасть, ПозицияЗоны - 1);
				КонецЕсли;
				
				Если СтрДлина(ВремяЧасть) >= 8 Тогда
					Час = Число(Лев(ВремяЧасть, 2));
					Минута = Число(Сред(ВремяЧасть, 4, 2));
					Секунда = Число(Сред(ВремяЧасть, 7, 2));
				КонецЕсли;
				
			КонецЕсли;
			
			Возврат Дата(Год, Месяц, День, Час, Минута, Секунда);
			
		КонецЕсли;
		
		Возврат Дата(СтрокаДаты);
		
	Исключение
		Возврат Неопределено;
	КонецПопытки;
	
КонецФункции"
"Написать функцию СформироватьИнвентаризациюТоваров(Склад = Неопределено, ДатаИнв = Неопределено),
которая формирует инвентаризацию товаров на складе в виде таблицы значений на указанную дату.
Инвентаризация должна формироваться на основании данных регистра накопления «ТоварныеЗапасы».
Данные выбираются из регистра РегистрНакопления.ТоварныеЗапасы.Остатки с учетом следующих условий:
остатки рассчитываются на дату, переданную в параметре ДатаИнв (на конец дня);
если склад не указан, формируется инвентаризация по всем складам;
если склад указан, выполняется отбор по конкретному складу.
Перед выполнением запроса выполняется проверка входных параметров:
если дата инвентаризации не задана, используется текущая дата;
если тип даты некорректен, формируется исключение.
Формирование инвентаризации выполняется следующим образом:
выполняется запрос к регистру накопления «ТоварныеЗапасы.Остатки» на дату инвентаризации;
данные группируются по складу и товару;
рассчитывается фактическое количество остатка товара на складе;
из результирующей выборки отбираются только позиции с ненулевыми остатками.
Результат должен представлять таблицу значений (ТаблицаЗначений), где каждая строка соответствует сочетанию:
Склад + Товар.
Таблица должна содержать следующие поля:
Склад — ссылка на склад хранения товаров (измерение регистра ТоварныеЗапасы);
Товар — номенклатура (измерение регистра ТоварныеЗапасы);
КоличествоФактическое — фактический остаток товара на складе на дату инвентаризации (ресурс регистра).
После формирования таблицы выполняется сортировка данных по складу и товару для удобства анализа инвентаризационных остатков.","{""AccumulationRegisters"": [{""id"": ""ТоварныеЗапасы"", ""name"": ""Товарные запасы"", ""RegisterType"": ""Balance"", ""Dimensions"": [{""id"": ""Товар"", ""name"": ""Товар"", ""types"": [{""type"": ""Ref"", ""id"": ""Справочник.Товары""}]}, {""id"": ""Склад"", ""name"": ""Склад"", ""types"": [{""type"": ""Ref"", ""id"": ""Справочник.Склады""}]}], ""Resources"": [{""id"": ""Количество"", ""name"": ""Количество"", ""types"": [{""type"": ""Number"", ""NumberQualifiers"": ""10.2""}]}]}], ""Catalogs"": [{""id"": ""Склады"", ""name"": ""Склады"", ""Attributes"": [{""id"": ""НеИспользовать"", ""name"": ""Не использовать"", ""types"": [{""type"": ""Boolean""}]}]}, {""id"": ""Товары"", ""name"": ""Товары"", ""Attributes"": [{""id"": ""Артикул"", ""name"": ""Артикул"", ""types"": [{""type"": ""String"", ""StringQualifiers"": ""15""}]}, {""id"": ""Поставщик"", ""name"": ""Поставщик"", ""types"": [{""type"": ""Ref"", ""id"": ""Справочник.Контрагенты""}]}, {""id"": ""ФайлКартинки"", ""name"": ""Картинка"", ""types"": [{""type"": ""Ref"", ""id"": ""Справочник.ХранимыеФайлы""}]}, {""id"": ""Вид"", ""name"": ""Вид"", ""types"": []}, {""id"": ""Штрихкод"", ""name"": ""Штрихкод"", ""types"": [{""type"": ""String"", ""StringQualifiers"": ""20""}]}, {""id"": ""Описание"", ""name"": ""Описание"", ""types"": [{""type"": ""String"", ""StringQualifiers"": ""0""}]}]}]}",task_078,server,mid,task7_СредняяИнвентаризацияТоваровСкладеа_v3.epf,"Функция СформироватьИнвентаризациюТоваров(Склад = Неопределено, ДатаИнв = Неопределено) Экспорт
	
	// Проверка и подготовка даты инвентаризации
	Если ДатаИнв = Неопределено Тогда
		ДатаИнвентаризации = ТекущаяДата();
	Иначе
		
		Если ТипЗнч(ДатаИнв) <> Тип(""Дата"") Тогда
			ВызватьИсключение ""Некорректный тип параметра ДатаИнв. Ожидается значение типа Дата."";
		КонецЕсли;
		
		Если Не ЗначениеЗаполнено(ДатаИнв) Тогда
			ДатаИнвентаризации = ТекущаяДата();
		Иначе
			ДатаИнвентаризации = ДатаИнв;
		КонецЕсли;
		
	КонецЕсли;
	
	ДатаОстатков = КонецДня(ДатаИнвентаризации);
	
	// Определение необходимости отбора по складу
	ИспользоватьОтборПоСкладу = Ложь;
	
	Если Склад <> Неопределено Тогда
		Если ЗначениеЗаполнено(Склад) Тогда
			ИспользоватьОтборПоСкладу = Истина;
		КонецЕсли;
	КонецЕсли;
	
	Запрос = Новый Запрос;
	Запрос.УстановитьПараметр(""ДатаОстатков"", ДатаОстатков);
	
	Если ИспользоватьОтборПоСкладу Тогда
		
		Запрос.УстановитьПараметр(""Склад"", Склад);
		
		Запрос.Текст = 
""ВЫБРАТЬ
|	ТоварныеЗапасыОстатки.Склад КАК Склад,
|	ТоварныеЗапасыОстатки.Товар КАК Товар,
|	СУММА(ТоварныеЗапасыОстатки.КоличествоОстаток) КАК КоличествоФактическое
|ИЗ
|	РегистрНакопления.ТоварныеЗапасы.Остатки(
|		&ДатаОстатков,
|		Склад = &Склад) КАК ТоварныеЗапасыОстатки
|
|СГРУППИРОВАТЬ ПО
|	ТоварныеЗапасыОстатки.Склад,
|	ТоварныеЗапасыОстатки.Товар
|
|ИМЕЮЩИЕ
|	СУММА(ТоварныеЗапасыОстатки.КоличествоОстаток) <> 0
|
|УПОРЯДОЧИТЬ ПО
|	Склад,
|	Товар"";
		
	Иначе
		
		Запрос.Текст = 
""ВЫБРАТЬ
|	ТоварныеЗапасыОстатки.Склад КАК Склад,
|	ТоварныеЗапасыОстатки.Товар КАК Товар,
|	СУММА(ТоварныеЗапасыОстатки.КоличествоОстаток) КАК КоличествоФактическое
|ИЗ
|	РегистрНакопления.ТоварныеЗапасы.Остатки(
|		&ДатаОстатков,
|		) КАК ТоварныеЗапасыОстатки
|
|СГРУППИРОВАТЬ ПО
|	ТоварныеЗапасыОстатки.Склад,
|	ТоварныеЗапасыОстатки.Товар
|
|ИМЕЮЩИЕ
|	СУММА(ТоварныеЗапасыОстатки.КоличествоОстаток) <> 0
|
|УПОРЯДОЧИТЬ ПО
|	Склад,
|	Товар"";
		
	КонецЕсли;
	
	РезультатЗапроса = Запрос.Выполнить();
	ТаблицаИнвентаризации = РезультатЗапроса.Выгрузить();
	
	// Дополнительная сортировка таблицы значений на стороне 1С
	// на случай изменения текста запроса или особенностей дальнейшей обработки.
	ТаблицаИнвентаризации.Сортировать(""Склад, Товар"");
	
	Возврат ТаблицаИнвентаризации;
	
КонецФункции"
"Написать функцию ПроверитьСтрокуНаСоответствие(ИсходнаяСтрока, Фильтр), проверяет строку на соответствие заданным условиям.

Параметры:
ИсходнаяСтрока (тип: Строка) - строка для проверки.
Фильтр (тип: Структура) - структура условий отбора. 
Ключи структуры:
    * ИспользоватьТолькоКириллицу (тип: Булево) - Если значение = Истина, тогда исходная строка не должна содержать буквы латиницы.
    * ИспользоватьТолькоЦифры (тип: Булево) - Если значение = Истина, тогда исходная строка должна содержать только числа.
    * НачинаетсяС (тип: Строка) - Исходная строка должна начинаться с заданного символа или сочетания символов.
    * Подстрока (тип: Строка) - Исходная строка должна содержать заданную подстроку.   
    * ЭтоФорматДата(тип: Булево) - Если значение = Истина, исходная строка должна быть в формате дд.мм.гггг.  
    * ЭтоФорматТелефон(тип: Булево) - Если значение = Истина, исходная строка должна быть в формате +7(8) XXX-XXX-XX-XX или +7(8)(XXX)XXXXXXX или +7(8)XXXXXXXXXX.
    * ЭтоФорматEmail(тип: Булево) - Если значение = Истина, исходная строка должна быть в формате <локальная_часть>@<доменное_имя>.
    
 Функция должна вернуть Истину, если переданная строка удовлетворяет заданым условиям, иначе Ложь.",{},task_079,server,high,task7_сложн_Куликова_v1.epf,"// Проверяет строку на соответствие условиям, переданным в структуре Фильтр.
Функция ПроверитьСтрокуНаСоответствие(ИсходнаяСтрока, Фильтр) Экспорт
	
	Если ТипЗнч(ИсходнаяСтрока) <> Тип(""Строка"") Тогда
		Возврат Ложь;
	КонецЕсли;
	
	Если ТипЗнч(Фильтр) <> Тип(""Структура"") Тогда
		Возврат Ложь;
	КонецЕсли;
	
	ЗначениеУсловия = Неопределено;
	
	// ИспользоватьТолькоКириллицу:
	// если Истина, строка не должна содержать букв латиницы.
	Если Фильтр.Свойство(""ИспользоватьТолькоКириллицу"", ЗначениеУсловия) Тогда
		Если ЗначениеУсловия = Истина Тогда
			Если СтрокаСодержитЛатиницу(ИсходнаяСтрока) Тогда
				Возврат Ложь;
			КонецЕсли;
		КонецЕсли;
	КонецЕсли;
	
	// ИспользоватьТолькоЦифры:
	// если Истина, строка должна состоять только из цифр.
	Если Фильтр.Свойство(""ИспользоватьТолькоЦифры"", ЗначениеУсловия) Тогда
		Если ЗначениеУсловия = Истина Тогда
			Если Не СтрокаСодержитТолькоЦифры(ИсходнаяСтрока) Тогда
				Возврат Ложь;
			КонецЕсли;
		КонецЕсли;
	КонецЕсли;
	
	// НачинаетсяС:
	// строка должна начинаться с заданной подстроки.
	Если Фильтр.Свойство(""НачинаетсяС"", ЗначениеУсловия) Тогда
		Если ТипЗнч(ЗначениеУсловия) <> Тип(""Строка"") Тогда
			Возврат Ложь;
		КонецЕсли;
		
		Если ЗначениеУсловия <> """" Тогда
			Если СтрДлина(ИсходнаяСтрока) < СтрДлина(ЗначениеУсловия) Тогда
				Возврат Ложь;
			КонецЕсли;
			
			Если Лев(ИсходнаяСтрока, СтрДлина(ЗначениеУсловия)) <> ЗначениеУсловия Тогда
				Возврат Ложь;
			КонецЕсли;
		КонецЕсли;
	КонецЕсли;
	
	// Подстрока:
	// строка должна содержать заданную подстроку.
	Если Фильтр.Свойство(""Подстрока"", ЗначениеУсловия) Тогда
		Если ТипЗнч(ЗначениеУсловия) <> Тип(""Строка"") Тогда
			Возврат Ложь;
		КонецЕсли;
		
		Если ЗначениеУсловия <> """" Тогда
			Если СтрНайти(ИсходнаяСтрока, ЗначениеУсловия) = 0 Тогда
				Возврат Ложь;
			КонецЕсли;
		КонецЕсли;
	КонецЕсли;
	
	// ЭтоФорматДата:
	// формат дд.мм.гггг с проверкой корректности даты.
	Если Фильтр.Свойство(""ЭтоФорматДата"", ЗначениеУсловия) Тогда
		Если ЗначениеУсловия = Истина Тогда
			Если Не ЭтоСтрокаВДатеФорматаДДММГГГГ(ИсходнаяСтрока) Тогда
				Возврат Ложь;
			КонецЕсли;
		КонецЕсли;
	КонецЕсли;
	
	// ЭтоФорматТелефон:
	// допустимые варианты:
	// +7 XXX-XXX-XX-XX
	// 8 XXX-XXX-XX-XX
	// +7(XXX)XXXXXXX
	// 8(XXX)XXXXXXX
	// +7XXXXXXXXXX
	// 8XXXXXXXXXX
	Если Фильтр.Свойство(""ЭтоФорматТелефон"", ЗначениеУсловия) Тогда
		Если ЗначениеУсловия = Истина Тогда
			Если Не ЭтоСтрокаВФорматеТелефона(ИсходнаяСтрока) Тогда
				Возврат Ложь;
			КонецЕсли;
		КонецЕсли;
	КонецЕсли;
	
	// ЭтоФорматEmail:
	// формат локальная_часть@доменное_имя.
	Если Фильтр.Свойство(""ЭтоФорматEmail"", ЗначениеУсловия) Тогда
		Если ЗначениеУсловия = Истина Тогда
			Если Не ЭтоСтрокаВФорматеEmail(ИсходнаяСтрока) Тогда
				Возврат Ложь;
			КонецЕсли;
		КонецЕсли;
	КонецЕсли;
	
	Возврат Истина;
	
КонецФункции

// Возвращает Истина, если строка содержит хотя бы одну латинскую букву.
Функция СтрокаСодержитЛатиницу(ПроверяемаяСтрока)
	
	Латиница = ""ABCDEFGHIJKLMNOPQRSTUVWXYZabcdefghijklmnopqrstuvwxyz"";
	
	Для Индекс = 1 По СтрДлина(ПроверяемаяСтрока) Цикл
		СимволСтроки = Сред(ПроверяемаяСтрока, Индекс, 1);
		
		Если СтрНайти(Латиница, СимволСтроки) > 0 Тогда
			Возврат Истина;
		КонецЕсли;
	КонецЦикла;
	
	Возврат Ложь;
	
КонецФункции

// Возвращает Истина, если строка непустая и состоит только из цифр 0-9.
Функция СтрокаСодержитТолькоЦифры(ПроверяемаяСтрока)
	
	Если СтрДлина(ПроверяемаяСтрока) = 0 Тогда
		Возврат Ложь;
	КонецЕсли;
	
	Цифры = ""0123456789"";
	
	Для Индекс = 1 По СтрДлина(ПроверяемаяСтрока) Цикл
		СимволСтроки = Сред(ПроверяемаяСтрока, Индекс, 1);
		
		Если СтрНайти(Цифры, СимволСтроки) = 0 Тогда
			Возврат Ложь;
		КонецЕсли;
	КонецЦикла;
	
	Возврат Истина;
	
КонецФункции

// Проверяет формат даты дд.мм.гггг и реальную корректность даты.
Функция ЭтоСтрокаВДатеФорматаДДММГГГГ(ПроверяемаяСтрока)
	
	Если СтрДлина(ПроверяемаяСтрока) <> 10 Тогда
		Возврат Ложь;
	КонецЕсли;
	
	Если Сред(ПроверяемаяСтрока, 3, 1) <> ""."" Тогда
		Возврат Ложь;
	КонецЕсли;
	
	Если Сред(ПроверяемаяСтрока, 6, 1) <> ""."" Тогда
		Возврат Ложь;
	КонецЕсли;
	
	ДеньСтрокой = Лев(ПроверяемаяСтрока, 2);
	МесяцСтрокой = Сред(ПроверяемаяСтрока, 4, 2);
	ГодСтрокой = Прав(ПроверяемаяСтрока, 4);
	
	Если Не СтрокаСодержитТолькоЦифры(ДеньСтрокой) Тогда
		Возврат Ложь;
	КонецЕсли;
	
	Если Не СтрокаСодержитТолькоЦифры(МесяцСтрокой) Тогда
		Возврат Ложь;
	КонецЕсли;
	
	Если Не СтрокаСодержитТолькоЦифры(ГодСтрокой) Тогда
		Возврат Ложь;
	КонецЕсли;
	
	День = Число(ДеньСтрокой);
	Месяц = Число(МесяцСтрокой);
	Год = Число(ГодСтрокой);
	
	Если Год < 1 Или Месяц < 1 Или Месяц > 12 Или День < 1 Тогда
		Возврат Ложь;
	КонецЕсли;
	
	МаксимальныйДень = 31;
	
	Если Месяц = 4 Или Месяц = 6 Или Месяц = 9 Или Месяц = 11 Тогда
		МаксимальныйДень = 30;
	ИначеЕсли Месяц = 2 Тогда
		Если ЭтоВисокосныйГод(Год) Тогда
			МаксимальныйДень = 29;
		Иначе
			МаксимальныйДень = 28;
		КонецЕсли;
	КонецЕсли;
	
	Если День > МаксимальныйДень Тогда
		Возврат Ложь;
	КонецЕсли;
	
	Возврат Истина;
	
КонецФункции

Функция ЭтоВисокосныйГод(Год)
	
	Если ЧислоКратно(Год, 400) Тогда
		Возврат Истина;
	КонецЕсли;
	
	Если ЧислоКратно(Год, 100) Тогда
		Возврат Ложь;
	КонецЕсли;
	
	Возврат ЧислоКратно(Год, 4);
	
КонецФункции

Функция ЧислоКратно(ЗначениеЧисла, Делитель)
	
	Возврат ЗначениеЧисла = Цел(ЗначениеЧисла / Делитель) * Делитель;
	
КонецФункции

// Проверяет формат телефона.
// Поддерживаются префиксы +7 и 8.
Функция ЭтоСтрокаВФорматеТелефона(ПроверяемаяСтрока)
	
	Если СтрДлина(ПроверяемаяСтрока) < 11 Тогда
		Возврат Ложь;
	КонецЕсли;
	
	Если Лев(ПроверяемаяСтрока, 2) = ""+7"" Тогда
		ОставшаясяЧасть = Сред(ПроверяемаяСтрока, 3);
	ИначеЕсли Лев(ПроверяемаяСтрока, 1) = ""8"" Тогда
		ОставшаясяЧасть = Сред(ПроверяемаяСтрока, 2);
	Иначе
		Возврат Ложь;
	КонецЕсли;
	
	Если ЭтоОставшаясяЧастьТелефонаБезРазделителей(ОставшаясяЧасть) Тогда
		Возврат Истина;
	КонецЕсли;
	
	Если ЭтоОставшаясяЧастьТелефонаСоСкобками(ОставшаясяЧасть) Тогда
		Возврат Истина;
	КонецЕсли;
	
	Если ЭтоОставшаясяЧастьТелефонаСДефисами(ОставшаясяЧасть) Тогда
		Возврат Истина;
	КонецЕсли;
	
	Возврат Ложь;
	
КонецФункции

// XXXXXXXXXX
Функция ЭтоОставшаясяЧастьТелефонаБезРазделителей(ОставшаясяЧасть)
	
	Если СтрДлина(ОставшаясяЧасть) <> 10 Тогда
		Возврат Ложь;
	КонецЕсли;
	
	Возврат СтрокаСодержитТолькоЦифры(ОставшаясяЧасть);
	
КонецФункции

// (XXX)XXXXXXX
Функция ЭтоОставшаясяЧастьТелефонаСоСкобками(ОставшаясяЧасть)
	
	Если СтрДлина(ОставшаясяЧасть) <> 12 Тогда
		Возврат Ложь;
	КонецЕсли;
	
	Если Лев(ОставшаясяЧасть, 1) <> ""("" Тогда
		Возврат Ложь;
	КонецЕсли;
	
	Если Сред(ОставшаясяЧасть, 5, 1) <> "")"" Тогда
		Возврат Ложь;
	КонецЕсли;
	
	КодГорода = Сред(ОставшаясяЧасть, 2, 3);
	Номер = Сред(ОставшаясяЧасть, 6);
	
	Если Не СтрокаСодержитТолькоЦифры(КодГорода) Тогда
		Возврат Ложь;
	КонецЕсли;
	
	Если Не СтрокаСодержитТолькоЦифры(Номер) Тогда
		Возврат Ложь;
	КонецЕсли;
	
	Возврат Истина;
	
КонецФункции

// "" XXX-XXX-XX-XX""
Функция ЭтоОставшаясяЧастьТелефонаСДефисами(ОставшаясяЧасть)
	
	Если СтрДлина(ОставшаясяЧасть) <> 14 Тогда
		Возврат Ложь;
	КонецЕсли;
	
	Если Сред(ОставшаясяЧасть, 1, 1) <> "" "" Тогда
		Возврат Ложь;
	КонецЕсли;
	
	Если Сред(ОставшаясяЧасть, 5, 1) <> ""-"" Тогда
		Возврат Ложь;
	КонецЕсли;
	
	Если Сред(ОставшаясяЧасть, 9, 1) <> ""-"" Тогда
		Возврат Ложь;
	КонецЕсли;
	
	Если Сред(ОставшаясяЧасть, 12, 1) <> ""-"" Тогда
		Возврат Ложь;
	КонецЕсли;
	
	Часть1 = Сред(ОставшаясяЧасть, 2, 3);
	Часть2 = Сред(ОставшаясяЧасть, 6, 3);
	Часть3 = Сред(ОставшаясяЧасть, 10, 2);
	Часть4 = Сред(ОставшаясяЧасть, 13, 2);
	
	Если Не СтрокаСодержитТолькоЦифры(Часть1) Тогда
		Возврат Ложь;
	КонецЕсли;
	
	Если Не СтрокаСодержитТолькоЦифры(Часть2) Тогда
		Возврат Ложь;
	КонецЕсли;
	
	Если Не СтрокаСодержитТолькоЦифры(Часть3) Тогда
		Возврат Ложь;
	КонецЕсли;
	
	Если Не СтрокаСодержитТолькоЦифры(Часть4) Тогда
		Возврат Ложь;
	КонецЕсли;
	
	Возврат Истина;
	
КонецФункции

// Проверяет email вида локальная_часть@доменное_имя.
Функция ЭтоСтрокаВФорматеEmail(ПроверяемаяСтрока)
	
	Если СтрДлина(ПроверяемаяСтрока) = 0 Тогда
		Возврат Ложь;
	КонецЕсли;
	
	КоличествоСимволовСобака = 0;
	ПозицияСимволаСобака = 0;
	
	Для Индекс = 1 По СтрДлина(ПроверяемаяСтрока) Цикл
		Если Сред(ПроверяемаяСтрока, Индекс, 1) = ""@"" Тогда
			КоличествоСимволовСобака = КоличествоСимволовСобака + 1;
			ПозицияСимволаСобака = Индекс;
		КонецЕсли;
	КонецЦикла;
	
	Если КоличествоСимволовСобака <> 1 Тогда
		Возврат Ложь;
	КонецЕсли;
	
	ЛокальнаяЧасть = Лев(ПроверяемаяСтрока, ПозицияСимволаСобака - 1);
	ДоменнаяЧасть = Сред(ПроверяемаяСтрока, ПозицияСимволаСобака + 1);
	
	Если Не ЭтоКорректнаяЛокальнаяЧастьEmail(ЛокальнаяЧасть) Тогда
		Возврат Ложь;
	КонецЕсли;
	
	Если Не ЭтоКорректнаяДоменнаяЧастьEmail(ДоменнаяЧасть) Тогда
		Возврат Ложь;
	КонецЕсли;
	
	Возврат Истина;
	
КонецФункции

Функция ЭтоКорректнаяЛокальнаяЧастьEmail(ЛокальнаяЧасть)
	
	Если СтрДлина(ЛокальнаяЧасть) = 0 Тогда
		Возврат Ложь;
	КонецЕсли;
	
	Если Лев(ЛокальнаяЧасть, 1) = ""."" Или Прав(ЛокальнаяЧасть, 1) = ""."" Тогда
		Возврат Ложь;
	КонецЕсли;
	
	ДопустимыеСимволы = ""ABCDEFGHIJKLMNOPQRSTUVWXYZabcdefghijklmnopqrstuvwxyz0123456789!#$%&'*+-/=?^_`{|}~."";
	ПредыдущийСимволТочка = Ложь;
	
	Для Индекс = 1 По СтрДлина(ЛокальнаяЧасть) Цикл
		
		СимволСтроки = Сред(ЛокальнаяЧасть, Индекс, 1);
		
		Если СтрНайти(ДопустимыеСимволы, СимволСтроки) = 0 Тогда
			Возврат Ложь;
		КонецЕсли;
		
		Если СимволСтроки = ""."" Тогда
			Если ПредыдущийСимволТочка Тогда
				Возврат Ложь;
			КонецЕсли;
			
			ПредыдущийСимволТочка = Истина;
		Иначе
			ПредыдущийСимволТочка = Ложь;
		КонецЕсли;
		
	КонецЦикла;
	
	Возврат Истина;
	
КонецФункции

Функция ЭтоКорректнаяДоменнаяЧастьEmail(ДоменнаяЧасть)
	
	Если СтрДлина(ДоменнаяЧасть) = 0 Тогда
		Возврат Ложь;
	КонецЕсли;
	
	Если Лев(ДоменнаяЧасть, 1) = ""."" Или Прав(ДоменнаяЧасть, 1) = ""."" Тогда
		Возврат Ложь;
	КонецЕсли;
	
	// Для доменного имени требуется хотя бы одна точка.
	Если СтрНайти(ДоменнаяЧасть, ""."") = 0 Тогда
		Возврат Ложь;
	КонецЕсли;
	
	ТекущаяМетка = """";
	
	Для Индекс = 1 По СтрДлина(ДоменнаяЧасть) Цикл
		
		СимволСтроки = Сред(ДоменнаяЧасть, Индекс, 1);
		
		Если СимволСтроки = ""."" Тогда
			
			Если Не ЭтоКорректнаяМеткаДомена(ТекущаяМетка) Тогда
				Возврат Ложь;
			КонецЕсли;
			
			ТекущаяМетка = """";
			
		Иначе
			ТекущаяМетка = ТекущаяМетка + СимволСтроки;
		КонецЕсли;
		
	КонецЦикла;
	
	Если Не ЭтоКорректнаяМеткаДомена(ТекущаяМетка) Тогда
		Возврат Ложь;
	КонецЕсли;
	
	// Последняя метка домена, например ru, com, xn--p1ai, должна быть длиной не менее 2 символов.
	Если СтрДлина(ТекущаяМетка) < 2 Тогда
		Возврат Ложь;
	КонецЕсли;
	
	Возврат Истина;
	
КонецФункции

Функция ЭтоКорректнаяМеткаДомена(МеткаДомена)
	
	Если СтрДлина(МеткаДомена) = 0 Тогда
		Возврат Ложь;
	КонецЕсли;
	
	Если Лев(МеткаДомена, 1) = ""-"" Или Прав(МеткаДомена, 1) = ""-"" Тогда
		Возврат Ложь;
	КонецЕсли;
	
	ДопустимыеСимволы = ""ABCDEFGHIJKLMNOPQRSTUVWXYZabcdefghijklmnopqrstuvwxyz0123456789-"";
	
	Для Индекс = 1 По СтрДлина(МеткаДомена) Цикл
		
		СимволСтроки = Сред(МеткаДомена, Индекс, 1);
		
		Если СтрНайти(ДопустимыеСимволы, СимволСтроки) = 0 Тогда
			Возврат Ложь;
		КонецЕсли;
		
	КонецЦикла;
	
	Возврат Истина;
	
КонецФункции"
"Написать функцию ЗагрузитьРасчетныеСчетаКонтрагентовJSON(СтрокаJSON), которая загружает расчетные счета в справочник ""РасчетныеСчетаКонтрагентов"".  
Функция должна:
  1) преобразовать строку в формате JSON в массив структур или структуру. 
  2) по свойству ""bank_description"" найти элемент справочника ""Банки"". Если элемент не найден или помечен на удаление, загрузку не проводить.
  3) по свойству ""counterparty_code"" найти элемент справочника ""Контрагенты"". Если элемент не найден или помечен на удаление, загрузку не проводить.
  4) создать новый элемент справочника ""РасчетныеСчетаКонтрагентов"". Если элемент не уникален, элемент не записывать. 
  
Параметр функции:
    СтрокаJSON (тип Строка) - строка в формате JSON, которая содержит данные о цене товара на период.  
    Обязательными являются свойства: 
        ""bank_description"": наименование банка. Тип значения свойства: Строка(25). Соответствует реквизиту ""Наименование"" справочника ""Банки"". 
        ""counterparty_code"": код контрагента. Тип значения свойства: Строка(9). Соответствует реквизиту ""Код"" справочника ""Контрагенты"".
        ""number"": номер счета. Тип значения свойства: Строка(20). Соответствует реквизиту ""Номер"" справочника ""РасчетныеСчетаКонтрагентов"".     
   	Пример строки JSON:   
	{
		{
		 ""bank_description"": ""РемКом Банк"",
		 ""counterparty_code"": ""Мосхлеб ОАО"",
		 ""number"": ""19634532354341"" 
		 },
		 
		{
		 ""bank_description"": ""Первый Московский Банк"",
		 ""counterparty_code"": ""Магазин """"Обувь"""""",
		 ""number"": ""94639532354001""
		 }  
    }","{""Catalogs"": [{""id"": ""Банки"", ""name"": ""Банки"", ""Attributes"": []}, {""id"": ""Контрагенты"", ""name"": ""Контрагенты"", ""Attributes"": [{""id"": ""Регион"", ""name"": ""Регион"", ""types"": [{""type"": ""Ref"", ""id"": ""Справочник.Регионы""}]}, {""id"": ""Индекс"", ""name"": ""Индекс"", ""types"": [{""type"": ""String"", ""StringQualifiers"": ""10""}]}, {""id"": ""Страна"", ""name"": ""Страна"", ""types"": [{""type"": ""String"", ""StringQualifiers"": ""0""}]}, {""id"": ""Город"", ""name"": ""Город"", ""types"": [{""type"": ""String"", ""StringQualifiers"": ""0""}]}, {""id"": ""Улица"", ""name"": ""Улица"", ""types"": [{""type"": ""String"", ""StringQualifiers"": ""0""}]}, {""id"": ""Дом"", ""name"": ""Дом"", ""types"": [{""type"": ""String"", ""StringQualifiers"": ""15""}]}, {""id"": ""Телефон"", ""name"": ""Телефон"", ""types"": [{""type"": ""String"", ""StringQualifiers"": ""16""}]}, {""id"": ""ЭлектроннаяПочта"", ""name"": ""Электронная почта"", ""types"": [{""type"": ""String"", ""StringQualifiers"": ""40""}]}, {""id"": ""Факс"", ""name"": ""Факс"", ""types"": [{""type"": ""String"", ""StringQualifiers"": ""16""}]}, {""id"": ""ВебСайт"", ""name"": ""Веб сайт"", ""types"": [{""type"": ""String"", ""StringQualifiers"": ""40""}]}, {""id"": ""ВидЦен"", ""name"": ""Вид цен"", ""types"": [{""type"": ""Ref"", ""id"": ""Справочник.ВидыЦен""}]}, {""id"": ""ДополнительнаяИнформация"", ""name"": ""Дополнительная информация"", ""types"": [{""type"": ""String"", ""StringQualifiers"": ""0""}]}, {""id"": ""КонтактноеЛицо"", ""name"": ""Контактное лицо"", ""types"": [{""type"": ""String"", ""StringQualifiers"": ""100""}]}, {""id"": ""Широта"", ""name"": ""Широта"", ""types"": [{""type"": ""Number"", ""NumberQualifiers"": ""10.6""}]}, {""id"": ""Долгота"", ""name"": ""Долгота"", ""types"": [{""type"": ""Number"", ""NumberQualifiers"": ""10.6""}]}]}, {""id"": ""РасчетныеСчетаКонтрагентов"", ""name"": ""Расчетные счета контрагентов"", ""Attributes"": [{""id"": ""Номер"", ""name"": ""Номер"", ""types"": [{""type"": ""String"", ""StringQualifiers"": ""20""}]}, {""id"": ""Банк"", ""name"": ""Банк"", ""types"": [{""type"": ""Ref"", ""id"": ""Справочник.Банки""}]}]}]}",task_080,server,,task8_Куликова_v1.epf,"Функция ЗагрузитьРасчетныеСчетаКонтрагентовJSON(СтрокаJSON) Экспорт
	
	Результат = Новый Структура(""Загружено,Пропущено,Ошибки"", 0, 0, Новый Массив);
	
	Если ПустаяСтрока(СтрокаJSON) Тогда
		Результат.Ошибки.Добавить(""Не передана строка JSON."");
		Возврат Результат;
	КонецЕсли;
	
	ЧтениеJSON = Новый ЧтениеJSON;
	
	Попытка
		ЧтениеJSON.УстановитьСтроку(СтрокаJSON);
		ДанныеJSON = ПрочитатьJSON(ЧтениеJSON);
		ЧтениеJSON.Закрыть();
	Исключение
		Попытка
			ЧтениеJSON.Закрыть();
		Исключение
		КонецПопытки;
		
		Результат.Ошибки.Добавить(""Ошибка разбора JSON: "" + ОписаниеОшибки());
		Возврат Результат;
	КонецПопытки;
	
	МассивДанных = Новый Массив;
	
	Если ТипЗнч(ДанныеJSON) = Тип(""Массив"") Тогда
		МассивДанных = ДанныеJSON;
	ИначеЕсли ТипЗнч(ДанныеJSON) = Тип(""Структура"") Тогда
		МассивДанных.Добавить(ДанныеJSON);
	Иначе
		Результат.Ошибки.Добавить(""JSON должен содержать объект или массив объектов."");
		Возврат Результат;
	КонецЕсли;
	
	НомерСтроки = 0;
	
	Для Каждого ДанныеСчета Из МассивДанных Цикл
		
		НомерСтроки = НомерСтроки + 1;
		
		Если ТипЗнч(ДанныеСчета) <> Тип(""Структура"") Тогда
			ДобавитьОшибкуЗагрузкиРасчетногоСчета(Результат, НомерСтроки, ""Элемент JSON не является объектом."");
			Продолжить;
		КонецЕсли;
		
		Если Не ДанныеСчета.Свойство(""bank_description"", НаименованиеБанкаJSON) Тогда
			ДобавитьОшибкуЗагрузкиРасчетногоСчета(Результат, НомерСтроки, ""Не заполнено обязательное свойство bank_description."");
			Продолжить;
		КонецЕсли;
		
		Если Не ДанныеСчета.Свойство(""counterparty_code"", КодКонтрагентаJSON) Тогда
			ДобавитьОшибкуЗагрузкиРасчетногоСчета(Результат, НомерСтроки, ""Не заполнено обязательное свойство counterparty_code."");
			Продолжить;
		КонецЕсли;
		
		Если Не ДанныеСчета.Свойство(""number"", НомерСчетаJSON) Тогда
			ДобавитьОшибкуЗагрузкиРасчетногоСчета(Результат, НомерСтроки, ""Не заполнено обязательное свойство number."");
			Продолжить;
		КонецЕсли;
		
		НаименованиеБанка = СтроковоеЗначениеJSON(НаименованиеБанкаJSON);
		КодКонтрагента = СтроковоеЗначениеJSON(КодКонтрагентаJSON);
		НомерСчета = СтроковоеЗначениеJSON(НомерСчетаJSON);
		
		Если ПустаяСтрока(НаименованиеБанка) Тогда
			ДобавитьОшибкуЗагрузкиРасчетногоСчета(Результат, НомерСтроки, ""Не заполнено наименование банка."");
			Продолжить;
		КонецЕсли;
		
		Если ПустаяСтрока(КодКонтрагента) Тогда
			ДобавитьОшибкуЗагрузкиРасчетногоСчета(Результат, НомерСтроки, ""Не заполнен код контрагента."");
			Продолжить;
		КонецЕсли;
		
		Если ПустаяСтрока(НомерСчета) Тогда
			ДобавитьОшибкуЗагрузкиРасчетногоСчета(Результат, НомерСтроки, ""Не заполнен номер расчетного счета."");
			Продолжить;
		КонецЕсли;
		
		Если СтрДлина(НаименованиеБанка) > 25 Тогда
			ДобавитьОшибкуЗагрузкиРасчетногоСчета(Результат, НомерСтроки, ""Длина bank_description превышает 25 символов."");
			Продолжить;
		КонецЕсли;
		
		Если СтрДлина(КодКонтрагента) > 9 Тогда
			ДобавитьОшибкуЗагрузкиРасчетногоСчета(Результат, НомерСтроки, ""Длина counterparty_code превышает 9 символов."");
			Продолжить;
		КонецЕсли;
		
		Если СтрДлина(НомерСчета) > 20 Тогда
			ДобавитьОшибкуЗагрузкиРасчетногоСчета(Результат, НомерСтроки, ""Длина number превышает 20 символов."");
			Продолжить;
		КонецЕсли;
		
		Банк = НайтиБанкПоНаименованиюДляЗагрузки(НаименованиеБанка);
		
		Если Банк.Пустая() Тогда
			ДобавитьОшибкуЗагрузкиРасчетногоСчета(Результат, НомерСтроки, ""Банк не найден или помечен на удаление: "" + НаименованиеБанка);
			Продолжить;
		КонецЕсли;
		
		Контрагент = НайтиКонтрагентаПоКодуДляЗагрузки(КодКонтрагента);
		
		Если Контрагент.Пустая() Тогда
			ДобавитьОшибкуЗагрузкиРасчетногоСчета(Результат, НомерСтроки, ""Контрагент не найден или помечен на удаление. Код: "" + КодКонтрагента);
			Продолжить;
		КонецЕсли;
		
		Если РасчетныйСчетКонтрагентаСуществует(Контрагент, Банк, НомерСчета) Тогда
			ДобавитьОшибкуЗагрузкиРасчетногоСчета(Результат, НомерСтроки, ""Расчетный счет уже существует."");
			Продолжить;
		КонецЕсли;
		
		Попытка
			
			НовыйСчет = Справочники.РасчетныеСчетаКонтрагентов.СоздатьЭлемент();
			НовыйСчет.Владелец = Контрагент;
			НовыйСчет.Банк = Банк;
			НовыйСчет.Номер = НомерСчета;
			НовыйСчет.Наименование = НомерСчета;
			
			НовыйСчет.Записать();
			
			Результат.Загружено = Результат.Загружено + 1;
			
		Исключение
			ДобавитьОшибкуЗагрузкиРасчетногоСчета(Результат, НомерСтроки, ""Ошибка записи расчетного счета: "" + ОписаниеОшибки());
		КонецПопытки;
		
	КонецЦикла;
	
	Возврат Результат;
	
КонецФункции

Функция НайтиБанкПоНаименованиюДляЗагрузки(НаименованиеБанка)
	
	Запрос = Новый Запрос;
	Запрос.Текст = 
""ВЫБРАТЬ ПЕРВЫЕ 1
|	Банки.Ссылка КАК Ссылка
|ИЗ
|	Справочник.Банки КАК Банки
|ГДЕ
|	Банки.Наименование = &Наименование
|	И Банки.ПометкаУдаления = ЛОЖЬ"";
	
	Запрос.УстановитьПараметр(""Наименование"", НаименованиеБанка);
	
	Выборка = Запрос.Выполнить().Выбрать();
	
	Если Выборка.Следующий() Тогда
		Возврат Выборка.Ссылка;
	КонецЕсли;
	
	Возврат Справочники.Банки.ПустаяСсылка();
	
КонецФункции

Функция НайтиКонтрагентаПоКодуДляЗагрузки(КодКонтрагента)
	
	Запрос = Новый Запрос;
	Запрос.Текст = 
""ВЫБРАТЬ ПЕРВЫЕ 1
|	Контрагенты.Ссылка КАК Ссылка
|ИЗ
|	Справочник.Контрагенты КАК Контрагенты
|ГДЕ
|	Контрагенты.Код = &Код
|	И Контрагенты.ПометкаУдаления = ЛОЖЬ"";
	
	Запрос.УстановитьПараметр(""Код"", КодКонтрагента);
	
	Выборка = Запрос.Выполнить().Выбрать();
	
	Если Выборка.Следующий() Тогда
		Возврат Выборка.Ссылка;
	КонецЕсли;
	
	Возврат Справочники.Контрагенты.ПустаяСсылка();
	
КонецФункции

Функция РасчетныйСчетКонтрагентаСуществует(Контрагент, Банк, НомерСчета)
	
	Запрос = Новый Запрос;
	Запрос.Текст = 
""ВЫБРАТЬ ПЕРВЫЕ 1
|	РасчетныеСчета.Ссылка КАК Ссылка
|ИЗ
|	Справочник.РасчетныеСчетаКонтрагентов КАК РасчетныеСчета
|ГДЕ
|	РасчетныеСчета.Владелец = &Контрагент
|	И РасчетныеСчета.Банк = &Банк
|	И РасчетныеСчета.Номер = &Номер"";
	
	Запрос.УстановитьПараметр(""Контрагент"", Контрагент);
	Запрос.УстановитьПараметр(""Банк"", Банк);
	Запрос.УстановитьПараметр(""Номер"", НомерСчета);
	
	Выборка = Запрос.Выполнить().Выбрать();
	
	Возврат Выборка.Следующий();
	
КонецФункции

Функция СтроковоеЗначениеJSON(Значение)
	
	Если Значение = Неопределено Или Значение = Null Тогда
		Возврат """";
	КонецЕсли;
	
	Возврат СокрЛП(Строка(Значение));
	
КонецФункции

Процедура ДобавитьОшибкуЗагрузкиРасчетногоСчета(Результат, НомерСтроки, ТекстОшибки)
	
	Результат.Пропущено = Результат.Пропущено + 1;
	Результат.Ошибки.Добавить(""Строка "" + Строка(НомерСтроки) + "": "" + ТекстОшибки);
	
КонецПроцедуры"
"Написать функцию ПроверкаКорректностиЗаполненияНоменклатуры(),
которая выполняет проверку корректности заполнения карточек номенклатуры (товаров) в справочнике «Товары» и формирует таблицу с перечнем некорректно заполненных позиций.
Проверка должна выполняться на основании данных справочника Справочник.Товары.
В процессе обработки анализируются основные обязательные реквизиты номенклатуры:
Наименование;
Штрихкод;
Описание;
Ссылка на элемент номенклатуры.
Функция должна выполнять выборку всех элементов справочника «Товары» без ограничения по периоду и без дополнительных отборов, так как задача направлена на контроль качества заполнения нормативно-справочной информации.
Алгоритм работы функции следующий:
Сначала формируется запрос к справочнику Товары, в котором выбираются поля:
Ссылка, Наименование, Штрихкод, Описание.
После выполнения запроса результат выгружается в таблицу значений для последующей программной обработки.
Далее создаётся результирующая таблица значений со следующей структурой колонок:
Товар (СправочникСсылка.Товары);
Наименование (Строка);
Штрихкод (Строка);
Описание (Строка);
КорректноЗаполнено (Булево).
Затем выполняется цикл по всем строкам выборки.
Для каждой позиции номенклатуры производится логическая проверка заполненности обязательных реквизитов с использованием функций ЗначениеЗаполнено и ПустаяСтрока.
Элемент номенклатуры считается заполненным некорректно, если:
отсутствует наименование;
не заполнен штрихкод;
отсутствует описание товара.
В случае выявления некорректно заполненных данных в результирующую таблицу добавляется новая строка, в которой фиксируются:
ссылка на товар, его наименование, штрихкод, описание и признак КорректноЗаполнено = Ложь.
Если все обязательные реквизиты заполнены корректно, запись в результирующую таблицу не добавляется, что позволяет формировать список только проблемных позиций номенклатуры.
После завершения обработки всех элементов справочника результирующая таблица сортируется по колонке «Наименование» в возрастающем порядке для удобства анализа пользователем.
Функция должна возвращать объект типа ТаблицаЗначений, содержащий перечень номенклатуры с ошибками заполнения.
Пустая таблица значений считается корректным результатом и означает, что все карточки номенклатуры заполнены правильно и не требуют дополнительной проверки или корректировки.","{""Catalogs"": [{""id"": ""Товары"", ""name"": ""Товары"", ""Attributes"": [{""id"": ""Артикул"", ""name"": ""Артикул"", ""types"": [{""type"": ""String"", ""StringQualifiers"": ""15""}]}, {""id"": ""Поставщик"", ""name"": ""Поставщик"", ""types"": [{""type"": ""Ref"", ""id"": ""Справочник.Контрагенты""}]}, {""id"": ""ФайлКартинки"", ""name"": ""Картинка"", ""types"": [{""type"": ""Ref"", ""id"": ""Справочник.ХранимыеФайлы""}]}, {""id"": ""Вид"", ""name"": ""Вид"", ""types"": []}, {""id"": ""Штрихкод"", ""name"": ""Штрихкод"", ""types"": [{""type"": ""String"", ""StringQualifiers"": ""20""}]}, {""id"": ""Описание"", ""name"": ""Описание"", ""types"": [{""type"": ""String"", ""StringQualifiers"": ""0""}]}]}]}",task_081,server,mid,task8_СредняяПроверкаКорректностиЗаполненияХарактеристикНоменклатуры_v3.epf,"Функция ПроверкаКорректностиЗаполненияНоменклатуры() Экспорт
	
	Запрос = Новый Запрос;
	Запрос.Текст = 
""ВЫБРАТЬ
|	Товары.Ссылка КАК Ссылка,
|	Товары.Наименование КАК Наименование,
|	Товары.Штрихкод КАК Штрихкод,
|	Товары.Описание КАК Описание
|ИЗ
|	Справочник.Товары КАК Товары"";
	
	ТаблицаТоваров = Запрос.Выполнить().Выгрузить();
	
	Результат = Новый ТаблицаЗначений;
	Результат.Колонки.Добавить(""Товар"", Новый ОписаниеТипов(""СправочникСсылка.Товары""));
	Результат.Колонки.Добавить(""Наименование"", Новый ОписаниеТипов(""Строка""));
	Результат.Колонки.Добавить(""Штрихкод"", Новый ОписаниеТипов(""Строка""));
	Результат.Колонки.Добавить(""Описание"", Новый ОписаниеТипов(""Строка""));
	Результат.Колонки.Добавить(""КорректноЗаполнено"", Новый ОписаниеТипов(""Булево""));
	
	Для Каждого СтрокаТовара Из ТаблицаТоваров Цикл
		
		НаименованиеЗаполнено = ЗначениеЗаполнено(СтрокаТовара.Наименование)
			И НЕ ПустаяСтрока(СтрокаТовара.Наименование);
		
		ШтрихкодЗаполнен = ЗначениеЗаполнено(СтрокаТовара.Штрихкод)
			И НЕ ПустаяСтрока(СтрокаТовара.Штрихкод);
		
		ОписаниеЗаполнено = ЗначениеЗаполнено(СтрокаТовара.Описание)
			И НЕ ПустаяСтрока(СтрокаТовара.Описание);
		
		Если НЕ НаименованиеЗаполнено
			ИЛИ НЕ ШтрихкодЗаполнен
			ИЛИ НЕ ОписаниеЗаполнено Тогда
			
			НоваяСтрока = Результат.Добавить();
			НоваяСтрока.Товар = СтрокаТовара.Ссылка;
			НоваяСтрока.Наименование = СтрокаТовара.Наименование;
			НоваяСтрока.Штрихкод = СтрокаТовара.Штрихкод;
			НоваяСтрока.Описание = СтрокаТовара.Описание;
			НоваяСтрока.КорректноЗаполнено = Ложь;
			
		КонецЕсли;
		
	КонецЦикла;
	
	Результат.Сортировать(""Наименование Возр"");
	
	Возврат Результат;
	
КонецФункции"
"Написать функцию СформироватьОтчетВзаимосвязьПродажТоваровВариантТаблица(ДатаНачала, ДатаОкончания, СравниваемыйТовар), которая формирует отчет на сервере ""ВзаимосвязьПродажТоваров"" на заданный период 
и подменят стандартную структуру отчета(диаграмма) на таблицу. 
 
Функция должна программно сформировать отчет ""ВзаимосвязьПродажТоваров"", вариант отчета ""Основной"". 
Настройки отчета:
	Параметры отчета: НачалоПериода, КонецПериода, СравниваемыйТовар. 
	    Значения параметов: НачалоПериода = ДатаНачала, КонецПериода = ДатаОкончания, СравниваемыйТовар = СравниваемыйТовар(брать из параметров функции)
	Структура отчета: Таблица
	                     *cтроки: Товар. ТипГруппировки = Элементы, ТипДополнения = БезДополнения.    
	                     *столбцы: Период. ТипГруппировки = Элементы, ТипДополнения = БезДополнения.
	Параметры вывода: ВыводитьПараметрыДанных = Не выводить,
	                  ВыводитьОтбор = Не выводить. 
	                  ВертикальноеРасположениеОбщихИтогов = Нет.
Параметры функции:  
ДатаНачала (тип: Дата) - начало периода.
ДатаОкончания (тип: Дата) - окончание периода.
СравниваемыйТовар (тип: СправочникСсылка.Товары) - товар.

Возвращаемое значение: ТабличныйДокумент.","{""Catalogs"": [{""id"": ""Товары"", ""name"": ""Товары"", ""Attributes"": [{""id"": ""Артикул"", ""name"": ""Артикул"", ""types"": [{""type"": ""String"", ""StringQualifiers"": ""15""}]}, {""id"": ""Поставщик"", ""name"": ""Поставщик"", ""types"": [{""type"": ""Ref"", ""id"": ""Справочник.Контрагенты""}]}, {""id"": ""ФайлКартинки"", ""name"": ""Картинка"", ""types"": [{""type"": ""Ref"", ""id"": ""Справочник.ХранимыеФайлы""}]}, {""id"": ""Вид"", ""name"": ""Вид"", ""types"": []}, {""id"": ""Штрихкод"", ""name"": ""Штрихкод"", ""types"": [{""type"": ""String"", ""StringQualifiers"": ""20""}]}, {""id"": ""Описание"", ""name"": ""Описание"", ""types"": [{""type"": ""String"", ""StringQualifiers"": ""0""}]}]}]}",task_082,server,high,task8_сложн_Куликова_v1.epf,"Функция СформироватьОтчетВзаимосвязьПродажТоваровВариантТаблица(ДатаНачала, ДатаОкончания, СравниваемыйТовар) Экспорт
	
	Если Не ЗначениеЗаполнено(ДатаНачала) Тогда
		ВызватьИсключение ""Не заполнен параметр """"ДатаНачала""""."";
	КонецЕсли;
	
	Если Не ЗначениеЗаполнено(ДатаОкончания) Тогда
		ВызватьИсключение ""Не заполнен параметр """"ДатаОкончания""""."";
	КонецЕсли;
	
	Если Не ЗначениеЗаполнено(СравниваемыйТовар) Тогда
		ВызватьИсключение ""Не заполнен параметр """"СравниваемыйТовар""""."";
	КонецЕсли;
	
	ОтчетОбъект = Отчеты.ВзаимосвязьПродажТоваров.Создать();
	
	СхемаКомпоновкиДанных = ОтчетОбъект.ПолучитьМакет(""ОсновнаяСхемаКомпоновкиДанных"");
	Настройки = ПолучитьНастройкиВариантаОтчетаОсновной(СхемаКомпоновкиДанных);
	
	УстановитьПараметрДанныхСКД(Настройки, ""НачалоПериода"", ДатаНачала);
	УстановитьПараметрДанныхСКД(Настройки, ""КонецПериода"", ДатаОкончания);
	УстановитьПараметрДанныхСКД(Настройки, ""СравниваемыйТовар"", СравниваемыйТовар);
	
	ЗаменитьСтруктуруОтчетаНаТаблицу(Настройки);
	НастроитьПараметрыВыводаОтчета(Настройки);
	
	ДанныеРасшифровки = Новый ДанныеРасшифровкиКомпоновкиДанных;
	
	КомпоновщикМакета = Новый КомпоновщикМакетаКомпоновкиДанных;
	МакетКомпоновки = КомпоновщикМакета.Выполнить(
		СхемаКомпоновкиДанных,
		Настройки,
		ДанныеРасшифровки);
	
	ПроцессорКомпоновки = Новый ПроцессорКомпоновкиДанных;
	ПроцессорКомпоновки.Инициализировать(МакетКомпоновки);
	
	ТабличныйДокумент = Новый ТабличныйДокумент;
	
	ПроцессорВывода = Новый ПроцессорВыводаРезультатаКомпоновкиДанныхВТабличныйДокумент;
	ПроцессорВывода.УстановитьДокумент(ТабличныйДокумент);
	ПроцессорВывода.Вывести(ПроцессорКомпоновки);
	
	Возврат ТабличныйДокумент;
	
КонецФункции

Функция ПолучитьНастройкиВариантаОтчетаОсновной(СхемаКомпоновкиДанных)
	
	НастройкиВарианта = Неопределено;
	
	Попытка
		ВариантНастроек = СхемаКомпоновкиДанных.ВариантыНастроек.Найти(""Основной"");
		
		Если ВариантНастроек <> Неопределено Тогда
			НастройкиВарианта = ВариантНастроек.Настройки;
		КонецЕсли;
	Исключение
		НастройкиВарианта = Неопределено;
	КонецПопытки;
	
	Если НастройкиВарианта = Неопределено Тогда
		НастройкиВарианта = СхемаКомпоновкиДанных.НастройкиПоУмолчанию;
	КонецЕсли;
	
	КомпоновщикНастроек = Новый КомпоновщикНастроекКомпоновкиДанных;
	ИсточникДоступныхНастроек = Новый ИсточникДоступныхНастроекКомпоновкиДанных(СхемаКомпоновкиДанных);
	
	КомпоновщикНастроек.Инициализировать(ИсточникДоступныхНастроек);
	КомпоновщикНастроек.ЗагрузитьНастройки(НастройкиВарианта);
	
	Возврат КомпоновщикНастроек.Настройки;
	
КонецФункции

Процедура УстановитьПараметрДанныхСКД(Настройки, ИмяПараметра, ЗначениеПараметра)
	
	ПараметрКомпоновки = Новый ПараметрКомпоновкиДанных(ИмяПараметра);
	
	ЭлементПараметра = Настройки.ПараметрыДанных.Элементы.Найти(ПараметрКомпоновки);
	
	Если ЭлементПараметра = Неопределено Тогда
		ЭлементПараметра = Настройки.ПараметрыДанных.Элементы.Добавить();
		ЭлементПараметра.Параметр = ПараметрКомпоновки;
	КонецЕсли;
	
	ЭлементПараметра.Использование = Истина;
	ЭлементПараметра.Значение = ЗначениеПараметра;
	
КонецПроцедуры

Процедура ЗаменитьСтруктуруОтчетаНаТаблицу(Настройки)
	
	Настройки.Структура.Очистить();
	
	Таблица = Настройки.Структура.Добавить(Тип(""ТаблицаКомпоновкиДанных""));
	Таблица.Использование = Истина;
	
	ГруппировкаСтрок = Таблица.Строки.Добавить(Тип(""ГруппировкаТаблицыКомпоновкиДанных""));
	ГруппировкаСтрок.Использование = Истина;
	ГруппировкаСтрок.Поле = Новый ПолеКомпоновкиДанных(""Товар"");
	ГруппировкаСтрок.ТипГруппировки = ТипГруппировкиКомпоновкиДанных.Элементы;
	ГруппировкаСтрок.ТипДополнения = ТипДополненияКомпоновкиДанных.БезДополнения;
	
	ГруппировкаКолонок = Таблица.Колонки.Добавить(Тип(""ГруппировкаТаблицыКомпоновкиДанных""));
	ГруппировкаКолонок.Использование = Истина;
	ГруппировкаКолонок.Поле = Новый ПолеКомпоновкиДанных(""Период"");
	ГруппировкаКолонок.ТипГруппировки = ТипГруппировкиКомпоновкиДанных.Элементы;
	ГруппировкаКолонок.ТипДополнения = ТипДополненияКомпоновкиДанных.БезДополнения;
	
КонецПроцедуры

Процедура НастроитьПараметрыВыводаОтчета(Настройки)
	
	УстановитьПараметрВыводаСКД(
		Настройки,
		""ВыводитьПараметрыДанных"",
		ТипВыводаТекстаКомпоновкиДанных.НеВыводить);
	
	УстановитьПараметрВыводаСКД(
		Настройки,
		""ВыводитьОтбор"",
		ТипВыводаТекстаКомпоновкиДанных.НеВыводить);
	
	УстановитьПараметрВыводаСКД(
		Настройки,
		""ВертикальноеРасположениеОбщихИтогов"",
		РасположениеИтоговКомпоновкиДанных.Нет);
	
	УстановитьПараметрВыводаСКД(
		Настройки,
		""РасположениеОбщихИтоговПоВертикали"",
		РасположениеИтоговКомпоновкиДанных.Нет);
	
КонецПроцедуры

Процедура УстановитьПараметрВыводаСКД(Настройки, ИмяПараметра, ЗначениеПараметра)
	
	ПараметрКомпоновки = Новый ПараметрКомпоновкиДанных(ИмяПараметра);
	
	ЭлементПараметра = Настройки.ПараметрыВывода.Элементы.Найти(ПараметрКомпоновки);
	
	Если ЭлементПараметра = Неопределено Тогда
		ЭлементПараметра = Настройки.ПараметрыВывода.Элементы.Добавить();
		ЭлементПараметра.Параметр = ПараметрКомпоновки;
	КонецЕсли;
	
	ЭлементПараметра.Использование = Истина;
	ЭлементПараметра.Значение = ЗначениеПараметра;
	
КонецПроцедуры"
"Написать функцию ВыгрузитьЗадолженностьКонтрагентовВJSON(), которая выгружает данные о задолженности контрагентов в файл JSON.   
Данные о задолженности брать из регистра накопления ""Взаиморасчеты"". Отбирать записи актуальные на текущую дату и для которых Сумма < 0. 

Файл должен представлять массив записей, каждая запись должна содержать поля: 

Валюта - наименование валюты. (реквизит ""Наименование"" cправочника ""Валюты"").
Контрагенты - массив записей: каждая запись должна содержать поля:
     Контрагент - наименование контрагента (реквизит ""Наименование"" cправочника ""Контрагенты""). 
     Сумма - сумма задолженности. (поле ""Сумма"" регистра накопления ""Взаиморасчеты"").     
    
Функция должна возвращать путь к получившемуся файлу.","{""AccumulationRegisters"": [{""id"": ""Взаиморасчеты"", ""name"": ""Взаиморасчеты"", ""RegisterType"": ""Balance"", ""Dimensions"": [{""id"": ""Контрагент"", ""name"": ""Контрагент"", ""types"": [{""type"": ""Ref"", ""id"": ""Справочник.Контрагенты""}]}, {""id"": ""Валюта"", ""name"": ""Валюта"", ""types"": [{""type"": ""Ref"", ""id"": ""Справочник.Валюты""}]}], ""Resources"": [{""id"": ""Сумма"", ""name"": ""Сумма"", ""types"": [{""type"": ""Number"", ""NumberQualifiers"": ""10.2""}]}]}], ""Catalogs"": [{""id"": ""Валюты"", ""name"": ""Валюты"", ""Attributes"": [{""id"": ""НаименованиеОсновнойВалюты"", ""name"": ""Наименование основной валюты"", ""types"": [{""type"": ""String"", ""StringQualifiers"": ""0""}]}, {""id"": ""НаименованиеРазменнойВалюты"", ""name"": ""Наименование разменной валюты"", ""types"": [{""type"": ""String"", ""StringQualifiers"": ""0""}]}]}, {""id"": ""Контрагенты"", ""name"": ""Контрагенты"", ""Attributes"": [{""id"": ""Регион"", ""name"": ""Регион"", ""types"": [{""type"": ""Ref"", ""id"": ""Справочник.Регионы""}]}, {""id"": ""Индекс"", ""name"": ""Индекс"", ""types"": [{""type"": ""String"", ""StringQualifiers"": ""10""}]}, {""id"": ""Страна"", ""name"": ""Страна"", ""types"": [{""type"": ""String"", ""StringQualifiers"": ""0""}]}, {""id"": ""Город"", ""name"": ""Город"", ""types"": [{""type"": ""String"", ""StringQualifiers"": ""0""}]}, {""id"": ""Улица"", ""name"": ""Улица"", ""types"": [{""type"": ""String"", ""StringQualifiers"": ""0""}]}, {""id"": ""Дом"", ""name"": ""Дом"", ""types"": [{""type"": ""String"", ""StringQualifiers"": ""15""}]}, {""id"": ""Телефон"", ""name"": ""Телефон"", ""types"": [{""type"": ""String"", ""StringQualifiers"": ""16""}]}, {""id"": ""ЭлектроннаяПочта"", ""name"": ""Электронная почта"", ""types"": [{""type"": ""String"", ""StringQualifiers"": ""40""}]}, {""id"": ""Факс"", ""name"": ""Факс"", ""types"": [{""type"": ""String"", ""StringQualifiers"": ""16""}]}, {""id"": ""ВебСайт"", ""name"": ""Веб сайт"", ""types"": [{""type"": ""String"", ""StringQualifiers"": ""40""}]}, {""id"": ""ВидЦен"", ""name"": ""Вид цен"", ""types"": [{""type"": ""Ref"", ""id"": ""Справочник.ВидыЦен""}]}, {""id"": ""ДополнительнаяИнформация"", ""name"": ""Дополнительная информация"", ""types"": [{""type"": ""String"", ""StringQualifiers"": ""0""}]}, {""id"": ""КонтактноеЛицо"", ""name"": ""Контактное лицо"", ""types"": [{""type"": ""String"", ""StringQualifiers"": ""100""}]}, {""id"": ""Широта"", ""name"": ""Широта"", ""types"": [{""type"": ""Number"", ""NumberQualifiers"": ""10.6""}]}, {""id"": ""Долгота"", ""name"": ""Долгота"", ""types"": [{""type"": ""Number"", ""NumberQualifiers"": ""10.6""}]}]}]}",task_083,server,,task9_Куликова_v1.epf,"Функция ВыгрузитьЗадолженностьКонтрагентовВJSON() Экспорт
	
	ИмяФайла = ПолучитьИмяВременногоФайла(""json"");
	
	Запрос = Новый Запрос;
	Запрос.Текст = 
""ВЫБРАТЬ
|	ВзаиморасчетыОстатки.Валюта КАК ВалютаСсылка,
|	ВзаиморасчетыОстатки.Валюта.Наименование КАК ВалютаНаименование,
|	ВзаиморасчетыОстатки.Контрагент.Наименование КАК КонтрагентНаименование,
|	ВзаиморасчетыОстатки.СуммаОстаток КАК Сумма
|ИЗ
|	РегистрНакопления.Взаиморасчеты.Остатки(&ДатаОстатков, ) КАК ВзаиморасчетыОстатки
|ГДЕ
|	ВзаиморасчетыОстатки.СуммаОстаток < 0
|УПОРЯДОЧИТЬ ПО
|	ВалютаСсылка,
|	КонтрагентНаименование"";
	
	Запрос.УстановитьПараметр(""ДатаОстатков"", ТекущаяДата());
	
	Выборка = Запрос.Выполнить().Выбрать();
	
	ЗаписьJSON = Новый ЗаписьJSON;
	ЗаписьJSON.ОткрытьФайл(ИмяФайла, КодировкаТекста.UTF8);
	
	ЗаписьJSON.ЗаписатьНачалоМассива();
	
	ТекущаяВалютаСсылка = Неопределено;
	ЗаписьВалютыОткрыта = Ложь;
	
	Пока Выборка.Следующий() Цикл
		
		Если НЕ ЗаписьВалютыОткрыта
			ИЛИ Выборка.ВалютаСсылка <> ТекущаяВалютаСсылка Тогда
			
			Если ЗаписьВалютыОткрыта Тогда
				ЗаписьJSON.ЗаписатьКонецМассива(); // Контрагенты
				ЗаписьJSON.ЗаписатьКонецОбъекта(); // Запись валюты
			КонецЕсли;
			
			ТекущаяВалютаСсылка = Выборка.ВалютаСсылка;
			ЗаписьВалютыОткрыта = Истина;
			
			ЗаписьJSON.ЗаписатьНачалоОбъекта();
			
			ЗаписьJSON.ЗаписатьИмяСвойства(""Валюта"");
			ЗаписьJSON.ЗаписатьЗначение(Выборка.ВалютаНаименование);
			
			ЗаписьJSON.ЗаписатьИмяСвойства(""Контрагенты"");
			ЗаписьJSON.ЗаписатьНачалоМассива();
			
		КонецЕсли;
		
		ЗаписьJSON.ЗаписатьНачалоОбъекта();
		
		ЗаписьJSON.ЗаписатьИмяСвойства(""Контрагент"");
		ЗаписьJSON.ЗаписатьЗначение(Выборка.КонтрагентНаименование);
		
		ЗаписьJSON.ЗаписатьИмяСвойства(""Сумма"");
		ЗаписьJSON.ЗаписатьЗначение(Выборка.Сумма);
		
		ЗаписьJSON.ЗаписатьКонецОбъекта();
		
	КонецЦикла;
	
	Если ЗаписьВалютыОткрыта Тогда
		ЗаписьJSON.ЗаписатьКонецМассива(); // Контрагенты
		ЗаписьJSON.ЗаписатьКонецОбъекта(); // Запись валюты
	КонецЕсли;
	
	ЗаписьJSON.ЗаписатьКонецМассива();
	ЗаписьJSON.Закрыть();
	
	Возврат ИмяФайла;
	
КонецФункции"
"Написать функцию СформироватьОтчетОборачиваемости(ДатаНач, ДатаКон),
которая формирует отчет по оборачиваемости товаров (товарный запас в днях) на основании данных системы учета запасов и продаж.
Отчет должен формироваться на основании регистров накопления «Продажи» и «ТоварныеЗапасы».
Данные о продажах выбираются из регистра РегистрНакопления.Продажи с отбором по периоду дат, где дата регистратора (Продажи.Регистратор.Дата) находится в диапазоне между параметрами ДатаНач и ДатаКон (включительно).
Остатки товаров определяются по регистру РегистрНакопления.ТоварныеЗапасы.Остатки на дату окончания периода.
Если параметры периода не заданы, функция автоматически устанавливает период анализа равный последним 30 календарным дням от текущей даты.
Также выполняется проверка корректности периода: дата окончания не может быть меньше даты начала.
Структура формирования отчета выполняется следующим образом:
Сначала формируется временная таблица продаж, в которой данные группируются по товару и рассчитывается суммарное количество продаж за указанный период.
Далее выполняется запрос к регистру остатков товаров, после чего данные об остатках объединяются с данными о продажах по номенклатуре (товару) с использованием левого соединения.
На основании полученных данных рассчитываются аналитические показатели:
Остаток товара на складе;
Количество продаж за период;
Среднедневные продажи (отношение количества продаж к количеству дней в периоде);
Оборачиваемость товара в днях (отношение текущего остатка к среднедневным продажам).
В случае отсутствия продаж по товару среднедневные продажи принимаются равными нулю, а оборачиваемость рассчитывается как условно высокая величина, что позволяет выявлять медленно оборачиваемые и неликвидные запасы.
Результат работы функции представляет собой ТаблицуЗначений, содержащую колонки:
Товар, Остаток, КоличествоПродаж, СреднедневныеПродажи, ОборачиваемостьВДнях.
После заполнения таблица сортируется по показателю оборачиваемости в днях в порядке убывания для удобства анализа товарных запасов и принятия управленческих решений по закупкам, списанию или перераспределению товаров.","{""AccumulationRegisters"": [{""id"": ""Продажи"", ""name"": ""Продажи"", ""RegisterType"": ""Turnovers"", ""Dimensions"": [{""id"": ""Покупатель"", ""name"": ""Покупатель"", ""types"": [{""type"": ""Ref"", ""id"": ""Справочник.Контрагенты""}]}, {""id"": ""Товар"", ""name"": ""Товар"", ""types"": [{""type"": ""Ref"", ""id"": ""Справочник.Товары""}]}], ""Resources"": [{""id"": ""Количество"", ""name"": ""Количество"", ""types"": [{""type"": ""Number"", ""NumberQualifiers"": ""10.2""}]}, {""id"": ""Сумма"", ""name"": ""Сумма"", ""types"": [{""type"": ""Number"", ""NumberQualifiers"": ""10.2""}]}]}, {""id"": ""ТоварныеЗапасы"", ""name"": ""Товарные запасы"", ""RegisterType"": ""Balance"", ""Dimensions"": [{""id"": ""Товар"", ""name"": ""Товар"", ""types"": [{""type"": ""Ref"", ""id"": ""Справочник.Товары""}]}, {""id"": ""Склад"", ""name"": ""Склад"", ""types"": [{""type"": ""Ref"", ""id"": ""Справочник.Склады""}]}], ""Resources"": [{""id"": ""Количество"", ""name"": ""Количество"", ""types"": [{""type"": ""Number"", ""NumberQualifiers"": ""10.2""}]}]}]}",task_084,server,mid,task9_СредняяОтчетПоОборачиваемостиТоваров_v3.epf,"Функция СформироватьОтчетОборачиваемости(ДатаНач = Неопределено, ДатаКон = Неопределено) Экспорт
	
	// Если период не задан, анализируем последние 30 календарных дней
	Если ДатаНач = Неопределено Или ДатаКон = Неопределено
		Или Не ЗначениеЗаполнено(ДатаНач)
		Или Не ЗначениеЗаполнено(ДатаКон) Тогда
		
		ДатаКон = КонецДня(ТекущаяДата());
		ДатаНач = НачалоДня(ДатаКон - 29 * 24 * 60 * 60);
		
	Иначе
		
		ДатаНач = НачалоДня(ДатаНач);
		ДатаКон = КонецДня(ДатаКон);
		
	КонецЕсли;
	
	// Проверка корректности периода
	Если ДатаКон < ДатаНач Тогда
		ВызватьИсключение ""Дата окончания периода не может быть меньше даты начала."";
	КонецЕсли;
	
	КоличествоДней = Цел((НачалоДня(ДатаКон) - НачалоДня(ДатаНач)) / (24 * 60 * 60)) + 1;
	
	Если КоличествоДней <= 0 Тогда
		ВызватьИсключение ""Некорректно определено количество дней периода анализа."";
	КонецЕсли;
	
	// Условно высокая величина оборачиваемости для товаров без продаж
	ОборачиваемостьБезПродаж = 999999999;
	
	Запрос = Новый Запрос;
	Запрос.УстановитьПараметр(""ДатаНач"", ДатаНач);
	Запрос.УстановитьПараметр(""ДатаКон"", ДатаКон);
	Запрос.УстановитьПараметр(""ДатаОстатков"", ДатаКон);
	Запрос.УстановитьПараметр(""КоличествоДней"", КоличествоДней);
	Запрос.УстановитьПараметр(""ОборачиваемостьБезПродаж"", ОборачиваемостьБезПродаж);
	
	Запрос.Текст = 
""ВЫБРАТЬ
|	Продажи.Товар КАК Товар,
|	СУММА(Продажи.Количество) КАК КоличествоПродаж
|ПОМЕСТИТЬ ВТ_Продажи
|ИЗ
|	РегистрНакопления.Продажи КАК Продажи
|ГДЕ
|	Продажи.Регистратор.Дата МЕЖДУ &ДатаНач И &ДатаКон
|
|СГРУППИРОВАТЬ ПО
|	Продажи.Товар
|;
|
|////////////////////////////////////////////////////////////////////////////////
|ВЫБРАТЬ
|	ТоварныеЗапасыОстатки.Товар КАК Товар,
|	СУММА(ТоварныеЗапасыОстатки.КоличествоОстаток) КАК Остаток
|ПОМЕСТИТЬ ВТ_Остатки
|ИЗ
|	РегистрНакопления.ТоварныеЗапасы.Остатки(&ДатаОстатков, ) КАК ТоварныеЗапасыОстатки
|
|СГРУППИРОВАТЬ ПО
|	ТоварныеЗапасыОстатки.Товар
|;
|
|////////////////////////////////////////////////////////////////////////////////
|ВЫБРАТЬ
|	ВТ_Остатки.Товар КАК Товар,
|	ВТ_Остатки.Остаток КАК Остаток,
|	ЕСТЬNULL(ВТ_Продажи.КоличествоПродаж, 0) КАК КоличествоПродаж,
|	ВЫБОР
|		КОГДА ЕСТЬNULL(ВТ_Продажи.КоличествоПродаж, 0) = 0
|			ТОГДА 0
|		ИНАЧЕ ЕСТЬNULL(ВТ_Продажи.КоличествоПродаж, 0) / &КоличествоДней
|	КОНЕЦ КАК СреднедневныеПродажи,
|	ВЫБОР
|		КОГДА ЕСТЬNULL(ВТ_Продажи.КоличествоПродаж, 0) = 0
|			ТОГДА &ОборачиваемостьБезПродаж
|		ИНАЧЕ ВТ_Остатки.Остаток / (ЕСТЬNULL(ВТ_Продажи.КоличествоПродаж, 0) / &КоличествоДней)
|	КОНЕЦ КАК ОборачиваемостьВДнях
|ИЗ
|	ВТ_Остатки КАК ВТ_Остатки
|		ЛЕВОЕ СОЕДИНЕНИЕ ВТ_Продажи КАК ВТ_Продажи
|		ПО ВТ_Остатки.Товар = ВТ_Продажи.Товар
|
|УПОРЯДОЧИТЬ ПО
|	ОборачиваемостьВДнях УБЫВ"";
	
	РезультатЗапроса = Запрос.Выполнить();
	ТаблицаОтчета = РезультатЗапроса.Выгрузить();
	
	// Дополнительная сортировка ТаблицыЗначений согласно требованиям
	ТаблицаОтчета.Сортировать(""ОборачиваемостьВДнях Убыв"");
	
	Возврат ТаблицаОтчета;
	
КонецФункции"
"Написать функцию СформироватьОтчетДинамикаПродажТовара(ДатаНачала, ДатаОкончания, Товар), которая формирует отчет на сервере ""ДинамикаПродаж"" на заданный период и с отбором по ""Товар"". 
Функция должна программно сформировать отчет ""ДинамикаПродаж"", вариант отчета ""ПродажиТоваровПоПокупателям"". 
Настройки отчета:
	Параметры отчета: Период 
	    Значения параметов: Период.ДатаНачала = ДатаНачала, Период.ДатаОкончания = ДатаОкончания.
	Параметры вывода: ВыводитьПараметрыДанных = Не выводить,
	                  ВыводитьОтбор = Не выводить. 
	Отбор : Товар = Товар.
	                  
Параметры функции:  
ДатаНачала (тип: Дата) - начало периода.
ДатаОкончания (тип: Дата) - окончание периода.
Товар (тип: СправочникСсылка.Товары) - товар.

Возвращаемое значение: ТабличныйДокумент.","{""Catalogs"": [{""id"": ""Товары"", ""name"": ""Товары"", ""Attributes"": [{""id"": ""Артикул"", ""name"": ""Артикул"", ""types"": [{""type"": ""String"", ""StringQualifiers"": ""15""}]}, {""id"": ""Поставщик"", ""name"": ""Поставщик"", ""types"": [{""type"": ""Ref"", ""id"": ""Справочник.Контрагенты""}]}, {""id"": ""ФайлКартинки"", ""name"": ""Картинка"", ""types"": [{""type"": ""Ref"", ""id"": ""Справочник.ХранимыеФайлы""}]}, {""id"": ""Вид"", ""name"": ""Вид"", ""types"": []}, {""id"": ""Штрихкод"", ""name"": ""Штрихкод"", ""types"": [{""type"": ""String"", ""StringQualifiers"": ""20""}]}, {""id"": ""Описание"", ""name"": ""Описание"", ""types"": [{""type"": ""String"", ""StringQualifiers"": ""0""}]}]}]}",task_085,server,high,task9_сложн_Куликова_v1.epf,"&НаСервереБезКонтекста
Функция СформироватьОтчетДинамикаПродажТовара(ДатаНачала, ДатаОкончания, Товар) Экспорт
	
	Если ДатаНачала > ДатаОкончания Тогда
		ВызватьИсключение ""Дата начала периода не может быть больше даты окончания периода."";
	КонецЕсли;
	
	Если ТипЗнч(Товар) <> Тип(""СправочникСсылка.Товары"") Тогда
		ВызватьИсключение ""Параметр """"Товар"""" должен иметь тип СправочникСсылка.Товары."";
	КонецЕсли;
	
	Если Не ЗначениеЗаполнено(Товар) Тогда
		ВызватьИсключение ""Не указан товар для отбора отчета."";
	КонецЕсли;
	
	// Получаем основную схему компоновки данных отчета.
	СхемаКомпоновкиДанных = Отчеты.ДинамикаПродаж.ПолучитьМакет(""ОсновнаяСхемаКомпоновкиДанных"");
	
	// Загружаем вариант отчета ""ПродажиТоваровПоПокупателям"".
	ВариантНастроек = СхемаКомпоновкиДанных.ВариантыНастроек.Найти(""ПродажиТоваровПоПокупателям"");
	
	Если ВариантНастроек = Неопределено Тогда
		ВызватьИсключение ""В отчете """"ДинамикаПродаж"""" не найден вариант """"ПродажиТоваровПоПокупателям""""."";
	КонецЕсли;
	
	КомпоновщикНастроек = Новый КомпоновщикНастроекКомпоновкиДанных;
	КомпоновщикНастроек.Инициализировать(
		Новый ИсточникДоступныхНастроекКомпоновкиДанных(СхемаКомпоновкиДанных)
	);
	КомпоновщикНастроек.ЗагрузитьНастройки(ВариантНастроек.Настройки);
	
	Настройки = КомпоновщикНастроек.Настройки;
	
	// Параметры отчета: Период.
	УстановитьПериодОтчетаДинамикаПродаж(Настройки, ДатаНачала, ДатаОкончания);
	
	// Параметры вывода.
	Настройки.ПараметрыВывода.УстановитьЗначениеПараметра(
		""ВыводитьПараметрыДанных"",
		ТипВыводаПараметровДанныхКомпоновкиДанных.НеВыводить
	);
	
	Настройки.ПараметрыВывода.УстановитьЗначениеПараметра(
		""ВыводитьОтбор"",
		ТипВыводаОтбораКомпоновкиДанных.НеВыводить
	);
	
	// Отбор: Товар = Товар.
	УстановитьОтборПоТоваруДинамикаПродаж(Настройки, Товар);
	
	// Формирование табличного документа.
	ДанныеРасшифровки = Новый ДанныеРасшифровкиКомпоновкиДанных;
	
	КомпоновщикМакета = Новый КомпоновщикМакетаКомпоновкиДанных;
	МакетКомпоновки = КомпоновщикМакета.Выполнить(
		СхемаКомпоновкиДанных,
		Настройки,
		ДанныеРасшифровки
	);
	
	ПроцессорКомпоновки = Новый ПроцессорКомпоновкиДанных;
	ПроцессорКомпоновки.Инициализировать(МакетКомпоновки, , ДанныеРасшифровки);
	
	ТабличныйДокумент = Новый ТабличныйДокумент;
	
	ПроцессорВывода = Новый ПроцессорВыводаРезультатаКомпоновкиДанныхВТабличныйДокумент;
	ПроцессорВывода.УстановитьДокумент(ТабличныйДокумент);
	ПроцессорВывода.Вывести(ПроцессорКомпоновки);
	
	Возврат ТабличныйДокумент;
	
КонецФункции

&НаСервереБезКонтекста
Процедура УстановитьПериодОтчетаДинамикаПродаж(Настройки, ДатаНачала, ДатаОкончания)
	
	ПараметрПериод = Настройки.ПараметрыДанных.Элементы.Найти(""Период"");
	
	Если ПараметрПериод = Неопределено Тогда
		ВызватьИсключение ""В настройках отчета не найден параметр данных """"Период""""."";
	КонецЕсли;
	
	Период = Новый СтандартныйПериод(ДатаНачала, ДатаОкончания);
	Период.ДатаНачала = ДатаНачала;
	Период.ДатаОкончания = ДатаОкончания;
	
	ПараметрПериод.Значение = Период;
	ПараметрПериод.Использование = Истина;
	
КонецПроцедуры

&НаСервереБезКонтекста
Процедура УстановитьОтборПоТоваруДинамикаПродаж(Настройки, Товар)
	
	ЭлементОтбора = Неопределено;
	
	// Если в варианте уже есть отбор по полю ""Товар"
"Написать функцию ПолучитьОстаткиПоНоменклатуреПоВсемСкладам(ТаблицаТовары). Функция принимает ТаблицуЗначений.
Таблица значений содержит информацию по остаткам номенклатуры со следующими колонками:

- Номенклатура (Строка)
- Склад (Строка)
- Количество (Число)
- Сумма (Число)

Таблица может содержать несколько строк с одинаковой Номенклатурой по разным складам. 
Необходимо вернуть новую ТаблицуЗначений с тремя колонками:
- Номенклатура (Строка)
- Количество (Число)
- Сумма (Число)

Для каждой Номенклатуры должна остаться одна строка, а Количество и Сумма должны быть суммой по всем исходным строкам.

Требования:
- Использовать язык запросов.
- Не изменять входную ТаблицуЗначений.
- В возвращаемой таблице строки должны быть отсортированы по Номенклатуре по возрастанию.","{""Catalogs"": [{""id"": ""Склады"", ""name"": ""Склады"", ""Attributes"": [{""id"": ""НеИспользовать"", ""name"": ""Не использовать"", ""types"": [{""type"": ""Boolean""}]}]}, {""id"": ""Товары"", ""name"": ""Товары"", ""Attributes"": [{""id"": ""Артикул"", ""name"": ""Артикул"", ""types"": [{""type"": ""String"", ""StringQualifiers"": ""15""}]}, {""id"": ""Поставщик"", ""name"": ""Поставщик"", ""types"": [{""type"": ""Ref"", ""id"": ""Справочник.Контрагенты""}]}, {""id"": ""ФайлКартинки"", ""name"": ""Картинка"", ""types"": [{""type"": ""Ref"", ""id"": ""Справочник.ХранимыеФайлы""}]}, {""id"": ""Вид"", ""name"": ""Вид"", ""types"": []}, {""id"": ""Штрихкод"", ""name"": ""Штрихкод"", ""types"": [{""type"": ""String"", ""StringQualifiers"": ""20""}]}, {""id"": ""Описание"", ""name"": ""Описание"", ""types"": [{""type"": ""String"", ""StringQualifiers"": ""0""}]}]}]}",task_086,server,mid,Коробов_Средняя_задача.epf,"Функция ПолучитьОстаткиПоНоменклатуреПоВсемСкладам(ТаблицаТовары) Экспорт
	
	Запрос = Новый Запрос;
	Запрос.УстановитьПараметр(""ТаблицаТовары"", ТаблицаТовары);
	
	Запрос.Текст = 
""ВЫБРАТЬ
|	ТаблицаТовары.Номенклатура КАК Номенклатура,
|	СУММА(ТаблицаТовары.Количество) КАК Количество,
|	СУММА(ТаблицаТовары.Сумма) КАК Сумма
|ИЗ
|	&ТаблицаТовары КАК ТаблицаТовары
|
|СГРУППИРОВАТЬ ПО
|	ТаблицаТовары.Номенклатура
|
|УПОРЯДОЧИТЬ ПО
|	Номенклатура ВОЗР"";
	
	РезультатЗапроса = Запрос.Выполнить();
	
	Возврат РезультатЗапроса.Выгрузить();
	
КонецФункции"
"Реализовать функцию НайтиМаксимальноеЗначениеВКолонке(Таблица, Колонка).

Необходимо:
1) Определить максимальное значение в указанной колонке.
2) Вернуть найденное значение.

Требования:
- Использовать коллекции.
- Не изменять входную таблицу.",{},task_087,server,mid,Task11_Коробов_Средняя_НайтиМаксимальноеЗначение.epf,"Функция НайтиМаксимальноеЗначениеВКолонке(Таблица, Колонка) Экспорт
	
	Если Таблица = Неопределено Тогда
		ВызватьИсключение ""Не задана таблица."";
	КонецЕсли;
	
	Если Колонка = Неопределено Тогда
		ВызватьИсключение ""Не задана колонка."";
	КонецЕсли;
	
	// Определяем имя колонки.
	Если ТипЗнч(Колонка) = Тип(""Строка"") Тогда
		ИмяКолонки = Колонка;
	ИначеЕсли ТипЗнч(Колонка) = Тип(""КолонкаТаблицыЗначений"") Тогда
		ИмяКолонки = Колонка.Имя;
	Иначе
		ВызватьИсключение ""Параметр Колонка должен быть строкой или колонкой таблицы значений."";
	КонецЕсли;
	
	// Проверяем наличие колонки во входной таблице.
	Если Таблица.Колонки.Найти(ИмяКолонки) = Неопределено Тогда
		ВызватьИсключение ""Колонка """""" + ИмяКолонки + """""" не найдена в таблице."";
	КонецЕсли;
	
	МаксимальноеЗначение = Неопределено;
	МаксимальноеЗначениеНайдено = Ложь;
	
	// ТаблицаЗначений является коллекцией, обходим ее без изменения исходных данных.
	Для Каждого СтрокаТаблицы Из Таблица Цикл
		
		ТекущееЗначение = СтрокаТаблицы[ИмяКолонки];
		
		// Пропускаем пустые значения, которые нельзя корректно сравнивать.
		Если ТекущееЗначение = Неопределено Или ТекущееЗначение = Null Тогда
			Продолжить;
		КонецЕсли;
		
		Если Не МаксимальноеЗначениеНайдено Тогда
			МаксимальноеЗначение = ТекущееЗначение;
			МаксимальноеЗначениеНайдено = Истина;
		ИначеЕсли ТекущееЗначение > МаксимальноеЗначение Тогда
			МаксимальноеЗначение = ТекущееЗначение;
		КонецЕсли;
		
	КонецЦикла;
	
	Возврат МаксимальноеЗначение;
	
КонецФункции"
"Реализовать функцию НайтиДублиТоваров(Товар)

1) Проверить наличие других таких же элементов с таким же Артикулом.
2) Вернуть таблицу с перечнем найденных дублей с колонками
- Товар
- Артикул

Требования:
- Использовать запрос.
- Игнорировать текущий элемент.","{""Catalogs"": [{""id"": ""Товары"", ""name"": ""Товары"", ""Attributes"": [{""id"": ""Артикул"", ""name"": ""Артикул"", ""types"": [{""type"": ""String"", ""StringQualifiers"": ""15""}]}, {""id"": ""Поставщик"", ""name"": ""Поставщик"", ""types"": [{""type"": ""Ref"", ""id"": ""Справочник.Контрагенты""}]}, {""id"": ""ФайлКартинки"", ""name"": ""Картинка"", ""types"": [{""type"": ""Ref"", ""id"": ""Справочник.ХранимыеФайлы""}]}, {""id"": ""Вид"", ""name"": ""Вид"", ""types"": []}, {""id"": ""Штрихкод"", ""name"": ""Штрихкод"", ""types"": [{""type"": ""String"", ""StringQualifiers"": ""20""}]}, {""id"": ""Описание"", ""name"": ""Описание"", ""types"": [{""type"": ""String"", ""StringQualifiers"": ""0""}]}]}]}",task_088,server,mid,Task14_Коробов_Средняя_ДублиНоменклатуры.epf,"Функция НайтиДублиТоваров(Товар) Экспорт
	
	Запрос = Новый Запрос;
	
	Запрос.Текст = 
""ВЫБРАТЬ
|	Товары.Ссылка КАК Товар,
|	Товары.Артикул КАК Артикул
|ИЗ
|	Справочник.Товары КАК Товары
|ГДЕ
|	Товары.Артикул = &Артикул
|	И Товары.Ссылка <> &ТекущийТовар"";
	
	Запрос.УстановитьПараметр(""Артикул"", Товар.Артикул);
	Запрос.УстановитьПараметр(""ТекущийТовар"", Товар);
	
	РезультатЗапроса = Запрос.Выполнить();
	
	Возврат РезультатЗапроса.Выгрузить();
	
КонецФункции"
"Реализовать функцию РассчитатьИтогПоКолонке(ТаблицаДанных, ИмяКолонки).

Необходимо:
1) Просуммировать значения указанной колонки.
2) Вернуть число — итоговое значение.

Требования:
- Использовать перебор коллекции.
- Не изменять входную таблицу.",{},task_089,server,mid,Task15_Коробов_Средняя_РассчитатьИтогПоКолонке.epf,"Функция РассчитатьИтогПоКолонке(ТаблицаДанных, ИмяКолонки) Экспорт
	
	Если ТаблицаДанных = Неопределено Тогда
		ВызватьИсключение ""Не передана таблица данных."";
	КонецЕсли;
	
	Если Не ЗначениеЗаполнено(ИмяКолонки) Тогда
		ВызватьИсключение ""Не указано имя колонки."";
	КонецЕсли;
	
	Колонка = ТаблицаДанных.Колонки.Найти(ИмяКолонки);
	Если Колонка = Неопределено Тогда
		ВызватьИсключение ""Колонка """""" + ИмяКолонки + """""" не найдена."";
	КонецЕсли;
	
	Итог = 0;
	
	Для Каждого СтрокаТаблицы Из ТаблицаДанных Цикл
		
		ЗначениеКолонки = СтрокаТаблицы[ИмяКолонки];
		
		Если ЗначениеКолонки = Неопределено Или ЗначениеКолонки = Null Тогда
			Продолжить;
		КонецЕсли;
		
		Если ТипЗнч(ЗначениеКолонки) <> Тип(""Число"") Тогда
			ВызватьИсключение ""Значение колонки """""" + ИмяКолонки + """""" не является числом."";
		КонецЕсли;
		
		Итог = Итог + ЗначениеКолонки;
		
	КонецЦикла;
	
	Возврат Итог;
	
КонецФункции"
"Реализовать функцию ПолучитьКонтрагентовПоЧастиНаименования(СтрокаПоиска).

Необходимо:
1) Найти контрагентов по части наименования.
2) Вернуть ТаблицуЗначений:
- Ссылка
- Наименование

Требования:
- Использовать запрос.
- Выполнять поиск через ПОДОБНО.","{""Catalogs"": [{""id"": ""Контрагенты"", ""name"": ""Контрагенты"", ""Attributes"": [{""id"": ""Регион"", ""name"": ""Регион"", ""types"": [{""type"": ""Ref"", ""id"": ""Справочник.Регионы""}]}, {""id"": ""Индекс"", ""name"": ""Индекс"", ""types"": [{""type"": ""String"", ""StringQualifiers"": ""10""}]}, {""id"": ""Страна"", ""name"": ""Страна"", ""types"": [{""type"": ""String"", ""StringQualifiers"": ""0""}]}, {""id"": ""Город"", ""name"": ""Город"", ""types"": [{""type"": ""String"", ""StringQualifiers"": ""0""}]}, {""id"": ""Улица"", ""name"": ""Улица"", ""types"": [{""type"": ""String"", ""StringQualifiers"": ""0""}]}, {""id"": ""Дом"", ""name"": ""Дом"", ""types"": [{""type"": ""String"", ""StringQualifiers"": ""15""}]}, {""id"": ""Телефон"", ""name"": ""Телефон"", ""types"": [{""type"": ""String"", ""StringQualifiers"": ""16""}]}, {""id"": ""ЭлектроннаяПочта"", ""name"": ""Электронная почта"", ""types"": [{""type"": ""String"", ""StringQualifiers"": ""40""}]}, {""id"": ""Факс"", ""name"": ""Факс"", ""types"": [{""type"": ""String"", ""StringQualifiers"": ""16""}]}, {""id"": ""ВебСайт"", ""name"": ""Веб сайт"", ""types"": [{""type"": ""String"", ""StringQualifiers"": ""40""}]}, {""id"": ""ВидЦен"", ""name"": ""Вид цен"", ""types"": [{""type"": ""Ref"", ""id"": ""Справочник.ВидыЦен""}]}, {""id"": ""ДополнительнаяИнформация"", ""name"": ""Дополнительная информация"", ""types"": [{""type"": ""String"", ""StringQualifiers"": ""0""}]}, {""id"": ""КонтактноеЛицо"", ""name"": ""Контактное лицо"", ""types"": [{""type"": ""String"", ""StringQualifiers"": ""100""}]}, {""id"": ""Широта"", ""name"": ""Широта"", ""types"": [{""type"": ""Number"", ""NumberQualifiers"": ""10.6""}]}, {""id"": ""Долгота"", ""name"": ""Долгота"", ""types"": [{""type"": ""Number"", ""NumberQualifiers"": ""10.6""}]}]}]}",task_090,server,mid,Task16_Коробов_Средняя_НайтиКонтрагентов.epf,"Функция ПолучитьКонтрагентовПоЧастиНаименования(Знач СтрокаПоиска) Экспорт
	
	СтрокаПоиска = СокрЛП(Строка(СтрокаПоиска));
	
	СпецСимвол = ""\"";
	ШаблонПоиска = ""%"" + ПодготовитьСтрокуДляПодобно(СтрокаПоиска, СпецСимвол) + ""%"";
	
	Запрос = Новый Запрос;
	Запрос.Текст = 
""ВЫБРАТЬ
|	Контрагенты.Ссылка КАК Ссылка,
|	Контрагенты.Наименование КАК Наименование
|ИЗ
|	Справочник.Контрагенты КАК Контрагенты
|ГДЕ
|	Контрагенты.ПометкаУдаления = ЛОЖЬ
|	И Контрагенты.Наименование ПОДОБНО &ШаблонПоиска СПЕЦСИМВОЛ &СпецСимвол
|УПОРЯДОЧИТЬ ПО
|	Наименование"";
	
	Запрос.УстановитьПараметр(""ШаблонПоиска"", ШаблонПоиска);
	Запрос.УстановитьПараметр(""СпецСимвол"", СпецСимвол);
	
	Возврат Запрос.Выполнить().Выгрузить();
	
КонецФункции


Функция ПодготовитьСтрокуДляПодобно(Знач СтрокаПоиска, Знач СпецСимвол)
	
	Результат = СтрокаПоиска;
	
	Результат = СтрЗаменить(Результат, СпецСимвол, СпецСимвол + СпецСимвол);
	Результат = СтрЗаменить(Результат, ""%"", СпецСимвол + ""%"");
	Результат = СтрЗаменить(Результат, ""_"", СпецСимвол + ""_"");
	Результат = СтрЗаменить(Результат, ""["", СпецСимвол + ""["");
	Результат = СтрЗаменить(Результат, ""]"", СпецСимвол + ""]"");
	
	Возврат Результат;
	
КонецФункции"
"Реализовать функцию ПолучитьОборотыПоПокупателю(Покупатель, ДатаНачала, ДатаОкончания).

Необходимо:
1) Получить обороты по регистру Продажи
2) Вернуть структуру с ключами КоличествоОборот, СуммаОборот","{""AccumulationRegisters"": [{""id"": ""Продажи"", ""name"": ""Продажи"", ""RegisterType"": ""Turnovers"", ""Dimensions"": [{""id"": ""Покупатель"", ""name"": ""Покупатель"", ""types"": [{""type"": ""Ref"", ""id"": ""Справочник.Контрагенты""}]}, {""id"": ""Товар"", ""name"": ""Товар"", ""types"": [{""type"": ""Ref"", ""id"": ""Справочник.Товары""}]}], ""Resources"": [{""id"": ""Количество"", ""name"": ""Количество"", ""types"": [{""type"": ""Number"", ""NumberQualifiers"": ""10.2""}]}, {""id"": ""Сумма"", ""name"": ""Сумма"", ""types"": [{""type"": ""Number"", ""NumberQualifiers"": ""10.2""}]}]}]}",task_091,server,mid,Task17_Коробов_Средняя_ПолучитьОборотыПоКонтрагенту.epf,"Функция ПолучитьОборотыПоПокупателю(Покупатель, ДатаНачала, ДатаОкончания) Экспорт
	
	РезультатФункции = Новый Структура;
	РезультатФункции.Вставить(""КоличествоОборот"", 0);
	РезультатФункции.Вставить(""СуммаОборот"", 0);
	
	Если Не ЗначениеЗаполнено(Покупатель) Тогда
		Возврат РезультатФункции;
	КонецЕсли;
	
	Запрос = Новый Запрос;
	Запрос.Текст = 
""ВЫБРАТЬ
|	ЕСТЬNULL(СУММА(ПродажиОбороты.КоличествоОборот), 0) КАК КоличествоОборот,
|	ЕСТЬNULL(СУММА(ПродажиОбороты.СуммаОборот), 0) КАК СуммаОборот
|ИЗ
|	РегистрНакопления.Продажи.Обороты(
|		&ДатаНачала,
|		&ДатаОкончания,
|		,
|		Покупатель = &Покупатель) КАК ПродажиОбороты"";
	
	Запрос.УстановитьПараметр(""Покупатель"", Покупатель);
	Запрос.УстановитьПараметр(""ДатаНачала"", ДатаНачала);
	Запрос.УстановитьПараметр(""ДатаОкончания"", ДатаОкончания);
	
	Выборка = Запрос.Выполнить().Выбрать();
	
	Если Выборка.Следующий() Тогда
		РезультатФункции.КоличествоОборот = Выборка.КоличествоОборот;
		РезультатФункции.СуммаОборот = Выборка.СуммаОборот;
	КонецЕсли;
	
	Возврат РезультатФункции;
	
КонецФункции"
"Реализовать функцию НайтиМинимальноеЗначениеВКолонке(Таблица, Колонка).

ТаблицаЗначений содержит данные произвольной структуры.
Параметр Колонка содержит имя числовой колонки.

Необходимо:
1) Проверить наличие колонки в таблице.
2) Определить минимальное значение по всем строкам таблицы.
3) Вернуть найденное значение.
4) Если таблица пустая — вернуть 0.

Требования:
- Использовать перебор коллекции.
- Не изменять входную таблицу.
- Не использовать язык запросов.",{},task_092,server,mid,Task18_Коробов_Средняя_НайтиМинимальноеЗначение.epf,"Функция НайтиМинимальноеЗначениеВКолонке(Таблица, Колонка) Экспорт
	
	// Проверяем наличие колонки в таблице
	Если Таблица.Колонки.Найти(Колонка) = Неопределено Тогда
		ВызватьИсключение ""В таблице отсутствует колонка """""" + Колонка + """"""."";
	КонецЕсли;
	
	// Если таблица пустая — возвращаем 0
	Если Таблица.Количество() = 0 Тогда
		Возврат 0;
	КонецЕсли;
	
	МинимальноеЗначение = Неопределено;
	МинимальноеЗначениеУстановлено = Ложь;
	
	// Перебираем строки таблицы без изменения входных данных
	Для Каждого СтрокаТаблицы Из Таблица Цикл
		
		ТекущееЗначение = СтрокаТаблицы[Колонка];
		
		Если Не МинимальноеЗначениеУстановлено Тогда
			МинимальноеЗначение = ТекущееЗначение;
			МинимальноеЗначениеУстановлено = Истина;
		ИначеЕсли ТекущееЗначение < МинимальноеЗначение Тогда
			МинимальноеЗначение = ТекущееЗначение;
		КонецЕсли;
		
	КонецЦикла;
	
	Возврат МинимальноеЗначение;
	
КонецФункции"
"Реализовать функцию ПолучитьСписокНоменклатурыПоГруппе(Группа).

Необходимо:
1) Получить элементы справочника Номенклатура, входящие в указанную группу.
2) Вернуть ТаблицуЗначений с колонками:
- Ссылка
- Код
- Наименование

Требования:
- Использовать запрос.
- Результат отсортировать по Наименованию.",{},task_093,server,mid,Task19_Коробов_Средняя_ПолучитьНоменклатуруПоГруппе.epf,"Функция ПолучитьСписокНоменклатурыПоГруппе(Группа) Экспорт
	
	Запрос = Новый Запрос;
	Запрос.Текст = 
""ВЫБРАТЬ
|	Номенклатура.Ссылка КАК Ссылка,
|	Номенклатура.Код КАК Код,
|	Номенклатура.Наименование КАК Наименование
|ИЗ
|	Справочник.Номенклатура КАК Номенклатура
|ГДЕ
|	Номенклатура.ЭтоГруппа = ЛОЖЬ
|	И Номенклатура.Родитель = &Группа
|УПОРЯДОЧИТЬ ПО
|	Номенклатура.Наименование"";
	
	Запрос.УстановитьПараметр(""Группа"", Группа);
	
	РезультатЗапроса = Запрос.Выполнить();
	
	Возврат РезультатЗапроса.Выгрузить();
	
КонецФункции"
"Реализовать функцию НайтиЭлементПоРеквизиту(ИмяСправочника, ИмяРеквизита, ЗначениеРеквизита).

Необходимо:
1) Выполнить поиск элемента указанного справочника по значению реквизита.
2) Если элемент найден — вернуть ссылку, если найдено несколько - вернуть массив ссылок.
3) Если элемент не найден — вернуть Неопределено.

Требования:
- Использовать запрос.",{},task_094,server,mid,Task20_Коробов_Средняя_НайтиПоРеквизиту.epf,"Функция НайтиЭлементПоРеквизиту(ИмяСправочника, ИмяРеквизита, ЗначениеРеквизита) Экспорт
	
	ИмяСправочника = СокрЛП(ИмяСправочника);
	ИмяРеквизита = СокрЛП(ИмяРеквизита);
	
	Если ПустаяСтрока(ИмяСправочника) Тогда
		ВызватьИсключение ""Не указано имя справочника."";
	КонецЕсли;
	
	Если ПустаяСтрока(ИмяРеквизита) Тогда
		ВызватьИсключение ""Не указано имя реквизита."";
	КонецЕсли;
	
	МетаданныеСправочника = Метаданные.Справочники.Найти(ИмяСправочника);
	
	Если МетаданныеСправочника = Неопределено Тогда
		ВызватьИсключение ""Справочник """""" + ИмяСправочника + """""" не найден в метаданных."";
	КонецЕсли;
	
	МетаданныеРеквизита = МетаданныеСправочника.Реквизиты.Найти(ИмяРеквизита);
	
	Если МетаданныеРеквизита = Неопределено Тогда
		ВызватьИсключение ""Реквизит """""" + ИмяРеквизита + """""" не найден в справочнике """""" + ИмяСправочника + """"""."";
	КонецЕсли;
	
	Запрос = Новый Запрос;
	Запрос.Текст =
""ВЫБРАТЬ
|	Справочник.Ссылка КАК Ссылка
|ИЗ
|	Справочник."" + ИмяСправочника + "" КАК Справочник
|ГДЕ
|	Справочник."" + ИмяРеквизита + "" = &ЗначениеРеквизита"";
	
	Запрос.УстановитьПараметр(""ЗначениеРеквизита"", ЗначениеРеквизита);
	
	Выборка = Запрос.Выполнить().Выбрать();
	
	НайденныеСсылки = Новый Массив;
	
	Пока Выборка.Следующий() Цикл
		НайденныеСсылки.Добавить(Выборка.Ссылка);
	КонецЦикла;
	
	Если НайденныеСсылки.Количество() = 0 Тогда
		Возврат Неопределено;
	ИначеЕсли НайденныеСсылки.Количество() = 1 Тогда
		Возврат НайденныеСсылки[0];
	Иначе
		Возврат НайденныеСсылки;
	КонецЕсли;
	
КонецФункции"
"Реализовать функцию ПодготовитьМассивСтруктурДляИнтеграции(Таблица).

Таблица содержит 4 колонки

- Товар - Строка
- Количество - Число
- Цена - Число
- Сумма - Число 

Необходимо:
1) Преобразовать ТаблицаЗначений в массив структур.
2) Каждая структура должна соответствовать одной строке таблицы.
3) Вернуть полученный массив.

Требования:
- Не выполнять реальные внешние вызовы.
- Не изменять входную таблицу.",{},task_095,server,mid,Task21_Коробов_Средняя_ПолучитьМассивСтруктур.epf,"Функция ПодготовитьМассивСтруктурДляИнтеграции(Таблица) Экспорт
	
	МассивСтруктур = Новый Массив;
	
	Если Таблица = Неопределено Тогда
		Возврат МассивСтруктур;
	КонецЕсли;
	
	Для Каждого СтрокаТаблицы Из Таблица Цикл
		
		СтруктураСтроки = Новый Структура;
		СтруктураСтроки.Вставить(""Товар"", СтрокаТаблицы.Товар);
		СтруктураСтроки.Вставить(""Количество"", СтрокаТаблицы.Количество);
		СтруктураСтроки.Вставить(""Цена"", СтрокаТаблицы.Цена);
		СтруктураСтроки.Вставить(""Сумма"", СтрокаТаблицы.Сумма);
		
		МассивСтруктур.Добавить(СтруктураСтроки);
		
	КонецЦикла;
	
	Возврат МассивСтруктур;
	
КонецФункции"
"Реализовать функцию ДобавитьСтрокуВТабличнуюЧастьДокумента(ДокументОбъект, СтруктураСтроки).

Где:

- ДокументОбъект - ДокументОбъект.Заказ
- СтруктураСтроки - Тип Структура. 
Структура может содержать ключи, соответствующие колонкам табличной части, а может не содержать. Заполнить только соответствующие ключам колонки ТЧ из структуры 

Необходимо:
1) Добавить новую строку в табличную часть документа.
2) Заполнить колонки строки из структуры СтруктураСтроки.
3) Вернуть НомерСтроки добавленной строки.","{""Documents"": [{""id"": ""Заказ"", ""name"": ""Заказ"", ""Attributes"": [{""id"": ""Покупатель"", ""name"": ""Покупатель"", ""types"": [{""type"": ""Ref"", ""id"": ""Справочник.Контрагенты""}]}, {""id"": ""Склад"", ""name"": ""Склад"", ""types"": [{""type"": ""Ref"", ""id"": ""Справочник.Склады""}]}, {""id"": ""Валюта"", ""name"": ""Валюта взаиморасчетов"", ""types"": [{""type"": ""Ref"", ""id"": ""Справочник.Валюты""}]}, {""id"": ""ВидЦен"", ""name"": ""Вид цен"", ""types"": [{""type"": ""Ref"", ""id"": ""Справочник.ВидыЦен""}]}, {""id"": ""Организация"", ""name"": ""Организация"", ""types"": [{""type"": ""Ref"", ""id"": ""Справочник.Организации""}]}, {""id"": ""СостояниеЗаказа"", ""name"": ""Состояние заказа"", ""types"": [{""type"": ""Ref"", ""id"": ""Перечисление.СостоянияЗаказов""}]}, {""id"": ""Автор"", ""name"": ""Автор"", ""types"": [{""type"": ""Ref"", ""id"": ""Справочник.Пользователи""}]}, {""id"": ""Сумма"", ""name"": ""Сумма"", ""types"": [{""type"": ""Number"", ""NumberQualifiers"": ""10.2""}]}], ""TabularSections"": [{""id"": ""Товары"", ""name"": ""Товары"", ""Attributes"": [{""id"": ""Товар"", ""name"": ""Товар"", ""types"": [{""type"": ""Ref"", ""id"": ""Справочник.Товары""}]}, {""id"": ""Цена"", ""name"": ""Цена"", ""types"": [{""type"": ""Number"", ""NumberQualifiers"": ""10.2""}]}, {""id"": ""Количество"", ""name"": ""Количество"", ""types"": [{""type"": ""Number"", ""NumberQualifiers"": ""10.0""}]}, {""id"": ""Сумма"", ""name"": ""Сумма"", ""types"": [{""type"": ""Number"", ""NumberQualifiers"": ""10.2""}]}]}]}]}",task_096,server,mid,Task22_Коробов_Средняя_ДобавитьСтрокуВТабличнуюЧасть.epf,"Функция ДобавитьСтрокуВТабличнуюЧастьДокумента(ДокументОбъект, СтруктураСтроки) Экспорт
	
	Если ТипЗнч(СтруктураСтроки) <> Тип(""Структура"") Тогда
		ВызватьИсключение ""Параметр СтруктураСтроки должен иметь тип Структура."";
	КонецЕсли;
	
	// Добавляем новую строку в табличную часть ""Товары"" документа ""Заказ""
	НоваяСтрока = ДокументОбъект.Товары.Добавить();
	
	// Заполняем только существующие колонки табличной части
	// и только если соответствующие ключи есть в структуре
	ЗаполнитьЗначенияСвойств(
		НоваяСтрока,
		СтруктураСтроки,
		""Товар,Цена,Количество,Сумма""
	);
	
	Возврат НоваяСтрока.НомерСтроки;
	
КонецФункции"
"Реализовать функцию ПолучитьВсеЦеныТоваровНаДату(Номенклатура, Дата).

Необходимо:
1) Получить записи регистра сведений ЦеныТоваров по указанной номенклатуре.
2) Отобрать записи, действующие на дату.
3) Вернуть ТаблицуЗначений с колонками:
- ВидЦен
- Цена

Требования:
- Использовать язык запросов.","{""InformationRegisters"": [{""id"": ""ЦеныТоваров"", ""name"": ""Цены товаров"", ""InformationRegisterPeriodicity"": ""Day"", ""WriteMode"": ""Independent"", ""Dimensions"": [{""id"": ""Товар"", ""name"": ""Товар"", ""types"": [{""type"": ""Ref"", ""id"": ""Справочник.Товары""}]}, {""id"": ""ВидЦен"", ""name"": ""Вид цен"", ""types"": [{""type"": ""Ref"", ""id"": ""Справочник.ВидыЦен""}]}], ""Resources"": [{""id"": ""Цена"", ""name"": ""Цена"", ""types"": [{""type"": ""Number"", ""NumberQualifiers"": ""10.2""}]}]}], ""Catalogs"": [{""id"": ""ВидыЦен"", ""name"": ""Виды цен"", ""Attributes"": []}]}",task_097,server,mid,Task9_Коробов_Средняя_ЦеныНаДату.epf,"Функция ПолучитьВсеЦеныТоваровНаДату(Номенклатура, Дата) Экспорт
	
	Запрос = Новый Запрос;
	Запрос.Текст = 
""ВЫБРАТЬ
|	ЦеныТоваровСрезПоследних.ВидЦен КАК ВидЦен,
|	ЦеныТоваровСрезПоследних.Цена КАК Цена
|ИЗ
|	РегистрСведений.ЦеныТоваров.СрезПоследних(&Дата, Товар = &Номенклатура) КАК ЦеныТоваровСрезПоследних
|УПОРЯДОЧИТЬ ПО
|	ВидЦен"";
	
	Запрос.УстановитьПараметр(""Номенклатура"", Номенклатура);
	Запрос.УстановитьПараметр(""Дата"", КонецДня(Дата));
	
	РезультатЗапроса = Запрос.Выполнить();
	
	Возврат РезультатЗапроса.Выгрузить();
	
КонецФункции"
"Написать функцию СкопироватьПараметрСхемыКомпоновкиДанных(СхемаКомпоновкиДанных, Приемник, Источник, ЗначениеПриемника), которая копирует настройки параметра Источник схемы компоновки данных отчета
и возвращает их на новый параметр Приемник, устанавливая новое значение ЗначениеПриемника.
Если новый параметр Приемник не найден, тогда создать его. 
Если ЗначениеПриемника = Неопределено, тогда значение нового парметра не устанавливать. 

Параметры функции:
	СхемаКомпоновкиДанных - СхемаКомпоновкиДанных - Схема отчета.
	Приемник - Строка - Имя параметра, в который необходимо скопировать настройки.
	Источник - Строка - Имя параметра, из которого настройки копируются.
	ЗначениеПриемника - Произвольный - Значение параметра приемника, которое необходимо установить.",{},task_098,server,,task10_Куликова_v1.epf,"Функция СкопироватьПараметрСхемыКомпоновкиДанных(СхемаКомпоновкиДанных, Приемник, Источник, ЗначениеПриемника) Экспорт
	
	Если СхемаКомпоновкиДанных = Неопределено Тогда
		ВызватьИсключение ""Не передана схема компоновки данных."";
	КонецЕсли;
	
	ИмяПриемника = СокрЛП(Приемник);
	ИмяИсточник = СокрЛП(Источник);
	
	Если ПустаяСтрока(ИмяПриемника) Тогда
		ВызватьИсключение ""Не указано имя параметра-приемника."";
	КонецЕсли;
	
	Если ПустаяСтрока(ИмяИсточник) Тогда
		ВызватьИсключение ""Не указано имя параметра-источника."";
	КонецЕсли;
	
	ПараметрыСхемы = СхемаКомпоновкиДанных.Параметры;
	
	ПараметрИсточник = ПараметрыСхемы.Найти(ИмяИсточник);
	Если ПараметрИсточник = Неопределено Тогда
		ВызватьИсключение СтрШаблон(
			""Параметр-источник """"%1"""" не найден в схеме компоновки данных."",
			ИмяИсточник);
	КонецЕсли;
	
	ПараметрПриемник = ПараметрыСхемы.Найти(ИмяПриемника);
	Если ПараметрПриемник = Неопределено Тогда
		ПараметрПриемник = ПараметрыСхемы.Добавить();
	КонецЕсли;
	
	// Копируем все одноименные свойства параметра, кроме имени и значения.
	// Имя должно быть именем приемника, а значение устанавливается отдельно
	// только если оно явно передано.
	ЗаполнитьЗначенияСвойств(
		ПараметрПриемник,
		ПараметрИсточник,
		,
		""Имя,Значение"");
	
	ПараметрПриемник.Имя = ИмяПриемника;
	
	Если ЗначениеПриемника <> Неопределено Тогда
		ПараметрПриемник.Значение = ЗначениеПриемника;
	КонецЕсли;
	
	Возврат ПараметрПриемник;
	
КонецФункции"
"Написать функцию ПараметрыИзСтроки(СтрокаПараметров, Разделитель), которая получает значения параметров из строки(СтрокаПараметров). 

Параметры функции:
СтрокаПараметров (тип: Строка) - строка, содержащая параметры, каждый из которых представляет собой
                              фрагмент вида <Имя параметра>=<Значение>, где:
                                Имя параметра - имя параметра; 
                                Значение - его значение. 
                              Фрагменты отделяются друг от друга разделительными символами(Разделитель). Например ';'.
                              Если значение содержит пробельные символы, то оно должно быть заключено в двойные
                              кавычки ("").   
                              Пример: ""Фамилия=""""Иванов"""";Имя=""""Иван""""""

 Разделитель (тип: Строка) - символ, которым фрагменты отделяются друг от друга. 
 
 Возвращаемое значение:
    Структура - значения параметров, где ключ - имя параметра, значение - значение параметра. 
 
 Пример: 
  СтрокаПараметров = ""Фамилия=""""Иванов"""";Имя=""""Иван""""""
  Разделитель = "";""
 Результат функции: Cтруктура:
        ключ ""Фамилия"", значение ""Иванов""
        ключ ""Имя"", значение ""Иван"".",{},task_099,server,,task11_Куликова_v1.epf,"Функция ПараметрыИзСтроки(СтрокаПараметров, Разделитель) Экспорт
	
	Результат = Новый Структура;
	
	Если ПустаяСтрока(СтрокаПараметров) Тогда
		Возврат Результат;
	КонецЕсли;
	
	Если ПустаяСтрока(Разделитель) Тогда
		ВызватьИсключение ""Не задан разделитель параметров."";
	КонецЕсли;
	
	Кавычка = Символ(34);
	ДлинаСтроки = СтрДлина(СтрокаПараметров);
	ДлинаРазделителя = СтрДлина(Разделитель);
	
	Фрагменты = Новый Массив;
	ТекущийФрагмент = """";
	ВКавычках = Ложь;
	
	Позиция = 1;
	Пока Позиция <= ДлинаСтроки Цикл
		
		ТекущийСимвол = Сред(СтрокаПараметров, Позиция, 1);
		
		Если ТекущийСимвол = Кавычка Тогда
			
			// Две кавычки подряд внутри значения считаем экранированной кавычкой.
			Если ВКавычках 
				И Позиция < ДлинаСтроки 
				И Сред(СтрокаПараметров, Позиция + 1, 1) = Кавычка Тогда
				
				ТекущийФрагмент = ТекущийФрагмент + ТекущийСимвол + Кавычка;
				Позиция = Позиция + 2;
				Продолжить;
				
			Иначе
				
				ВКавычках = Не ВКавычках;
				ТекущийФрагмент = ТекущийФрагмент + ТекущийСимвол;
				Позиция = Позиция + 1;
				Продолжить;
				
			КонецЕсли;
			
		КонецЕсли;
		
		Если Не ВКавычках
			И Сред(СтрокаПараметров, Позиция, ДлинаРазделителя) = Разделитель Тогда
			
			Фрагменты.Добавить(ТекущийФрагмент);
			ТекущийФрагмент = """";
			Позиция = Позиция + ДлинаРазделителя;
			Продолжить;
			
		КонецЕсли;
		
		ТекущийФрагмент = ТекущийФрагмент + ТекущийСимвол;
		Позиция = Позиция + 1;
		
	КонецЦикла;
	
	Если ВКавычках Тогда
		ВызватьИсключение ""Некорректная строка параметров: не закрыта кавычка."";
	КонецЕсли;
	
	Фрагменты.Добавить(ТекущийФрагмент);
	
	Для Каждого Фрагмент Из Фрагменты Цикл
		
		Фрагмент = СокрЛП(Фрагмент);
		
		Если ПустаяСтрока(Фрагмент) Тогда
			Продолжить;
		КонецЕсли;
		
		ПозицияРавно = Найти(Фрагмент, ""="");
		
		Если ПозицияРавно = 0 Тогда
			ВызватьИсключение ""Некорректный фрагмент параметров: """""" + Фрагмент + """"""."";
		КонецЕсли;
		
		ИмяПараметра = СокрЛП(Лев(Фрагмент, ПозицияРавно - 1));
		ЗначениеПараметра = СокрЛП(Сред(Фрагмент, ПозицияРавно + 1));
		
		Если ПустаяСтрока(ИмяПараметра) Тогда
			ВызватьИсключение ""Некорректный фрагмент параметров: не задано имя параметра."";
		КонецЕсли;
		
		Если СтрДлина(ЗначениеПараметра) >= 2
			И Лев(ЗначениеПараметра, 1) = Кавычка
			И Прав(ЗначениеПараметра, 1) = Кавычка Тогда
			
			ЗначениеПараметра = Сред(ЗначениеПараметра, 2, СтрДлина(ЗначениеПараметра) - 2);
			ЗначениеПараметра = СтрЗаменить(ЗначениеПараметра, Кавычка + Кавычка, Кавычка);
			
		КонецЕсли;
		
		Результат.Вставить(ИмяПараметра, ЗначениеПараметра);
		
	КонецЦикла;
	
	Возврат Результат;
	
КонецФункции"
"Написать функцию ПроверитьПроведенностьДокументов(мДокументы), которая проверяет проведенность переданных документов(мДокументы) и возвращает те, которые не проведены.
Для переданных документов проверить выполнение условия реквизита Проведен = Истина. 

Параметры:
мДокументы (тип: Массив из ДокументСсылка) - документы, статус проведения которых необходимо проверить.

Возвращаемое значение:
  Массив из ДокументСсылка - непроведенные документы.",{},task_100,server,,task12_Куликова_v1.epf,"Функция ПроверитьПроведенностьДокументов(мДокументы) Экспорт
	
	НепроведенныеДокументы = Новый Массив;
	
	Если мДокументы = Неопределено Или мДокументы.Количество() = 0 Тогда
		Возврат НепроведенныеДокументы;
	КонецЕсли;
	
	// Формируем типизированную таблицу значений для корректной работы запроса
	МассивТиповСсылок = Новый Массив;
	
	Для Каждого ДокументСсылка Из мДокументы Цикл
		
		ТипСсылки = ТипЗнч(ДокументСсылка);
		
		Если МассивТиповСсылок.Найти(ТипСсылки) = Неопределено Тогда
			МассивТиповСсылок.Добавить(ТипСсылки);
		КонецЕсли;
		
	КонецЦикла;
	
	ОписаниеТиповСсылок = Новый ОписаниеТипов(МассивТиповСсылок);
	
	ТаблицаДокументов = Новый ТаблицаЗначений;
	ТаблицаДокументов.Колонки.Добавить(""Ссылка"", ОписаниеТиповСсылок);
	
	Для Каждого ДокументСсылка Из мДокументы Цикл
		
		НоваяСтрока = ТаблицаДокументов.Добавить();
		НоваяСтрока.Ссылка = ДокументСсылка;
		
	КонецЦикла;
	
	Запрос = Новый Запрос;
	Запрос.УстановитьПараметр(""ТаблицаДокументов"", ТаблицаДокументов);
	
	Запрос.Текст = 
""ВЫБРАТЬ
|	ПереданныеДокументы.Ссылка КАК Ссылка
|ИЗ
|	&ТаблицаДокументов КАК ПереданныеДокументы
|ГДЕ
|	ЕСТЬNULL(ПереданныеДокументы.Ссылка.Проведен, ЛОЖЬ) <> ИСТИНА"";
	
	Выборка = Запрос.Выполнить().Выбрать();
	
	Пока Выборка.Следующий() Цикл
		НепроведенныеДокументы.Добавить(Выборка.Ссылка);
	КонецЦикла;
	
	Возврат НепроведенныеДокументы;
	
КонецФункции"
"Написать функцию ПровестиДокументы(мДокументы), которая выполняет попытку проведения документов(мДокументы) и возвращает информацию о документах, которые не удалось провести. 
Вернуть ссылки на документы, которые не удалось провести и текст ошибки, которая возникла при проведении.

Параметры:
мДокументы (тип: Массив из ДокументСсылка) - документы, которые необходимо провести.

Возвращаемое значение:
  Массив из Структура:
   * Ссылка         - ДокументСсылка - документ, который не удалось провести,
   * ОписаниеОшибки - Строка         - текст описания ошибки при проведении.",{},task_101,server,,task13_Куликова_v1 .epf,"Функция ПровестиДокументы(мДокументы) Экспорт
	
	Результат = Новый Массив;
	
	Если мДокументы = Неопределено Тогда
		Возврат Результат;
	КонецЕсли;
	
	Для Каждого СсылкаДокумента Из мДокументы Цикл
		
		Попытка
			
			Если Не ЗначениеЗаполнено(СсылкаДокумента) Тогда
				ВызватьИсключение ""Не заполнена ссылка на документ."";
			КонецЕсли;
			
			ОбъектДокумента = СсылкаДокумента.ПолучитьОбъект();
			ОбъектДокумента.Записать(РежимЗаписиДокумента.Проведение);
			
		Исключение
			
			ОписаниеОшибки = ОписаниеОшибки();
			
			Если ПустаяСтрока(ОписаниеОшибки) Тогда
				ОписаниеОшибки = ""Неизвестная ошибка при проведении документа."";
			КонецЕсли;
			
			ИнформацияОДокументе = Новый Структура;
			ИнформацияОДокументе.Вставить(""Ссылка"", СсылкаДокумента);
			ИнформацияОДокументе.Вставить(""ОписаниеОшибки"", ОписаниеОшибки);
			
			Результат.Добавить(ИнформацияОДокументе);
			
		КонецПопытки;
		
	КонецЦикла;
	
	Возврат Результат;
	
КонецФункции"
"Написать функцию НайтиПараметрыВНайстройкахКД(ПользовательскиеНастройкиКД, НастройкиКД, ИменаПараметров), которая находит параметры в настройках компоновки(НастройкиКД) настраиваемого отчета.
по его имени(ИменаПараметров). 
Поиск осуществить по двум итерациям:
1. Выполнить поиск параметра по имени из ИменаПараметров в пользовательских настройках отчета(ПользовательскиеНастройкиКД). Если настройка не найдена или 
ПользовательскиеНастройкиКД = Неопределено, тогда переходить ко второй итерации.
2. Выполнить поиск в настройках варианта отчета(НастройкиКД). Если параметр не найден или НастройкиКД = Неопределено, то вернуть Неопределено. 

Параметры:
   ПользовательскиеНастройкиКД (тип: ПользовательскиеНастройкиКомпоновкиДанных, Неопределено) - пользовательские настройки, в которых будет осуществляться первая итерация поиска значения. 
   НастройкиКД (тип: НастройкиКомпоновкиДанных, Неопределено) - настройки варианта отчета, в которых будет осуществляться вторая итерация поиска значения.
   ИменаПараметров - Строка - имена параметров, перечисленные через запятую.

 Возвращаемое значение:
   Структура - найденные значения параметров:
      Ключ - имя параметра;
      Значение - найденный параметр. 
   Неопределено, если параметр не существует.",{},task_102,server,,task14_Куликова_v1 .epf,"Функция НайтиПараметрыВНайстройкахКД(ПользовательскиеНастройкиКД, НастройкиКД, ИменаПараметров) Экспорт
	
	МассивИменПараметров = ПолучитьМассивИменПараметровКД(ИменаПараметров);
	
	Если МассивИменПараметров.Количество() = 0 Тогда
		Возврат Неопределено;
	КонецЕсли;
	
	НайденныеПараметры = Новый Структура;
	
	Для Каждого ИмяПараметра Из МассивИменПараметров Цикл
		
		НайденныйПараметр = Неопределено;
		
		// 1-я итерация: поиск в пользовательских настройках.
		Если ПользовательскиеНастройкиКД <> Неопределено Тогда
			НайденныйПараметр = НайтиПараметрВПользовательскихНастройкахКД(
				ПользовательскиеНастройкиКД,
				ИмяПараметра);
		КонецЕсли;
		
		// 2-я итерация: поиск в настройках варианта отчета.
		Если НайденныйПараметр = Неопределено
			И НастройкиКД <> Неопределено Тогда
			
			НайденныйПараметр = НайтиПараметрВНастройкахКД(
				НастройкиКД,
				ИмяПараметра);
			
		КонецЕсли;
		
		Если НайденныйПараметр <> Неопределено Тогда
			НайденныеПараметры.Вставить(ИмяПараметра, НайденныйПараметр);
		КонецЕсли;
		
	КонецЦикла;
	
	Если НайденныеПараметры.Количество() = 0 Тогда
		Возврат Неопределено;
	КонецЕсли;
	
	Возврат НайденныеПараметры;
	
КонецФункции

Функция ПолучитьМассивИменПараметровКД(ИменаПараметров)
	
	Результат = Новый Массив;
	
	Если ПустаяСтрока(ИменаПараметров) Тогда
		Возврат Результат;
	КонецЕсли;
	
	МассивИмен = СтрРазделить(ИменаПараметров, "","", Ложь);
	
	Для Каждого ИмяПараметра Из МассивИмен Цикл
		
		ИмяПараметра = СокрЛП(ИмяПараметра);
		
		Если ПустаяСтрока(ИмяПараметра) Тогда
			Продолжить;
		КонецЕсли;
		
		Если Результат.Найти(ИмяПараметра) = Неопределено Тогда
			Результат.Добавить(ИмяПараметра);
		КонецЕсли;
		
	КонецЦикла;
	
	Возврат Результат;
	
КонецФункции

Функция НайтиПараметрВПользовательскихНастройкахКД(ПользовательскиеНастройкиКД, ИмяПараметра)
	
	Если ПользовательскиеНастройкиКД = Неопределено Тогда
		Возврат Неопределено;
	КонецЕсли;
	
	ПараметрКомпоновкиДанных = Новый ПараметрКомпоновкиДанных(ИмяПараметра);
	
	// Прямой поиск по объекту ПараметрКомпоновкиДанных.
	Попытка
		НайденныйПараметр = ПользовательскиеНастройкиКД.Элементы.Найти(ПараметрКомпоновкиДанных);
		Если НайденныйПараметр <> Неопределено Тогда
			Возврат НайденныйПараметр;
		КонецЕсли;
	Исключение
	КонецПопытки;
	
	// Прямой поиск по имени параметра.
	Попытка
		НайденныйПараметр = ПользовательскиеНастройкиКД.Элементы.Найти(ИмяПараметра);
		Если НайденныйПараметр <> Неопределено Тогда
			Возврат НайденныйПараметр;
		КонецЕсли;
	Исключение
	КонецПопытки;
	
	// На случай, если метод Найти доступен непосредственно у объекта пользовательских настроек.
	Попытка
		НайденныйПараметр = ПользовательскиеНастройкиКД.Найти(ПараметрКомпоновкиДанных);
		Если НайденныйПараметр <> Неопределено Тогда
			Возврат НайденныйПараметр;
		КонецЕсли;
	Исключение
	КонецПопытки;
	
	Попытка
		НайденныйПараметр = ПользовательскиеНастройкиКД.Найти(ИмяПараметра);
		Если НайденныйПараметр <> Неопределено Тогда
			Возврат НайденныйПараметр;
		КонецЕсли;
	Исключение
	КонецПопытки;
	
	// Универсальный обход элементов пользовательских настроек.
	Попытка
		НайденныйПараметр = НайтиПараметрВКоллекцииЭлементовКД(
			ПользовательскиеНастройкиКД.Элементы,
			ИмяПараметра);
			
		Если НайденныйПараметр <> Неопределено Тогда
			Возврат НайденныйПараметр;
		КонецЕсли;
	Исключение
	КонецПопытки;
	
	Возврат Неопределено;
	
КонецФункции

Функция НайтиПараметрВНастройкахКД(НастройкиКД, ИмяПараметра)
	
	Если НастройкиКД = Неопределено Тогда
		Возврат Неопределено;
	КонецЕсли;
	
	ПараметрКомпоновкиДанных = Новый ПараметрКомпоновкиДанных(ИмяПараметра);
	
	// Основной вариант для настроек СКД:
	// НастройкиКД.ПараметрыДанных.Элементы.Найти(Новый ПараметрКомпоновкиДанных(...)).
	Попытка
		НайденныйПараметр = НастройкиКД.ПараметрыДанных.Элементы.Найти(ПараметрКомпоновкиДанных);
		Если НайденныйПараметр <> Неопределено Тогда
			Возврат НайденныйПараметр;
		КонецЕсли;
	Исключение
	КонецПопытки;
	
	// Дополнительный вариант поиска по строковому имени.
	Попытка
		НайденныйПараметр = НастройкиКД.ПараметрыДанных.Элементы.Найти(ИмяПараметра);
		Если НайденныйПараметр <> Неопределено Тогда
			Возврат НайденныйПараметр;
		КонецЕсли;
	Исключение
	КонецПопытки;
	
	// На случай, если метод Найти доступен у коллекции ПараметрыДанных.
	Попытка
		НайденныйПараметр = НастройкиКД.ПараметрыДанных.Найти(ПараметрКомпоновкиДанных);
		Если НайденныйПараметр <> Неопределено Тогда
			Возврат НайденныйПараметр;
		КонецЕсли;
	Исключение
	КонецПопытки;
	
	Попытка
		НайденныйПараметр = НастройкиКД.ПараметрыДанных.Найти(ИмяПараметра);
		Если НайденныйПараметр <> Неопределено Тогда
			Возврат НайденныйПараметр;
		КонецЕсли;
	Исключение
	КонецПопытки;
	
	// Универсальный обход параметров данных.
	Попытка
		НайденныйПараметр = НайтиПараметрВКоллекцииЭлементовКД(
			НастройкиКД.ПараметрыДанных.Элементы,
			ИмяПараметра);
			
		Если НайденныйПараметр <> Неопределено Тогда
			Возврат НайденныйПараметр;
		КонецЕсли;
	Исключение
	КонецПопытки;
	
	Возврат Неопределено;
	
КонецФункции

Функция НайтиПараметрВКоллекцииЭлементовКД(КоллекцияЭлементов, ИмяПараметра)
	
	Если КоллекцияЭлементов = Неопределено Тогда
		Возврат Неопределено;
	КонецЕсли;
	
	Для Каждого ЭлементКоллекции Из КоллекцияЭлементов Цикл
		
		Если ЭлементСоответствуетИмениПараметраКД(ЭлементКоллекции, ИмяПараметра) Тогда
			Возврат ЭлементКоллекции;
		КонецЕсли;
		
		// Рекурсивный обход на случай вложенных элементов.
		Попытка
			НайденныйПараметр = НайтиПараметрВКоллекцииЭлементовКД(
				ЭлементКоллекции.Элементы,
				ИмяПараметра);
				
			Если НайденныйПараметр <> Неопределено Тогда
				Возврат НайденныйПараметр;
			КонецЕсли;
		Исключение
		КонецПопытки;
		
	КонецЦикла;
	
	Возврат Неопределено;
	
КонецФункции

Функция ЭлементСоответствуетИмениПараметраКД(Элемент, ИмяПараметра)
	
	// Сам элемент может быть параметром компоновки данных.
	Если ЗначениеСоответствуетИмениПараметраКД(Элемент, ИмяПараметра) Тогда
		Возврат Истина;
	КонецЕсли;
	
	// Для элементов коллекции ПараметрыДанных обычно используется свойство Параметр.
	Попытка
		Если ЗначениеСоответствуетИмениПараметраКД(Элемент.Параметр, ИмяПараметра) Тогда
			Возврат Истина;
		КонецЕсли;
	Исключение
	КонецПопытки;
	
	// Для пользовательских настроек идентификатор может быть равен имени параметра.
	Попытка
		Если ЗначениеСоответствуетИмениПараметраКД(Элемент.Идентификатор, ИмяПараметра) Тогда
			Возврат Истина;
		КонецЕсли;
	Исключение
	КонецПопытки;
	
	Попытка
		Если ЗначениеСоответствуетИмениПараметраКД(Элемент.ИдентификаторПользовательскойНастройки, ИмяПараметра) Тогда
			Возврат Истина;
		КонецЕсли;
	Исключение
	КонецПопытки;
	
	Попытка
		Если ЗначениеСоответствуетИмениПараметраКД(Элемент.Имя, ИмяПараметра) Тогда
			Возврат Истина;
		КонецЕсли;
	Исключение
	КонецПопытки;
	
	Попытка
		Если ЗначениеСоответствуетИмениПараметраКД(Элемент.Наименование, ИмяПараметра) Тогда
			Возврат Истина;
		КонецЕсли;
	Исключение
	КонецПопытки;
	
	// В пользовательских настройках исходная настройка может храниться во вложенном свойстве Настройка.
	Попытка
		Если Элемент.Настройка <> Неопределено Тогда
			Если ЭлементСоответствуетИмениПараметраКД(Элемент.Настройка, ИмяПараметра) Тогда
				Возврат Истина;
			КонецЕсли;
		КонецЕсли;
	Исключение
	КонецПопытки;
	
	Возврат Ложь;
	
КонецФункции

Функция ЗначениеСоответствуетИмениПараметраКД(Значение, ИмяПараметра)
	
	Если Значение = Неопределено Тогда
		Возврат Ложь;
	КонецЕсли;
	
	// Строковое значение.
	Если ТипЗнч(Значение) = Тип(""Строка"") Тогда
		Возврат СокрЛП(Значение) = ИмяПараметра;
	КонецЕсли;
	
	// Объекты параметров компоновки данных обычно имеют свойство Имя.
	Попытка
		Если СокрЛП(Значение.Имя) = ИмяПараметра Тогда
			Возврат Истина;
		КонецЕсли;
	Исключение
	КонецПопытки;
	
	// Резервный вариант сравнения через строковое представление.
	Попытка
		Если СокрЛП(Строка(Значение)) = ИмяПараметра Тогда
			Возврат Истина;
		КонецЕсли;
	Исключение
	КонецПопытки;
	
	Возврат Ложь;
	
КонецФункции"
"Написать функцию ДобавитьГруппировкуВКореньСтруктуры(КомпоновщикНастроек, Знач Поле = Неопределено, ПараметрыГруппировки = Неопределено), которая добавлят группировку
в компоновщик настроек в корневой структуры настроек, если поле не указанао, то в детальные записи.

Параметры функции:
	КомпоновщикНастроек (тип: КомпоновщикНастроекКомпоновкиДанных, НастройкиКомпоновкиДанных) - элемент структуры компоновки данных.
	Поля(тип: Строка, ПолеКомпоновкиДанных) - имя поля или поле компоновки данных.
	ПараметрыГруппировки (тип: Структура) - Структура со свойствами:
		*НачалоПериода (тип: Дата) - начало периода группировки по полю периода.
		*КонецПериода (тип: Дата) - конец периода группировки по полю периода.
		*ТипГруппировки (тип: ТипГруппировкиКомпоновкиДанных) - тип группировки.
		*ТипДополнения (тип: ТипДополненияПериодаКомпоновкиДанных) - тип дополнения.
Возвращаемое значение:
	ГруппировкаТаблицыКомпоновкиДанных, ГруппировкаДиаграммыКомпоновкиДанных, ГруппировкаКомпоновкиДанных - новая группировка в корне структуры.",{},task_103,server,,task15_Куликова_v1.epf,"Функция ДобавитьГруппировкуВКореньСтруктуры(КомпоновщикНастроек, Знач Поле = Неопределено, ПараметрыГруппировки = Неопределено) Экспорт
	
	НастройкиКомпоновки = ПолучитьНастройкиКомпоновкиДанных(КомпоновщикНастроек);
	
	Если НастройкиКомпоновки = Неопределено Тогда
		ВызватьИсключение ""Не удалось получить настройки компоновки данных."";
	КонецЕсли;
	
	Если ПараметрыГруппировки <> Неопределено
		И ТипЗнч(ПараметрыГруппировки) <> Тип(""Структура"") Тогда
		
		ВызватьИсключение ""Параметр """"ПараметрыГруппировки"""" должен иметь тип Структура."";
		
	КонецЕсли;
	
	НоваяГруппировка = НастройкиКомпоновки.Структура.Добавить(Тип(""ГруппировкаКомпоновкиДанных""));
	НоваяГруппировка.Использование = Истина;
	
	Если ПолеГруппировкиНеУказано(Поле) Тогда
		
		// Группировка без полей группировки в СКД соответствует детальным записям.
		НоваяГруппировка.ПоляГруппировки.Элементы.Очистить();
		
		Возврат НоваяГруппировка;
		
	КонецЕсли;
	
	ПолеГруппировки = НоваяГруппировка.ПоляГруппировки.Элементы.Добавить(Тип(""ПолеГруппировкиКомпоновкиДанных""));
	ПолеГруппировки.Использование = Истина;
	ПолеГруппировки.Поле = ПолучитьПолеКомпоновкиДанных(Поле);
	
	ЗаполнитьПараметрыПоляГруппировки(ПолеГруппировки, ПараметрыГруппировки);
	
	Возврат НоваяГруппировка;
	
КонецФункции

Функция ПолучитьНастройкиКомпоновкиДанных(КомпоновщикНастроек)
	
	Если КомпоновщикНастроек = Неопределено Тогда
		Возврат Неопределено;
	КонецЕсли;
	
	Если ТипЗнч(КомпоновщикНастроек) = Тип(""КомпоновщикНастроекКомпоновкиДанных"") Тогда
		Возврат КомпоновщикНастроек.Настройки;
	КонецЕсли;
	
	Если ТипЗнч(КомпоновщикНастроек) = Тип(""НастройкиКомпоновкиДанных"") Тогда
		Возврат КомпоновщикНастроек;
	КонецЕсли;
	
	ВызватьИсключение ""Параметр """"КомпоновщикНастроек"""" должен иметь тип КомпоновщикНастроекКомпоновкиДанных или НастройкиКомпоновкиДанных."";
	
КонецФункции

Функция ПолеГруппировкиНеУказано(Знач Поле)
	
	Если Поле = Неопределено Тогда
		Возврат Истина;
	КонецЕсли;
	
	Если ТипЗнч(Поле) = Тип(""Строка"") Тогда
		Возврат СокрЛП(Поле) = """";
	КонецЕсли;
	
	Возврат Ложь;
	
КонецФункции

Функция ПолучитьПолеКомпоновкиДанных(Знач Поле)
	
	Если ТипЗнч(Поле) = Тип(""ПолеКомпоновкиДанных"") Тогда
		Возврат Поле;
	КонецЕсли;
	
	Если ТипЗнч(Поле) = Тип(""Строка"") Тогда
		
		ИмяПоля = СокрЛП(Поле);
		
		Если ИмяПоля = """" Тогда
			ВызватьИсключение ""Имя поля группировки не заполнено."";
		КонецЕсли;
		
		Возврат Новый ПолеКомпоновкиДанных(ИмяПоля);
		
	КонецЕсли;
	
	ВызватьИсключение ""Параметр """"Поле"""" должен иметь тип Строка или ПолеКомпоновкиДанных."";
	
КонецФункции

Процедура ЗаполнитьПараметрыПоляГруппировки(ПолеГруппировки, ПараметрыГруппировки)
	
	Если ПараметрыГруппировки = Неопределено Тогда
		Возврат;
	КонецЕсли;
	
	ЗначениеПараметра = Неопределено;
	
	Если ПараметрыГруппировки.Свойство(""НачалоПериода"", ЗначениеПараметра)
		И ЗначениеПараметра <> Неопределено Тогда
		
		ПолеГруппировки.НачалоПериода = ЗначениеПараметра;
		
	КонецЕсли;
	
	Если ПараметрыГруппировки.Свойство(""КонецПериода"", ЗначениеПараметра)
		И ЗначениеПараметра <> Неопределено Тогда
		
		ПолеГруппировки.КонецПериода = ЗначениеПараметра;
		
	КонецЕсли;
	
	Если ПараметрыГруппировки.Свойство(""ТипГруппировки"", ЗначениеПараметра)
		И ЗначениеПараметра <> Неопределено Тогда
		
		ПолеГруппировки.ТипГруппировки = ЗначениеПараметра;
		
	КонецЕсли;
	
	Если ПараметрыГруппировки.Свойство(""ТипДополнения"", ЗначениеПараметра)
		И ЗначениеПараметра <> Неопределено Тогда
		
		ПолеГруппировки.ТипДополнения = ЗначениеПараметра;
		
	КонецЕсли;
	
КонецПроцедуры"
"Написать функцию УстановитьОграниченияИспользованияПоля(СхемаКД, Поле, Ограничения), которая в переданной схеме компоновки данных отчета(СхемаКД) 
для поля(Поле) устанавливает ограничения использования по структуре ограничений(Ограничения).  
Функция для каждого НабораДанных схемы компоновки данных должна проверить наличие поля(Поле).
Если поле найдено, тогда установить ограничения использования согласно переданной стуктуре ограничений.

Параметры функции:
СхемаКД (тип: СхемаКомпоновкиДанных) - схема компоновки данных натсраиваемого отчета.
Поле (тип: Строка, ПолеКомпоновкиДанных) - поле, для которого требуется установить ограничения использования.
Ограничения (тип: Структура) - структура с ключами ограничений:
   *Поле (тип: Булево) - Ограничение доступа поле для выбора. 
   *Условие (тип: Булево) - Ограничение использования поля в условии.
   *Группа (тип: Булево) - Ограничение использования поля в группировке.
   *Упорядочивание (тип: Булево) - Ограничение использования поля для упорядочивания.",{},task_104,server,,task16_Куликова_v1.epf,"// Устанавливает ограничения использования поля во всех наборах данных СКД.
// Возвращает Истина, если поле найдено хотя бы в одном наборе данных.
Функция УстановитьОграниченияИспользованияПоля(СхемаКД, Поле, Ограничения) Экспорт
	
	Если СхемаКД = Неопределено Тогда
		ВызватьИсключение ""Не передана схема компоновки данных."";
	КонецЕсли;
	
	Если ТипЗнч(Ограничения) <> Тип(""Структура"") Тогда
		ВызватьИсключение ""Параметр """"Ограничения"""" должен иметь тип Структура."";
	КонецЕсли;
	
	ИскомоеПоле = ПолучитьПолеКомпоновкиДанных(Поле);
	ИмяИскомогоПоля = Строка(ИскомоеПоле);
	
	КоличествоИзмененныхПолей = 0;
	
	Для Каждого НаборДанных Из СхемаКД.НаборыДанных Цикл
		
		Для Каждого ПолеНабораДанных Из НаборДанных.Поля Цикл
			
			Если Не ЭтоИскомоеПолеНабораДанных(ПолеНабораДанных, ИскомоеПоле, ИмяИскомогоПоля) Тогда
				Продолжить;
			КонецЕсли;
			
			УстановитьОграниченияПоляНабораДанных(ПолеНабораДанных, Ограничения);
			КоличествоИзмененныхПолей = КоличествоИзмененныхПолей + 1;
			
		КонецЦикла;
		
	КонецЦикла;
	
	Возврат КоличествоИзмененныхПолей > 0;
	
КонецФункции

Функция ПолучитьПолеКомпоновкиДанных(Поле)
	
	Если ТипЗнч(Поле) = Тип(""ПолеКомпоновкиДанных"") Тогда
		Возврат Поле;
	КонецЕсли;
	
	Если ТипЗнч(Поле) = Тип(""Строка"") Тогда
		
		ИмяПоля = СокрЛП(Поле);
		
		Если ПустаяСтрока(ИмяПоля) Тогда
			ВызватьИсключение ""Не указано имя поля компоновки данных."";
		КонецЕсли;
		
		Возврат Новый ПолеКомпоновкиДанных(ИмяПоля);
		
	КонецЕсли;
	
	ВызватьИсключение ""Параметр """"Поле"""" должен иметь тип Строка или ПолеКомпоновкиДанных."";
	
КонецФункции

Функция ЭтоИскомоеПолеНабораДанных(ПолеНабораДанных, ИскомоеПоле, ИмяИскомогоПоля)
	
	Если ПолеНабораДанных.Поле = ИскомоеПоле Тогда
		Возврат Истина;
	КонецЕсли;
	
	// Дополнительная проверка по строковому представлению поля.
	Если Строка(ПолеНабораДанных.Поле) = ИмяИскомогоПоля Тогда
		Возврат Истина;
	КонецЕсли;
	
	// Для полей набора данных также часто заполнен путь к данным.
	Если ПолеНабораДанных.ПутьКДанным = ИмяИскомогоПоля Тогда
		Возврат Истина;
	КонецЕсли;
	
	Возврат Ложь;
	
КонецФункции

Процедура УстановитьОграниченияПоляНабораДанных(ПолеНабораДанных, Ограничения)
	
	ОграничениеИспользования = ПолеНабораДанных.ОграничениеИспользования;
	
	Если ОграничениеИспользования = Неопределено Тогда
		ОграничениеИспользования = Новый ОграничениеИспользованияПоляКомпоновкиДанных;
	КонецЕсли;
	
	ЗначениеОграничения = Ложь;
	
	Если ПолучитьЗначениеОграничения(Ограничения, ""Поле"", ЗначениеОграничения) Тогда
		ОграничениеИспользования.Поле = ЗначениеОграничения;
	КонецЕсли;
	
	Если ПолучитьЗначениеОграничения(Ограничения, ""Условие"", ЗначениеОграничения) Тогда
		ОграничениеИспользования.Условие = ЗначениеОграничения;
	КонецЕсли;
	
	Если ПолучитьЗначениеОграничения(Ограничения, ""Группа"", ЗначениеОграничения) Тогда
		ОграничениеИспользования.Группа = ЗначениеОграничения;
	КонецЕсли;
	
	Если ПолучитьЗначениеОграничения(Ограничения, ""Упорядочивание"", ЗначениеОграничения) Тогда
		ОграничениеИспользования.Упорядочивание = ЗначениеОграничения;
	КонецЕсли;
	
	ПолеНабораДанных.ОграничениеИспользования = ОграничениеИспользования;
	
КонецПроцедуры

Функция ПолучитьЗначениеОграничения(Ограничения, ИмяОграничения, ЗначениеОграничения)
	
	Если Не Ограничения.Свойство(ИмяОграничения, ЗначениеОграничения) Тогда
		Возврат Ложь;
	КонецЕсли;
	
	Если ТипЗнч(ЗначениеОграничения) <> Тип(""Булево"") Тогда
		ВызватьИсключение ""Значение ограничения """""" + ИмяОграничения + """""" должно иметь тип Булево."";
	КонецЕсли;
	
	Возврат Истина;
	
КонецФункции"
"Написать функцию УстановитьРольПоляНабораДанныхСКД(СхемаКД, Поле, СвойстваРоль), которая в переданной схеме компоновки данных отчета(СхемаКД) 
для поля(Поле) устанавливает роль по структуре описания роли(СвойстваРоль).  
Функция для каждого НабораДанных схемы компоновки данных должна проверить наличие поля(Поле).
Если поле найдено, тогда роль по ее описанию(СвойстваРоль).

ПараметрыФункции:
СхемаКД (тип: СхемаКомпоновкиДанных) - схема компоновки данных натсраиваемого отчета.
Поле (тип: Строка, ПолеКолмпоновкиДанных) - поле, для которого требуется установить ограничения использования.
СвойстваРоль (тип: Структура) - структура c описанием роли поля набора компоновки данных:
* БезРоли (тип: Булево) - Если Истина, тогда все свойства должны быть очищены. 
* ВыражениеВидаСчета (тип: Строка) - Выражение, при помощи которого будет определяться тип счета.
* ГруппаОстатка (тип: Строка) - Для поля остатка - строка, содержащая имя группы полей остатка.
* НомерПериода (тип: Число) - Номер периода в случае, если поле является полем–периодом.
* ИгнорироватьЗначенияNULL (тип: Булево) - Содержит признак того, что в результат не нужно включать групповые записи по данному полю в случае, если поле содержит значение NULL
* Измерение (тип: Булево) - Истина - поле является измерением.
* Обязательное (тип: Булево) - Содержит признак необходимости обязательного добавления данного поля в набор данных макета компоновки данных в случае, если из набора данных поля в настройках задействовано хотя бы одно поле.
* Остаток (тип: Булево) - Содержит признак того, что поле является полем остатка.
* ПолеСчета (тип: Строка) - Для полей бухгалтерского остатка – имя поля счет, для которого рассчитываются остатки.    
* РеквизитИзмерения (тип: Булево) поле является реквизитом поля, являющегося измерением.
* РодительскоеИзмерение (тип: Строка) - Содержит путь к данным родительского поля - измерения.
* Счет (тип: Булево) - Содержит признак того, что поле является полем счета. Данная информация используется при расчете по полям бухгалтерского остатка. 
* ТипБухгалтерскогоОстатка (тип: ТипБухгалтерскогоОстаткаКомпоновкиДанных) Тип бухгалтерского остатка.  
* ТипОстатка (тип: ТипОстаткаКомпоновкиДанных) - Тип поля остатка.                                         
* ТипПериода (тип: ТипПериодаКомпоновкиДанных) - Если поле имеет тип периода Дополнительный, то это говорит о том, что поле не обязательно должно использоваться в компоновке в случае, если в отчете использованы его дочерние периоды. 
В противном случае использование дочернего поля–периода говорит о необходимости использования в группировке и данного поля.",{},task_105,server,,task17_Куликова_v1.epf,"Функция УстановитьРольПоляНабораДанныхСКД(СхемаКД, Поле, СвойстваРоль) Экспорт
	
	Если СхемаКД = Неопределено Или СвойстваРоль = Неопределено Тогда
		Возврат Ложь;
	КонецЕсли;
	
	ИмяПоля = НормализованноеИмяПоляСКД(Поле);
	Если ПустаяСтрока(ИмяПоля) Тогда
		Возврат Ложь;
	КонецЕсли;
	
	РольУстановлена = Ложь;
	
	Для Каждого НаборДанных Из СхемаКД.НаборыДанных Цикл
		Если УстановитьРольПоляВНабореДанныхСКД(НаборДанных, ИмяПоля, СвойстваРоль) Тогда
			РольУстановлена = Истина;
		КонецЕсли;
	КонецЦикла;
	
	Возврат РольУстановлена;
	
КонецФункции

Функция УстановитьРольПоляВНабореДанныхСКД(НаборДанных, ИмяПоля, СвойстваРоль)
	
	РольУстановлена = Ложь;
	
	ПоляНабораДанных = Неопределено;
	
	Попытка
		ПоляНабораДанных = НаборДанных.Поля;
	Исключение
		ПоляНабораДанных = Неопределено;
	КонецПопытки;
	
	Если ПоляНабораДанных <> Неопределено Тогда
		Если УстановитьРольПоляВКоллекцииПолейСКД(ПоляНабораДанных, ИмяПоля, СвойстваРоль) Тогда
			РольУстановлена = Истина;
		КонецЕсли;
	КонецЕсли;
	
	// Для составных наборов данных, например объединений, обрабатываем подчиненные наборы.
	ПодчиненныеНаборыДанных = Неопределено;
	
	Попытка
		ПодчиненныеНаборыДанных = НаборДанных.НаборыДанных;
	Исключение
		ПодчиненныеНаборыДанных = Неопределено;
	КонецПопытки;
	
	Если ПодчиненныеНаборыДанных <> Неопределено Тогда
		Для Каждого ПодчиненныйНаборДанных Из ПодчиненныеНаборыДанных Цикл
			Если УстановитьРольПоляВНабореДанныхСКД(ПодчиненныйНаборДанных, ИмяПоля, СвойстваРоль) Тогда
				РольУстановлена = Истина;
			КонецЕсли;
		КонецЦикла;
	КонецЕсли;
	
	Возврат РольУстановлена;
	
КонецФункции

Функция УстановитьРольПоляВКоллекцииПолейСКД(ПоляНабораДанных, ИмяПоля, СвойстваРоль)
	
	РольУстановлена = Ложь;
	
	Для Каждого ПолеНабораДанных Из ПоляНабораДанных Цикл
		
		Если ПолеНабораДанныхСоответствуетИмениСКД(ПолеНабораДанных, ИмяПоля) Тогда
			
			БезРоли = Ложь;
			СвойстваРоль.Свойство(""БезРоли"", БезРоли);
			
			ОчиститьРольПоляНабораДанныхСКД(ПолеНабораДанных.Роль);
			
			Если Не БезРоли Тогда
				ЗаполнитьРольПоляНабораДанныхСКД(ПолеНабораДанных.Роль, СвойстваРоль);
			КонецЕсли;
			
			РольУстановлена = Истина;
			
		КонецЕсли;
		
		// На случай, если в коллекции присутствуют группы полей.
		ВложенныеПоля = Неопределено;
		
		Попытка
			ВложенныеПоля = ПолеНабораДанных.Поля;
		Исключение
			ВложенныеПоля = Неопределено;
		КонецПопытки;
		
		Если ВложенныеПоля <> Неопределено Тогда
			Если УстановитьРольПоляВКоллекцииПолейСКД(ВложенныеПоля, ИмяПоля, СвойстваРоль) Тогда
				РольУстановлена = Истина;
			КонецЕсли;
		КонецЕсли;
		
	КонецЦикла;
	
	Возврат РольУстановлена;
	
КонецФункции

Функция ПолеНабораДанныхСоответствуетИмениСКД(ПолеНабораДанных, ИмяПоля)
	
	ИмяПоля = НРег(СокрЛП(ИмяПоля));
	
	Если ПустаяСтрока(ИмяПоля) Тогда
		Возврат Ложь;
	КонецЕсли;
	
	ПутьКДанным = """";
	ИмяПоляНабора = """";
	ПолеНабора = """";
	
	Попытка
		ПутьКДанным = НормализованноеИмяПоляСКД(ПолеНабораДанных.ПутьКДанным);
	Исключение
		ПутьКДанным = """";
	КонецПопытки;
	
	Если НРег(ПутьКДанным) = ИмяПоля Тогда
		Возврат Истина;
	КонецЕсли;
	
	Попытка
		ПолеНабора = НормализованноеИмяПоляСКД(ПолеНабораДанных.Поле);
	Исключение
		ПолеНабора = """";
	КонецПопытки;
	
	Если НРег(ПолеНабора) = ИмяПоля Тогда
		Возврат Истина;
	КонецЕсли;
	
	Попытка
		ИмяПоляНабора = НормализованноеИмяПоляСКД(ПолеНабораДанных.Имя);
	Исключение
		ИмяПоляНабора = """";
	КонецПопытки;
	
	Если НРег(ИмяПоляНабора) = ИмяПоля Тогда
		Возврат Истина;
	КонецЕсли;
	
	Возврат Ложь;
	
КонецФункции

Функция НормализованноеИмяПоляСКД(Поле)
	
	Если Поле = Неопределено Тогда
		Возврат """";
	КонецЕсли;
	
	Если ТипЗнч(Поле) = Тип(""Строка"") Тогда
		Возврат СокрЛП(Поле);
	КонецЕсли;
	
	Результат = """";
	
	Попытка
		Результат = СокрЛП(Строка(Поле.ПутьКДанным));
	Исключение
		Результат = """";
	КонецПопытки;
	
	Если Не ПустаяСтрока(Результат) Тогда
		Возврат Результат;
	КонецЕсли;
	
	Попытка
		Результат = СокрЛП(Строка(Поле.Поле));
	Исключение
		Результат = """";
	КонецПопытки;
	
	Если Не ПустаяСтрока(Результат) Тогда
		Возврат Результат;
	КонецЕсли;
	
	Попытка
		Результат = СокрЛП(Строка(Поле.Имя));
	Исключение
		Результат = """";
	КонецПопытки;
	
	Если Не ПустаяСтрока(Результат) Тогда
		Возврат Результат;
	КонецЕсли;
	
	Возврат СокрЛП(Строка(Поле));
	
КонецФункции

Процедура ОчиститьРольПоляНабораДанныхСКД(РольПоля)
	
	РольПоля.ВыражениеВидаСчета = """";
	РольПоля.ГруппаОстатка = """";
	РольПоля.НомерПериода = 0;
	РольПоля.ИгнорироватьЗначенияNULL = Ложь;
	РольПоля.Измерение = Ложь;
	РольПоля.Обязательное = Ложь;
	РольПоля.Остаток = Ложь;
	РольПоля.ПолеСчета = """";
	РольПоля.РеквизитИзмерения = Ложь;
	РольПоля.РодительскоеИзмерение = """";
	РольПоля.Счет = Ложь;
	
	Попытка
		РольПоля.ТипБухгалтерскогоОстатка = Неопределено;
	Исключение
	КонецПопытки;
	
	Попытка
		РольПоля.ТипОстатка = Неопределено;
	Исключение
	КонецПопытки;
	
	Попытка
		РольПоля.ТипПериода = Неопределено;
	Исключение
	КонецПопытки;
	
КонецПроцедуры

Процедура ЗаполнитьРольПоляНабораДанныхСКД(РольПоля, СвойстваРоль)
	
	ЗначениеСвойства = Неопределено;
	
	Если СвойстваРоль.Свойство(""ВыражениеВидаСчета"", ЗначениеСвойства) Тогда
		РольПоля.ВыражениеВидаСчета = ЗначениеСвойства;
	КонецЕсли;
	
	Если СвойстваРоль.Свойство(""ГруппаОстатка"", ЗначениеСвойства) Тогда
		РольПоля.ГруппаОстатка = ЗначениеСвойства;
	КонецЕсли;
	
	Если СвойстваРоль.Свойство(""НомерПериода"", ЗначениеСвойства) Тогда
		РольПоля.НомерПериода = ЗначениеСвойства;
	КонецЕсли;
	
	Если СвойстваРоль.Свойство(""ИгнорироватьЗначенияNULL"", ЗначениеСвойства) Тогда
		РольПоля.ИгнорироватьЗначенияNULL = ЗначениеСвойства;
	КонецЕсли;
	
	Если СвойстваРоль.Свойство(""Измерение"", ЗначениеСвойства) Тогда
		РольПоля.Измерение = ЗначениеСвойства;
	КонецЕсли;
	
	Если СвойстваРоль.Свойство(""Обязательное"", ЗначениеСвойства) Тогда
		РольПоля.Обязательное = ЗначениеСвойства;
	КонецЕсли;
	
	Если СвойстваРоль.Свойство(""Остаток"", ЗначениеСвойства) Тогда
		РольПоля.Остаток = ЗначениеСвойства;
	КонецЕсли;
	
	Если СвойстваРоль.Свойство(""ПолеСчета"", ЗначениеСвойства) Тогда
		Попытка
			РольПоля.ПолеСчета = ЗначениеСвойства;
		Исключение
			РольПоля.ПолеСчета = Новый ПолеКомпоновкиДанных(ЗначениеСвойства);
		КонецПопытки;
	КонецЕсли;
	
	Если СвойстваРоль.Свойство(""РеквизитИзмерения"", ЗначениеСвойства) Тогда
		РольПоля.РеквизитИзмерения = ЗначениеСвойства;
	КонецЕсли;
	
	Если СвойстваРоль.Свойство(""РодительскоеИзмерение"", ЗначениеСвойства) Тогда
		Попытка
			РольПоля.РодительскоеИзмерение = ЗначениеСвойства;
		Исключение
			РольПоля.РодительскоеИзмерение = Новый ПолеКомпоновкиДанных(ЗначениеСвойства);
		КонецПопытки;
	КонецЕсли;
	
	Если СвойстваРоль.Свойство(""Счет"", ЗначениеСвойства) Тогда
		РольПоля.Счет = ЗначениеСвойства;
	КонецЕсли;
	
	Если СвойстваРоль.Свойство(""ТипБухгалтерскогоОстатка"", ЗначениеСвойства) Тогда
		РольПоля.ТипБухгалтерскогоОстатка = ЗначениеСвойства;
	КонецЕсли;
	
	Если СвойстваРоль.Свойство(""ТипОстатка"", ЗначениеСвойства) Тогда
		РольПоля.ТипОстатка = ЗначениеСвойства;
	КонецЕсли;
	
	Если СвойстваРоль.Свойство(""ТипПериода"", ЗначениеСвойства) Тогда
		РольПоля.ТипПериода = ЗначениеСвойства;
	КонецЕсли;
	
КонецПроцедуры"
"Написать функцию СформироватьОтчетПрайсЛистТолькоЦены(ВидЦен), которая формирует отчет на сервере ""ПрайсЛист"" по заданному виду цен, 
с группировкой только по детальным записям, без вывода полей Товар.Цвет и Изображенией.  

Функция должна программно сформировать отчет ""ПрайсЛист"", вариант отчета ""Основной"".
Подменить стандартную структуру отчета на новую структуру: группировка ДетальныеЗаписи. 
Настройки отчета:
    Структура: Группировка: 
                 ДетальныеЗаписи: ВыбранныеПоля = Товар, Артикул, Цена.         
    Параметры отчета: ВидЦен 
	    Значения параметов: ВидЦен = ВидЦен.  
   	Параметры вывода: ВыводитьПараметрыДанных = Не выводить,
	                  ВыводитьОтбор = Не выводить.                
Возвращаемое значение: ТабличныйДокумент.","{""Catalogs"": [{""id"": ""ВидыЦен"", ""name"": ""Виды цен"", ""Attributes"": []}, {""id"": ""Товары"", ""name"": ""Товары"", ""Attributes"": [{""id"": ""Артикул"", ""name"": ""Артикул"", ""types"": [{""type"": ""String"", ""StringQualifiers"": ""15""}]}, {""id"": ""Поставщик"", ""name"": ""Поставщик"", ""types"": [{""type"": ""Ref"", ""id"": ""Справочник.Контрагенты""}]}, {""id"": ""ФайлКартинки"", ""name"": ""Картинка"", ""types"": [{""type"": ""Ref"", ""id"": ""Справочник.ХранимыеФайлы""}]}, {""id"": ""Вид"", ""name"": ""Вид"", ""types"": []}, {""id"": ""Штрихкод"", ""name"": ""Штрихкод"", ""types"": [{""type"": ""String"", ""StringQualifiers"": ""20""}]}, {""id"": ""Описание"", ""name"": ""Описание"", ""types"": [{""type"": ""String"", ""StringQualifiers"": ""0""}]}]}]}",task_106,server,high,task17_сложн_Куликова_v2.epf,"// Разместить в серверном общем модуле.
// Функция формирует отчет ""ПрайсЛист"", вариант ""Основной"",
// заменяя структуру отчета на группировку ""ДетальныеЗаписи""
// и выводя только поля: Товар, Артикул, Цена.
Функция СформироватьОтчетПрайсЛистТолькоЦены(ВидЦен) Экспорт
	
	ОтчетОбъект = Отчеты.ПрайсЛист.Создать();
	
	СхемаКомпоновкиДанных = ОтчетОбъект.ПолучитьМакет(""ОсновнаяСхемаКомпоновкиДанных"");
	
	Настройки = ПолучитьНастройкиОсновногоВариантаПрайсЛиста(СхемаКомпоновкиДанных);
	ОтчетОбъект.КомпоновщикНастроек.ЗагрузитьНастройки(Настройки);
	
	Настройки = ОтчетОбъект.КомпоновщикНастроек.Настройки;
	
	// Полностью заменяем стандартную структуру отчета.
	Настройки.Структура.Очистить();
	
	ГруппировкаДетальныеЗаписи = Настройки.Структура.Добавить(Тип(""ГруппировкаКомпоновкиДанных""));
	ГруппировкаДетальныеЗаписи.Использование = Истина;
	
	// Группировка без полей группировки в СКД является группировкой ""Детальные записи"".
	ГруппировкаДетальныеЗаписи.ПоляГруппировки.Элементы.Очистить();
	
	// Очищаем выбранные поля, чтобы исключить Товар.Цвет, изображения и прочие поля.
	Настройки.Выбор.Элементы.Очистить();
	
	ДобавитьВыбранноеПолеКомпоновкиДанных(Настройки.Выбор.Элементы, ""Товар"");
	ДобавитьВыбранноеПолеКомпоновкиДанных(Настройки.Выбор.Элементы, ""Артикул"");
	ДобавитьВыбранноеПолеКомпоновкиДанных(Настройки.Выбор.Элементы, ""Цена"");
	
	// Параметр отчета.
	УстановитьПараметрДанныхКомпоновкиДанных(Настройки, ""ВидЦен"", ВидЦен);
	
	// Параметры вывода.
	Настройки.ПараметрыВывода.УстановитьЗначениеПараметра(
		""ВыводитьПараметрыДанных"",
		ТипВыводаТекстаКомпоновкиДанных.НеВыводить);
	
	Настройки.ПараметрыВывода.УстановитьЗначениеПараметра(
		""ВыводитьОтбор"",
		ТипВыводаТекстаКомпоновкиДанных.НеВыводить);
	
	ТабличныйДокумент = Новый ТабличныйДокумент;
	ДанныеРасшифровки = Новый ДанныеРасшифровкиКомпоновкиДанных;
	
	КомпоновщикМакета = Новый КомпоновщикМакетаКомпоновкиДанных;
	МакетКомпоновки = КомпоновщикМакета.Выполнить(
		СхемаКомпоновкиДанных,
		Настройки,
		ДанныеРасшифровки);
	
	ПроцессорКомпоновки = Новый ПроцессорКомпоновкиДанных;
	ПроцессорКомпоновки.Инициализировать(МакетКомпоновки);
	
	ПроцессорВывода = Новый ПроцессорВыводаРезультатаКомпоновкиДанныхВТабличныйДокумент;
	ПроцессорВывода.УстановитьДокумент(ТабличныйДокумент);
	ПроцессорВывода.Вывести(ПроцессорКомпоновки);
	
	Возврат ТабличныйДокумент;
	
КонецФункции


Функция ПолучитьНастройкиОсновногоВариантаПрайсЛиста(СхемаКомпоновкиДанных)
	
	ВариантНастроек = СхемаКомпоновкиДанных.ВариантыНастроек.Найти(""Основной"");
	
	Если ВариантНастроек <> Неопределено Тогда
		Возврат ВариантНастроек.Настройки.Скопировать();
	КонецЕсли;
	
	Возврат СхемаКомпоновкиДанных.НастройкиПоУмолчанию.Скопировать();
	
КонецФункции


Процедура ДобавитьВыбранноеПолеКомпоновкиДанных(ЭлементыВыбора, ИмяПоля)
	
	ВыбранноеПоле = ЭлементыВыбора.Добавить(Тип(""ВыбранноеПолеКомпоновкиДанных""));
	ВыбранноеПоле.Использование = Истина;
	ВыбранноеПоле.Поле = Новый ПолеКомпоновкиДанных(ИмяПоля);
	
КонецПроцедуры


Процедура УстановитьПараметрДанныхКомпоновкиДанных(Настройки, ИмяПараметра, ЗначениеПараметра)
	
	ПараметрДанных = Настройки.ПараметрыДанных.Элементы.Найти(ИмяПараметра);
	
	Если ПараметрДанных <> Неопределено Тогда
		ПараметрДанных.Использование = Истина;
		ПараметрДанных.Значение = ЗначениеПараметра;
	Иначе
		Настройки.ПараметрыДанных.УстановитьЗначениеПараметра(ИмяПараметра, ЗначениеПараметра);
	КонецЕсли;
	
КонецПроцедуры"
"Написать функцию УстановитьОформлениеОстатка(СхемаКД, ТипОстатка, ДопПараметры), которая в переданной схеме компоновки данных отчета(СхемаКД) 
для поля набора данных КоличествоОстаток(если ТипОстатка = ""Количество"") или СуммаОстаток(если ТипОстатка = ""Сумма"") устанавливает оформление с параметрами:
  * Формат = ""ЧЦ=10; ЧДЦ=2; ЧН=0; ЧО=1""
  * ВыделятьОтрицательные = Истина
  * ГоризонтальноеПоложение = Прижать вправо.
В параметре ДопПаматеры могут быть переданы дополнительные параметры для установки в оформление полей остатка. 
 
Функция должна найти поле СуммаОстаток(КоличествоОстаток) и установить обязательные параметры и дополнительные, если они переданы.

ПараметрыФункции:
СхемаКД (тип: СхемаКомпоновкиДанных) - схема компоновки данных натсраиваемого отчета.
ТипОстатка (тип: Строка) - содержит указание какое поле остатка использовать. Если ТипОстатка = ""Количество"", тогда найти поле ""КоличествоОстаток"". 
Если ТипОстатка = ""Сумма"", тогда найти поле ""Сумма"".
ДопПараметры (тип: Массив из Структура, Неопределено) - массив структур с описанием параметров для установки в оформлении поля набора данных, где стукрутра вида:
   Ключ (тип: Строка) - имя параметра оформления.
   Значение (тип: ЗначениеПараметраНастроекКомпоновкиДанных) - значение параметра оформления.
 Может быть не задано.",{},task_107,server,,task18_Куликова_v1.epf,"Функция УстановитьОформлениеОстатка(СхемаКД, ТипОстатка, ДопПараметры = Неопределено) Экспорт
	
	Если СхемаКД = Неопределено Тогда
		ВызватьИсключение ""Не задан параметр СхемаКД."";
	КонецЕсли;
	
	ИмяПоляОстатка = ПолучитьИмяПоляОстатка(ТипОстатка);
	ПолеНайдено = Ложь;
	
	Для Каждого НаборДанных Из СхемаКД.НаборыДанных Цикл
		
		Попытка
			ПоляНабораДанных = НаборДанных.Поля;
		Исключение
			Продолжить;
		КонецПопытки;
		
		Для Каждого ПолеНабораДанных Из ПоляНабораДанных Цикл
			
			Если Не ЭтоПолеОстатка(ПолеНабораДанных, ИмяПоляОстатка) Тогда
				Продолжить;
			КонецЕсли;
			
			УстановитьПараметрыОформленияПоляОстатка(ПолеНабораДанных.Оформление, ДопПараметры);
			ПолеНайдено = Истина;
			
		КонецЦикла;
		
	КонецЦикла;
	
	Возврат ПолеНайдено;
	
КонецФункции

Функция ПолучитьИмяПоляОстатка(ТипОстатка)
	
	ТипОстаткаНормализованный = ВРег(СокрЛП(ТипОстатка));
	
	Если ТипОстаткаНормализованный = ""КОЛИЧЕСТВО"" Тогда
		Возврат ""КоличествоОстаток"";
	ИначеЕсли ТипОстаткаНормализованный = ""СУММА"" Тогда
		Возврат ""СуммаОстаток"";
	КонецЕсли;
	
	ВызватьИсключение ""Некорректное значение параметра ТипОстатка. Ожидается """"Количество"""" или """"Сумма""""."";
	
КонецФункции

Функция ЭтоПолеОстатка(ПолеНабораДанных, ИмяПоляОстатка)
	
	Попытка
		Если ЗначениеСоответствуетИмениПоля(ПолеНабораДанных.ПутьКДанным, ИмяПоляОстатка) Тогда
			Возврат Истина;
		КонецЕсли;
	Исключение
	КонецПопытки;
	
	Попытка
		Если ЗначениеСоответствуетИмениПоля(ПолеНабораДанных.Поле, ИмяПоляОстатка) Тогда
			Возврат Истина;
		КонецЕсли;
	Исключение
	КонецПопытки;
	
	Попытка
		Если ЗначениеСоответствуетИмениПоля(ПолеНабораДанных.Имя, ИмяПоляОстатка) Тогда
			Возврат Истина;
		КонецЕсли;
	Исключение
	КонецПопытки;
	
	Возврат Ложь;
	
КонецФункции

Функция ЗначениеСоответствуетИмениПоля(ЗначениеПоля, ИмяПоля)
	
	Если ЗначениеПоля = Неопределено Тогда
		Возврат Ложь;
	КонецЕсли;
	
	СтроковоеЗначение = ВРег(СокрЛП(Строка(ЗначениеПоля)));
	ИмяПоляВРег = ВРег(ИмяПоля);
	
	Если СтроковоеЗначение = ИмяПоляВРег Тогда
		Возврат Истина;
	КонецЕсли;
	
	// На случай, если поле задано полным путем, например ""Остатки.КоличествоОстаток"".
	ДлинаИмениПоля = СтрДлина(ИмяПоляВРег);
	
	Если СтрДлина(СтроковоеЗначение) > ДлинаИмениПоля Тогда
		Возврат Прав(СтроковоеЗначение, ДлинаИмениПоля + 1) = ""."" + ИмяПоляВРег;
	КонецЕсли;
	
	Возврат Ложь;
	
КонецФункции

Процедура УстановитьПараметрыОформленияПоляОстатка(Оформление, ДопПараметры)
	
	// Дополнительные параметры устанавливаются первыми,
	// чтобы обязательные параметры гарантированно имели требуемые значения.
	УстановитьДополнительныеПараметрыОформления(Оформление, ДопПараметры);
	
	Оформление.УстановитьЗначениеПараметра(""Формат"", ""ЧЦ=10; ЧДЦ=2; ЧН=0; ЧО=1"");
	Оформление.УстановитьЗначениеПараметра(""ВыделятьОтрицательные"", Истина);
	Оформление.УстановитьЗначениеПараметра(""ГоризонтальноеПоложение"", ГоризонтальноеПоложение.Право);
	
КонецПроцедуры

Процедура УстановитьДополнительныеПараметрыОформления(Оформление, ДопПараметры)
	
	Если ДопПараметры = Неопределено Тогда
		Возврат;
	КонецЕсли;
	
	Для Каждого ОписаниеПараметра Из ДопПараметры Цикл
		
		ИмяПараметра = Неопределено;
		ЗначениеПараметра = Неопределено;
		
		Если Не ОписаниеПараметра.Свойство(""Ключ"", ИмяПараметра) Тогда
			Продолжить;
		КонецЕсли;
		
		Если Не ОписаниеПараметра.Свойство(""Значение"", ЗначениеПараметра) Тогда
			Продолжить;
		КонецЕсли;
		
		Если ПустаяСтрока(ИмяПараметра) Тогда
			Продолжить;
		КонецЕсли;
		
		Оформление.УстановитьЗначениеПараметра(ИмяПараметра, ЗначениеПараметра);
		
	КонецЦикла;
	
КонецПроцедуры"
"Написать функцию ДобавитьНаборДанныхИзТаблицыЗначений(СхемаКД, ИмяИсточникДанных, Таблица, ИмяНабора), которая в переданную схему компоновки данных отчета(СхемаКД) 
в источник данных с именем = ИмяИсточникДанных добавляет новый набор данных с именем = ИмяНабора, с типом = НаборДанныхОбъектСхемыКомпоновкиДанных 
и заполняет его в соответствии с таблицей значений(Таблица).
Добавлять поля в новый набор данных по принципу: 
  ДобавленноеПоле.Поле = Колонка.Имя  
  ДобавленноеПоле.Заголовок = Колонка.Имя;
  ДобавленноеПоле.ТипЗначения = Новый ОписаниеТипов(Колонка.ТипЗначения) 
  ДобавленноеПоле.ПутьКДанным = Колонка.Имя
где ДобавленноеПоле - поле в наборе данных, Колонка - колонка таблицы значений.
Если ИмяНабора = """", тогда установить имя набора как ""НаборДанныхИзТаблицы"".   
Набор данных добавлять в источник данных с именем ИмяИсточникДанных. Если такой источник не найден, создать источник данных со свойствами:
		Имя = ИмяИсточникДанных;
		СтрокаСоединения = """";
		ТипИсточникаДанных = ""Local"";

Параметры функции:
  СхемаКД (тип: СхемаКомпоновкиДанных) - схема компоновки данных.
  Таблица (тип: ТаблицаЗначений) - таблица, по колонкам которой заполняется набор. 
  ИмяИсточникДанных (тип: Строка) - имя источника данных.
  ИмяНабора (тип: Строка) - имя нового набора. Может быть не задано.",{},task_108,server,,task19_Куликова_v1 .epf,"Функция ДобавитьНаборДанныхИзТаблицыЗначений(СхемаКД, ИмяИсточникДанных, Таблица, ИмяНабора = """") Экспорт
	
	Если ИмяНабора = """" Тогда
		ИмяНабора = ""НаборДанныхИзТаблицы"";
	КонецЕсли;
	
	ИсточникДанных = Неопределено;
	
	Для Каждого ТекущийИсточникДанных Из СхемаКД.ИсточникиДанных Цикл
		Если ТекущийИсточникДанных.Имя = ИмяИсточникДанных Тогда
			ИсточникДанных = ТекущийИсточникДанных;
			Прервать;
		КонецЕсли;
	КонецЦикла;
	
	Если ИсточникДанных = Неопределено Тогда
		
		ИсточникДанных = СхемаКД.ИсточникиДанных.Добавить();
		ИсточникДанных.Имя = ИмяИсточникДанных;
		ИсточникДанных.СтрокаСоединения = """";
		ИсточникДанных.ТипИсточникаДанных = ""Local"";
		
	КонецЕсли;
	
	НаборДанных = СхемаКД.НаборыДанных.Добавить(Тип(""НаборДанныхОбъектСхемыКомпоновкиДанных""));
	НаборДанных.Имя = ИмяНабора;
	НаборДанных.ИсточникДанных = ИмяИсточникДанных;
	
	Для Каждого Колонка Из Таблица.Колонки Цикл
		
		ДобавленноеПоле = НаборДанных.Поля.Добавить(Тип(""ПолеНабораДанныхСхемыКомпоновкиДанных""));
		ДобавленноеПоле.Поле = Колонка.Имя;
		ДобавленноеПоле.Заголовок = Колонка.Имя;
		ДобавленноеПоле.ТипЗначения = Новый ОписаниеТипов(Колонка.ТипЗначения);
		ДобавленноеПоле.ПутьКДанным = Колонка.Имя;
		
	КонецЦикла;
	
	Возврат НаборДанных;
	
КонецФункции"
"Написать функцию СформироватьОтчетПоПроведеннымОплатамСВалютой(), которая формирует отчет на сервере ""ДокументыОплата"" с отбором по проведенным документам оплаты и выводом колонки Валюта.
Функция должна программно сформировать отчет ""ДокументыОплата"", вариант отчета ""Основной"". 
Для вывода брать только непомеченные на удаление документы Оплата. Колонку Валюта выводить перед колонкой Сумма.
Настройки отчета: 
    ВыбранныеПоля: Дата, Номер, Поставщик, РасчетныйСчетПоставщика, Валюта, Сумма.
   	Параметры вывода: ВыводитьПараметрыДанных = Не выводить,
	                  ВыводитьОтбор = Не выводить. 
	Отбор : Проведен = Истина, ПометкаУдаления = Ложь.                                 
Возвращаемое значение: ТабличныйДокумент.","{""Documents"": [{""id"": ""Оплата"", ""name"": ""Оплата"", ""Attributes"": [{""id"": ""Поставщик"", ""name"": ""Поставщик"", ""types"": [{""type"": ""Ref"", ""id"": ""Справочник.Контрагенты""}]}, {""id"": ""РасчетныйСчетПоставщика"", ""name"": ""Расчетный счет поставщика"", ""types"": [{""type"": ""Ref"", ""id"": ""Справочник.РасчетныеСчетаКонтрагентов""}]}, {""id"": ""РасчетныйСчет"", ""name"": ""Расчетный счет"", ""types"": [{""type"": ""Ref"", ""id"": ""Справочник.РасчетныеСчета""}]}, {""id"": ""Валюта"", ""name"": ""Валюта"", ""types"": [{""type"": ""Ref"", ""id"": ""Справочник.Валюты""}]}, {""id"": ""Сумма"", ""name"": ""Сумма"", ""types"": [{""type"": ""Number"", ""NumberQualifiers"": ""10.2""}]}, {""id"": ""Организация"", ""name"": ""Организация"", ""types"": [{""type"": ""Ref"", ""id"": ""Справочник.Организации""}]}]}], ""Catalogs"": [{""id"": ""РасчетныеСчетаКонтрагентов"", ""name"": ""Расчетные счета контрагентов"", ""Attributes"": [{""id"": ""Номер"", ""name"": ""Номер"", ""types"": [{""type"": ""String"", ""StringQualifiers"": ""20""}]}, {""id"": ""Банк"", ""name"": ""Банк"", ""types"": [{""type"": ""Ref"", ""id"": ""Справочник.Банки""}]}]}]}",task_109,server,high,task19_сложн_Куликова_v1 .epf,"&НаСервере
Функция СформироватьОтчетПоПроведеннымОплатамСВалютой() Экспорт
	
	Запрос = Новый Запрос;
	Запрос.Текст =
""ВЫБРАТЬ
|	Оплата.Дата КАК Дата,
|	Оплата.Номер КАК Номер,
|	Оплата.Поставщик КАК Поставщик,
|	Оплата.РасчетныйСчетПоставщика КАК РасчетныйСчетПоставщика,
|	Оплата.Валюта КАК Валюта,
|	Оплата.Сумма КАК Сумма
|ИЗ
|	Документ.Оплата КАК Оплата
|ГДЕ
|	Оплата.Проведен = &Проведен
|	И Оплата.ПометкаУдаления = &ПометкаУдаления
|
|УПОРЯДОЧИТЬ ПО
|	Дата,
|	Номер"";
	
	Запрос.УстановитьПараметр(""Проведен"", Истина);
	Запрос.УстановитьПараметр(""ПометкаУдаления"", Ложь);
	
	РезультатЗапроса = Запрос.Выполнить();
	Выборка = РезультатЗапроса.Выбрать();
	
	ТабличныйДокумент = Новый ТабличныйДокумент;
	ТабличныйДокумент.Очистить();
	
	// Параметры вывода:
	// ВыводитьПараметрыДанных = Не выводить
	// ВыводитьОтбор = Не выводить
	// Поэтому в табличный документ выводится только табличная часть отчета.
	
	НомерСтроки = 1;
	
	ТабличныйДокумент.Область(НомерСтроки, 1).Текст = ""Дата"";
	ТабличныйДокумент.Область(НомерСтроки, 2).Текст = ""Номер"";
	ТабличныйДокумент.Область(НомерСтроки, 3).Текст = ""Поставщик"";
	ТабличныйДокумент.Область(НомерСтроки, 4).Текст = ""Расчетный счет поставщика"";
	ТабличныйДокумент.Область(НомерСтроки, 5).Текст = ""Валюта"";
	ТабличныйДокумент.Область(НомерСтроки, 6).Текст = ""Сумма"";
	
	// Ширины колонок отчета ""ДокументыОплата"", вариант ""Основной"".
	ТабличныйДокумент.Область(НомерСтроки, 1).ШиринаКолонки = 18;
	ТабличныйДокумент.Область(НомерСтроки, 2).ШиринаКолонки = 15;
	ТабличныйДокумент.Область(НомерСтроки, 3).ШиринаКолонки = 35;
	ТабличныйДокумент.Область(НомерСтроки, 4).ШиринаКолонки = 35;
	ТабличныйДокумент.Область(НомерСтроки, 5).ШиринаКолонки = 15;
	ТабличныйДокумент.Область(НомерСтроки, 6).ШиринаКолонки = 15;
	
	Пока Выборка.Следующий() Цикл
		
		НомерСтроки = НомерСтроки + 1;
		
		ТабличныйДокумент.Область(НомерСтроки, 1).Текст = Формат(Выборка.Дата, ""ДФ=dd.MM.yyyy HH:mm:ss"");
		ТабличныйДокумент.Область(НомерСтроки, 2).Текст = Выборка.Номер;
		ТабличныйДокумент.Область(НомерСтроки, 3).Текст = Строка(Выборка.Поставщик);
		ТабличныйДокумент.Область(НомерСтроки, 4).Текст = Строка(Выборка.РасчетныйСчетПоставщика);
		ТабличныйДокумент.Область(НомерСтроки, 5).Текст = Строка(Выборка.Валюта);
		ТабличныйДокумент.Область(НомерСтроки, 6).Текст = Формат(Выборка.Сумма, ""ЧДЦ=2; ЧН=0,00"");
		
	КонецЦикла;
	
	Возврат ТабличныйДокумент;
	
КонецФункции"
"Написать функцию СохранитьНастройкиСКДВФайлXML(КомпоновщикНастроек, Путь), которая сохраняет настройки компоновщика данных отчета в файл XML, 
расположенный по пути = Путь.
Если параметр Путь не задан, тогда путь до файла получить как имя временного файла c расширением = ""xml"" и положить его в параметр Путь. 
Если параметр Путь задан, тогда путь до файла = Путь + ""config.xml"" и положить его в параметр Путь. 

Параметры функции:
  КомпоновщикНастроек (тип: КомпоновщикНастроекКомпоновкиДанных) - компоновщик настроек компоновки данных для сохранения.
  Путь (тип: Строка) - путь к файлу, в который сохраняются настройки. Может быть не задан.",{},task_110,server,,task20_Куликова_v1.epf,"Функция СохранитьНастройкиСКДВФайлXML(КомпоновщикНастроек, Путь = Неопределено) Экспорт
	
	Если КомпоновщикНастроек = Неопределено Тогда
		ВызватьИсключение ""Не задан компоновщик настроек компоновки данных."";
	КонецЕсли;
	
	Если Путь = Неопределено Или Путь = """" Тогда
		Путь = ПолучитьИмяВременногоФайла(""xml"");
	Иначе
		Путь = Путь + ""config.xml"";
	КонецЕсли;
	
	ЗаписьXML = Новый ЗаписьXML;
	
	Попытка
		ЗаписьXML.ОткрытьФайл(Путь);
		ЗаписатьXML(ЗаписьXML, КомпоновщикНастроек.Настройки);
		ЗаписьXML.Закрыть();
	Исключение
		Попытка
			ЗаписьXML.Закрыть();
		Исключение
		КонецПопытки;
		
		ВызватьИсключение ""Ошибка при сохранении настроек СКД в XML-файл: "" + ОписаниеОшибки();
	КонецПопытки;
	
	Возврат Путь;
	
КонецФункции"
"Написать функцию ВыгрузитьПросроченныеЗаказыВФайлJSON(ДатаКонтроля),
которая формирует и выгружает данные о просроченных заказах клиентов в файл формата JSON на основании данных документа Документ.Заказ и справочника Справочник.Контрагенты.

Задача предназначена для автоматизации обмена данными с внешними системами  и анализа просроченных заказов. 
Выгрузка в JSON позволяет использовать данные вне информационной базы 1С. 

Функция принимает один параметр:
ДатаКонтроля это дата, на которую выполняется анализ просроченных заказов.

Если параметр не задан, функция должна автоматически установить:
ДатаКонтроля  текущая дата (конец дня). 

Расчет выполняется на основании:
Документ.Заказ
Ссылка
Номер
Дата
Покупатель
Сумма
СостояниеЗаказа
Проведен
Справочник.Контрагенты
ЭлектроннаяПочта

В обработку попадают только заказы, которые:
проведены
имеют состояние Открыт
дата заказа меньше даты контроля 

Функция должна возвращать строку, содержащую полный путь к сформированному JSON-файлу.
JSON-файл содержит массив объектов со следующей структурой:
НомерЗаказа
ДатаЗаказа
Покупатель
Сумма
ЭлектроннаяПочта
СостояниеЗаказа
ПросроченоДней

Поле ПросроченоДней рассчитывается как количество календарных дней между датой заказа и датой контроля
В JSON включаются только записи, у которых ПросроченоДней > 0 

Покупатель формируется как строковое представление ссылки на контрагента
ДатаЗаказа формируется в формате yyyy-MM-dd 

ЭлектроннаяПочта если значение отсутствует то записывается пустая строка """" иначе  строковое значение

 
Позволяет автоматически формировать и передавать данные о просроченных заказах во внешние системы, обеспечивая контроль исполнения заказов и поддержку интеграционных процессов.","{""Documents"": [{""id"": ""Заказ"", ""name"": ""Заказ"", ""Attributes"": [{""id"": ""Покупатель"", ""name"": ""Покупатель"", ""types"": [{""type"": ""Ref"", ""id"": ""Справочник.Контрагенты""}]}, {""id"": ""Склад"", ""name"": ""Склад"", ""types"": [{""type"": ""Ref"", ""id"": ""Справочник.Склады""}]}, {""id"": ""Валюта"", ""name"": ""Валюта взаиморасчетов"", ""types"": [{""type"": ""Ref"", ""id"": ""Справочник.Валюты""}]}, {""id"": ""ВидЦен"", ""name"": ""Вид цен"", ""types"": [{""type"": ""Ref"", ""id"": ""Справочник.ВидыЦен""}]}, {""id"": ""Организация"", ""name"": ""Организация"", ""types"": [{""type"": ""Ref"", ""id"": ""Справочник.Организации""}]}, {""id"": ""СостояниеЗаказа"", ""name"": ""Состояние заказа"", ""types"": [{""type"": ""Ref"", ""id"": ""Перечисление.СостоянияЗаказов""}]}, {""id"": ""Автор"", ""name"": ""Автор"", ""types"": [{""type"": ""Ref"", ""id"": ""Справочник.Пользователи""}]}, {""id"": ""Сумма"", ""name"": ""Сумма"", ""types"": [{""type"": ""Number"", ""NumberQualifiers"": ""10.2""}]}], ""TabularSections"": [{""id"": ""Товары"", ""name"": ""Товары"", ""Attributes"": [{""id"": ""Товар"", ""name"": ""Товар"", ""types"": [{""type"": ""Ref"", ""id"": ""Справочник.Товары""}]}, {""id"": ""Цена"", ""name"": ""Цена"", ""types"": [{""type"": ""Number"", ""NumberQualifiers"": ""10.2""}]}, {""id"": ""Количество"", ""name"": ""Количество"", ""types"": [{""type"": ""Number"", ""NumberQualifiers"": ""10.0""}]}, {""id"": ""Сумма"", ""name"": ""Сумма"", ""types"": [{""type"": ""Number"", ""NumberQualifiers"": ""10.2""}]}]}]}], ""Catalogs"": [{""id"": ""Контрагенты"", ""name"": ""Контрагенты"", ""Attributes"": [{""id"": ""Регион"", ""name"": ""Регион"", ""types"": [{""type"": ""Ref"", ""id"": ""Справочник.Регионы""}]}, {""id"": ""Индекс"", ""name"": ""Индекс"", ""types"": [{""type"": ""String"", ""StringQualifiers"": ""10""}]}, {""id"": ""Страна"", ""name"": ""Страна"", ""types"": [{""type"": ""String"", ""StringQualifiers"": ""0""}]}, {""id"": ""Город"", ""name"": ""Город"", ""types"": [{""type"": ""String"", ""StringQualifiers"": ""0""}]}, {""id"": ""Улица"", ""name"": ""Улица"", ""types"": [{""type"": ""String"", ""StringQualifiers"": ""0""}]}, {""id"": ""Дом"", ""name"": ""Дом"", ""types"": [{""type"": ""String"", ""StringQualifiers"": ""15""}]}, {""id"": ""Телефон"", ""name"": ""Телефон"", ""types"": [{""type"": ""String"", ""StringQualifiers"": ""16""}]}, {""id"": ""ЭлектроннаяПочта"", ""name"": ""Электронная почта"", ""types"": [{""type"": ""String"", ""StringQualifiers"": ""40""}]}, {""id"": ""Факс"", ""name"": ""Факс"", ""types"": [{""type"": ""String"", ""StringQualifiers"": ""16""}]}, {""id"": ""ВебСайт"", ""name"": ""Веб сайт"", ""types"": [{""type"": ""String"", ""StringQualifiers"": ""40""}]}, {""id"": ""ВидЦен"", ""name"": ""Вид цен"", ""types"": [{""type"": ""Ref"", ""id"": ""Справочник.ВидыЦен""}]}, {""id"": ""ДополнительнаяИнформация"", ""name"": ""Дополнительная информация"", ""types"": [{""type"": ""String"", ""StringQualifiers"": ""0""}]}, {""id"": ""КонтактноеЛицо"", ""name"": ""Контактное лицо"", ""types"": [{""type"": ""String"", ""StringQualifiers"": ""100""}]}, {""id"": ""Широта"", ""name"": ""Широта"", ""types"": [{""type"": ""Number"", ""NumberQualifiers"": ""10.6""}]}, {""id"": ""Долгота"", ""name"": ""Долгота"", ""types"": [{""type"": ""Number"", ""NumberQualifiers"": ""10.6""}]}]}]}",task_111,server,mid,task20_СредняяВыгрузитьПросроченныеЗаказыВФайлJSON_v5.epf,"Функция ВыгрузитьПросроченныеЗаказыВФайлJSON(ДатаКонтроля = Неопределено) Экспорт
	
	Если ДатаКонтроля = Неопределено Или Не ЗначениеЗаполнено(ДатаКонтроля) Тогда
		ДатаКонтроля = КонецДня(ТекущаяДата());
	Иначе
		ДатаКонтроля = КонецДня(ДатаКонтроля);
	КонецЕсли;
	
	Запрос = Новый Запрос;
	Запрос.Текст = 
""ВЫБРАТЬ
|	Заказ.Номер КАК НомерЗаказа,
|	Заказ.Дата КАК ДатаЗаказа,
|	ПРЕДСТАВЛЕНИЕ(Заказ.Покупатель) КАК Покупатель,
|	Заказ.Сумма КАК Сумма,
|	ЕСТЬNULL(Контрагенты.ЭлектроннаяПочта, &ПустаяСтрока) КАК ЭлектроннаяПочта,
|	ПРЕДСТАВЛЕНИЕ(Заказ.СостояниеЗаказа) КАК СостояниеЗаказа
|ИЗ
|	Документ.Заказ КАК Заказ
|		ЛЕВОЕ СОЕДИНЕНИЕ Справочник.Контрагенты КАК Контрагенты
|		ПО Заказ.Покупатель = Контрагенты.Ссылка
|ГДЕ
|	Заказ.Проведен = ИСТИНА
|	И Заказ.СостояниеЗаказа = &СостояниеОткрыт
|	И Заказ.Дата < &ДатаКонтроля
|
|УПОРЯДОЧИТЬ ПО
|	Заказ.Дата,
|	Заказ.Номер"";
	
	Запрос.УстановитьПараметр(""ДатаКонтроля"", ДатаКонтроля);
	Запрос.УстановитьПараметр(""СостояниеОткрыт"", Перечисления.СостоянияЗаказов.Открыт);
	Запрос.УстановитьПараметр(""ПустаяСтрока"", """");
	
	РезультатЗапроса = Запрос.Выполнить();
	Выборка = РезультатЗапроса.Выбрать();
	
	ЗаписьJSON = Новый ЗаписьJSON;
	ЗаписьJSON.УстановитьСтроку();
	
	ЗаписьJSON.ЗаписатьНачалоМассива();
	
	НачалоДняКонтроля = НачалоДня(ДатаКонтроля);
	КоличествоСекундВДне = 24 * 60 * 60;
	
	Пока Выборка.Следующий() Цикл
		
		ПросроченоДней = Цел((НачалоДняКонтроля - НачалоДня(Выборка.ДатаЗаказа)) / КоличествоСекундВДне);
		
		Если ПросроченоДней <= 0 Тогда
			Продолжить;
		КонецЕсли;
		
		Если ЗначениеЗаполнено(Выборка.ЭлектроннаяПочта) Тогда
			ЭлектроннаяПочта = Строка(Выборка.ЭлектроннаяПочта);
		Иначе
			ЭлектроннаяПочта = """";
		КонецЕсли;
		
		ЗаписьJSON.ЗаписатьНачалоОбъекта();
		
		ЗаписьJSON.ЗаписатьИмяСвойства(""НомерЗаказа"");
		ЗаписьJSON.ЗаписатьЗначение(Выборка.НомерЗаказа);
		
		ЗаписьJSON.ЗаписатьИмяСвойства(""ДатаЗаказа"");
		ЗаписьJSON.ЗаписатьЗначение(Формат(Выборка.ДатаЗаказа, ""ДФ=yyyy-MM-dd""));
		
		ЗаписьJSON.ЗаписатьИмяСвойства(""Покупатель"");
		ЗаписьJSON.ЗаписатьЗначение(Выборка.Покупатель);
		
		ЗаписьJSON.ЗаписатьИмяСвойства(""Сумма"");
		ЗаписьJSON.ЗаписатьЗначение(Выборка.Сумма);
		
		ЗаписьJSON.ЗаписатьИмяСвойства(""ЭлектроннаяПочта"");
		ЗаписьJSON.ЗаписатьЗначение(ЭлектроннаяПочта);
		
		ЗаписьJSON.ЗаписатьИмяСвойства(""СостояниеЗаказа"");
		ЗаписьJSON.ЗаписатьЗначение(Выборка.СостояниеЗаказа);
		
		ЗаписьJSON.ЗаписатьИмяСвойства(""ПросроченоДней"");
		ЗаписьJSON.ЗаписатьЗначение(ПросроченоДней);
		
		ЗаписьJSON.ЗаписатьКонецОбъекта();
		
	КонецЦикла;
	
	ЗаписьJSON.ЗаписатьКонецМассива();
	
	СтрокаJSON = ЗаписьJSON.Закрыть();
	
	ИмяФайла = ""ПросроченныеЗаказы_"" 
		+ СтрЗаменить(Строка(Новый УникальныйИдентификатор), ""-"", """") 
		+ "".json"";
	
	ПутьКФайлу = КаталогВременныхФайлов() + ИмяФайла;
	
	ТекстовыйДокумент = Новый ТекстовыйДокумент;
	ТекстовыйДокумент.УстановитьТекст(СтрокаJSON);
	ТекстовыйДокумент.Записать(ПутьКФайлу, КодировкаТекста.UTF8);
	
	Возврат ПутьКФайлу;
	
КонецФункции"
"Написать функцию СформироватьОтчетПоОплатамПоОрганизациям(), которая формирует отчет на сервере ""ДокументыОплата"" с группировкой по организации(Организация)
Функция должна программно сформировать отчет ""ДокументыОплата"", вариант отчета ""Основной"".  
Организацию получить как поле Ссылка.Организация.
Настройки отчета: 
    Структура отчета: Группировка:
                           Ссылка.Организация: ТипГруппировки = Иерархия, ТипДополнения = БезДополнения. 
                                   ДетальныеЗаписи.
    Выбранные поля:   Ссылка.Организация, Поставщик, Дата, Сумма.                              
    Параметры вывода: ВыводитьПараметрыДанных = Не выводить,
	                  ВыводитьОтбор = Не выводить.   
Заголовок поля ""Ссылка.Организация"" установить как ""Организация"". 	                                                                  
Возвращаемое значение: ТабличныйДокумент.",{},task_112,server,high,task20_сложн_Куликова_v1 .epf,"&НаСервереБезКонтекста
Функция СформироватьОтчетПоОплатамПоОрганизациям() Экспорт
	
	ОтчетОбъект = Отчеты.ДокументыОплата.Создать();
	
	// Основная схема компоновки данных отчета ""ДокументыОплата"".
	СхемаКомпоновкиДанных = ОтчетОбъект.ПолучитьМакет(""ОсновнаяСхемаКомпоновкиДанных"");
	
	// Получаем настройки варианта отчета ""Основной"".
	НастройкиКомпоновкиДанных = ПолучитьНастройкиВариантаОсновной(СхемаКомпоновкиДанных);
	
	// Формируем требуемую структуру отчета.
	НастроитьСтруктуруОтчетаПоОрганизациям(НастройкиКомпоновкиДанных);
	
	// Формируем табличный документ.
	ТабличныйДокумент = Новый ТабличныйДокумент;
	
	ДанныеРасшифровки = Новый ДанныеРасшифровкиКомпоновкиДанных;
	
	КомпоновщикМакета = Новый КомпоновщикМакетаКомпоновкиДанных;
	МакетКомпоновки = КомпоновщикМакета.Выполнить(
		СхемаКомпоновкиДанных,
		НастройкиКомпоновкиДанных,
		ДанныеРасшифровки);
	
	ПроцессорКомпоновки = Новый ПроцессорКомпоновкиДанных;
	ПроцессорКомпоновки.Инициализировать(МакетКомпоновки);
	
	ПроцессорВывода = Новый ПроцессорВыводаРезультатаКомпоновкиДанныхВТабличныйДокумент;
	ПроцессорВывода.УстановитьДокумент(ТабличныйДокумент);
	ПроцессорВывода.Вывести(ПроцессорКомпоновки);
	
	Возврат ТабличныйДокумент;
	
КонецФункции

&НаСервереБезКонтекста
Функция ПолучитьНастройкиВариантаОсновной(СхемаКомпоновкиДанных)
	
	НастройкиВарианта = Неопределено;
	
	Для Каждого ВариантНастроек Из СхемаКомпоновкиДанных.ВариантыНастроек Цикл
		
		Если ВариантНастроек.Имя = ""Основной""
			Или ВариантНастроек.Представление = ""Основной"" Тогда
			
			НастройкиВарианта = ВариантНастроек.Настройки;
			Прервать;
			
		КонецЕсли;
		
	КонецЦикла;
	
	Если НастройкиВарианта = Неопределено Тогда
		НастройкиВарианта = СхемаКомпоновкиДанных.НастройкиПоУмолчанию;
	КонецЕсли;
	
	// Делаем копию настроек, чтобы не изменять исходный вариант отчета.
	Возврат ЗначениеИзСтрокиВнутр(ЗначениеВСтрокуВнутр(НастройкиВарианта));
	
КонецФункции

&НаСервереБезКонтекста
Процедура НастроитьСтруктуруОтчетаПоОрганизациям(НастройкиКомпоновкиДанных)
	
	// Очищаем текущую структуру отчета.
	НастройкиКомпоновкиДанных.Структура.Очистить();
	
	// Группировка по полю Ссылка.Организация.
	ГруппировкаОрганизация = НастройкиКомпоновкиДанных.Структура.Добавить(
		Тип(""ГруппировкаКомпоновкиДанных""));
	ГруппировкаОрганизация.Использование = Истина;
	
	ПолеГруппировки = ГруппировкаОрганизация.ПоляГруппировки.Элементы.Добавить(
		Тип(""ПолеГруппировкиКомпоновкиДанных""));
	ПолеГруппировки.Использование = Истина;
	ПолеГруппировки.Поле = Новый ПолеКомпоновкиДанных(""Ссылка.Организация"");
	ПолеГруппировки.ТипГруппировки = ТипГруппировкиКомпоновкиДанных.Иерархия;
	ПолеГруппировки.ТипДополнения = ТипДополненияКомпоновкиДанных.БезДополнения;
	
	// Детальные записи внутри группировки по организации.
	ДетальныеЗаписи = ГруппировкаОрганизация.Структура.Добавить(
		Тип(""ДетальныеЗаписиКомпоновкиДанных""));
	ДетальныеЗаписи.Использование = Истина;
	
	// Выбранные поля отчета.
	НастройкиКомпоновкиДанных.Выбор.Элементы.Очистить();
	
	ДобавитьВыбранноеПоле(
		НастройкиКомпоновкиДанных,
		""Ссылка.Организация"",
		""Организация"");
	
	ДобавитьВыбранноеПоле(
		НастройкиКомпоновкиДанных,
		""Поставщик"");
	
	ДобавитьВыбранноеПоле(
		НастройкиКомпоновкиДанных,
		""Дата"");
	
	ДобавитьВыбранноеПоле(
		НастройкиКомпоновкиДанных,
		""Сумма"");
	
	// Параметры вывода.
	УстановитьПараметрВыводаСКД(
		НастройкиКомпоновкиДанных,
		""ВыводитьПараметрыДанных"",
		ТипВыводаТекстаКомпоновкиДанных.НеВыводить);
	
	УстановитьПараметрВыводаСКД(
		НастройкиКомпоновкиДанных,
		""ВыводитьОтбор"",
		ТипВыводаТекстаКомпоновкиДанных.НеВыводить);
	
КонецПроцедуры

&НаСервереБезКонтекста
Процедура ДобавитьВыбранноеПоле(НастройкиКомпоновкиДанных, ИмяПоля, ЗаголовокПоля = """")
	
	ВыбранноеПоле = НастройкиКомпоновкиДанных.Выбор.Элементы.Добавить(
		Тип(""ВыбранноеПолеКомпоновкиДанных""));
	
	ВыбранноеПоле.Использование = Истина;
	ВыбранноеПоле.Поле = Новый ПолеКомпоновкиДанных(ИмяПоля);
	
	Если ЗначениеЗаполнено(ЗаголовокПоля) Тогда
		ВыбранноеПоле.Заголовок = ЗаголовокПоля;
	КонецЕсли;
	
КонецПроцедуры

&НаСервереБезКонтекста
Процедура УстановитьПараметрВыводаСКД(НастройкиКомпоновкиДанных, ИмяПараметра, ЗначениеПараметра)
	
	НастройкиКомпоновкиДанных.ПараметрыВывода.УстановитьЗначениеПараметра(
		Новый ПараметрКомпоновкиДанных(ИмяПараметра),
		ЗначениеПараметра);
	
КонецПроцедуры"
"Написать функцию СформироватьАнализЗадолженностиПоставщикам(ДатаНач, ДатаКон),
которая формирует аналитический отчет по задолженности предприятия перед поставщиками с учетом валюты Рубли.  
Функция принимает два параметра:

ДатаНач  дата начала периода анализа;
ДатаКон  дата окончания периода анализа. 

Если параметры не заданы:
ДатаНач = начало дня 30 дней назад
ДатаКон = конец текущего дня  

Проверка параметров перед выполнением расчета:

Проверяем ДатаНач если значение  Неопределено то используется значение по умолчанию;
если же ДатаКон < ДатаНач то генерируется исключение;

Для определения суммы поставок используется документ Документ.ПриходТовара выполняет расчёт в рублях с учётом мультивалютности
из табличной части выбираются поля Поставщик, Сумма     

СуммаПоставок это общая сумма приходов товаров от поставщика за период (ДатаНач, ДатаКон).
Рассчитывается как сумма по табличной части Товары документа ПриходТовара.
Если документ оформлен в валюте, отличной от рублей, сумма пересчитывается в рубли по курсу валюты из регистра сведений КурсыВалют

Оплачено — общая сумма оплат поставщику.
Рассчитывается как сумма движений по регистру накопления Взаиморасчеты по данному поставщику. 

Долг = СуммаПоставок − Оплачено.
В результат включаются только поставщики с положительной задолженностью (Долг > 0).

Возвращаемое значение
Функция возвращает объект типа ТаблицаЗначений со следующими колонками:
Поставщик    
Наименование  
СуммаПоставок
Оплачено 
Долг
Результат сортируется по убыванию суммы долга","{""Documents"": [{""id"": ""ПриходТовара"", ""name"": ""Приход товара"", ""Attributes"": [{""id"": ""Поставщик"", ""name"": ""Поставщик"", ""types"": [{""type"": ""Ref"", ""id"": ""Справочник.Контрагенты""}]}, {""id"": ""Склад"", ""name"": ""Склад"", ""types"": [{""type"": ""Ref"", ""id"": ""Справочник.Склады""}]}, {""id"": ""Валюта"", ""name"": ""Валюта взаиморасчетов"", ""types"": [{""type"": ""Ref"", ""id"": ""Справочник.Валюты""}]}, {""id"": ""Организация"", ""name"": ""Организация"", ""types"": [{""type"": ""Ref"", ""id"": ""Справочник.Организации""}]}], ""TabularSections"": [{""id"": ""Товары"", ""name"": ""Товары"", ""Attributes"": [{""id"": ""Товар"", ""name"": ""Товар"", ""types"": [{""type"": ""Ref"", ""id"": ""Справочник.Товары""}]}, {""id"": ""Цена"", ""name"": ""Цена"", ""types"": [{""type"": ""Number"", ""NumberQualifiers"": ""10.2""}]}, {""id"": ""Количество"", ""name"": ""Количество"", ""types"": [{""type"": ""Number"", ""NumberQualifiers"": ""10.2""}]}, {""id"": ""Сумма"", ""name"": ""Сумма"", ""types"": [{""type"": ""Number"", ""NumberQualifiers"": ""10.2""}]}]}]}], ""AccumulationRegisters"": [{""id"": ""Взаиморасчеты"", ""name"": ""Взаиморасчеты"", ""RegisterType"": ""Balance"", ""Dimensions"": [{""id"": ""Контрагент"", ""name"": ""Контрагент"", ""types"": [{""type"": ""Ref"", ""id"": ""Справочник.Контрагенты""}]}, {""id"": ""Валюта"", ""name"": ""Валюта"", ""types"": [{""type"": ""Ref"", ""id"": ""Справочник.Валюты""}]}], ""Resources"": [{""id"": ""Сумма"", ""name"": ""Сумма"", ""types"": [{""type"": ""Number"", ""NumberQualifiers"": ""10.2""}]}]}], ""InformationRegisters"": [{""id"": ""КурсыВалют"", ""name"": ""Курсы валют"", ""InformationRegisterPeriodicity"": ""Day"", ""WriteMode"": ""Independent"", ""Dimensions"": [{""id"": ""Валюта"", ""name"": ""Валюта"", ""types"": [{""type"": ""Ref"", ""id"": ""Справочник.Валюты""}]}], ""Resources"": [{""id"": ""Курс"", ""name"": ""Курс"", ""types"": [{""type"": ""Number"", ""NumberQualifiers"": ""10.2""}]}]}], ""Catalogs"": [{""id"": ""Валюты"", ""name"": ""Валюты"", ""Attributes"": [{""id"": ""НаименованиеОсновнойВалюты"", ""name"": ""Наименование основной валюты"", ""types"": [{""type"": ""String"", ""StringQualifiers"": ""0""}]}, {""id"": ""НаименованиеРазменнойВалюты"", ""name"": ""Наименование разменной валюты"", ""types"": [{""type"": ""String"", ""StringQualifiers"": ""0""}]}]}]}",task_113,server,high,task21_СложнаяСформироватьЗадолженностьПередПоставщиками_v4_.epf,"Функция СформироватьАнализЗадолженностиПоставщикам(ДатаНач = Неопределено, ДатаКон = Неопределено) Экспорт
	
	Если ДатаНач = Неопределено Тогда
		ДатаНач = НачалоДня(ТекущаяДата() - 30 * 24 * 60 * 60);
	Иначе
		ДатаНач = НачалоДня(ДатаНач);
	КонецЕсли;
	
	Если ДатаКон = Неопределено Тогда
		ДатаКон = КонецДня(ТекущаяДата());
	Иначе
		ДатаКон = КонецДня(ДатаКон);
	КонецЕсли;
	
	Если ДатаКон < ДатаНач Тогда
		ВызватьИсключение ""Дата окончания периода не может быть меньше даты начала периода."";
	КонецЕсли;
	
	ВалютаРубль = НайтиВалютуРубль();
	
	Если ВалютаРубль.Пустая() Тогда
		ВызватьИсключение ""Не найдена валюта """"Рубли"""" в справочнике Валюты."";
	КонецЕсли;
	
	МенеджерВременныхТаблиц = Новый МенеджерВременныхТаблиц;
	
	Запрос = Новый Запрос;
	Запрос.МенеджерВременныхТаблиц = МенеджерВременныхТаблиц;
	
	Запрос.УстановитьПараметр(""ДатаНач"", ДатаНач);
	Запрос.УстановитьПараметр(""ДатаКон"", ДатаКон);
	Запрос.УстановитьПараметр(""ВалютаРубль"", ВалютаРубль);
	
	Запрос.Текст =
""ВЫБРАТЬ
|	Товары.Ссылка.Поставщик КАК Поставщик,
|	Товары.Ссылка.Поставщик.Наименование КАК Наименование,
|	НАЧАЛОПЕРИОДА(Товары.Ссылка.Дата, ДЕНЬ) КАК ДатаКурса,
|	Товары.Ссылка.Валюта КАК Валюта,
|	СУММА(Товары.Сумма) КАК СуммаПоставок,
|	0 КАК Оплачено
|ПОМЕСТИТЬ ВТПоставки
|ИЗ
|	Документ.ПриходТовара.Товары КАК Товары
|ГДЕ
|	Товары.Ссылка.Дата МЕЖДУ &ДатаНач И &ДатаКон
|	И Товары.Ссылка.Проведен
|	И Товары.Ссылка.Поставщик <> ЗНАЧЕНИЕ(Справочник.Контрагенты.ПустаяСсылка)
|СГРУППИРОВАТЬ ПО
|	Товары.Ссылка.Поставщик,
|	Товары.Ссылка.Поставщик.Наименование,
|	НАЧАЛОПЕРИОДА(Товары.Ссылка.Дата, ДЕНЬ),
|	Товары.Ссылка.Валюта
|;
|
|ВЫБРАТЬ
|	Взаиморасчеты.Контрагент КАК Поставщик,
|	Взаиморасчеты.Контрагент.Наименование КАК Наименование,
|	НАЧАЛОПЕРИОДА(Взаиморасчеты.Период, ДЕНЬ) КАК ДатаКурса,
|	Взаиморасчеты.Валюта КАК Валюта,
|	0 КАК СуммаПоставок,
|	СУММА(Взаиморасчеты.Сумма) КАК Оплачено
|ПОМЕСТИТЬ ВТОплаты
|ИЗ
|	РегистрНакопления.Взаиморасчеты КАК Взаиморасчеты
|ГДЕ
|	Взаиморасчеты.Период МЕЖДУ &ДатаНач И &ДатаКон
|	И Взаиморасчеты.Активность
|	И Взаиморасчеты.ВидДвижения = ЗНАЧЕНИЕ(ВидДвиженияНакопления.Расход)
|	И Взаиморасчеты.Контрагент <> ЗНАЧЕНИЕ(Справочник.Контрагенты.ПустаяСсылка)
|СГРУППИРОВАТЬ ПО
|	Взаиморасчеты.Контрагент,
|	Взаиморасчеты.Контрагент.Наименование,
|	НАЧАЛОПЕРИОДА(Взаиморасчеты.Период, ДЕНЬ),
|	Взаиморасчеты.Валюта
|;
|
|ВЫБРАТЬ
|	ВТПоставки.Поставщик КАК Поставщик,
|	ВТПоставки.Наименование КАК Наименование,
|	ВТПоставки.ДатаКурса КАК ДатаКурса,
|	ВТПоставки.Валюта КАК Валюта,
|	ВТПоставки.СуммаПоставок КАК СуммаПоставок,
|	ВТПоставки.Оплачено КАК Оплачено
|ПОМЕСТИТЬ ВТИсходные
|ИЗ
|	ВТПоставки КАК ВТПоставки
|
|ОБЪЕДИНИТЬ ВСЕ
|
|ВЫБРАТЬ
|	ВТОплаты.Поставщик,
|	ВТОплаты.Наименование,
|	ВТОплаты.ДатаКурса,
|	ВТОплаты.Валюта,
|	ВТОплаты.СуммаПоставок,
|	ВТОплаты.Оплачено
|ИЗ
|	ВТОплаты КАК ВТОплаты
|;
|
|ВЫБРАТЬ
|	ВТИсходные.Валюта КАК Валюта,
|	ВТИсходные.ДатаКурса КАК ДатаКурса,
|	МАКСИМУМ(КурсыВалют.Период) КАК ПериодКурса
|ПОМЕСТИТЬ ВТДатыКурсов
|ИЗ
|	ВТИсходные КАК ВТИсходные
|		ЛЕВОЕ СОЕДИНЕНИЕ РегистрСведений.КурсыВалют КАК КурсыВалют
|		ПО КурсыВалют.Валюта = ВТИсходные.Валюта
|			И КурсыВалют.Период <= ВТИсходные.ДатаКурса
|ГДЕ
|	ВТИсходные.Валюта <> &ВалютаРубль
|	И ВТИсходные.Валюта <> ЗНАЧЕНИЕ(Справочник.Валюты.ПустаяСсылка)
|СГРУППИРОВАТЬ ПО
|	ВТИсходные.Валюта,
|	ВТИсходные.ДатаКурса
|;
|
|ВЫБРАТЬ ПЕРВЫЕ 1
|	ВТДатыКурсов.Валюта КАК Валюта,
|	ВТДатыКурсов.ДатаКурса КАК ДатаКурса
|ИЗ
|	ВТДатыКурсов КАК ВТДатыКурсов
|ГДЕ
|	ВТДатыКурсов.ПериодКурса ЕСТЬ NULL"";
	
	РезультатыПакета = Запрос.ВыполнитьПакет();
	
	ТаблицаОтсутствующихКурсов = РезультатыПакета[РезультатыПакета.Количество() - 1].Выгрузить();
	
	Если ТаблицаОтсутствующихКурсов.Количество() > 0 Тогда
		СтрокаКурса = ТаблицаОтсутствующихКурсов[0];
		
		ВызватьИсключение СтрШаблон(
			""Не найден курс валюты """"%1"""" на дату %2."",
			СтрокаКурса.Валюта,
			Формат(СтрокаКурса.ДатаКурса, ""ДФ=dd.MM.yyyy""));
	КонецЕсли;
	
	ЗапросРезультат = Новый Запрос;
	ЗапросРезультат.МенеджерВременныхТаблиц = МенеджерВременныхТаблиц;
	ЗапросРезультат.УстановитьПараметр(""ВалютаРубль"", ВалютаРубль);
	
	ЗапросРезультат.Текст =
""ВЫБРАТЬ
|	ВТИсходные.Поставщик КАК Поставщик,
|	ВТИсходные.Наименование КАК Наименование,
|	СУММА(
|		ВЫБОР
|			КОГДА ВТИсходные.Валюта = &ВалютаРубль
|				ИЛИ ВТИсходные.Валюта = ЗНАЧЕНИЕ(Справочник.Валюты.ПустаяСсылка)
|				ТОГДА ВТИсходные.СуммаПоставок
|			ИНАЧЕ ВТИсходные.СуммаПоставок * КурсыВалют.Курс
|		КОНЕЦ) КАК СуммаПоставок,
|	СУММА(
|		ВЫБОР
|			КОГДА ВТИсходные.Валюта = &ВалютаРубль
|				ИЛИ ВТИсходные.Валюта = ЗНАЧЕНИЕ(Справочник.Валюты.ПустаяСсылка)
|				ТОГДА ВТИсходные.Оплачено
|			ИНАЧЕ ВТИсходные.Оплачено * КурсыВалют.Курс
|		КОНЕЦ) КАК Оплачено
|ПОМЕСТИТЬ ВТРасчеты
|ИЗ
|	ВТИсходные КАК ВТИсходные
|		ЛЕВОЕ СОЕДИНЕНИЕ ВТДатыКурсов КАК ВТДатыКурсов
|		ПО ВТДатыКурсов.Валюта = ВТИсходные.Валюта
|			И ВТДатыКурсов.ДатаКурса = ВТИсходные.ДатаКурса
|		ЛЕВОЕ СОЕДИНЕНИЕ РегистрСведений.КурсыВалют КАК КурсыВалют
|		ПО КурсыВалют.Валюта = ВТДатыКурсов.Валюта
|			И КурсыВалют.Период = ВТДатыКурсов.ПериодКурса
|СГРУППИРОВАТЬ ПО
|	ВТИсходные.Поставщик,
|	ВТИсходные.Наименование
|;
|
|ВЫБРАТЬ
|	ВТРасчеты.Поставщик КАК Поставщик,
|	ВТРасчеты.Наименование КАК Наименование,
|	ВТРасчеты.СуммаПоставок КАК СуммаПоставок,
|	ВТРасчеты.Оплачено КАК Оплачено,
|	ВТРасчеты.СуммаПоставок - ВТРасчеты.Оплачено КАК Долг
|ИЗ
|	ВТРасчеты КАК ВТРасчеты
|ГДЕ
|	ВТРасчеты.СуммаПоставок - ВТРасчеты.Оплачено > 0
|УПОРЯДОЧИТЬ ПО
|	Долг УБЫВ"";
	
	РезультатыПакета = ЗапросРезультат.ВыполнитьПакет();
	
	Возврат РезультатыПакета[РезультатыПакета.Количество() - 1].Выгрузить();
	
КонецФункции


Функция НайтиВалютуРубль()
	
	ВалютаРубль = Справочники.Валюты.НайтиПоНаименованию(""Рубли"", Истина);
	
	Если ВалютаРубль.Пустая() Тогда
		ВалютаРубль = Справочники.Валюты.НайтиПоНаименованию(""Рубль"", Истина);
	КонецЕсли;
	
	Если ВалютаРубль.Пустая() Тогда
		ВалютаРубль = Справочники.Валюты.НайтиПоНаименованию(""Российский рубль"", Истина);
	КонецЕсли;
	
	Возврат ВалютаРубль;
	
КонецФункции"
"Написать функцию СформироватьОтчетПоОплатамНаОсновныеСчета(), которая формирует отчет на сервере ""ДокументыОплата"" по документам оплаты, для которых РасчетныйСчет является основным для организации.
Функция должна программно сформировать отчет ""ДокументыОплата"", вариант отчета ""Основной"". 
 
Настройки отчета: 
    Выбранные поля:   Ссылка.Организация, РасчетныйСчет.Номер, РасчетныйСчет.Банк, Поставщик, Дата, Сумма.                              
    Параметры вывода: ВыводитьПараметрыДанных = Не выводить,
	                  ВыводитьОтбор = Не выводить.
	                  Отбор: РасчетныйСчет.Наименование Подобно ""Основной""   
Заголовок поля ""Ссылка.Организация"" установить как ""Организация"". 
Заголовок поля ""РасчетныйСчет.Номер"" установить как ""Номер счета"".	
Заголовок поля ""РасчетныйСчет.Банк"" установить как ""Банк"".  
                                                                
Возвращаемое значение: ТабличныйДокумент.","{""Documents"": [{""id"": ""Оплата"", ""name"": ""Оплата"", ""Attributes"": [{""id"": ""Поставщик"", ""name"": ""Поставщик"", ""types"": [{""type"": ""Ref"", ""id"": ""Справочник.Контрагенты""}]}, {""id"": ""РасчетныйСчетПоставщика"", ""name"": ""Расчетный счет поставщика"", ""types"": [{""type"": ""Ref"", ""id"": ""Справочник.РасчетныеСчетаКонтрагентов""}]}, {""id"": ""РасчетныйСчет"", ""name"": ""Расчетный счет"", ""types"": [{""type"": ""Ref"", ""id"": ""Справочник.РасчетныеСчета""}]}, {""id"": ""Валюта"", ""name"": ""Валюта"", ""types"": [{""type"": ""Ref"", ""id"": ""Справочник.Валюты""}]}, {""id"": ""Сумма"", ""name"": ""Сумма"", ""types"": [{""type"": ""Number"", ""NumberQualifiers"": ""10.2""}]}, {""id"": ""Организация"", ""name"": ""Организация"", ""types"": [{""type"": ""Ref"", ""id"": ""Справочник.Организации""}]}]}], ""Catalogs"": [{""id"": ""Банки"", ""name"": ""Банки"", ""Attributes"": []}, {""id"": ""Организации"", ""name"": ""Организации"", ""Attributes"": [{""id"": ""ВалютныйУчет"", ""name"": ""Валютный учет"", ""types"": [{""type"": ""Boolean""}]}]}, {""id"": ""РасчетныеСчета"", ""name"": ""Расчетные счета"", ""Attributes"": [{""id"": ""Номер"", ""name"": ""Номер"", ""types"": [{""type"": ""String"", ""StringQualifiers"": ""20""}]}, {""id"": ""Банк"", ""name"": ""Банк"", ""types"": [{""type"": ""Ref"", ""id"": ""Справочник.Банки""}]}]}]}",task_114,server,high,task21_сложн_Куликова_v1.epf,"&НаСервере
Функция СформироватьОтчетПоОплатамНаОсновныеСчета() Экспорт
	
	ИмяОтчета = ""ДокументыОплата"";
	ИмяВариантаОтчета = ""Основной"";
	
	ОтчетОбъект = Отчеты[ИмяОтчета].Создать();
	СхемаКомпоновкиДанных = ОтчетОбъект.ПолучитьМакет(""ОсновнаяСхемаКомпоновкиДанных"");
	
	Настройки = ПолучитьНастройкиВариантаОтчета(СхемаКомпоновкиДанных, ИмяВариантаОтчета);
	
	НастроитьВыбранныеПоляОтчетаПоОплатам(Настройки);
	НастроитьОтборОтчетаПоОплатам(Настройки);
	НастроитьПараметрыВыводаОтчета(Настройки);
	
	ТабличныйДокумент = Новый ТабличныйДокумент;
	
	ДанныеРасшифровки = Новый ДанныеРасшифровкиКомпоновкиДанных;
	
	КомпоновщикМакета = Новый КомпоновщикМакетаКомпоновкиДанных;
	МакетКомпоновки = КомпоновщикМакета.Выполнить(
		СхемаКомпоновкиДанных,
		Настройки,
		ДанныеРасшифровки
	);
	
	ПроцессорКомпоновкиДанных = Новый ПроцессорКомпоновкиДанных;
	ПроцессорКомпоновкиДанных.Инициализировать(
		МакетКомпоновки,
		,
		ДанныеРасшифровки
	);
	
	ПроцессорВывода = Новый ПроцессорВыводаРезультатаКомпоновкиДанныхВТабличныйДокумент;
	ПроцессорВывода.УстановитьДокумент(ТабличныйДокумент);
	ПроцессорВывода.Вывести(ПроцессорКомпоновкиДанных);
	
	Возврат ТабличныйДокумент;
	
КонецФункции

&НаСервере
Функция ПолучитьНастройкиВариантаОтчета(СхемаКомпоновкиДанных, ИмяВариантаОтчета)
	
	ВариантНастроек = Неопределено;
	
	Для Каждого ТекущийВариант Из СхемаКомпоновкиДанных.ВариантыНастроек Цикл
		
		Если ТекущийВариант.Имя = ИмяВариантаОтчета
			Или ТекущийВариант.Представление = ИмяВариантаОтчета Тогда
			
			ВариантНастроек = ТекущийВариант;
			Прервать;
			
		КонецЕсли;
		
	КонецЦикла;
	
	Если ВариантНастроек = Неопределено Тогда
		Настройки = СхемаКомпоновкиДанных.НастройкиПоУмолчанию;
	Иначе
		Настройки = ВариантНастроек.Настройки;
	КонецЕсли;
	
	Возврат Настройки;
	
КонецФункции

&НаСервере
Процедура НастроитьВыбранныеПоляОтчетаПоОплатам(Настройки)
	
	Настройки.Выбор.Элементы.Очистить();
	
	ДобавитьВыбранноеПоле(Настройки, ""Ссылка.Организация"", ""Организация"");
	ДобавитьВыбранноеПоле(Настройки, ""РасчетныйСчет.Номер"", ""Номер счета"");
	ДобавитьВыбранноеПоле(Настройки, ""РасчетныйСчет.Банк"", ""Банк"");
	ДобавитьВыбранноеПоле(Настройки, ""Поставщик"");
	ДобавитьВыбранноеПоле(Настройки, ""Дата"");
	ДобавитьВыбранноеПоле(Настройки, ""Сумма"");
	
КонецПроцедуры

&НаСервере
Процедура ДобавитьВыбранноеПоле(Настройки, ИмяПоля, Заголовок = Неопределено)
	
	ВыбранноеПоле = Настройки.Выбор.Элементы.Добавить(Тип(""ВыбранноеПолеКомпоновкиДанных""));
	ВыбранноеПоле.Использование = Истина;
	ВыбранноеПоле.Поле = Новый ПолеКомпоновкиДанных(ИмяПоля);
	
	Если Заголовок <> Неопределено Тогда
		ВыбранноеПоле.Заголовок = Заголовок;
	КонецЕсли;
	
КонецПроцедуры

&НаСервере
Процедура НастроитьОтборОтчетаПоОплатам(Настройки)
	
	Настройки.Отбор.Элементы.Очистить();
	
	ЭлементОтбора = Настройки.Отбор.Элементы.Добавить(Тип(""ЭлементОтбораКомпоновкиДанных""));
	ЭлементОтбора.Использование = Истина;
	ЭлементОтбора.ЛевоеЗначение = Новый ПолеКомпоновкиДанных(""РасчетныйСчет.Наименование"");
	ЭлементОтбора.ВидСравнения = ВидСравненияКомпоновкиДанных.Подобно;
	ЭлементОтбора.ПравоеЗначение = ""Основной"";
	
КонецПроцедуры

&НаСервере
Процедура НастроитьПараметрыВыводаОтчета(Настройки)
	
	УстановитьПараметрВыводаОтчета(
		Настройки,
		""ВыводитьПараметрыДанных"",
		ТипВыводаТекстаКомпоновкиДанных.НеВыводить
	);
	
	УстановитьПараметрВыводаОтчета(
		Настройки,
		""ВыводитьОтбор"",
		ТипВыводаТекстаКомпоновкиДанных.НеВыводить
	);
	
КонецПроцедуры

&НаСервере
Процедура УстановитьПараметрВыводаОтчета(Настройки, ИмяПараметра, ЗначениеПараметра)
	
	ПараметрВывода = Настройки.ПараметрыВывода.Элементы.Найти(ИмяПараметра);
	
	Если ПараметрВывода <> Неопределено Тогда
		ПараметрВывода.Использование = Истина;
		ПараметрВывода.Значение = ЗначениеПараметра;
	КонецЕсли;
	
КонецПроцедуры"
"Написать функцию СформироватьОтчетПоОплатамЗаПериод(ДатаНачала, ДатаОкончания), которая формирует отчет на сервере ""ДокументыОплата"" по документам оплаты за заданный период.
Функция должна программно сформировать отчет ""ДокументыОплата"", вариант отчета ""Основной"". 
 
Настройки отчета: 
    Выбранные поля:   Поставщик, Дата, Сумма.                              
    Параметры вывода: ВыводитьПараметрыДанных = Не выводить,
	                  ВыводитьОтбор = Не выводить.  
    Отбор: Дата <= ДатаОкончания, Дата >= ДатаНачала
                                                                
Возвращаемое значение: ТабличныйДокумент.",{},task_115,server,high,task22_сложн_Куликова_v1.epf,"&НаСервереБезКонтекста
Функция СформироватьОтчетПоОплатамЗаПериод(ДатаНачала, ДатаОкончания) Экспорт
	
	Если ДатаНачала = Неопределено Или ДатаОкончания = Неопределено Тогда
		ВызватьИсключение ""Не заполнены даты периода формирования отчета."";
	КонецЕсли;
	
	Если ДатаНачала > ДатаОкончания Тогда
		ВызватьИсключение ""Дата начала периода не может быть больше даты окончания периода."";
	КонецЕсли;
	
	СхемаКомпоновкиДанных = Отчеты.ДокументыОплата.ПолучитьМакет(""ОсновнаяСхемаКомпоновкиДанных"");
	
	ВариантНастроек = СхемаКомпоновкиДанных.ВариантыНастроек.Найти(""Основной"");
	Если ВариантНастроек = Неопределено Тогда
		ВызватьИсключение ""В отчете """"ДокументыОплата"""" не найден вариант настроек """"Основной""""."";
	КонецЕсли;
	
	Настройки = ВариантНастроек.Настройки.Скопировать();
	
	// Выбранные поля: Поставщик, Дата, Сумма.
	Настройки.Выбор.Элементы.Очистить();
	
	ВыбранноеПоле = Настройки.Выбор.Элементы.Добавить(Тип(""ВыбранноеПолеКомпоновкиДанных""));
	ВыбранноеПоле.Поле = Новый ПолеКомпоновкиДанных(""Поставщик"");
	ВыбранноеПоле.Использование = Истина;
	
	ВыбранноеПоле = Настройки.Выбор.Элементы.Добавить(Тип(""ВыбранноеПолеКомпоновкиДанных""));
	ВыбранноеПоле.Поле = Новый ПолеКомпоновкиДанных(""Дата"");
	ВыбранноеПоле.Использование = Истина;
	
	ВыбранноеПоле = Настройки.Выбор.Элементы.Добавить(Тип(""ВыбранноеПолеКомпоновкиДанных""));
	ВыбранноеПоле.Поле = Новый ПолеКомпоновкиДанных(""Сумма"");
	ВыбранноеПоле.Использование = Истина;
	
	// Параметры вывода.
	Настройки.ПараметрыВывода.УстановитьЗначениеПараметра(
		Новый ПараметрКомпоновкиДанных(""ВыводитьПараметрыДанных""),
		ТипВыводаТекстаКомпоновкиДанных.НеВыводить);
	
	Настройки.ПараметрыВывода.УстановитьЗначениеПараметра(
		Новый ПараметрКомпоновкиДанных(""ВыводитьОтбор""),
		ТипВыводаТекстаКомпоновкиДанных.НеВыводить);
	
	// Отбор: Дата >= ДатаНачала, Дата <= ДатаОкончания.
	Настройки.Отбор.Элементы.Очистить();
	
	ЭлементОтбора = Настройки.Отбор.Элементы.Добавить(Тип(""ЭлементОтбораКомпоновкиДанных""));
	ЭлементОтбора.ЛевоеЗначение = Новый ПолеКомпоновкиДанных(""Дата"");
	ЭлементОтбора.ВидСравнения = ВидСравненияКомпоновкиДанных.БольшеИлиРавно;
	ЭлементОтбора.ПравоеЗначение = ДатаНачала;
	ЭлементОтбора.Использование = Истина;
	
	ЭлементОтбора = Настройки.Отбор.Элементы.Добавить(Тип(""ЭлементОтбораКомпоновкиДанных""));
	ЭлементОтбора.ЛевоеЗначение = Новый ПолеКомпоновкиДанных(""Дата"");
	ЭлементОтбора.ВидСравнения = ВидСравненияКомпоновкиДанных.МеньшеИлиРавно;
	ЭлементОтбора.ПравоеЗначение = ДатаОкончания;
	ЭлементОтбора.Использование = Истина;
	
	ДанныеРасшифровки = Новый ДанныеРасшифровкиКомпоновкиДанных;
	
	КомпоновщикМакета = Новый КомпоновщикМакетаКомпоновкиДанных;
	МакетКомпоновки = КомпоновщикМакета.Выполнить(
		СхемаКомпоновкиДанных,
		Настройки,
		ДанныеРасшифровки);
	
	ПроцессорКомпоновки = Новый ПроцессорКомпоновкиДанных;
	ПроцессорКомпоновки.Инициализировать(МакетКомпоновки);
	
	ТабличныйДокумент = Новый ТабличныйДокумент;
	
	ПроцессорВывода = Новый ПроцессорВыводаРезультатаКомпоновкиДанныхВТабличныйДокумент;
	ПроцессорВывода.УстановитьДокумент(ТабличныйДокумент);
	ПроцессорВывода.Вывести(ПроцессорКомпоновки);
	
	Возврат ТабличныйДокумент;
	
КонецФункции"
"Создай функцию: СформироватьТоп10ПродаваемыхТоваров(ДатаНач = Неопределено, ДатаКон = Неопределено) 
Функция формирует ТОП-10 самых продаваемых товаров за указанный период по количеству проданных единиц.
Используется для анализа ассортимента, выявления лидеров продаж и принятия решений по закупкам и маркетингу.


Параметры
ДатаНач (Дата) — дата начала периода анализа.
Если не указана, по умолчанию берётся 30 дней назад от текущей даты.
ДатаКон (Дата) — дата окончания периода анализа.
Если не указана, по умолчанию устанавливается конец текущего дня.


Если ДатаКон < ДатаНач, функция вызывает исключение.

Собираются данные о продажах из регистра РегистрНакопления.Продажи
Для каждого товара рассчитывается
- Общее количество проданных единиц (КоличествоПродаж)
- Общая сумма продаж (СуммаПродаж)
- Результат сортируется по убыванию количества продаж.
- Оставляются только первые 10 товаров

Функция возвращает объект типа ТаблицаЗначений со следующими колонками
- Товар
- КоличествоПродаж это количество проданных единиц товара за период
- СуммаПродаж  общая сумма продаж товара за период  
Результат отсортирован по убыванию количества продаж ТабДок.Сортировать(""КоличествоПродаж Убыв"");

По умолчанию анализирует продажи за последние 30 дней
Исключает строки с пустым товаром (Неопределено).
После сортировки оставляет строго 10 строк
Если товаров меньше 10 — возвращает все доступные","{""AccumulationRegisters"": [{""id"": ""Продажи"", ""name"": ""Продажи"", ""RegisterType"": ""Turnovers"", ""Dimensions"": [{""id"": ""Покупатель"", ""name"": ""Покупатель"", ""types"": [{""type"": ""Ref"", ""id"": ""Справочник.Контрагенты""}]}, {""id"": ""Товар"", ""name"": ""Товар"", ""types"": [{""type"": ""Ref"", ""id"": ""Справочник.Товары""}]}], ""Resources"": [{""id"": ""Количество"", ""name"": ""Количество"", ""types"": [{""type"": ""Number"", ""NumberQualifiers"": ""10.2""}]}, {""id"": ""Сумма"", ""name"": ""Сумма"", ""types"": [{""type"": ""Number"", ""NumberQualifiers"": ""10.2""}]}]}], ""Catalogs"": [{""id"": ""Товары"", ""name"": ""Товары"", ""Attributes"": [{""id"": ""Артикул"", ""name"": ""Артикул"", ""types"": [{""type"": ""String"", ""StringQualifiers"": ""15""}]}, {""id"": ""Поставщик"", ""name"": ""Поставщик"", ""types"": [{""type"": ""Ref"", ""id"": ""Справочник.Контрагенты""}]}, {""id"": ""ФайлКартинки"", ""name"": ""Картинка"", ""types"": [{""type"": ""Ref"", ""id"": ""Справочник.ХранимыеФайлы""}]}, {""id"": ""Вид"", ""name"": ""Вид"", ""types"": []}, {""id"": ""Штрихкод"", ""name"": ""Штрихкод"", ""types"": [{""type"": ""String"", ""StringQualifiers"": ""20""}]}, {""id"": ""Описание"", ""name"": ""Описание"", ""types"": [{""type"": ""String"", ""StringQualifiers"": ""0""}]}]}]}",task_116,server,,task23_СрВывестиТоп10ПродажТоваров_v2.epf,"Функция СформироватьТоп10ПродаваемыхТоваров(ДатаНач = Неопределено, ДатаКон = Неопределено) Экспорт
	
	Если ДатаНач = Неопределено Тогда
		ДатаНач = НачалоДня(ТекущаяДата() - 30 * 24 * 60 * 60);
	Иначе
		ДатаНач = НачалоДня(ДатаНач);
	КонецЕсли;
	
	Если ДатаКон = Неопределено Тогда
		ДатаКон = КонецДня(ТекущаяДата());
	Иначе
		ДатаКон = КонецДня(ДатаКон);
	КонецЕсли;
	
	Если ДатаКон < ДатаНач Тогда
		ВызватьИсключение ""Дата окончания периода не может быть меньше даты начала периода."";
	КонецЕсли;
	
	Запрос = Новый Запрос;
	Запрос.Текст = 
""ВЫБРАТЬ
|	ПродажиОбороты.Товар КАК Товар,
|	СУММА(ПродажиОбороты.КоличествоОборот) КАК КоличествоПродаж,
|	СУММА(ПродажиОбороты.СуммаОборот) КАК СуммаПродаж
|ИЗ
|	РегистрНакопления.Продажи.Обороты(&ДатаНач, &ДатаКон, , ) КАК ПродажиОбороты
|ГДЕ
|	ПродажиОбороты.Товар <> ЗНАЧЕНИЕ(Справочник.Товары.ПустаяСсылка)
|
|СГРУППИРОВАТЬ ПО
|	ПродажиОбороты.Товар"";
	
	Запрос.УстановитьПараметр(""ДатаНач"", ДатаНач);
	Запрос.УстановитьПараметр(""ДатаКон"", ДатаКон);
	
	РезультатЗапроса = Запрос.Выполнить();
	ТаблицаПродаж = РезультатЗапроса.Выгрузить();
	
	ТаблицаПродаж.Сортировать(""КоличествоПродаж Убыв"");
	
	Пока ТаблицаПродаж.Количество() > 10 Цикл
		ТаблицаПродаж.Удалить(ТаблицаПродаж.Количество() - 1);
	КонецЦикла;
	
	Возврат ТаблицаПродаж;
	
КонецФункции"
"Написать функцию СформироватьОтчетЖелаемыйУровеньПродаж(ДатаНачала, ДатаОкончания, УровеньПродаж), которая формирует отчет на сервере ""ДинамикаПродаж"" на заданный период и раскрашивает строки, 
для которых сумма продаж больше или равна заданного уровня продаж.
Подменить стандартную структуру отчета(диаграмма) на группировку по полю ""Период"".

Функция должна программно сформировать отчет ""ДинамикаПродаж"", вариант отчета ""СуммаИКоличество"". 
Настройки отчета:   
    Структура отчета: Группировка
	                     ""Период"" ТипГруппировки = Элементы, ТипДополнения = БезДополнения.
	    Параметры отчета: Период 
	    Значения параметов: Период.ДатаНачала = ДатаНачала, Период.ДатаОкончания = ДатаОкончания.
	Параметры вывода: ВыводитьПараметрыДанных = Не выводить,
	                  ВыводитьОтбор = Не выводить. 
	УсловноеОформление: 
       Оформление: ЦветТекста = Цвет(0, 150, 70);
       Условие: СуммаОборот >= УровеньПродаж
	   ОформляемыеПоля: Период
	   ИспользоватьВЗаголовкеПолей = НеИспользовать;             
Параметры функции:  
ДатаНачала (тип: Дата) - начало периода.
ДатаОкончания (тип: Дата) - окончание периода.
УровеньПродаж (тип: Число) - желаемый уровень продаж.

Возвращаемое значение: ТабличныйДокумент.",{},task_117,server,high,task23_сложн_Куликова_v1.epf,"Функция СформироватьОтчетЖелаемыйУровеньПродаж(ДатаНачала, ДатаОкончания, УровеньПродаж) Экспорт
	
	Если Не ЗначениеЗаполнено(ДатаНачала) Тогда
		ВызватьИсключение ""Не заполнен параметр ДатаНачала."";
	КонецЕсли;
	
	Если Не ЗначениеЗаполнено(ДатаОкончания) Тогда
		ВызватьИсключение ""Не заполнен параметр ДатаОкончания."";
	КонецЕсли;
	
	Если ДатаНачала > ДатаОкончания Тогда
		ВызватьИсключение ""Дата начала периода не может быть больше даты окончания периода."";
	КонецЕсли;
	
	// Получаем схему компоновки данных отчета.
	ОтчетОбъект = Отчеты.ДинамикаПродаж.Создать();
	СхемаКомпоновкиДанных = ОтчетОбъект.ПолучитьМакет(""ОсновнаяСхемаКомпоновкиДанных"");
	
	// Загружаем вариант отчета ""СуммаИКоличество"".
	ВариантНастроек = СхемаКомпоновкиДанных.ВариантыНастроек.Найти(""СуммаИКоличество"");
	
	Если ВариантНастроек = Неопределено Тогда
		ВызватьИсключение ""В отчете """"ДинамикаПродаж"""" не найден вариант """"СуммаИКоличество""""."";
	КонецЕсли;
	
	КомпоновщикНастроек = Новый КомпоновщикНастроекКомпоновкиДанных;
	КомпоновщикНастроек.Инициализировать(
		Новый ИсточникДоступныхНастроекКомпоновкиДанных(СхемаКомпоновкиДанных));
	КомпоновщикНастроек.ЗагрузитьНастройки(ВариантНастроек.Настройки);
	
	Настройки = КомпоновщикНастроек.Настройки;
	
	// Подменяем стандартную структуру отчета, например диаграмму, на группировку по полю ""Период"".
	Настройки.Структура.Очистить();
	
	ГруппировкаПериод = Настройки.Структура.Добавить(Тип(""ГруппировкаКомпоновкиДанных""));
	ГруппировкаПериод.Использование = Истина;
	
	ПолеГруппировки = ГруппировкаПериод.ПоляГруппировки.Элементы.Добавить();
	ПолеГруппировки.Использование = Истина;
	ПолеГруппировки.Поле = Новый ПолеКомпоновкиДанных(""Период"");
	ПолеГруппировки.ТипГруппировки = ТипГруппировкиКомпоновкиДанных.Элементы;
	
	УстановитьТипДополненияБезДополнения(ПолеГруппировки);
	
	// Параметры отчета.
	ПериодОтчета = Новый СтандартныйПериод(ДатаНачала, ДатаОкончания);
	УстановитьПараметрКомпоновкиДанных(Настройки.ПараметрыДанных, ""Период"", ПериодОтчета, Истина);
	
	// Параметры вывода.
	НеВыводить = ПолучитьПредопределенноеЗначениеСКД(""ТипВыводаТекстаКомпоновкиДанных.НеВыводить"");
	
	УстановитьПараметрКомпоновкиДанных(Настройки.ПараметрыВывода, ""ВыводитьПараметрыДанных"", НеВыводить, Ложь);
	УстановитьПараметрКомпоновкиДанных(Настройки.ПараметрыВывода, ""ВыводитьОтбор"", НеВыводить, Ложь);
	
	// Условное оформление.
	Настройки.УсловноеОформление.Элементы.Очистить();
	
	ЭлементУсловногоОформления = Настройки.УсловноеОформление.Элементы.Добавить();
	ЭлементУсловногоОформления.Использование = Истина;
	
	ЭлементУсловногоОформления.Оформление.УстановитьЗначениеПараметра(
		""ЦветТекста"",
		Новый Цвет(0, 150, 70));
	
	ЭлементОтбора = ЭлементУсловногоОформления.Отбор.Элементы.Добавить(
		Тип(""ЭлементОтбораКомпоновкиДанных""));
	ЭлементОтбора.Использование = Истина;
	ЭлементОтбора.ЛевоеЗначение = Новый ПолеКомпоновкиДанных(""СуммаОборот"");
	ЭлементОтбора.ВидСравнения = ВидСравненияКомпоновкиДанных.БольшеИлиРавно;
	ЭлементОтбора.ПравоеЗначение = УровеньПродаж;
	
	ОформляемоеПоле = ЭлементУсловногоОформления.Поля.Элементы.Добавить();
	ОформляемоеПоле.Использование = Истина;
	ОформляемоеПоле.Поле = Новый ПолеКомпоновкиДанных(""Период"");
	
	УстановитьИспользованиеВЗаголовкеПолейНеИспользовать(ЭлементУсловногоОформления);
	
	// Формирование табличного документа.
	ДанныеРасшифровки = Новый ДанныеРасшифровкиКомпоновкиДанных;
	
	КомпоновщикМакета = Новый КомпоновщикМакетаКомпоновкиДанных;
	МакетКомпоновкиДанных = КомпоновщикМакета.Выполнить(
		СхемаКомпоновкиДанных,
		Настройки,
		ДанныеРасшифровки);
	
	ПроцессорКомпоновкиДанных = Новый ПроцессорКомпоновкиДанных;
	ПроцессорКомпоновкиДанных.Инициализировать(
		МакетКомпоновкиДанных,
		,
		ДанныеРасшифровки);
	
	ТабличныйДокумент = Новый ТабличныйДокумент;
	
	ПроцессорВывода = Новый ПроцессорВыводаРезультатаКомпоновкиДанныхВТабличныйДокумент;
	ПроцессорВывода.УстановитьДокумент(ТабличныйДокумент);
	ПроцессорВывода.Вывести(ПроцессорКомпоновкиДанных);
	
	Возврат ТабличныйДокумент;
	
КонецФункции

Процедура УстановитьПараметрКомпоновкиДанных(КоллекцияПараметров, ИмяПараметра, ЗначениеПараметра, ОбязательныйПараметр)
	
	Параметр = КоллекцияПараметров.Элементы.Найти(ИмяПараметра);
	
	Если Параметр = Неопределено Тогда
		
		Если ОбязательныйПараметр Тогда
			ВызватьИсключение ""В настройках компоновки данных не найден параметр """""" + ИмяПараметра + """"""."";
		КонецЕсли;
		
		Возврат;
		
	КонецЕсли;
	
	Параметр.Значение = ЗначениеПараметра;
	Параметр.Использование = Истина;
	
КонецПроцедуры

Процедура УстановитьТипДополненияБезДополнения(ПолеГруппировки)
	
	// В разных версиях платформы имя системного перечисления может отличаться,
	// поэтому устанавливаем значение безопасно.
	ТипДополнения = ПолучитьПредопределенноеЗначениеСКД(""ТипДополненияКомпоновкиДанных.БезДополнения"");
	
	Если ТипДополнения = Неопределено Тогда
		ТипДополнения = ПолучитьПредопределенноеЗначениеСКД(""ТипДополненияПериодаКомпоновкиДанных.БезДополнения"");
	КонецЕсли;
	
	Если ТипДополнения <> Неопределено Тогда
		Попытка
			ПолеГруппировки.ТипДополнения = ТипДополнения;
		Исключение
			// Если свойство недоступно для данного поля, оставляем значение по умолчанию.
		КонецПопытки;
	КонецЕсли;
	
КонецПроцедуры

Процедура УстановитьИспользованиеВЗаголовкеПолейНеИспользовать(ЭлементУсловногоОформления)
	
	НеИспользовать = ПолучитьПредопределенноеЗначениеСКД(
		""ИспользованиеУсловногоОформленияКомпоновкиДанных.НеИспользовать"");
	
	Если НеИспользовать <> Неопределено Тогда
		Попытка
			ЭлементУсловногоОформления.ИспользоватьВЗаголовкеПолей = НеИспользовать;
		Исключение
			// Свойство может отсутствовать в старых версиях платформы.
		КонецПопытки;
	КонецЕсли;
	
КонецПроцедуры

Функция ПолучитьПредопределенноеЗначениеСКД(ИмяПредопределенногоЗначения)
	
	Попытка
		Возврат ПредопределенноеЗначение(ИмяПредопределенногоЗначения);
	Исключение
		Возврат Неопределено;
	КонецПопытки;
	
КонецФункции"
"Написать функцию СформироватьОтчетПродажиСуммированиеТолькоТоваров(ДатаНачала, ДатаОкончания), которая формирует отчет на сервере ""ДинамикаПродаж"" 
с суммированием ресурса СуммаОборот по группировке Покупатель только для товаров, для которых реквизит Вид = Услуга. 
Функция должна программно сформировать отчет ""ДинамикаПродаж"", вариант отчета ""ПродажиТоваровПоПокупателям"". 
Настройки отчета:
    Структура: Покупатель: ТипГруппировки = Элементы, ТипДополнения = БезДополнения.
                 Товар: ТипГруппировки = Элементы, ТипДополнения = БезДополнения.  
    ПоляИтога:  СуммаОборот
         Поле: СуммаОборот
         Выражение: СУММА(ВычислитьВыражениеСГруппировкойМассив(""СУММА(СуммаОборот)"", ""Товар"", ""Не Товар.Вид = ЗНАЧЕНИЕ(Перечисление.ВидыТоваров.Услуга)""))
         ПоляГруппировки: Покупатель
                          ОбщийИтог
                          
         Поле: СуммаОборот
         Выражение: СУММА(СуммаОборот)
         ПоляГруппировки: Товар
                                           
    Параметры отчета: Период 
	    Значения параметов: Период.ДатаНачала = ДатаНачала, Период.ДатаОкончания = ДатаОкончания.
	Параметры вывода: ВыводитьПараметрыДанных = Не выводить,
	                  ВыводитьОтбор = Не выводить. 	                  
Параметры функции:  
ДатаНачала (тип: Дата) - начало периода.
ДатаОкончания (тип: Дата) - окончание периода.

Возвращаемое значение: ТабличныйДокумент.","{""AccumulationRegisters"": [{""id"": ""Продажи"", ""name"": ""Продажи"", ""RegisterType"": ""Turnovers"", ""Dimensions"": [{""id"": ""Покупатель"", ""name"": ""Покупатель"", ""types"": [{""type"": ""Ref"", ""id"": ""Справочник.Контрагенты""}]}, {""id"": ""Товар"", ""name"": ""Товар"", ""types"": [{""type"": ""Ref"", ""id"": ""Справочник.Товары""}]}], ""Resources"": [{""id"": ""Количество"", ""name"": ""Количество"", ""types"": [{""type"": ""Number"", ""NumberQualifiers"": ""10.2""}]}, {""id"": ""Сумма"", ""name"": ""Сумма"", ""types"": [{""type"": ""Number"", ""NumberQualifiers"": ""10.2""}]}]}], ""Catalogs"": [{""id"": ""Контрагенты"", ""name"": ""Контрагенты"", ""Attributes"": [{""id"": ""Регион"", ""name"": ""Регион"", ""types"": [{""type"": ""Ref"", ""id"": ""Справочник.Регионы""}]}, {""id"": ""Индекс"", ""name"": ""Индекс"", ""types"": [{""type"": ""String"", ""StringQualifiers"": ""10""}]}, {""id"": ""Страна"", ""name"": ""Страна"", ""types"": [{""type"": ""String"", ""StringQualifiers"": ""0""}]}, {""id"": ""Город"", ""name"": ""Город"", ""types"": [{""type"": ""String"", ""StringQualifiers"": ""0""}]}, {""id"": ""Улица"", ""name"": ""Улица"", ""types"": [{""type"": ""String"", ""StringQualifiers"": ""0""}]}, {""id"": ""Дом"", ""name"": ""Дом"", ""types"": [{""type"": ""String"", ""StringQualifiers"": ""15""}]}, {""id"": ""Телефон"", ""name"": ""Телефон"", ""types"": [{""type"": ""String"", ""StringQualifiers"": ""16""}]}, {""id"": ""ЭлектроннаяПочта"", ""name"": ""Электронная почта"", ""types"": [{""type"": ""String"", ""StringQualifiers"": ""40""}]}, {""id"": ""Факс"", ""name"": ""Факс"", ""types"": [{""type"": ""String"", ""StringQualifiers"": ""16""}]}, {""id"": ""ВебСайт"", ""name"": ""Веб сайт"", ""types"": [{""type"": ""String"", ""StringQualifiers"": ""40""}]}, {""id"": ""ВидЦен"", ""name"": ""Вид цен"", ""types"": [{""type"": ""Ref"", ""id"": ""Справочник.ВидыЦен""}]}, {""id"": ""ДополнительнаяИнформация"", ""name"": ""Дополнительная информация"", ""types"": [{""type"": ""String"", ""StringQualifiers"": ""0""}]}, {""id"": ""КонтактноеЛицо"", ""name"": ""Контактное лицо"", ""types"": [{""type"": ""String"", ""StringQualifiers"": ""100""}]}, {""id"": ""Широта"", ""name"": ""Широта"", ""types"": [{""type"": ""Number"", ""NumberQualifiers"": ""10.6""}]}, {""id"": ""Долгота"", ""name"": ""Долгота"", ""types"": [{""type"": ""Number"", ""NumberQualifiers"": ""10.6""}]}]}, {""id"": ""Товары"", ""name"": ""Товары"", ""Attributes"": [{""id"": ""Артикул"", ""name"": ""Артикул"", ""types"": [{""type"": ""String"", ""StringQualifiers"": ""15""}]}, {""id"": ""Поставщик"", ""name"": ""Поставщик"", ""types"": [{""type"": ""Ref"", ""id"": ""Справочник.Контрагенты""}]}, {""id"": ""ФайлКартинки"", ""name"": ""Картинка"", ""types"": [{""type"": ""Ref"", ""id"": ""Справочник.ХранимыеФайлы""}]}, {""id"": ""Вид"", ""name"": ""Вид"", ""types"": []}, {""id"": ""Штрихкод"", ""name"": ""Штрихкод"", ""types"": [{""type"": ""String"", ""StringQualifiers"": ""20""}]}, {""id"": ""Описание"", ""name"": ""Описание"", ""types"": [{""type"": ""String"", ""StringQualifiers"": ""0""}]}]}]}",task_118,server,high,task24_сложн_Куликова_v1.epf,"&НаСервереБезКонтекста
Функция СформироватьОтчетПродажиСуммированиеТолькоТоваров(ДатаНачала, ДатаОкончания) Экспорт
	
	Если ДатаНачала = Неопределено Или ДатаОкончания = Неопределено Тогда
		ВызватьИсключение ""Необходимо указать дату начала и дату окончания периода."";
	КонецЕсли;
	
	Если ДатаНачала > ДатаОкончания Тогда
		ВызватьИсключение ""Дата начала периода не может быть больше даты окончания периода."";
	КонецЕсли;
	
	ОтчетОбъект = Отчеты.ДинамикаПродаж.Создать();
	СхемаКомпоновкиДанных = ОтчетОбъект.ПолучитьМакет(""ОсновнаяСхемаКомпоновкиДанных"");
	
	ВариантНастроек = НайтиВариантНастроекКомпоновкиДанных(
		СхемаКомпоновкиДанных,
		""ПродажиТоваровПоПокупателям"");
	
	Если ВариантНастроек = Неопределено Тогда
		ВызватьИсключение ""В отчете """"ДинамикаПродаж"""" не найден вариант настроек """"ПродажиТоваровПоПокупателям""""."";
	КонецЕсли;
	
	// Получаем копию настроек варианта, чтобы не изменять настройки, хранящиеся в схеме.
	Настройки = ЗначениеИзСтрокиВнутр(ЗначениеВСтрокуВнутр(ВариантНастроек.Настройки));
	
	СформироватьСтруктуруОтчетаПродажиТоваровПоПокупателям(Настройки);
	СформироватьПоляИтогаОтчетаПродажиТоваровПоПокупателям(Настройки);
	УстановитьПараметрыОтчетаПродажиТоваровПоПокупателям(Настройки, ДатаНачала, ДатаОкончания);
	УстановитьПараметрыВыводаОтчетаПродажиТоваровПоПокупателям(Настройки);
	
	ДанныеРасшифровки = Новый ДанныеРасшифровкиКомпоновкиДанных;
	
	КомпоновщикМакета = Новый КомпоновщикМакетаКомпоновкиДанных;
	МакетКомпоновки = КомпоновщикМакета.Выполнить(
		СхемаКомпоновкиДанных,
		Настройки,
		ДанныеРасшифровки);
	
	ПроцессорКомпоновки = Новый ПроцессорКомпоновкиДанных;
	ПроцессорКомпоновки.Инициализировать(
		МакетКомпоновки,
		,
		ДанныеРасшифровки);
	
	ТабличныйДокумент = Новый ТабличныйДокумент;
	
	ПроцессорВывода = Новый ПроцессорВыводаРезультатаКомпоновкиДанныхВТабличныйДокумент;
	ПроцессорВывода.УстановитьДокумент(ТабличныйДокумент);
	ПроцессорВывода.Вывести(ПроцессорКомпоновки);
	
	Возврат ТабличныйДокумент;
	
КонецФункции

&НаСервереБезКонтекста
Функция НайтиВариантНастроекКомпоновкиДанных(СхемаКомпоновкиДанных, ИмяВарианта)
	
	Для Каждого ВариантНастроек Из СхемаКомпоновкиДанных.ВариантыНастроек Цикл
		Если ВариантНастроек.Имя = ИмяВарианта Тогда
			Возврат ВариантНастроек;
		КонецЕсли;
	КонецЦикла;
	
	Возврат Неопределено;
	
КонецФункции

&НаСервереБезКонтекста
Процедура СформироватьСтруктуруОтчетаПродажиТоваровПоПокупателям(Настройки)
	
	Настройки.Структура.Очистить();
	
	ГруппировкаПокупатель = ДобавитьГруппировкуКомпоновкиДанных(
		Настройки.Структура,
		""Покупатель"");
	
	ДобавитьГруппировкуКомпоновкиДанных(
		ГруппировкаПокупатель.Структура,
		""Товар"");
	
	// Поле результата.
	Настройки.Выбор.Элементы.Очистить();
	
	ВыбранноеПоле = Настройки.Выбор.Элементы.Добавить(Тип(""ВыбранноеПолеКомпоновкиДанных""));
	ВыбранноеПоле.Использование = Истина;
	ВыбранноеПоле.Поле = Новый ПолеКомпоновкиДанных(""СуммаОборот"");
	
КонецПроцедуры

&НаСервереБезКонтекста
Функция ДобавитьГруппировкуКомпоновкиДанных(СтруктураОтчета, ИмяПоля)
	
	Группировка = СтруктураОтчета.Добавить(Тип(""ГруппировкаКомпоновкиДанных""));
	Группировка.Использование = Истина;
	
	ПолеГруппировки = Группировка.ПоляГруппировки.Элементы.Добавить(Тип(""ПолеГруппировкиКомпоновкиДанных""));
	ПолеГруппировки.Использование = Истина;
	ПолеГруппировки.Поле = Новый ПолеКомпоновкиДанных(ИмяПоля);
	ПолеГруппировки.ТипГруппировки = ТипГруппировкиКомпоновкиДанных.Элементы;
	ПолеГруппировки.ТипДополнения = ТипДополненияКомпоновкиДанных.БезДополнения;
	
	Возврат Группировка;
	
КонецФункции

&НаСервереБезКонтекста
Процедура СформироватьПоляИтогаОтчетаПродажиТоваровПоПокупателям(Настройки)
	
	Настройки.ПоляИтога.Элементы.Очистить();
	
	// Итог по покупателю и общий итог:
	// суммируем СуммаОборот только по товарам, у которых Вид не равен Услуга.
	ПолеИтогаПокупатель = Настройки.ПоляИтога.Элементы.Добавить(Тип(""ПолеИтогаКомпоновкиДанных""));
	ПолеИтогаПокупатель.Использование = Истина;
	ПолеИтогаПокупатель.Поле = Новый ПолеКомпоновкиДанных(""СуммаОборот"");
	ПолеИтогаПокупатель.Выражение =
		""СУММА(ВычислитьВыражениеСГруппировкойМассив(""""СУММА(СуммаОборот)"""", """"Товар"""", """"Не Товар.Вид = ЗНАЧЕНИЕ(Перечисление.ВидыТоваров.Услуга)""""))"";
	
	ДобавитьПолеГруппировкиПоляИтога(ПолеИтогаПокупатель, ""Покупатель"");
	ДобавитьПолеГруппировкиПоляИтога(ПолеИтогаПокупатель, ""ОбщийИтог"");
	
	// Итог по товару:
	// обычное суммирование оборота.
	ПолеИтогаТовар = Настройки.ПоляИтога.Элементы.Добавить(Тип(""ПолеИтогаКомпоновкиДанных""));
	ПолеИтогаТовар.Использование = Истина;
	ПолеИтогаТовар.Поле = Новый ПолеКомпоновкиДанных(""СуммаОборот"");
	ПолеИтогаТовар.Выражение = ""СУММА(СуммаОборот)"";
	
	ДобавитьПолеГруппировкиПоляИтога(ПолеИтогаТовар, ""Товар"");
	
КонецПроцедуры

&НаСервереБезКонтекста
Процедура ДобавитьПолеГруппировкиПоляИтога(ПолеИтога, ИмяПоляГруппировки)
	
	ПолеГруппировки = ПолеИтога.ПоляГруппировки.Элементы.Добавить(Тип(""ПолеГруппировкиКомпоновкиДанных""));
	ПолеГруппировки.Использование = Истина;
	ПолеГруппировки.Поле = Новый ПолеКомпоновкиДанных(ИмяПоляГруппировки);
	
КонецПроцедуры

&НаСервереБезКонтекста
Процедура УстановитьПараметрыОтчетаПродажиТоваровПоПокупателям(Настройки, ДатаНачала, ДатаОкончания)
	
	Период = Новый СтандартныйПериод(ДатаНачала, ДатаОкончания);
	
	Настройки.ПараметрыДанных.УстановитьЗначениеПараметра(
		Новый ПараметрКомпоновкиДанных(""Период""),
		Период);
	
КонецПроцедуры

&НаСервереБезКонтекста
Процедура УстановитьПараметрыВыводаОтчетаПродажиТоваровПоПокупателям(Настройки)
	
	Настройки.ПараметрыВывода.УстановитьЗначениеПараметра(
		Новый ПараметрКомпоновкиДанных(""ВыводитьПараметрыДанных""),
		ТипВыводаПараметровКомпоновкиДанных.НеВыводить);
	
	Настройки.ПараметрыВывода.УстановитьЗначениеПараметра(
		Новый ПараметрКомпоновкиДанных(""ВыводитьОтбор""),
		ТипВыводаПараметровКомпоновкиДанных.НеВыводить);
	
КонецПроцедуры"
"Написать функцию СформироватьОтчетПродажиТовараНаДень(ДатаНачала, ДатаОкончания), которая формирует отчет на сервере ""ДинамикаПродаж"" по продажам товара за день. 
Функция должна программно сформировать отчет ""ДинамикаПродаж"", вариант отчета ""СуммаИКоличество"". 
Настройки отчета: 
    Структура: Период: ТипГруппировки = Элементы, ТипДополнения = БезДополнения.
                 Товар: ТипГруппировки = Элементы, ТипДополнения = БезДополнения.  
    Параметры отчета: Период 
	    Значения параметов: Период.ДатаНачала = ДатаНачала, Период.ДатаОкончания = ДатаОкончания.
	Параметры вывода: ВыводитьПараметрыДанных = Не выводить,
	                  ВыводитьОтбор = Не выводить. 	                  
Параметры функции:  
ДатаНачала (тип: Дата) - начало периода.
ДатаОкончания (тип: Дата) - окончание периода.

Возвращаемое значение: ТабличныйДокумент.","{""Catalogs"": [{""id"": ""Товары"", ""name"": ""Товары"", ""Attributes"": [{""id"": ""Артикул"", ""name"": ""Артикул"", ""types"": [{""type"": ""String"", ""StringQualifiers"": ""15""}]}, {""id"": ""Поставщик"", ""name"": ""Поставщик"", ""types"": [{""type"": ""Ref"", ""id"": ""Справочник.Контрагенты""}]}, {""id"": ""ФайлКартинки"", ""name"": ""Картинка"", ""types"": [{""type"": ""Ref"", ""id"": ""Справочник.ХранимыеФайлы""}]}, {""id"": ""Вид"", ""name"": ""Вид"", ""types"": []}, {""id"": ""Штрихкод"", ""name"": ""Штрихкод"", ""types"": [{""type"": ""String"", ""StringQualifiers"": ""20""}]}, {""id"": ""Описание"", ""name"": ""Описание"", ""types"": [{""type"": ""String"", ""StringQualifiers"": ""0""}]}]}]}",task_119,server,high,task25_сложн_Куликова_v1.epf,"// Разместите код в серверном общем модуле, доступном для вызова с сервера.

Функция СформироватьОтчетПродажиТовараНаДень(ДатаНачала, ДатаОкончания) Экспорт
	
	Если Не ЗначениеЗаполнено(ДатаНачала) Тогда
		ВызватьИсключение ""Не заполнен параметр ДатаНачала."";
	КонецЕсли;
	
	Если Не ЗначениеЗаполнено(ДатаОкончания) Тогда
		ВызватьИсключение ""Не заполнен параметр ДатаОкончания."";
	КонецЕсли;
	
	Если ДатаНачала > ДатаОкончания Тогда
		ВызватьИсключение ""Дата начала периода больше даты окончания периода."";
	КонецЕсли;
	
	// Получаем основную схему компоновки данных отчета.
	ОтчетОбъект = Отчеты.ДинамикаПродаж.Создать();
	СхемаКомпоновкиДанных = ОтчетОбъект.ПолучитьМакет(""ОсновнаяСхемаКомпоновкиДанных"");
	
	// Получаем настройки варианта отчета ""СуммаИКоличество"".
	Настройки = ПолучитьНастройкиВариантаОтчета(СхемаКомпоновкиДанных, ""СуммаИКоличество"");
	
	// Настройка структуры отчета:
	// Период: ТипГруппировки = Элементы, ТипДополнения = БезДополнения.
	// Товар:  ТипГруппировки = Элементы, ТипДополнения = БезДополнения.
	НастроитьПолеГруппировки(Настройки.Структура, ""Период"");
	НастроитьПолеГруппировки(Настройки.Структура, ""Товар"");
	
	// Параметр отчета ""Период"".
	УстановитьПериодОтчета(Настройки, ДатаНачала, ДатаОкончания);
	
	// Параметры вывода.
	УстановитьПараметрВыводаНеВыводить(Настройки, ""ВыводитьПараметрыДанных"");
	УстановитьПараметрВыводаНеВыводить(Настройки, ""ВыводитьОтбор"");
	
	// Формирование табличного документа.
	ДанныеРасшифровки = Новый ДанныеРасшифровкиКомпоновкиДанных;
	
	КомпоновщикМакета = Новый КомпоновщикМакетаКомпоновкиДанных;
	МакетКомпоновки = КомпоновщикМакета.Выполнить(
		СхемаКомпоновкиДанных,
		Настройки,
		ДанныеРасшифровки);
	
	ПроцессорКомпоновки = Новый ПроцессорКомпоновкиДанных;
	ПроцессорКомпоновки.Инициализировать(
		МакетКомпоновки,
		,
		ДанныеРасшифровки);
	
	ТабличныйДокумент = Новый ТабличныйДокумент;
	ТабличныйДокумент.АвтоМасштаб = Истина;
	
	ПроцессорВывода = Новый ПроцессорВыводаРезультатаКомпоновкиДанныхВТабличныйДокумент;
	ПроцессорВывода.УстановитьДокумент(ТабличныйДокумент);
	ПроцессорВывода.Вывести(ПроцессорКомпоновки);
	
	Возврат ТабличныйДокумент;
	
КонецФункции

Функция ПолучитьНастройкиВариантаОтчета(СхемаКомпоновкиДанных, ИмяВарианта)
	
	ВариантНастроек = СхемаКомпоновкиДанных.ВариантыНастроек.Найти(ИмяВарианта);
	
	Если ВариантНастроек = Неопределено Тогда
		
		Для Каждого ТекущийВариант Из СхемаКомпоновкиДанных.ВариантыНастроек Цикл
			
			Если ТекущийВариант.Имя = ИмяВарианта Тогда
				ВариантНастроек = ТекущийВариант;
				Прервать;
			КонецЕсли;
			
			Если ТекущийВариант.Представление = ИмяВарианта Тогда
				ВариантНастроек = ТекущийВариант;
				Прервать;
			КонецЕсли;
			
		КонецЦикла;
		
	КонецЕсли;
	
	Если ВариантНастроек = Неопределено Тогда
		ВызватьИсключение СтрШаблон(
			""В отчете """"ДинамикаПродаж"""" не найден вариант настроек """"%1""""."",
			ИмяВарианта);
	КонецЕсли;
	
	Возврат ВариантНастроек.Настройки;
	
КонецФункции

Процедура НастроитьПолеГруппировки(КоллекцияЭлементовСтруктуры, ИмяПоля)
	
	Для Каждого ЭлементСтруктуры Из КоллекцияЭлементовСтруктуры Цикл
		
		// Настройка полей группировки текущего элемента структуры.
		Попытка
			
			Для Каждого ПолеГруппировки Из ЭлементСтруктуры.ПоляГруппировки.Элементы Цикл
				
				Если ЭтоНужноеПолеКомпоновки(ПолеГруппировки.Поле, ИмяПоля) Тогда
					
					ПолеГруппировки.ТипГруппировки = ТипГруппировкиКомпоновкиДанных.Элементы;
					
					Попытка
						ПолеГруппировки.ТипДополнения = ТипДополненияПериодаКомпоновкиДанных.БезДополнения;
					Исключение
						// У некоторых полей или версий платформы свойство может быть недоступно.
					КонецПопытки;
					
				КонецЕсли;
				
			КонецЦикла;
			
		Исключение
			// У элемента структуры может не быть полей группировки.
		КонецПопытки;
		
		// Рекурсивная обработка вложенной структуры.
		Попытка
			НастроитьПолеГруппировки(ЭлементСтруктуры.Структура, ИмяПоля);
		Исключение
		КонецПопытки;
		
		// Если в варианте используется таблица, обрабатываем строки и колонки.
		Попытка
			НастроитьПолеГруппировки(ЭлементСтруктуры.Строки, ИмяПоля);
		Исключение
		КонецПопытки;
		
		Попытка
			НастроитьПолеГруппировки(ЭлементСтруктуры.Колонки, ИмяПоля);
		Исключение
		КонецПопытки;
		
	КонецЦикла;
	
КонецПроцедуры

Функция ЭтоНужноеПолеКомпоновки(ПолеКомпоновки, ИмяПоля)
	
	Попытка
		Если ПолеКомпоновки.Путь = ИмяПоля Тогда
			Возврат Истина;
		КонецЕсли;
	Исключение
	КонецПопытки;
	
	Возврат Строка(ПолеКомпоновки) = ИмяПоля;
	
КонецФункции

Процедура УстановитьПериодОтчета(Настройки, ДатаНачала, ДатаОкончания)
	
	ПараметрПериод = Настройки.ПараметрыДанных.Элементы.Найти(""Период"");
	
	Если ПараметрПериод = Неопределено Тогда
		ВызватьИсключение ""В настройках отчета не найден параметр данных """"Период""""."";
	КонецЕсли;
	
	ПараметрПериод.Использование = Истина;
	
	Попытка
		
		ЗначениеПериода = ПараметрПериод.Значение;
		ЗначениеПериода.ДатаНачала = ДатаНачала;
		ЗначениеПериода.ДатаОкончания = ДатаОкончания;
		
		ПараметрПериод.Значение = ЗначениеПериода;
		
	Исключение
		
		// Если значение параметра еще не создано или имеет другой тип.
		ПараметрПериод.Значение = Новый СтандартныйПериод(ДатаНачала, ДатаОкончания);
		
	КонецПопытки;
	
КонецПроцедуры

Процедура УстановитьПараметрВыводаНеВыводить(Настройки, ИмяПараметра)
	
	ПараметрВывода = Настройки.ПараметрыВывода.Элементы.Найти(ИмяПараметра);
	
	Если ПараметрВывода = Неопределено Тогда
		Возврат;
	КонецЕсли;
	
	Попытка
		ПараметрВывода.Значение = ТипВыводаТекстаКомпоновкиДанных.НеВыводить;
	Исключение
		// Для конфигураций, где параметр вывода задан булевым значением.
		ПараметрВывода.Значение = Ложь;
	КонецПопытки;
	
КонецПроцедуры"
"Написать функцию СформироватьОтчетВзаиморасчетыПодсветитьРасход(ДатаНачала, ДатаОкончания) которая формирует отчет на сервере ""ОтчетПоВзаиморасчетам"" 
и раскрашивает строки, в которых СуммаРасход < СуммаПриход.
Функция должна программно сформировать отчет ""ОтчетПоВзаиморасчетам"", вариант отчета ""Основной"".  
Настройки отчета:
	Параметры отчета: Период. 
	    Значения парамета: Период.ДатаНачала = ДатаНачала, Период.ДатаОкончания = ДатаОкончания. 
	Выбранные поля: СуммаПриход, СуммаРасход.
	Параметры вывода: ВыводитьПараметрыДанных = Не выводить,
	                  ВыводитьОтбор = Не выводить. 
	УсловноеОформление: ЦветФона = Цвет(0, 150, 30)
	                    Отбор: СуммаРасход > СуммаПриход
	                    ИспользоватьВЗаголовкеПолейРесурсов = НеИспользовать
	                    ИспользоватьВОбщемИтоге = НеИспользовать 
	                    Поля: СуммаПриход, СуммаРасход.                	                 
Параметры функции:  
ДатаНачала (тип: Дата) - начало периода.
ДатаОкончания (тип: Дата) - окончание периода.

Возвращаемое значение: ТабличныйДокумент.",{},task_120,server,high,task26_сложн_Куликова_v1.epf,"Функция СформироватьОтчетВзаиморасчетыПодсветитьРасход(ДатаНачала, ДатаОкончания) Экспорт
	
	ОтчетОбъект = Отчеты.ОтчетПоВзаиморасчетам.Создать();
	
	СхемаКомпоновкиДанных = ОтчетОбъект.ПолучитьМакет(""ОсновнаяСхемаКомпоновкиДанных"");
	
	ВариантНастроек = СхемаКомпоновкиДанных.ВариантыНастроек.Найти(""Основной"");
	Если ВариантНастроек = Неопределено Тогда
		ВызватьИсключение ""В отчете """"ОтчетПоВзаиморасчетам"""" не найден вариант настроек """"Основной""""."";
	КонецЕсли;
	
	ИсточникДоступныхНастроек = Новый ИсточникДоступныхНастроекКомпоновкиДанных(СхемаКомпоновкиДанных);
	
	КомпоновщикНастроек = Новый КомпоновщикНастроекКомпоновкиДанных;
	КомпоновщикНастроек.Инициализировать(ИсточникДоступныхНастроек);
	КомпоновщикНастроек.ЗагрузитьНастройки(ВариантНастроек.Настройки);
	
	Настройки = КомпоновщикНастроек.Настройки;
	
	// Параметр отчета: Период
	ПериодОтчета = Новый СтандартныйПериод;
	ПериодОтчета.ДатаНачала = ДатаНачала;
	ПериодОтчета.ДатаОкончания = ДатаОкончания;
	
	Настройки.ПараметрыДанных.УстановитьЗначениеПараметра(
		Новый ПараметрКомпоновкиДанных(""Период""),
		ПериодОтчета
	);
	
	// Выбранные поля
	Настройки.Выбор.Элементы.Очистить();
	
	ВыбранноеПоле = Настройки.Выбор.Элементы.Добавить(Тип(""ВыбранноеПолеКомпоновкиДанных""));
	ВыбранноеПоле.Поле = Новый ПолеКомпоновкиДанных(""СуммаПриход"");
	ВыбранноеПоле.Использование = Истина;
	
	ВыбранноеПоле = Настройки.Выбор.Элементы.Добавить(Тип(""ВыбранноеПолеКомпоновкиДанных""));
	ВыбранноеПоле.Поле = Новый ПолеКомпоновкиДанных(""СуммаРасход"");
	ВыбранноеПоле.Использование = Истина;
	
	// Параметры вывода
	Настройки.ПараметрыВывода.УстановитьЗначениеПараметра(
		Новый ПараметрКомпоновкиДанных(""ВыводитьПараметрыДанных""),
		ТипВыводаПараметровДанныхКомпоновкиДанных.НеВыводить
	);
	
	Настройки.ПараметрыВывода.УстановитьЗначениеПараметра(
		Новый ПараметрКомпоновкиДанных(""ВыводитьОтбор""),
		ТипВыводаОтбораКомпоновкиДанных.НеВыводить
	);
	
	// Условное оформление
	Настройки.УсловноеОформление.Элементы.Очистить();
	
	ЭлементОформления = Настройки.УсловноеОформление.Элементы.Добавить();
	ЭлементОформления.Использование = Истина;
	
	ЭлементОформления.Оформление.УстановитьЗначениеПараметра(
		""ЦветФона"",
		Новый Цвет(0, 150, 30)
	);
	
	ЭлементОтбора = ЭлементОформления.Отбор.Элементы.Добавить(Тип(""ЭлементОтбораКомпоновкиДанных""));
	ЭлементОтбора.Использование = Истина;
	ЭлементОтбора.ЛевоеЗначение = Новый ПолеКомпоновкиДанных(""СуммаРасход"");
	ЭлементОтбора.ВидСравнения = ВидСравненияКомпоновкиДанных.Меньше;
	ЭлементОтбора.ПравоеЗначение = Новый ПолеКомпоновкиДанных(""СуммаПриход"");
	
	ПолеОформления = ЭлементОформления.Поля.Элементы.Добавить();
	ПолеОформления.Поле = Новый ПолеКомпоновкиДанных(""СуммаПриход"");
	ПолеОформления.Использование = Истина;
	
	ПолеОформления = ЭлементОформления.Поля.Элементы.Добавить();
	ПолеОформления.Поле = Новый ПолеКомпоновкиДанных(""СуммаРасход"");
	ПолеОформления.Использование = Истина;
	
	ЭлементОформления.ИспользоватьВЗаголовкеПолейРесурсов =
		ИспользованиеУсловногоОформленияКомпоновкиДанных.НеИспользовать;
	
	ЭлементОформления.ИспользоватьВОбщемИтоге =
		ИспользованиеУсловногоОформленияКомпоновкиДанных.НеИспользовать;
	
	// Формирование отчета
	ДанныеРасшифровки = Новый ДанныеРасшифровкиКомпоновкиДанных;
	
	КомпоновщикМакета = Новый КомпоновщикМакетаКомпоновкиДанных;
	МакетКомпоновкиДанных = КомпоновщикМакета.Выполнить(
		СхемаКомпоновкиДанных,
		Настройки,
		ДанныеРасшифровки
	);
	
	ПроцессорКомпоновкиДанных = Новый ПроцессорКомпоновкиДанных;
	ПроцессорКомпоновкиДанных.Инициализировать(
		МакетКомпоновкиДанных,
		,
		ДанныеРасшифровки
	);
	
	ТабличныйДокумент = Новый ТабличныйДокумент;
	ТабличныйДокумент.АвтоМасштаб = Истина;
	
	ПроцессорВывода = Новый ПроцессорВыводаРезультатаКомпоновкиДанныхВТабличныйДокумент;
	ПроцессорВывода.УстановитьДокумент(ТабличныйДокумент);
	ПроцессорВывода.Вывести(ПроцессорКомпоновкиДанных);
	
	Возврат ТабличныйДокумент;
	
КонецФункции"
"Написать функцию СформироватьОтчетВзаиморасчетыБезКопеек(ДатаНачала, ДатаОкончания) которая формирует отчет на сервере ""ОтчетПоВзаиморасчетам"" и выводит суммы, округленные до целых. 
Функция должна программно сформировать отчет ""ОтчетПоВзаиморасчетам"", вариант отчета ""Основной"".  
Настройки отчета:
	Параметры отчета: Период. 
	    Значения парамета: Период.ДатаНачала = ДатаНачала, Период.ДатаОкончания = ДатаОкончания 
	Выбранные поля: СуммаПриход, СуммаРасход.
	Параметры вывода: ВыводитьПараметрыДанных = Не выводить,
	                  ВыводитьОтбор = Не выводить. 
	УсловноеОформление: Формат = ""ЧЦ=10"" 
	                    Поля: СуммаПриход, СуммаРасход.                	                 
Параметры функции:  
ДатаНачала (тип: Дата) - начало периода.
ДатаОкончания (тип: Дата) - окончание периода.

Возвращаемое значение: ТабличныйДокумент.",{},task_121,server,high,task27_сложн_Куликова_v1.epf,"&НаСервере
Функция СформироватьОтчетВзаиморасчетыБезКопеек(ДатаНачала, ДатаОкончания) Экспорт
	
	ТабличныйДокумент = Новый ТабличныйДокумент;
	
	ОтчетОбъект = Отчеты.ОтчетПоВзаиморасчетам.Создать();
	СхемаКомпоновкиДанных = ОтчетОбъект.ПолучитьМакет(""ОсновнаяСхемаКомпоновкиДанных"");
	
	Настройки = ПолучитьНастройкиВариантаОтчета(СхемаКомпоновкиДанных, ""Основной"");
	
	УстановитьПериодОтчета(Настройки, ДатаНачала, ДатаОкончания);
	УстановитьВыбранныеПоляОтчета(Настройки);
	УстановитьПараметрыВыводаОтчета(Настройки);
	УстановитьОкруглениеСуммЧерезУсловноеОформление(Настройки);
	
	КомпоновщикМакета = Новый КомпоновщикМакетаКомпоновкиДанных;
	МакетКомпоновкиДанных = КомпоновщикМакета.Выполнить(
		СхемаКомпоновкиДанных,
		Настройки,
		ДанныеРасшифровкиКомпоновкиДанных
	);
	
	ПроцессорКомпоновкиДанных = Новый ПроцессорКомпоновкиДанных;
	ПроцессорКомпоновкиДанных.Инициализировать(
		МакетКомпоновкиДанных,
		,
		ДанныеРасшифровкиКомпоновкиДанных
	);
	
	ПроцессорВывода = Новый ПроцессорВыводаРезультатаКомпоновкиДанныхВТабличныйДокумент;
	ПроцессорВывода.УстановитьДокумент(ТабличныйДокумент);
	ПроцессорВывода.Вывести(ПроцессорКомпоновкиДанных);
	
	Возврат ТабличныйДокумент;
	
КонецФункции

Функция ПолучитьНастройкиВариантаОтчета(СхемаКомпоновкиДанных, ИмяВарианта)
	
	ВариантНастроек = Неопределено;
	
	Если СхемаКомпоновкиДанных.ВариантыНастроек <> Неопределено Тогда
		ВариантНастроек = СхемаКомпоновкиДанных.ВариантыНастроек.Найти(ИмяВарианта);
	КонецЕсли;
	
	Если ВариантНастроек <> Неопределено Тогда
		Возврат ВариантНастроек.Настройки.Скопировать();
	КонецЕсли;
	
	Возврат СхемаКомпоновкиДанных.НастройкиПоУмолчанию.Скопировать();
	
КонецФункции

Процедура УстановитьПериодОтчета(Настройки, ДатаНачала, ДатаОкончания)
	
	ПараметрПериод = Настройки.ПараметрыДанных.Элементы.Найти(""Период"");
	
	Если ПараметрПериод = Неопределено Тогда
		Возврат;
	КонецЕсли;
	
	Если ПараметрПериод.Значение = Неопределено Тогда
		ПараметрПериод.Значение = Новый СтандартныйПериод;
	КонецЕсли;
	
	ПараметрПериод.Использование = Истина;
	ПараметрПериод.Значение.ДатаНачала = ДатаНачала;
	ПараметрПериод.Значение.ДатаОкончания = ДатаОкончания;
	
КонецПроцедуры

Процедура УстановитьВыбранныеПоляОтчета(Настройки)
	
	Настройки.Выбор.Элементы.Очистить();
	
	ДобавитьВыбранноеПоле(Настройки, ""СуммаПриход"");
	ДобавитьВыбранноеПоле(Настройки, ""СуммаРасход"");
	
КонецПроцедуры

Процедура ДобавитьВыбранноеПоле(Настройки, ИмяПоля)
	
	ВыбранноеПоле = Настройки.Выбор.Элементы.Добавить(Тип(""ВыбранноеПолеКомпоновкиДанных""));
	ВыбранноеПоле.Использование = Истина;
	ВыбранноеПоле.Поле = Новый ПолеКомпоновкиДанных(ИмяПоля);
	
КонецПроцедуры

Процедура УстановитьПараметрыВыводаОтчета(Настройки)
	
	Настройки.ПараметрыВывода.УстановитьЗначениеПараметра(
		""ВыводитьПараметрыДанных"",
		ТипВыводаТекстаКомпоновкиДанных.НеВыводить
	);
	
	Настройки.ПараметрыВывода.УстановитьЗначениеПараметра(
		""ВыводитьОтбор"",
		ТипВыводаТекстаКомпоновкиДанных.НеВыводить
	);
	
КонецПроцедуры

Процедура УстановитьОкруглениеСуммЧерезУсловноеОформление(Настройки)
	
	ЭлементОформления = Настройки.УсловноеОформление.Элементы.Добавить();
	ЭлементОформления.Использование = Истина;
	
	ЭлементОформления.Оформление.УстановитьЗначениеПараметра(""Формат"", ""ЧЦ=10"");
	
	ПолеОформления = ЭлементОформления.Поля.Элементы.Добавить();
	ПолеОформления.Использование = Истина;
	ПолеОформления.Поле = Новый ПолеКомпоновкиДанных(""СуммаПриход"");
	
	ПолеОформления = ЭлементОформления.Поля.Элементы.Добавить();
	ПолеОформления.Использование = Истина;
	ПолеОформления.Поле = Новый ПолеКомпоновкиДанных(""СуммаРасход"");
	
КонецПроцедуры"
"Написать функцию СформироватьОтчетВзаиморасчетыДобавитьКолонкуРазница(ДатаНачала, ДатаОкончания) которая формирует отчет на сервере ""ОтчетПоВзаиморасчетам"" с добавлением колонки Разница, 
которая вычисляет разницу между СуммаПриход и СуммаРасход.
Функция должна программно сформировать отчет ""ОтчетПоВзаиморасчетам"", вариант отчета ""Основной"".   
Созадать новое поле как вычисляемое поле Разница, добавить его в поля итога. 
Настройки отчета: 
    ВычисляемыеПоля: Разница
       Заголовок: Разница 
       ПутьКДанным: Разница
       Выражение: СуммаПриход - СуммаРасход.
       Группировки: Регистратор 
       ТипЗначения: Число(10, 2)
    ПоляИтога: 
        Поле: Разница
        Выражение: Сумма(Разница).   
	Параметры отчета: Период. 
	    Значения парамета: Период.ДатаНачала = ДатаНачала, Период.ДатаОкончания = ДатаОкончания 
	Выбранные поля: СуммаПриход, СуммаРасход, Разница.
	Параметры вывода: ВыводитьПараметрыДанных = Не выводить,
	                  ВыводитьОтбор = Не выводить.                	                 
Параметры функции:  
ДатаНачала (тип: Дата) - начало периода.
ДатаОкончания (тип: Дата) - окончание периода.

Возвращаемое значение: ТабличныйДокумент.",{},task_122,server,high,task28_сложн_Куликова_v1.epf,"&НаСервереБезКонтекста
Функция СформироватьОтчетВзаиморасчетыДобавитьКолонкуРазница(ДатаНачала, ДатаОкончания) Экспорт
	
	Если ДатаНачала = Неопределено Или ДатаОкончания = Неопределено Тогда
		ВызватьИсключение ""Не заполнен период формирования отчета."";
	КонецЕсли;
	
	Если ДатаНачала > ДатаОкончания Тогда
		ВызватьИсключение ""Дата начала периода больше даты окончания периода."";
	КонецЕсли;
	
	ОтчетОбъект = Отчеты.ОтчетПоВзаиморасчетам.Создать();
	
	СхемаКомпоновкиДанных = ОтчетОбъект.ПолучитьМакет(""ОсновнаяСхемаКомпоновкиДанных"");
	Настройки = ПолучитьНастройкиВариантаОтчета(СхемаКомпоновкиДанных, ""Основной"");
	
	ДобавитьВычисляемоеПолеРазница(СхемаКомпоновкиДанных);
	ДобавитьПолеИтогаРазница(СхемаКомпоновкиДанных);
	
	НастроитьПериодОтчета(Настройки, ДатаНачала, ДатаОкончания);
	НастроитьГруппировкуРегистратор(Настройки);
	НастроитьВыбранныеПоляОтчета(Настройки);
	НастроитьПараметрыВыводаОтчета(Настройки);
	
	ТабличныйДокумент = Новый ТабличныйДокумент;
	
	ДанныеРасшифровки = Новый ДанныеРасшифровкиКомпоновкиДанных;
	
	КомпоновщикМакета = Новый КомпоновщикМакетаКомпоновкиДанных;
	МакетКомпоновки = КомпоновщикМакета.Выполнить(
		СхемаКомпоновкиДанных,
		Настройки,
		ДанныеРасшифровки);
	
	ПроцессорКомпоновки = Новый ПроцессорКомпоновкиДанных;
	ПроцессорКомпоновки.Инициализировать(МакетКомпоновки);
	
	ПроцессорВывода = Новый ПроцессорВыводаРезультатаКомпоновкиДанныхВТабличныйДокумент;
	ПроцессорВывода.УстановитьДокумент(ТабличныйДокумент);
	ПроцессорВывода.Вывести(ПроцессорКомпоновки);
	
	Возврат ТабличныйДокумент;
	
КонецФункции

&НаСервереБезКонтекста
Функция ПолучитьНастройкиВариантаОтчета(СхемаКомпоновкиДанных, ИмяВарианта)
	
	Настройки = Неопределено;
	
	Попытка
		ВариантНастроек = СхемаКомпоновкиДанных.ВариантыНастроек.Найти(ИмяВарианта);
		
		Если ВариантНастроек <> Неопределено Тогда
			Попытка
				Настройки = ВариантНастроек.Настройки.Скопировать();
			Исключение
				Настройки = ВариантНастроек.ПолучитьНастройки().Скопировать();
			КонецПопытки;
		КонецЕсли;
	Исключение
		Настройки = Неопределено;
	КонецПопытки;
	
	Если Настройки = Неопределено Тогда
		Настройки = СхемаКомпоновкиДанных.НастройкиПоУмолчанию.Скопировать();
	КонецЕсли;
	
	Возврат Настройки;
	
КонецФункции

&НаСервереБезКонтекста
Процедура ДобавитьВычисляемоеПолеРазница(СхемаКомпоновкиДанных)
	
	УдалитьВычисляемоеПоле(СхемаКомпоновкиДанных, ""Разница"");
	
	ВычисляемоеПоле = СхемаКомпоновкиДанных.ВычисляемыеПоля.Добавить();
	ВычисляемоеПоле.Заголовок = ""Разница"";
	ВычисляемоеПоле.ПутьКДанным = ""Разница"";
	ВычисляемоеПоле.Выражение = ""СуммаПриход - СуммаРасход"";
	ВычисляемоеПоле.ТипЗначения = Новый ОписаниеТипов(""Число"", Новый КвалификаторыЧисла(10, 2));
	
	Попытка
		ВычисляемоеПоле.Группировки.Очистить();
	Исключение
	КонецПопытки;
	
	Попытка
		ВычисляемоеПоле.Группировки.Добавить(""Регистратор"");
	Исключение
		Попытка
			ГруппировкаВычисляемогоПоля = ВычисляемоеПоле.Группировки.Добавить();
			ГруппировкаВычисляемогоПоля.Поле = Новый ПолеКомпоновкиДанных(""Регистратор"");
		Исключение
			Попытка
				ГруппировкаВычисляемогоПоля.ПутьКДанным = ""Регистратор"";
			Исключение
			КонецПопытки;
		КонецПопытки;
	КонецПопытки;
	
КонецПроцедуры

&НаСервереБезКонтекста
Процедура УдалитьВычисляемоеПоле(СхемаКомпоновкиДанных, ПутьКДанным)
	
	Пока Истина Цикл
		
		НайденноеПоле = Неопределено;
		
		Для Каждого ВычисляемоеПоле Из СхемаКомпоновкиДанных.ВычисляемыеПоля Цикл
			Если ВычисляемоеПоле.ПутьКДанным = ПутьКДанным Тогда
				НайденноеПоле = ВычисляемоеПоле;
				Прервать;
			КонецЕсли;
		КонецЦикла;
		
		Если НайденноеПоле = Неопределено Тогда
			Прервать;
		КонецЕсли;
		
		СхемаКомпоновкиДанных.ВычисляемыеПоля.Удалить(НайденноеПоле);
		
	КонецЦикла;
	
КонецПроцедуры

&НаСервереБезКонтекста
Процедура ДобавитьПолеИтогаРазница(СхемаКомпоновкиДанных)
	
	УдалитьПолеИтога(СхемаКомпоновкиДанных, ""Разница"");
	
	ПолеИтога = СхемаКомпоновкиДанных.ПоляИтога.Добавить();
	ПолеИтога.Поле = Новый ПолеКомпоновкиДанных(""Разница"");
	ПолеИтога.Выражение = ""Сумма(Разница)"";
	
КонецПроцедуры

&НаСервереБезКонтекста
Процедура УдалитьПолеИтога(СхемаКомпоновкиДанных, ИмяПоля)
	
	Пока Истина Цикл
		
		НайденноеПолеИтога = Неопределено;
		
		Для Каждого ПолеИтога Из СхемаКомпоновкиДанных.ПоляИтога Цикл
			
			Если Строка(ПолеИтога.Поле) = ИмяПоля Тогда
				НайденноеПолеИтога = ПолеИтога;
				Прервать;
			КонецЕсли;
			
		КонецЦикла;
		
		Если НайденноеПолеИтога = Неопределено Тогда
			Прервать;
		КонецЕсли;
		
		СхемаКомпоновкиДанных.ПоляИтога.Удалить(НайденноеПолеИтога);
		
	КонецЦикла;
	
КонецПроцедуры

&НаСервереБезКонтекста
Процедура НастроитьПериодОтчета(Настройки, ДатаНачала, ДатаОкончания)
	
	ПараметрПериод = Настройки.ПараметрыДанных.Элементы.Найти(""Период"");
	
	Если ПараметрПериод = Неопределено Тогда
		ВызватьИсключение ""В отчете не найден параметр данных """"Период""""."";
	КонецЕсли;
	
	Период = Новый СтандартныйПериод;
	Период.ДатаНачала = ДатаНачала;
	Период.ДатаОкончания = ДатаОкончания;
	
	ПараметрПериод.Использование = Истина;
	ПараметрПериод.Значение = Период;
	
КонецПроцедуры

&НаСервереБезКонтекста
Процедура НастроитьГруппировкуРегистратор(Настройки)
	
	Настройки.Структура.Очистить();
	
	Группировка = Настройки.Структура.Добавить(Тип(""ГруппировкаКомпоновкиДанных""));
	Группировка.Использование = Истина;
	
	ПолеГруппировки = Группировка.ПоляГруппировки.Элементы.Добавить(Тип(""ПолеГруппировкиКомпоновкиДанных""));
	ПолеГруппировки.Использование = Истина;
	ПолеГруппировки.Поле = Новый ПолеКомпоновкиДанных(""Регистратор"");
	
КонецПроцедуры

&НаСервереБезКонтекста
Процедура НастроитьВыбранныеПоляОтчета(Настройки)
	
	Настройки.Выбор.Элементы.Очистить();
	
	ДобавитьВыбранноеПоле(Настройки, ""СуммаПриход"");
	ДобавитьВыбранноеПоле(Настройки, ""СуммаРасход"");
	ДобавитьВыбранноеПоле(Настройки, ""Разница"");
	
КонецПроцедуры

&НаСервереБезКонтекста
Процедура ДобавитьВыбранноеПоле(Настройки, ИмяПоля)
	
	ВыбранноеПоле = Настройки.Выбор.Элементы.Добавить(Тип(""ВыбранноеПолеКомпоновкиДанных""));
	ВыбранноеПоле.Поле = Новый ПолеКомпоновкиДанных(ИмяПоля);
	
	Попытка
		ВыбранноеПоле.Использование = Истина;
	Исключение
	КонецПопытки;
	
КонецПроцедуры

&НаСервереБезКонтекста
Процедура НастроитьПараметрыВыводаОтчета(Настройки)
	
	УстановитьПараметрВыводаСКД(
		Настройки,
		""ВыводитьПараметрыДанных"",
		ТипВыводаТекстаКомпоновкиДанных.НеВыводить);
	
	УстановитьПараметрВыводаСКД(
		Настройки,
		""ВыводитьОтбор"",
		ТипВыводаТекстаКомпоновкиДанных.НеВыводить);
	
КонецПроцедуры

&НаСервереБезКонтекста
Процедура УстановитьПараметрВыводаСКД(Настройки, ИмяПараметра, ЗначениеПараметра)
	
	ПараметрВывода = Настройки.ПараметрыВывода.Элементы.Найти(ИмяПараметра);
	
	Если ПараметрВывода = Неопределено Тогда
		Возврат;
	КонецЕсли;
	
	ПараметрВывода.Использование = Истина;
	ПараметрВывода.Значение = ЗначениеПараметра;
	
КонецПроцедуры"
"Функция: СформироватьМаржинальностьПродаж(ДатаНач, ДатаКон)   
Функция формирует анализ маржинальности продаж по каждому товару за указанный период. 
Позволяет оценить прибыльность продаж, рассчитав валовую маржу (разницу между ценой продажи и себестоимостью).

Параметры

ДатаНач (Дата) — дата начала периода анализа (обязательный параметр).
ДатаКон (Дата) — дата окончания периода анализа (обязательный параметр).

Функция выполняет следующие расчёты по каждому товару:
КоличествоПродано это общее количество проданного товара за период.
СуммаПродажи общая сумма продаж товара за период (по цене продажи).
Себестоимость  рассчитанная себестоимость проданного товара.
Определяется как средняя цена закупки из всех документов ПриходТовара

Маржа это валовая маржа по товару = СуммаПродажи − Себестоимость. 
Расчёт производится только по проведённым документам РасходТовара.

Функция возвращает объект типа ТаблицаЗначений со следующими колонками: 
Товар, КоличествоПродано, СуммаПродажи, Себестоимость, Маржа 
Результат группируется по товарам. 

Себестоимость рассчитывается через среднюю цену прихода по всем документам  
В запросе используется левое соединение с подзапросом, поэтому если по товару не было приходов — себестоимость будет равна 0  

Маржа может быть отрицательной это говорит б убыточных продажах","{""Documents"": [{""id"": ""ПриходТовара"", ""name"": ""Приход товара"", ""Attributes"": [{""id"": ""Поставщик"", ""name"": ""Поставщик"", ""types"": [{""type"": ""Ref"", ""id"": ""Справочник.Контрагенты""}]}, {""id"": ""Склад"", ""name"": ""Склад"", ""types"": [{""type"": ""Ref"", ""id"": ""Справочник.Склады""}]}, {""id"": ""Валюта"", ""name"": ""Валюта взаиморасчетов"", ""types"": [{""type"": ""Ref"", ""id"": ""Справочник.Валюты""}]}, {""id"": ""Организация"", ""name"": ""Организация"", ""types"": [{""type"": ""Ref"", ""id"": ""Справочник.Организации""}]}], ""TabularSections"": [{""id"": ""Товары"", ""name"": ""Товары"", ""Attributes"": [{""id"": ""Товар"", ""name"": ""Товар"", ""types"": [{""type"": ""Ref"", ""id"": ""Справочник.Товары""}]}, {""id"": ""Цена"", ""name"": ""Цена"", ""types"": [{""type"": ""Number"", ""NumberQualifiers"": ""10.2""}]}, {""id"": ""Количество"", ""name"": ""Количество"", ""types"": [{""type"": ""Number"", ""NumberQualifiers"": ""10.2""}]}, {""id"": ""Сумма"", ""name"": ""Сумма"", ""types"": [{""type"": ""Number"", ""NumberQualifiers"": ""10.2""}]}]}]}, {""id"": ""РасходТовара"", ""name"": ""Расход товара"", ""Attributes"": [{""id"": ""Покупатель"", ""name"": ""Покупатель"", ""types"": [{""type"": ""Ref"", ""id"": ""Справочник.Контрагенты""}]}, {""id"": ""Склад"", ""name"": ""Склад"", ""types"": [{""type"": ""Ref"", ""id"": ""Справочник.Склады""}]}, {""id"": ""Валюта"", ""name"": ""Валюта взиморасчетов"", ""types"": [{""type"": ""Ref"", ""id"": ""Справочник.Валюты""}]}, {""id"": ""ВидЦен"", ""name"": ""Вид цен"", ""types"": [{""type"": ""Ref"", ""id"": ""Справочник.ВидыЦен""}]}, {""id"": ""ОбоснованиеОтгрузки"", ""name"": ""Обоснование отгрузки"", ""types"": [{""type"": ""String"", ""StringQualifiers"": ""0""}]}, {""id"": ""Организация"", ""name"": ""Организация"", ""types"": [{""type"": ""Ref"", ""id"": ""Справочник.Организации""}]}], ""TabularSections"": [{""id"": ""Товары"", ""name"": ""Товары"", ""Attributes"": [{""id"": ""Товар"", ""name"": ""Товар"", ""types"": [{""type"": ""Ref"", ""id"": ""Справочник.Товары""}]}, {""id"": ""Цена"", ""name"": ""Цена"", ""types"": [{""type"": ""Number"", ""NumberQualifiers"": ""10.2""}]}, {""id"": ""Количество"", ""name"": ""Количество"", ""types"": [{""type"": ""Number"", ""NumberQualifiers"": ""10.2""}]}, {""id"": ""Сумма"", ""name"": ""Сумма"", ""types"": [{""type"": ""Number"", ""NumberQualifiers"": ""10.2""}]}]}]}]}",task_123,server,high,task29_СложнаяМаржинальностьпродаж_v2.epf,"Функция СформироватьМаржинальностьПродаж(ДатаНач, ДатаКон) Экспорт
	
	Если Не ЗначениеЗаполнено(ДатаНач) Тогда
		ВызватьИсключение ""Не заполнен обязательный параметр ДатаНач."";
	КонецЕсли;
	
	Если Не ЗначениеЗаполнено(ДатаКон) Тогда
		ВызватьИсключение ""Не заполнен обязательный параметр ДатаКон."";
	КонецЕсли;
	
	Запрос = Новый Запрос;
	Запрос.УстановитьПараметр(""ДатаНач"", НачалоДня(ДатаНач));
	Запрос.УстановитьПараметр(""ДатаКон"", КонецДня(ДатаКон));
	
	Запрос.Текст = 
""ВЫБРАТЬ
|	РасходТовары.Товар КАК Товар,
|	СУММА(РасходТовары.Количество) КАК КоличествоПродано,
|	СУММА(РасходТовары.Сумма) КАК СуммаПродажи,
|	СУММА(РасходТовары.Количество) * ЕСТЬNULL(СредниеЦеныПрихода.СредняяЦенаПрихода, 0) КАК Себестоимость,
|	СУММА(РасходТовары.Сумма) - СУММА(РасходТовары.Количество) * ЕСТЬNULL(СредниеЦеныПрихода.СредняяЦенаПрихода, 0) КАК Маржа
|ИЗ
|	Документ.РасходТовара.Товары КАК РасходТовары
|		ЛЕВОЕ СОЕДИНЕНИЕ (
|			ВЫБРАТЬ
|				ПриходТовары.Товар КАК Товар,
|				ВЫБОР
|					КОГДА СУММА(ПриходТовары.Количество) = 0
|						ТОГДА 0
|					ИНАЧЕ СУММА(ПриходТовары.Сумма) / СУММА(ПриходТовары.Количество)
|				КОНЕЦ КАК СредняяЦенаПрихода
|			ИЗ
|				Документ.ПриходТовара.Товары КАК ПриходТовары
|			ГДЕ
|				ПриходТовары.Товар <> ЗНАЧЕНИЕ(Справочник.Товары.ПустаяСсылка)
|			СГРУППИРОВАТЬ ПО
|				ПриходТовары.Товар
|		) КАК СредниеЦеныПрихода
|		ПО РасходТовары.Товар = СредниеЦеныПрихода.Товар
|ГДЕ
|	РасходТовары.Ссылка.Проведен
|	И РасходТовары.Ссылка.Дата МЕЖДУ &ДатаНач И &ДатаКон
|	И РасходТовары.Товар <> ЗНАЧЕНИЕ(Справочник.Товары.ПустаяСсылка)
|СГРУППИРОВАТЬ ПО
|	РасходТовары.Товар,
|	ЕСТЬNULL(СредниеЦеныПрихода.СредняяЦенаПрихода, 0)
|УПОРЯДОЧИТЬ ПО
|	Товар"";
	
	Результат = Запрос.Выполнить();
	
	Возврат Результат.Выгрузить();
	
КонецФункции"
"Написать функцию СформироватьОтчетОстаткиВыводРеквизитовТовара(), которая формирует отчет на сервере ""ОстаткиТоваровНаСкладах"" с выводом товара, его свойств: Артикул, Изображение 
и его остатка, с группировкой по Товар.
Функция должна программно сформировать отчет ""ОстаткиТоваровНаСкладах"", вариант отчета ""Основной"". 
Настройки отчета:    
    Структура: Группировка: 
                        Товар: ТипГруппировки = Элементы, ТипДополнения = БезДополнения.
	Выбранные поля: Товар, 
	                Группа колонок: Свойства: Заголовок = Свойства, Расположение = ОтдельнаяКолонка. 
	                      Товар.Артикул, 
	                      Товар.ФайлКартинки.ДанныеФайл
	                КоличествоОстаток.
	     Для Товар.Артикул задать заголовок Артикул
	     Для Товар.ФайлКартинки.ДанныеФайл задать заголовок Изображение 	
	Параметры вывода: ВыводитьПараметрыДанных = Не выводить,
	                  ВыводитьОтбор = Не выводить. 

Возвращаемое значение: ТабличныйДокумент.","{""Catalogs"": [{""id"": ""Товары"", ""name"": ""Товары"", ""Attributes"": [{""id"": ""Артикул"", ""name"": ""Артикул"", ""types"": [{""type"": ""String"", ""StringQualifiers"": ""15""}]}, {""id"": ""Поставщик"", ""name"": ""Поставщик"", ""types"": [{""type"": ""Ref"", ""id"": ""Справочник.Контрагенты""}]}, {""id"": ""ФайлКартинки"", ""name"": ""Картинка"", ""types"": [{""type"": ""Ref"", ""id"": ""Справочник.ХранимыеФайлы""}]}, {""id"": ""Вид"", ""name"": ""Вид"", ""types"": []}, {""id"": ""Штрихкод"", ""name"": ""Штрихкод"", ""types"": [{""type"": ""String"", ""StringQualifiers"": ""20""}]}, {""id"": ""Описание"", ""name"": ""Описание"", ""types"": [{""type"": ""String"", ""StringQualifiers"": ""0""}]}]}, {""id"": ""ХранилищеВариантовОтчетов"", ""name"": ""Варианты отчетов"", ""Attributes"": [{""id"": ""ВариантОтчета"", ""name"": ""Вариант отчета"", ""types"": []}, {""id"": ""КлючОбъекта"", ""name"": ""Ключ объекта"", ""types"": [{""type"": ""String"", ""StringQualifiers"": ""255""}]}]}]}",task_124,server,high,task29_сложн_Куликова_v1.epf,"&НаСервереБезКонтекста
Функция СформироватьОтчетОстаткиВыводРеквизитовТовара() Экспорт
	
	ОтчетОбъект = Отчеты.ОстаткиТоваровНаСкладах.Создать();
	
	СхемаКомпоновкиДанных = ОтчетОбъект.ПолучитьМакет(""ОсновнаяСхемаКомпоновкиДанных"");
	НастройкиВарианта = ПолучитьНастройкиВариантаОтчета(СхемаКомпоновкиДанных, ""Основной"");
	
	КомпоновщикНастроек = Новый КомпоновщикНастроекКомпоновкиДанных;
	КомпоновщикНастроек.Инициализировать(
		Новый ИсточникДоступныхНастроекКомпоновкиДанных(СхемаКомпоновкиДанных)
	);
	КомпоновщикНастроек.ЗагрузитьНастройки(НастройкиВарианта);
	
	Настройки = КомпоновщикНастроек.Настройки;
	
	НастроитьСтруктуруОтчетаОстаткиТоваров(Настройки);
	НастроитьВыбранныеПоляОтчетаОстаткиТоваров(Настройки);
	НастроитьПараметрыВыводаОтчетаОстаткиТоваров(Настройки);
	
	ДанныеРасшифровки = Новый ДанныеРасшифровкиКомпоновкиДанных;
	
	КомпоновщикМакета = Новый КомпоновщикМакетаКомпоновкиДанных;
	МакетКомпоновки = КомпоновщикМакета.Выполнить(
		СхемаКомпоновкиДанных,
		Настройки,
		ДанныеРасшифровки
	);
	
	ПроцессорКомпоновки = Новый ПроцессорКомпоновкиДанных;
	ПроцессорКомпоновки.Инициализировать(МакетКомпоновки, , ДанныеРасшифровки);
	
	ТабличныйДокумент = Новый ТабличныйДокумент;
	ТабличныйДокумент.АвтоМасштаб = Истина;
	
	ПроцессорВывода = Новый ПроцессорВыводаРезультатаКомпоновкиДанныхВТабличныйДокумент;
	ПроцессорВывода.УстановитьДокумент(ТабличныйДокумент);
	ПроцессорВывода.Вывести(ПроцессорКомпоновки);
	
	Возврат ТабличныйДокумент;
	
КонецФункции

&НаСервереБезКонтекста
Функция ПолучитьНастройкиВариантаОтчета(СхемаКомпоновкиДанных, ИмяВарианта)
	
	Для Каждого ВариантНастроек Из СхемаКомпоновкиДанных.ВариантыНастроек Цикл
		
		Если ВариантНастроек.Имя = ИмяВарианта Тогда
			Возврат ВариантНастроек.Настройки;
		КонецЕсли;
		
	КонецЦикла;
	
	Возврат СхемаКомпоновкиДанных.НастройкиПоУмолчанию;
	
КонецФункции

&НаСервереБезКонтекста
Процедура НастроитьСтруктуруОтчетаОстаткиТоваров(Настройки)
	
	Настройки.Структура.Очистить();
	
	ГруппировкаТовар = Настройки.Структура.Добавить(Тип(""ГруппировкаКомпоновкиДанных""));
	ГруппировкаТовар.Использование = Истина;
	ГруппировкаТовар.ТипГруппировки = ТипГруппировкиКомпоновкиДанных.Элементы;
	ГруппировкаТовар.ТипДополнения = ТипДополненияКомпоновкиДанных.БезДополнения;
	
	ПолеГруппировки = ГруппировкаТовар.ПоляГруппировки.Элементы.Добавить(
		Тип(""ПолеГруппировкиКомпоновкиДанных"")
	);
	ПолеГруппировки.Использование = Истина;
	ПолеГруппировки.Поле = Новый ПолеКомпоновкиДанных(""Товар"");
	
КонецПроцедуры

&НаСервереБезКонтекста
Процедура НастроитьВыбранныеПоляОтчетаОстаткиТоваров(Настройки)
	
	Настройки.Выбор.Элементы.Очистить();
	
	ДобавитьВыбранноеПолеКомпоновки(
		Настройки.Выбор.Элементы,
		""Товар""
	);
	
	ГруппаСвойства = Настройки.Выбор.Элементы.Добавить(
		Тип(""ГруппаВыбранныхПолейКомпоновкиДанных"")
	);
	ГруппаСвойства.Использование = Истина;
	ГруппаСвойства.Заголовок = ""Свойства"";
	ГруппаСвойства.Расположение = РасположениеПолейКомпоновкиДанных.ОтдельнаяКолонка;
	
	ДобавитьВыбранноеПолеКомпоновки(
		ГруппаСвойства.Элементы,
		""Товар.Артикул"",
		""Артикул""
	);
	
	ДобавитьВыбранноеПолеКомпоновки(
		ГруппаСвойства.Элементы,
		""Товар.ФайлКартинки.ДанныеФайл"",
		""Изображение""
	);
	
	ДобавитьВыбранноеПолеКомпоновки(
		Настройки.Выбор.Элементы,
		""КоличествоОстаток""
	);
	
КонецПроцедуры

&НаСервереБезКонтекста
Функция ДобавитьВыбранноеПолеКомпоновки(КоллекцияПолей, ИмяПоля, Заголовок = Неопределено)
	
	ВыбранноеПоле = КоллекцияПолей.Добавить(Тип(""ВыбранноеПолеКомпоновкиДанных""));
	ВыбранноеПоле.Использование = Истина;
	ВыбранноеПоле.Поле = Новый ПолеКомпоновкиДанных(ИмяПоля);
	
	Если Заголовок <> Неопределено Тогда
		ВыбранноеПоле.Заголовок = Заголовок;
	КонецЕсли;
	
	Возврат ВыбранноеПоле;
	
КонецФункции

&НаСервереБезКонтекста
Процедура НастроитьПараметрыВыводаОтчетаОстаткиТоваров(Настройки)
	
	Настройки.ПараметрыВывода.УстановитьЗначениеПараметра(
		Новый ПараметрКомпоновкиДанных(""ВыводитьПараметрыДанных""),
		ТипВыводаПараметровДанныхКомпоновкиДанных.НеВыводить
	);
	
	Настройки.ПараметрыВывода.УстановитьЗначениеПараметра(
		Новый ПараметрКомпоновкиДанных(""ВыводитьОтбор""),
		ТипВыводаОтбораКомпоновкиДанных.НеВыводить
	);
	
КонецПроцедуры"
"Функция: СформироватьДублирующиесяЗаказы(ДатаНач = Неопределено, ДатаКон = Неопределено)    
Функция выявляет дублирующиеся заказы покупателей  когда один и тот же покупатель оформляет несколько заказов в один и тот же день.  
Это позволяет выявлять возможные ошибки ввода данных, повторные заказы или технические дубли, которые могут возникать при ручном вводе или ошибке в программе. 

 
ДатаНач (Дата) — дата начала периода анализа.
Если параметр не указан (Неопределено), по умолчанию устанавливается начало текущего дня.
ДатаКон (Дата) — дата окончания периода анализа.
Если параметр не указан (Неопределено), по умолчанию устанавливается конец текущего дня.  

Функция анализирует проведённые документы Заказ за указанный период и группирует их:
По покупателю (Покупатель)
По дате заказа (Дата)
Затем отбираются только те комбинации «Покупатель + Дата», по которым количество заказов больше одного. КОЛИЧЕСТВО(Заказы.Ссылка) > 1

Функция возвращает объект типа ТаблицаЗначений со следующими колонками Покупатель (у которого обнаружены дубли), ДатаЗаказа, КоличествоЗаказов (Количество заказов, оформленных в этот день)
Результат отсортирован по покупателю (по возрастанию), затем по дате заказа (по возрастанию)    
 
 В запросе учитываются только проведённые документы Заказ 
 Период по умолчанию — текущий день
 Дубли считаются в рамках одной календарной даты","{""Documents"": [{""id"": ""Заказ"", ""name"": ""Заказ"", ""Attributes"": [{""id"": ""Покупатель"", ""name"": ""Покупатель"", ""types"": [{""type"": ""Ref"", ""id"": ""Справочник.Контрагенты""}]}, {""id"": ""Склад"", ""name"": ""Склад"", ""types"": [{""type"": ""Ref"", ""id"": ""Справочник.Склады""}]}, {""id"": ""Валюта"", ""name"": ""Валюта взаиморасчетов"", ""types"": [{""type"": ""Ref"", ""id"": ""Справочник.Валюты""}]}, {""id"": ""ВидЦен"", ""name"": ""Вид цен"", ""types"": [{""type"": ""Ref"", ""id"": ""Справочник.ВидыЦен""}]}, {""id"": ""Организация"", ""name"": ""Организация"", ""types"": [{""type"": ""Ref"", ""id"": ""Справочник.Организации""}]}, {""id"": ""СостояниеЗаказа"", ""name"": ""Состояние заказа"", ""types"": [{""type"": ""Ref"", ""id"": ""Перечисление.СостоянияЗаказов""}]}, {""id"": ""Автор"", ""name"": ""Автор"", ""types"": [{""type"": ""Ref"", ""id"": ""Справочник.Пользователи""}]}, {""id"": ""Сумма"", ""name"": ""Сумма"", ""types"": [{""type"": ""Number"", ""NumberQualifiers"": ""10.2""}]}], ""TabularSections"": [{""id"": ""Товары"", ""name"": ""Товары"", ""Attributes"": [{""id"": ""Товар"", ""name"": ""Товар"", ""types"": [{""type"": ""Ref"", ""id"": ""Справочник.Товары""}]}, {""id"": ""Цена"", ""name"": ""Цена"", ""types"": [{""type"": ""Number"", ""NumberQualifiers"": ""10.2""}]}, {""id"": ""Количество"", ""name"": ""Количество"", ""types"": [{""type"": ""Number"", ""NumberQualifiers"": ""10.0""}]}, {""id"": ""Сумма"", ""name"": ""Сумма"", ""types"": [{""type"": ""Number"", ""NumberQualifiers"": ""10.2""}]}]}]}]}",task_125,server,mid,task30_СредняяСформироватьДублирующиесяЗаказы_v2.epf,"Функция СформироватьДублирующиесяЗаказы(ДатаНач = Неопределено, ДатаКон = Неопределено) Экспорт
	
	Если ДатаНач = Неопределено Тогда
		ДатаНач = НачалоДня(ТекущаяДата());
	КонецЕсли;
	
	Если ДатаКон = Неопределено Тогда
		ДатаКон = КонецДня(ТекущаяДата());
	КонецЕсли;
	
	Запрос = Новый Запрос;
	Запрос.УстановитьПараметр(""ДатаНач"", ДатаНач);
	Запрос.УстановитьПараметр(""ДатаКон"", ДатаКон);
	
	Запрос.Текст = 
""ВЫБРАТЬ
|	Заказы.Покупатель КАК Покупатель,
|	НАЧАЛОПЕРИОДА(Заказы.Дата, ДЕНЬ) КАК ДатаЗаказа,
|	КОЛИЧЕСТВО(Заказы.Ссылка) КАК КоличествоЗаказов
|ИЗ
|	Документ.Заказ КАК Заказы
|ГДЕ
|	Заказы.Проведен
|	И Заказы.Дата МЕЖДУ &ДатаНач И &ДатаКон
|
|СГРУППИРОВАТЬ ПО
|	Заказы.Покупатель,
|	НАЧАЛОПЕРИОДА(Заказы.Дата, ДЕНЬ)
|
|ИМЕЮЩИЕ
|	КОЛИЧЕСТВО(Заказы.Ссылка) > 1
|
|УПОРЯДОЧИТЬ ПО
|	Покупатель ВОЗР,
|	ДатаЗаказа ВОЗР"";
	
	Возврат Запрос.Выполнить().Выгрузить();
	
КонецФункции"
"Написать функцию СформироватьОтчетОстаткиИзменитьЗаголовокКолонкиОстаток(), которая формирует отчет на сервере ""ОстаткиТоваровНаСкладах"" и заменяет заголовок Колонки 
""Количество остаток"" на ""Остаток на складе"".
Функция должна программно сформировать отчет ""ОстаткиТоваровНаСкладах"", вариант отчета ""Основной"". 
Настройки отчета:    
	УсловноеОформление: 
	   Оформление: Текст = ""Остаток на складе""
	   ОформляемыеПоля: КоличествоОстаток
	   ОбластьИспользования: В заголовке полей ресурсов.
	   
	   Оформление: Текст = ""Количество""
	   ОформляемыеПоля: КоличествоОстаток
	   ОбластьИспользования: В заголовке полей ресурсов общего итога.
	   	
	Параметры вывода: ВыводитьПараметрыДанных = Не выводить,
	                  ВыводитьОтбор = Не выводить. 

Возвращаемое значение: ТабличныйДокумент.",{},task_126,server,high,task30_сложн_Куликова_v1.epf,"Функция СформироватьОтчетОстаткиИзменитьЗаголовокКолонкиОстаток() Экспорт
	
	ОтчетОбъект = Отчеты.ОстаткиТоваровНаСкладах.Создать();
	
	СхемаКомпоновкиДанных = ОтчетОбъект.ПолучитьМакет(""ОсновнаяСхемаКомпоновкиДанных"");
	Настройки = ПолучитьНастройкиВариантаОтчета(СхемаКомпоновкиДанных, ""Основной"");
	
	НастроитьУсловноеОформлениеЗаголовковОстатка(Настройки);
	НастроитьПараметрыВыводаОтчета(Настройки);
	
	ДанныеРасшифровки = Новый ДанныеРасшифровкиКомпоновкиДанных;
	
	КомпоновщикМакета = Новый КомпоновщикМакетаКомпоновкиДанных;
	МакетКомпоновки = КомпоновщикМакета.Выполнить(
		СхемаКомпоновкиДанных,
		Настройки,
		ДанныеРасшифровки);
	
	ПроцессорКомпоновкиДанных = Новый ПроцессорКомпоновкиДанных;
	ПроцессорКомпоновкиДанных.Инициализировать(
		МакетКомпоновки,
		,
		ДанныеРасшифровки);
	
	ТабличныйДокумент = Новый ТабличныйДокумент;
	
	ПроцессорВывода = Новый ПроцессорВыводаРезультатаКомпоновкиДанныхВТабличныйДокумент;
	ПроцессорВывода.УстановитьДокумент(ТабличныйДокумент);
	ПроцессорВывода.Вывести(ПроцессорКомпоновкиДанных);
	
	Возврат ТабличныйДокумент;
	
КонецФункции

Функция ПолучитьНастройкиВариантаОтчета(СхемаКомпоновкиДанных, ИмяВарианта)
	
	ВариантНастроек = СхемаКомпоновкиДанных.ВариантыНастроек.Найти(ИмяВарианта);
	
	Если ВариантНастроек = Неопределено Тогда
		ВызватьИсключение СтрШаблон(
			""В схеме компоновки данных отчета не найден вариант настроек """"%1""""."",
			ИмяВарианта);
	КонецЕсли;
	
	Возврат ВариантНастроек.Настройки;
	
КонецФункции

Процедура НастроитьУсловноеОформлениеЗаголовковОстатка(Настройки)
	
	ДобавитьУсловноеОформлениеЗаголовка(
		Настройки,
		""КоличествоОстаток"",
		""Остаток на складе"",
		ОбластьИспользованияУсловногоОформленияКомпоновкиДанных.ВЗаголовкеПолейРесурсов);
	
	ДобавитьУсловноеОформлениеЗаголовка(
		Настройки,
		""КоличествоОстаток"",
		""Количество"",
		ОбластьИспользованияУсловногоОформленияКомпоновкиДанных.ВЗаголовкеПолейРесурсовОбщегоИтога);
	
КонецПроцедуры

Процедура ДобавитьУсловноеОформлениеЗаголовка(
	Настройки,
	ИмяПоля,
	ТекстЗаголовка,
	ОбластьИспользования)
	
	ЭлементОформления = Настройки.УсловноеОформление.Элементы.Добавить();
	ЭлементОформления.Использование = Истина;
	ЭлементОформления.ОбластьИспользования = ОбластьИспользования;
	
	ЭлементОформления.Оформление.УстановитьЗначениеПараметра(""Текст"", ТекстЗаголовка);
	
	ОформляемоеПоле = ЭлементОформления.Поля.Элементы.Добавить();
	ОформляемоеПоле.Поле = Новый ПолеКомпоновкиДанных(ИмяПоля);
	ОформляемоеПоле.Использование = Истина;
	
КонецПроцедуры

Процедура НастроитьПараметрыВыводаОтчета(Настройки)
	
	Настройки.ПараметрыВывода.УстановитьЗначениеПараметра(
		""ВыводитьПараметрыДанных"",
		ТипВыводаПараметровДанныхКомпоновкиДанных.НеВыводить);
	
	Настройки.ПараметрыВывода.УстановитьЗначениеПараметра(
		""ВыводитьОтбор"",
		ТипВыводаОтбораКомпоновкиДанных.НеВыводить);
	
КонецПроцедуры"
"Функция: СформироватьНепроведенныеДокументы(ДатаНач = Неопределено, ДатаКон = Неопределено)
Функция формирует список всех непроведённых документов за указанный период. Используется для контроля качества ввода данных, выявления ошибок и незавершённых операций в учёте. 

Параметры
ДатаНач (Дата) это дата начала периода анализа.
Если параметр не указан (Неопределено), по умолчанию устанавливается начало текущего дня.
ДатаКон (Дата)  дата окончания периода анализа.
Если параметр не указан (Неопределено), по умолчанию устанавливается конец текущего дня.  

Функция выполняет поиск непроведённых документов
Заказ
ОперацияПоУчетуТоваров
Оплата
ПоступлениеДенег
ПриходТовара
РасходТовара   

Для каждого документа проверяется флаг Проведен = Ложь и попадание даты документа в заданный период

Функция возвращает объект типа ТаблицаЗначений со следующими колонками
Документ, ДатаДокумента, ТипДокумента

Результат отсортирован по возрастанию даты документа.
Используется конструкция ОБЪЕДИНИТЬ ВСЕ для объединения нескольких однотипных запросов.
В итоговой таблице явно указывается тип каждого документа через ТипЗнч(Ссылка)","{""Documents"": [{""id"": ""Заказ"", ""name"": ""Заказ"", ""Attributes"": [{""id"": ""Покупатель"", ""name"": ""Покупатель"", ""types"": [{""type"": ""Ref"", ""id"": ""Справочник.Контрагенты""}]}, {""id"": ""Склад"", ""name"": ""Склад"", ""types"": [{""type"": ""Ref"", ""id"": ""Справочник.Склады""}]}, {""id"": ""Валюта"", ""name"": ""Валюта взаиморасчетов"", ""types"": [{""type"": ""Ref"", ""id"": ""Справочник.Валюты""}]}, {""id"": ""ВидЦен"", ""name"": ""Вид цен"", ""types"": [{""type"": ""Ref"", ""id"": ""Справочник.ВидыЦен""}]}, {""id"": ""Организация"", ""name"": ""Организация"", ""types"": [{""type"": ""Ref"", ""id"": ""Справочник.Организации""}]}, {""id"": ""СостояниеЗаказа"", ""name"": ""Состояние заказа"", ""types"": [{""type"": ""Ref"", ""id"": ""Перечисление.СостоянияЗаказов""}]}, {""id"": ""Автор"", ""name"": ""Автор"", ""types"": [{""type"": ""Ref"", ""id"": ""Справочник.Пользователи""}]}, {""id"": ""Сумма"", ""name"": ""Сумма"", ""types"": [{""type"": ""Number"", ""NumberQualifiers"": ""10.2""}]}], ""TabularSections"": [{""id"": ""Товары"", ""name"": ""Товары"", ""Attributes"": [{""id"": ""Товар"", ""name"": ""Товар"", ""types"": [{""type"": ""Ref"", ""id"": ""Справочник.Товары""}]}, {""id"": ""Цена"", ""name"": ""Цена"", ""types"": [{""type"": ""Number"", ""NumberQualifiers"": ""10.2""}]}, {""id"": ""Количество"", ""name"": ""Количество"", ""types"": [{""type"": ""Number"", ""NumberQualifiers"": ""10.0""}]}, {""id"": ""Сумма"", ""name"": ""Сумма"", ""types"": [{""type"": ""Number"", ""NumberQualifiers"": ""10.2""}]}]}]}, {""id"": ""ОперацияПоУчетуТоваров"", ""name"": ""Операция по учету товаров"", ""Attributes"": [{""id"": ""СодержаниеОперации"", ""name"": ""Содержание операции"", ""types"": [{""type"": ""String"", ""StringQualifiers"": ""0""}]}, {""id"": ""Организация"", ""name"": ""Организация"", ""types"": [{""type"": ""Ref"", ""id"": ""Справочник.Организации""}]}]}, {""id"": ""Оплата"", ""name"": ""Оплата"", ""Attributes"": [{""id"": ""Поставщик"", ""name"": ""Поставщик"", ""types"": [{""type"": ""Ref"", ""id"": ""Справочник.Контрагенты""}]}, {""id"": ""РасчетныйСчетПоставщика"", ""name"": ""Расчетный счет поставщика"", ""types"": [{""type"": ""Ref"", ""id"": ""Справочник.РасчетныеСчетаКонтрагентов""}]}, {""id"": ""РасчетныйСчет"", ""name"": ""Расчетный счет"", ""types"": [{""type"": ""Ref"", ""id"": ""Справочник.РасчетныеСчета""}]}, {""id"": ""Валюта"", ""name"": ""Валюта"", ""types"": [{""type"": ""Ref"", ""id"": ""Справочник.Валюты""}]}, {""id"": ""Сумма"", ""name"": ""Сумма"", ""types"": [{""type"": ""Number"", ""NumberQualifiers"": ""10.2""}]}, {""id"": ""Организация"", ""name"": ""Организация"", ""types"": [{""type"": ""Ref"", ""id"": ""Справочник.Организации""}]}]}, {""id"": ""ПоступлениеДенег"", ""name"": ""Поступление денег"", ""Attributes"": [{""id"": ""Покупатель"", ""name"": ""Покупатель"", ""types"": [{""type"": ""Ref"", ""id"": ""Справочник.Контрагенты""}]}, {""id"": ""РасчетныйСчетПокупателя"", ""name"": ""Расчетный счет покупателя"", ""types"": [{""type"": ""Ref"", ""id"": ""Справочник.РасчетныеСчетаКонтрагентов""}]}, {""id"": ""РасчетныйСчет"", ""name"": ""Расчетный счет"", ""types"": [{""type"": ""Ref"", ""id"": ""Справочник.РасчетныеСчета""}]}, {""id"": ""Валюта"", ""name"": ""Валюта"", ""types"": [{""type"": ""Ref"", ""id"": ""Справочник.Валюты""}]}, {""id"": ""Сумма"", ""name"": ""Сумма"", ""types"": [{""type"": ""Number"", ""NumberQualifiers"": ""10.2""}]}, {""id"": ""Организация"", ""name"": ""Организация"", ""types"": [{""type"": ""Ref"", ""id"": ""Справочник.Организации""}]}]}, {""id"": ""ПриходТовара"", ""name"": ""Приход товара"", ""Attributes"": [{""id"": ""Поставщик"", ""name"": ""Поставщик"", ""types"": [{""type"": ""Ref"", ""id"": ""Справочник.Контрагенты""}]}, {""id"": ""Склад"", ""name"": ""Склад"", ""types"": [{""type"": ""Ref"", ""id"": ""Справочник.Склады""}]}, {""id"": ""Валюта"", ""name"": ""Валюта взаиморасчетов"", ""types"": [{""type"": ""Ref"", ""id"": ""Справочник.Валюты""}]}, {""id"": ""Организация"", ""name"": ""Организация"", ""types"": [{""type"": ""Ref"", ""id"": ""Справочник.Организации""}]}], ""TabularSections"": [{""id"": ""Товары"", ""name"": ""Товары"", ""Attributes"": [{""id"": ""Товар"", ""name"": ""Товар"", ""types"": [{""type"": ""Ref"", ""id"": ""Справочник.Товары""}]}, {""id"": ""Цена"", ""name"": ""Цена"", ""types"": [{""type"": ""Number"", ""NumberQualifiers"": ""10.2""}]}, {""id"": ""Количество"", ""name"": ""Количество"", ""types"": [{""type"": ""Number"", ""NumberQualifiers"": ""10.2""}]}, {""id"": ""Сумма"", ""name"": ""Сумма"", ""types"": [{""type"": ""Number"", ""NumberQualifiers"": ""10.2""}]}]}]}, {""id"": ""РасходТовара"", ""name"": ""Расход товара"", ""Attributes"": [{""id"": ""Покупатель"", ""name"": ""Покупатель"", ""types"": [{""type"": ""Ref"", ""id"": ""Справочник.Контрагенты""}]}, {""id"": ""Склад"", ""name"": ""Склад"", ""types"": [{""type"": ""Ref"", ""id"": ""Справочник.Склады""}]}, {""id"": ""Валюта"", ""name"": ""Валюта взиморасчетов"", ""types"": [{""type"": ""Ref"", ""id"": ""Справочник.Валюты""}]}, {""id"": ""ВидЦен"", ""name"": ""Вид цен"", ""types"": [{""type"": ""Ref"", ""id"": ""Справочник.ВидыЦен""}]}, {""id"": ""ОбоснованиеОтгрузки"", ""name"": ""Обоснование отгрузки"", ""types"": [{""type"": ""String"", ""StringQualifiers"": ""0""}]}, {""id"": ""Организация"", ""name"": ""Организация"", ""types"": [{""type"": ""Ref"", ""id"": ""Справочник.Организации""}]}], ""TabularSections"": [{""id"": ""Товары"", ""name"": ""Товары"", ""Attributes"": [{""id"": ""Товар"", ""name"": ""Товар"", ""types"": [{""type"": ""Ref"", ""id"": ""Справочник.Товары""}]}, {""id"": ""Цена"", ""name"": ""Цена"", ""types"": [{""type"": ""Number"", ""NumberQualifiers"": ""10.2""}]}, {""id"": ""Количество"", ""name"": ""Количество"", ""types"": [{""type"": ""Number"", ""NumberQualifiers"": ""10.2""}]}, {""id"": ""Сумма"", ""name"": ""Сумма"", ""types"": [{""type"": ""Number"", ""NumberQualifiers"": ""10.2""}]}]}]}]}",task_127,server,mid,task31_СредняяСформироватьДокументыБезПроведения_v2.epf,"Функция СформироватьНепроведенныеДокументы(ДатаНач = Неопределено, ДатаКон = Неопределено) Экспорт
	
	Если ДатаНач = Неопределено Тогда
		ДатаНач = НачалоДня(ТекущаяДата());
	Иначе
		ДатаНач = НачалоДня(ДатаНач);
	КонецЕсли;
	
	Если ДатаКон = Неопределено Тогда
		ДатаКон = КонецДня(ТекущаяДата());
	Иначе
		ДатаКон = КонецДня(ДатаКон);
	КонецЕсли;
	
	Запрос = Новый Запрос;
	Запрос.УстановитьПараметр(""ДатаНач"", ДатаНач);
	Запрос.УстановитьПараметр(""ДатаКон"", ДатаКон);
	
	Запрос.Текст = 
""ВЫБРАТЬ
|	Заказ.Ссылка КАК Документ,
|	Заказ.Дата КАК ДатаДокумента,
|	ТИПЗНАЧЕНИЯ(Заказ.Ссылка) КАК ТипДокумента
|ИЗ
|	Документ.Заказ КАК Заказ
|ГДЕ
|	Заказ.Проведен = ЛОЖЬ
|	И Заказ.Дата МЕЖДУ &ДатаНач И &ДатаКон
|
|ОБЪЕДИНИТЬ ВСЕ
|
|ВЫБРАТЬ
|	ОперацияПоУчетуТоваров.Ссылка,
|	ОперацияПоУчетуТоваров.Дата,
|	ТИПЗНАЧЕНИЯ(ОперацияПоУчетуТоваров.Ссылка)
|ИЗ
|	Документ.ОперацияПоУчетуТоваров КАК ОперацияПоУчетуТоваров
|ГДЕ
|	ОперацияПоУчетуТоваров.Проведен = ЛОЖЬ
|	И ОперацияПоУчетуТоваров.Дата МЕЖДУ &ДатаНач И &ДатаКон
|
|ОБЪЕДИНИТЬ ВСЕ
|
|ВЫБРАТЬ
|	Оплата.Ссылка,
|	Оплата.Дата,
|	ТИПЗНАЧЕНИЯ(Оплата.Ссылка)
|ИЗ
|	Документ.Оплата КАК Оплата
|ГДЕ
|	Оплата.Проведен = ЛОЖЬ
|	И Оплата.Дата МЕЖДУ &ДатаНач И &ДатаКон
|
|ОБЪЕДИНИТЬ ВСЕ
|
|ВЫБРАТЬ
|	ПоступлениеДенег.Ссылка,
|	ПоступлениеДенег.Дата,
|	ТИПЗНАЧЕНИЯ(ПоступлениеДенег.Ссылка)
|ИЗ
|	Документ.ПоступлениеДенег КАК ПоступлениеДенег
|ГДЕ
|	ПоступлениеДенег.Проведен = ЛОЖЬ
|	И ПоступлениеДенег.Дата МЕЖДУ &ДатаНач И &ДатаКон
|
|ОБЪЕДИНИТЬ ВСЕ
|
|ВЫБРАТЬ
|	ПриходТовара.Ссылка,
|	ПриходТовара.Дата,
|	ТИПЗНАЧЕНИЯ(ПриходТовара.Ссылка)
|ИЗ
|	Документ.ПриходТовара КАК ПриходТовара
|ГДЕ
|	ПриходТовара.Проведен = ЛОЖЬ
|	И ПриходТовара.Дата МЕЖДУ &ДатаНач И &ДатаКон
|
|ОБЪЕДИНИТЬ ВСЕ
|
|ВЫБРАТЬ
|	РасходТовара.Ссылка,
|	РасходТовара.Дата,
|	ТИПЗНАЧЕНИЯ(РасходТовара.Ссылка)
|ИЗ
|	Документ.РасходТовара КАК РасходТовара
|ГДЕ
|	РасходТовара.Проведен = ЛОЖЬ
|	И РасходТовара.Дата МЕЖДУ &ДатаНач И &ДатаКон
|
|УПОРЯДОЧИТЬ ПО
|	ДатаДокумента ВОЗР"";
	
	Возврат Запрос.Выполнить().Выгрузить();
	
КонецФункции"
"Написать функцию НайтиНастройкуКомпоновщика(стрНастройки, КомпоновщикНастроек), которая ищет настройку в КомпоновщикНастроек настраиваемого отчета по заданным свойствам, указанным в параметре стрНастройки. 
Параметры функции:
стрНастройки - (тип: Структура) - свойства поиска настройки:
   * ВидНастройки (тип: Строка) - соответствует ключам объекта НастройкиКомпоновкиДанных. Например, ""Выбор"", ""ПараметрВывода"", ""ПараметрДанных""
   * ИмяНастройки (тип: Строка) - имя поля у элемента настроек данного вида.   
   
КомпоновщикНастроек - КомпоновщикНастроекКомпоновкиДанных - из настраиваемого отчета.
  
Возвращаемое значение:
    Элемент из КоллекцияЭлементовПользовательскихНастроекКомпоновкиДанных - подобранная настройка.
    Неопределено - настройка не найдена.",{},task_128,server,,task31_слож_Куликова_v1.epf,"Функция НайтиНастройкуКомпоновщика(стрНастройки, КомпоновщикНастроек) Экспорт
	
	Если стрНастройки = Неопределено 
		Или КомпоновщикНастроек = Неопределено Тогда
		Возврат Неопределено;
	КонецЕсли;
	
	Если Не стрНастройки.Свойство(""ВидНастройки"", ВидНастройки)
		Или Не стрНастройки.Свойство(""ИмяНастройки"", ИмяНастройки) Тогда
		Возврат Неопределено;
	КонецЕсли;
	
	ВидНастройки = СокрЛП(Строка(ВидНастройки));
	ИмяНастройки = СокрЛП(Строка(ИмяНастройки));
	
	Если ПустаяСтрока(ВидНастройки) Или ПустаяСтрока(ИмяНастройки) Тогда
		Возврат Неопределено;
	КонецЕсли;
	
	ЭлементыПользовательскихНастроек = ПолучитьЭлементыПользовательскихНастроекКомпоновщика(КомпоновщикНастроек);
	Если ЭлементыПользовательскихНастроек = Неопределено Тогда
		Возврат Неопределено;
	КонецЕсли;
	
	// Быстрый штатный поиск по идентификатору пользовательской настройки.
	Попытка
		ИдентификаторПользовательскойНастройки = Новый ИдентификаторПользовательскойНастройкиКомпоновкиДанных(
			ВидНастройки,
			ИмяНастройки);
		
		НайденнаяНастройка = ЭлементыПользовательскихНастроек.Найти(ИдентификаторПользовательскойНастройки);
		Если НайденнаяНастройка <> Неопределено Тогда
			Возврат НайденнаяНастройка;
		КонецЕсли;
	Исключение
		// В разных версиях платформы конструктор/поиск могут отличаться.
		// Ниже выполняется универсальный поиск перебором.
	КонецПопытки;
	
	НормализованныйВидНастройки = НормализоватьВидНастройкиКомпоновкиДанных(ВидНастройки);
	НормализованноеИмяНастройки = НормализоватьИмяНастройкиКомпоновкиДанных(ИмяНастройки);
	
	Для Каждого ЭлементПользовательскойНастройки Из ЭлементыПользовательскихНастроек Цикл
		
		Если ЭлементПользовательскойНастройкиСоответствует(
			ЭлементПользовательскойНастройки,
			НормализованныйВидНастройки,
			НормализованноеИмяНастройки) Тогда
			
			Возврат ЭлементПользовательскойНастройки;
			
		КонецЕсли;
		
	КонецЦикла;
	
	Возврат Неопределено;
	
КонецФункции

Функция ПолучитьЭлементыПользовательскихНастроекКомпоновщика(КомпоновщикНастроек)
	
	ПользовательскиеНастройки = ПолучитьСвойствоОбъекта(КомпоновщикНастроек, ""ПользовательскиеНастройки"");
	Если ПользовательскиеНастройки = Неопределено Тогда
		Возврат Неопределено;
	КонецЕсли;
	
	Элементы = ПолучитьСвойствоОбъекта(ПользовательскиеНастройки, ""Элементы"");
	Если Элементы <> Неопределено Тогда
		Возврат Элементы;
	КонецЕсли;
	
	// На случай, если в параметр уже передана коллекция пользовательских настроек.
	Возврат ПользовательскиеНастройки;
	
КонецФункции

Функция ЭлементПользовательскойНастройкиСоответствует(
	ЭлементПользовательскойНастройки,
	НормализованныйВидНастройки,
	НормализованноеИмяНастройки)
	
	// Основной вариант: у элемента есть идентификатор пользовательской настройки.
	Идентификатор = ПолучитьСвойствоОбъекта(
		ЭлементПользовательскойНастройки,
		""ИдентификаторПользовательскойНастройки"");
	
	Если Идентификатор <> Неопределено Тогда
		
		Если ОбъектНастройкиСоответствует(
			Идентификатор,
			НормализованныйВидНастройки,
			НормализованноеИмяНастройки) Тогда
			
			Возврат Истина;
			
		КонецЕсли;
		
	КонецЕсли;
	
	// Резервный вариант: свойства находятся непосредственно у элемента коллекции.
	Возврат ОбъектНастройкиСоответствует(
		ЭлементПользовательскойНастройки,
		НормализованныйВидНастройки,
		НормализованноеИмяНастройки);
	
КонецФункции

Функция ОбъектНастройкиСоответствует(
	ОбъектНастройки,
	НормализованныйВидНастройки,
	НормализованноеИмяНастройки)
	
	Если ОбъектНастройки = Неопределено Тогда
		Возврат Ложь;
	КонецЕсли;
	
	ВидНастройкиОбъекта = ПолучитьСвойствоОбъекта(ОбъектНастройки, ""ВидНастройки"");
	ИмяНастройкиОбъекта = ПолучитьСвойствоОбъекта(ОбъектНастройки, ""ИмяНастройки"");
	
	Если ВидНастройкиОбъекта = Неопределено
		Или ИмяНастройкиОбъекта = Неопределено Тогда
		Возврат Ложь;
	КонецЕсли;
	
	Возврат НормализоватьВидНастройкиКомпоновкиДанных(ВидНастройкиОбъекта) = НормализованныйВидНастройки
		И НормализоватьИмяНастройкиКомпоновкиДанных(ИмяНастройкиОбъекта) = НормализованноеИмяНастройки;
	
КонецФункции

Функция ПолучитьСвойствоОбъекта(Объект, ИмяСвойства)
	
	Если Объект = Неопределено Тогда
		Возврат Неопределено;
	КонецЕсли;
	
	Свойства = Новый Структура(ИмяСвойства);
	
	Попытка
		ЗаполнитьЗначенияСвойств(Свойства, Объект);
	Исключение
		Возврат Неопределено;
	КонецПопытки;
	
	Возврат Свойства[ИмяСвойства];
	
КонецФункции

Функция НормализоватьВидНастройкиКомпоновкиДанных(Значение)
	
	Если Значение = Неопределено Тогда
		Возврат """";
	КонецЕсли;
	
	Результат = НРег(СокрЛП(Строка(Значение)));
	Результат = СтрЗаменить(Результат, "" "", """");
	Результат = СтрЗаменить(Результат, Символы.Таб, """");
	Результат = СтрЗаменить(Результат, ""-"", """");
	Результат = СтрЗаменить(Результат, ""_"", """");
	
	// Поддержка вариантов записи, соответствующих коллекциям объекта НастройкиКомпоновкиДанных.
	Если Результат = ""параметрыданных"" Тогда
		Результат = ""параметрданных"";
	ИначеЕсли Результат = ""параметрывывода"" Тогда
		Результат = ""параметрвывода"";
	КонецЕсли;
	
	Возврат Результат;
	
КонецФункции

Функция НормализоватьИмяНастройкиКомпоновкиДанных(Значение)
	
	Если Значение = Неопределено Тогда
		Возврат """";
	КонецЕсли;
	
	Возврат НРег(СокрЛП(Строка(Значение)));
	
КонецФункции"
"Функция: СформироватьИсториюИзмененияЦен(ДатаНач = Неопределено, ДатаКон = Неопределено)
Функция формирует историю изменения цен товаров за указанный период. Позволяет отслеживать, когда и как менялись цены на товары по различным видам цен  

Параметры
ДатаНач (Дата) — дата начала периода анализа.
Если параметр не указан (Неопределено), по умолчанию устанавливается начало текущего дня.
ДатаКон (Дата) — дата окончания периода анализа.
Если параметр не указан (Неопределено), по умолчанию устанавливается конец текущего дня.

Функция выбирает все записи из регистра сведений ЦеныТоваров за указанный период.
Для каждого изменения цены фиксируется:
Товар, по которому изменилась цена;
Вид цены (тип цен);
Дата изменения;
Новая цена.

Функция возвращает объект типа ТаблицаЗначений со следующими колонками: Товар, ВидЦен, ДатаИзменения, Цена 
сортировка происходит по Товар (по возрастанию), затем по ДатаИзменения (по возрастанию)

По умолчанию функция анализирует только текущий день 
Выбираются все изменения цен, произошедшие в пределах указанного периода (включая время).
Если  цена на товар менялась несколько раз  в результате будут все записи изменения
Регистр сведений ЦеныТоваров считается периодическим (В пределах дня), поэтому функция показывает историю изменений.","{""InformationRegisters"": [{""id"": ""ЦеныТоваров"", ""name"": ""Цены товаров"", ""InformationRegisterPeriodicity"": ""Day"", ""WriteMode"": ""Independent"", ""Dimensions"": [{""id"": ""Товар"", ""name"": ""Товар"", ""types"": [{""type"": ""Ref"", ""id"": ""Справочник.Товары""}]}, {""id"": ""ВидЦен"", ""name"": ""Вид цен"", ""types"": [{""type"": ""Ref"", ""id"": ""Справочник.ВидыЦен""}]}], ""Resources"": [{""id"": ""Цена"", ""name"": ""Цена"", ""types"": [{""type"": ""Number"", ""NumberQualifiers"": ""10.2""}]}]}], ""Catalogs"": [{""id"": ""ВидыЦен"", ""name"": ""Виды цен"", ""Attributes"": []}, {""id"": ""Товары"", ""name"": ""Товары"", ""Attributes"": [{""id"": ""Артикул"", ""name"": ""Артикул"", ""types"": [{""type"": ""String"", ""StringQualifiers"": ""15""}]}, {""id"": ""Поставщик"", ""name"": ""Поставщик"", ""types"": [{""type"": ""Ref"", ""id"": ""Справочник.Контрагенты""}]}, {""id"": ""ФайлКартинки"", ""name"": ""Картинка"", ""types"": [{""type"": ""Ref"", ""id"": ""Справочник.ХранимыеФайлы""}]}, {""id"": ""Вид"", ""name"": ""Вид"", ""types"": []}, {""id"": ""Штрихкод"", ""name"": ""Штрихкод"", ""types"": [{""type"": ""String"", ""StringQualifiers"": ""20""}]}, {""id"": ""Описание"", ""name"": ""Описание"", ""types"": [{""type"": ""String"", ""StringQualifiers"": ""0""}]}]}]}",task_129,server,mid,task32_СредняяИсторияИзмененияЦен_v2.epf,"Функция СформироватьИсториюИзмененияЦен(ДатаНач = Неопределено, ДатаКон = Неопределено) Экспорт
	
	Если ДатаНач = Неопределено Тогда
		ДатаНач = НачалоДня(ТекущаяДата());
	КонецЕсли;
	
	Если ДатаКон = Неопределено Тогда
		ДатаКон = КонецДня(ТекущаяДата());
	КонецЕсли;
	
	Запрос = Новый Запрос;
	Запрос.УстановитьПараметр(""ДатаНач"", ДатаНач);
	Запрос.УстановитьПараметр(""ДатаКон"", ДатаКон);
	
	Запрос.Текст = 
""ВЫБРАТЬ
|	ЦеныТоваров.Товар КАК Товар,
|	ЦеныТоваров.ВидЦен КАК ВидЦен,
|	ЦеныТоваров.Период КАК ДатаИзменения,
|	ЦеныТоваров.Цена КАК Цена
|ИЗ
|	РегистрСведений.ЦеныТоваров КАК ЦеныТоваров
|ГДЕ
|	ЦеныТоваров.Период МЕЖДУ &ДатаНач И &ДатаКон
|
|УПОРЯДОЧИТЬ ПО
|	Товар ВОЗР,
|	ДатаИзменения ВОЗР"";
	
	РезультатЗапроса = Запрос.Выполнить();
	
	Возврат РезультатЗапроса.Выгрузить();
	
КонецФункции"
"Написать функцию ПолучитьСвойствоДоступногоПоля(СтруктураКД, Поле, Свойство), которая находит и возвращает значение указанного свойства(Свойство) доступного поля(Поле) 
структуры доступных полей(СтруктураКД) компоновщика настроек компоновки данных.
Параметры функции:
СтруктураКД (тип: КомпоновщикНастроекКомпоновкиДанных, ДоступныеПоляКомпоновкиДанных) - cтруктура, в которой хранится поле. Если в качестве параметра передан КомпоновщикНастроекКомпоновкиДанных, 
тогда получить СтруктураКД.Настройки.ДоступныеПоляВыбора. 
Поле - (тип: Строка, ПолеКомпоновкиДанных) - Поле, для которого определяется значение свойства.
Свойство - (тип: Строка) - Имя свойства, значение которого требуется получить.
 
Возвращаемое значение:
	Произвольный - Значение запрашиваемого свойства поля. Если свойство не найдено, тогда Неопределено.",{},task_130,server,,task32_слож_Куликова_v1.epf,"// Возвращает значение указанного свойства доступного поля компоновки данных.
// Если поле или свойство не найдены, возвращает Неопределено.
Функция ПолучитьСвойствоДоступногоПоля(СтруктураКД, Поле, Свойство) Экспорт
	
	Если СтруктураКД = Неопределено
		Или Поле = Неопределено
		Или ПустаяСтрока(Свойство) Тогда
		Возврат Неопределено;
	КонецЕсли;
	
	ДоступныеПоля = ПолучитьДоступныеПоляКомпоновкиДанных(СтруктураКД);
	Если ДоступныеПоля = Неопределено Тогда
		Возврат Неопределено;
	КонецЕсли;
	
	ПолеКД = ПривестиКПолюКомпоновкиДанных(Поле);
	Если ПолеКД = Неопределено Тогда
		Возврат Неопределено;
	КонецЕсли;
	
	ДоступноеПоле = НайтиДоступноеПолеКомпоновкиДанных(ДоступныеПоля, ПолеКД);
	Если ДоступноеПоле = Неопределено Тогда
		Возврат Неопределено;
	КонецЕсли;
	
	Возврат ПолучитьСвойствоОбъектаПоИмени(ДоступноеПоле, Свойство);
	
КонецФункции

// Получает коллекцию доступных полей из переданного параметра.
Функция ПолучитьДоступныеПоляКомпоновкиДанных(СтруктураКД)
	
	Если СтруктураКД = Неопределено Тогда
		Возврат Неопределено;
	КонецЕсли;
	
	Если ТипЗнч(СтруктураКД) = Тип(""КомпоновщикНастроекКомпоновкиДанных"") Тогда
		Попытка
			Возврат СтруктураКД.Настройки.ДоступныеПоляВыбора;
		Исключение
			Возврат Неопределено;
		КонецПопытки;
	КонецЕсли;
	
	Если ТипЗнч(СтруктураКД) = Тип(""ДоступныеПоляКомпоновкиДанных"") Тогда
		Возврат СтруктураКД;
	КонецЕсли;
	
	Возврат Неопределено;
	
КонецФункции

// Приводит строку или ПолеКомпоновкиДанных к типу ПолеКомпоновкиДанных.
Функция ПривестиКПолюКомпоновкиДанных(Поле)
	
	Если Поле = Неопределено Тогда
		Возврат Неопределено;
	КонецЕсли;
	
	Если ТипЗнч(Поле) = Тип(""ПолеКомпоновкиДанных"") Тогда
		Возврат Поле;
	КонецЕсли;
	
	Если ТипЗнч(Поле) = Тип(""Строка"") Тогда
		
		Если ПустаяСтрока(Поле) Тогда
			Возврат Неопределено;
		КонецЕсли;
		
		Попытка
			Возврат Новый ПолеКомпоновкиДанных(Поле);
		Исключение
			Возврат Неопределено;
		КонецПопытки;
		
	КонецЕсли;
	
	Возврат Неопределено;
	
КонецФункции

// Ищет доступное поле в структуре доступных полей.
Функция НайтиДоступноеПолеКомпоновкиДанных(ДоступныеПоля, ПолеКД)
	
	Возврат НайтиДоступноеПолеКомпоновкиДанныхРекурсивно(ДоступныеПоля, ПолеКД, 0);
	
КонецФункции

// Рекурсивный поиск поля.
// Ограничение глубины защищает от возможных циклических ссылок в объектной модели.
Функция НайтиДоступноеПолеКомпоновкиДанныхРекурсивно(КоллекцияПолей, ПолеКД, Уровень)
	
	Если КоллекцияПолей = Неопределено
		Или ПолеКД = Неопределено
		Или Уровень > 50 Тогда
		Возврат Неопределено;
	КонецЕсли;
	
	НайденноеПоле = НайтиДоступноеПолеНепосредственно(КоллекцияПолей, ПолеКД);
	Если НайденноеПоле <> Неопределено Тогда
		Возврат НайденноеПоле;
	КонецЕсли;
	
	Попытка
		Для Каждого Элемент Из КоллекцияПолей Цикл
			
			ПолеЭлемента = ПолучитьПолеИзЭлементаДоступныхПолей(Элемент);
			Если ПоляКомпоновкиДанныхРавны(ПолеЭлемента, ПолеКД) Тогда
				Возврат Элемент;
			КонецЕсли;
			
			НайденноеПоле = НайтиВПодчиненныхКоллекцияхДоступногоПоля(Элемент, ПолеКД, Уровень + 1);
			Если НайденноеПоле <> Неопределено Тогда
				Возврат НайденноеПоле;
			КонецЕсли;
			
		КонецЦикла;
	Исключение
		// Переданный объект может быть не перечисляемой коллекцией.
	КонецПопытки;
	
	// Некоторые объекты доступных полей являются контейнерами и хранят элементы
	// в свойствах Элементы / ДоступныеПоля / Поля.
	НайденноеПоле = НайтиВПодчиненныхКоллекцияхДоступногоПоля(КоллекцияПолей, ПолеКД, Уровень + 1);
	Если НайденноеПоле <> Неопределено Тогда
		Возврат НайденноеПоле;
	КонецЕсли;
	
	Возврат Неопределено;
	
КонецФункции

// Быстрый поиск через методы коллекций, если они доступны.
Функция НайтиДоступноеПолеНепосредственно(КоллекцияПолей, ПолеКД)
	
	НайденноеПоле = Неопределено;
	
	Попытка
		НайденноеПоле = КоллекцияПолей.НайтиПоле(ПолеКД);
		Если НайденноеПоле <> Неопределено Тогда
			Возврат НайденноеПоле;
		КонецЕсли;
	Исключение
	КонецПопытки;
	
	Попытка
		НайденноеПоле = КоллекцияПолей.Найти(ПолеКД);
		Если НайденноеПоле <> Неопределено Тогда
			Возврат НайденноеПоле;
		КонецЕсли;
	Исключение
	КонецПопытки;
	
	Попытка
		НайденноеПоле = КоллекцияПолей.Найти(Строка(ПолеКД));
		Если НайденноеПоле <> Неопределено Тогда
			Возврат НайденноеПоле;
		КонецЕсли;
	Исключение
	КонецПопытки;
	
	Попытка
		НайденноеПоле = КоллекцияПолей.Элементы.Найти(ПолеКД);
		Если НайденноеПоле <> Неопределено Тогда
			Возврат НайденноеПоле;
		КонецЕсли;
	Исключение
	КонецПопытки;
	
	Попытка
		НайденноеПоле = КоллекцияПолей.Элементы.Найти(Строка(ПолеКД));
		Если НайденноеПоле <> Неопределено Тогда
			Возврат НайденноеПоле;
		КонецЕсли;
	Исключение
	КонецПопытки;
	
	Возврат Неопределено;
	
КонецФункции

// Ищет поле во вложенных коллекциях элемента.
Функция НайтиВПодчиненныхКоллекцияхДоступногоПоля(Элемент, ПолеКД, Уровень)
	
	Если Элемент = Неопределено Или Уровень > 50 Тогда
		Возврат Неопределено;
	КонецЕсли;
	
	ПодчиненнаяКоллекция = Неопределено;
	
	Попытка
		ПодчиненнаяКоллекция = Элемент.Элементы;
	Исключение
		ПодчиненнаяКоллекция = Неопределено;
	КонецПопытки;
	
	Если ПодчиненнаяКоллекция <> Неопределено Тогда
		НайденноеПоле = НайтиДоступноеПолеКомпоновкиДанныхРекурсивно(ПодчиненнаяКоллекция, ПолеКД, Уровень);
		Если НайденноеПоле <> Неопределено Тогда
			Возврат НайденноеПоле;
		КонецЕсли;
	КонецЕсли;
	
	ПодчиненнаяКоллекция = Неопределено;
	
	Попытка
		ПодчиненнаяКоллекция = Элемент.ДоступныеПоля;
	Исключение
		ПодчиненнаяКоллекция = Неопределено;
	КонецПопытки;
	
	Если ПодчиненнаяКоллекция <> Неопределено Тогда
		НайденноеПоле = НайтиДоступноеПолеКомпоновкиДанныхРекурсивно(ПодчиненнаяКоллекция, ПолеКД, Уровень);
		Если НайденноеПоле <> Неопределено Тогда
			Возврат НайденноеПоле;
		КонецЕсли;
	КонецЕсли;
	
	ПодчиненнаяКоллекция = Неопределено;
	
	Попытка
		ПодчиненнаяКоллекция = Элемент.Поля;
	Исключение
		ПодчиненнаяКоллекция = Неопределено;
	КонецПопытки;
	
	Если ПодчиненнаяКоллекция <> Неопределено Тогда
		НайденноеПоле = НайтиДоступноеПолеКомпоновкиДанныхРекурсивно(ПодчиненнаяКоллекция, ПолеКД, Уровень);
		Если НайденноеПоле <> Неопределено Тогда
			Возврат НайденноеПоле;
		КонецЕсли;
	КонецЕсли;
	
	Возврат Неопределено;
	
КонецФункции

// Получает свойство Поле у элемента доступных полей.
Функция ПолучитьПолеИзЭлементаДоступныхПолей(Элемент)
	
	Если Элемент = Неопределено Тогда
		Возврат Неопределено;
	КонецЕсли;
	
	Попытка
		Возврат Элемент.Поле;
	Исключение
		Возврат Неопределено;
	КонецПопытки;
	
КонецФункции

// Сравнивает поля компоновки данных.
Функция ПоляКомпоновкиДанныхРавны(Поле1, Поле2)
	
	Если Поле1 = Неопределено Или Поле2 = Неопределено Тогда
		Возврат Ложь;
	КонецЕсли;
	
	Попытка
		Если Поле1 = Поле2 Тогда
			Возврат Истина;
		КонецЕсли;
	Исключение
	КонецПопытки;
	
	Попытка
		Возврат СокрЛП(Строка(Поле1)) = СокрЛП(Строка(Поле2));
	Исключение
		Возврат Ложь;
	КонецПопытки;
	
КонецФункции

// Получает значение свойства объекта по имени.
// Если свойства нет, возвращает Неопределено.
Функция ПолучитьСвойствоОбъектаПоИмени(Объект, ИмяСвойства)
	
	Если Объект = Неопределено Или ПустаяСтрока(ИмяСвойства) Тогда
		Возврат Неопределено;
	КонецЕсли;
	
	МаркерНеНайдено = Новый УникальныйИдентификатор;
	
	ЗначенияСвойств = Новый Структура;
	
	Попытка
		ЗначенияСвойств.Вставить(ИмяСвойства, МаркерНеНайдено);
	Исключение
		Возврат Неопределено;
	КонецПопытки;
	
	Попытка
		ЗаполнитьЗначенияСвойств(ЗначенияСвойств, Объект, ИмяСвойства);
	Исключение
		Возврат Неопределено;
	КонецПопытки;
	
	ЗначениеСвойства = МаркерНеНайдено;
	ЗначенияСвойств.Свойство(ИмяСвойства, ЗначениеСвойства);
	
	Если ТипЗнч(ЗначениеСвойства) = Тип(""УникальныйИдентификатор"")
		И ЗначениеСвойства = МаркерНеНайдено Тогда
		Возврат Неопределено;
	КонецЕсли;
	
	Возврат ЗначениеСвойства;
	
КонецФункции"
"Функция: СформироватьРекомендуемыйЗаказ(ДатаНач = Неопределено, ДатаКон = Неопределено) 
Функция формирует рекомендуемый объём заказа товаров у поставщиков на основе анализа продаж и текущих остатков.
Помогает закупщикам быстро определить, какие товары и в каком количестве имеет смысл заказать, чтобы избежать дефицита.

Параметры
ДатаНач (Дата) — дата начала периода анализа продаж.
Если не указана, по умолчанию берётся 30 дней назад от текущей даты.
ДатаКон (Дата) — дата окончания периода анализа продаж.
Если не указана, по умолчанию устанавливается конец текущего дня.
  
Функция рассчитывает для каждого товара:
Продано это общее количество товара, проданное за период (ДатаНач по ДатаКон).
Остаток это текущий остаток товара на складе.
РекомендуемыйЗаказ  количество товара, которое рекомендуется заказать = Продано − Остаток.  

Если результат расчёта получается отрицательным (остатка хватает с избытком), значение РекомендуемыйЗаказ устанавливается в 0.  
 
Функция возвращает объект типа ТаблицаЗначений со следующими колонками:
Товар, Продано, Остаток, РекомендуемыйЗаказ
В результат включаются только товары, по которым рекомендуемый заказ > 0

Анализ продаж ведётся за последние 30 дней по умолчанию
Используются обороты регистра Накопления: Продажи и остатки регистра ТоварныеЗапасы.
Рекомендация РекомендуемыйЗаказ расчитывается  продажи минус остаток","{""AccumulationRegisters"": [{""id"": ""Продажи"", ""name"": ""Продажи"", ""RegisterType"": ""Turnovers"", ""Dimensions"": [{""id"": ""Покупатель"", ""name"": ""Покупатель"", ""types"": [{""type"": ""Ref"", ""id"": ""Справочник.Контрагенты""}]}, {""id"": ""Товар"", ""name"": ""Товар"", ""types"": [{""type"": ""Ref"", ""id"": ""Справочник.Товары""}]}], ""Resources"": [{""id"": ""Количество"", ""name"": ""Количество"", ""types"": [{""type"": ""Number"", ""NumberQualifiers"": ""10.2""}]}, {""id"": ""Сумма"", ""name"": ""Сумма"", ""types"": [{""type"": ""Number"", ""NumberQualifiers"": ""10.2""}]}]}, {""id"": ""ТоварныеЗапасы"", ""name"": ""Товарные запасы"", ""RegisterType"": ""Balance"", ""Dimensions"": [{""id"": ""Товар"", ""name"": ""Товар"", ""types"": [{""type"": ""Ref"", ""id"": ""Справочник.Товары""}]}, {""id"": ""Склад"", ""name"": ""Склад"", ""types"": [{""type"": ""Ref"", ""id"": ""Справочник.Склады""}]}], ""Resources"": [{""id"": ""Количество"", ""name"": ""Количество"", ""types"": [{""type"": ""Number"", ""NumberQualifiers"": ""10.2""}]}]}], ""Catalogs"": [{""id"": ""Товары"", ""name"": ""Товары"", ""Attributes"": [{""id"": ""Артикул"", ""name"": ""Артикул"", ""types"": [{""type"": ""String"", ""StringQualifiers"": ""15""}]}, {""id"": ""Поставщик"", ""name"": ""Поставщик"", ""types"": [{""type"": ""Ref"", ""id"": ""Справочник.Контрагенты""}]}, {""id"": ""ФайлКартинки"", ""name"": ""Картинка"", ""types"": [{""type"": ""Ref"", ""id"": ""Справочник.ХранимыеФайлы""}]}, {""id"": ""Вид"", ""name"": ""Вид"", ""types"": []}, {""id"": ""Штрихкод"", ""name"": ""Штрихкод"", ""types"": [{""type"": ""String"", ""StringQualifiers"": ""20""}]}, {""id"": ""Описание"", ""name"": ""Описание"", ""types"": [{""type"": ""String"", ""StringQualifiers"": ""0""}]}]}]}",task_131,server,high,task33_СложнаяСформироватьРекомендуемыйЗаказ_v2.epf,"Функция СформироватьРекомендуемыйЗаказ(ДатаНач = Неопределено, ДатаКон = Неопределено) Экспорт
	
	Если ДатаКон = Неопределено Тогда
		ДатаКон = КонецДня(ТекущаяДата());
	Иначе
		ДатаКон = КонецДня(ДатаКон);
	КонецЕсли;
	
	Если ДатаНач = Неопределено Тогда
		ДатаНач = НачалоДня(ДатаКон - 30 * 24 * 60 * 60);
	Иначе
		ДатаНач = НачалоДня(ДатаНач);
	КонецЕсли;
	
	Если ДатаНач > ДатаКон Тогда
		ВызватьИсключение ""Дата начала периода не может быть больше даты окончания периода."";
	КонецЕсли;
	
	Запрос = Новый Запрос;
	Запрос.УстановитьПараметр(""ДатаНач"", ДатаНач);
	Запрос.УстановитьПараметр(""ДатаКон"", ДатаКон);
	
	Запрос.Текст = 
""ВЫБРАТЬ
|	ПродажиОбороты.Товар КАК Товар,
|	СУММА(ПродажиОбороты.КоличествоОборот) КАК Продано
|ПОМЕСТИТЬ ВТ_Продажи
|ИЗ
|	РегистрНакопления.Продажи.Обороты(&ДатаНач, &ДатаКон, , ) КАК ПродажиОбороты
|СГРУППИРОВАТЬ ПО
|	ПродажиОбороты.Товар
|;
|
|////////////////////////////////////////////////////////////////////////////////
|ВЫБРАТЬ
|	ТоварныеЗапасыОстатки.Товар КАК Товар,
|	СУММА(ТоварныеЗапасыОстатки.КоличествоОстаток) КАК Остаток
|ПОМЕСТИТЬ ВТ_Остатки
|ИЗ
|	РегистрНакопления.ТоварныеЗапасы.Остатки(&ДатаКон, ) КАК ТоварныеЗапасыОстатки
|СГРУППИРОВАТЬ ПО
|	ТоварныеЗапасыОстатки.Товар
|;
|
|////////////////////////////////////////////////////////////////////////////////
|ВЫБРАТЬ
|	ВТ_Продажи.Товар КАК Товар,
|	ВТ_Продажи.Продано КАК Продано,
|	ЕСТЬNULL(ВТ_Остатки.Остаток, 0) КАК Остаток,
|	ВЫБОР
|		КОГДА ВТ_Продажи.Продано - ЕСТЬNULL(ВТ_Остатки.Остаток, 0) > 0
|			ТОГДА ВТ_Продажи.Продано - ЕСТЬNULL(ВТ_Остатки.Остаток, 0)
|		ИНАЧЕ 0
|	КОНЕЦ КАК РекомендуемыйЗаказ
|ИЗ
|	ВТ_Продажи КАК ВТ_Продажи
|		ЛЕВОЕ СОЕДИНЕНИЕ ВТ_Остатки КАК ВТ_Остатки
|		ПО ВТ_Продажи.Товар = ВТ_Остатки.Товар
|ГДЕ
|	ВТ_Продажи.Продано - ЕСТЬNULL(ВТ_Остатки.Остаток, 0) > 0
|УПОРЯДОЧИТЬ ПО
|	Товар"";
	
	РезультатЗапроса = Запрос.Выполнить();
	
	Возврат РезультатЗапроса.Выгрузить();
	
КонецФункции"
"Написать функцию ПроверитьЗаполнениеРеквизитовОбъекта(Объект, МассивПроверяемыхРеквизитов), которая проверяет заполненность проверяемых реквизитов(МассивПроверяемыхРеквизитов) обекта(Объект).
Проверяемые реквизиты могут быть реквизитами объекта или реквизитами табличных частей объекта(задаются через точку, например, ""Товары.Сумма"").
Параметры:
Объект (тип: ДокументОбъект, СправочникОбъект) - проверяемый объект.
МассивПроверяемыхРеквизитов (тип: Массив Из Строка) - массив проверяемых реквизитов.
Возвращаемое значение:
  Булево - Ложь, если значение хотя бы одного реквизита не заполнено, иначе Истина.",{},task_132,server,high,task33_сложн_Куликова_v1.epf,"Функция ПроверитьЗаполнениеРеквизитовОбъекта(Объект, МассивПроверяемыхРеквизитов) Экспорт
	
	Если Объект = Неопределено Тогда
		Возврат Ложь;
	КонецЕсли;
	
	Если МассивПроверяемыхРеквизитов = Неопределено Тогда
		Возврат Истина;
	КонецЕсли;
	
	Для Каждого ИмяПроверяемогоРеквизита Из МассивПроверяемыхРеквизитов Цикл
		
		ИмяПроверяемогоРеквизита = СокрЛП(ИмяПроверяемогоРеквизита);
		
		Если ПустаяСтрока(ИмяПроверяемогоРеквизита) Тогда
			Продолжить;
		КонецЕсли;
		
		ЧастиИмениРеквизита = СтрРазделить(ИмяПроверяемогоРеквизита, ""."");
		
		// Проверка реквизита объекта.
		Если ЧастиИмениРеквизита.Количество() = 1 Тогда
			
			ИмяРеквизита = СокрЛП(ЧастиИмениРеквизита[0]);
			
			Если ПустаяСтрока(ИмяРеквизита) Тогда
				Возврат Ложь;
			КонецЕсли;
			
			Попытка
				ЗначениеРеквизита = Объект[ИмяРеквизита];
			Исключение
				Возврат Ложь;
			КонецПопытки;
			
			Если Не ЗначениеЗаполнено(ЗначениеРеквизита) Тогда
				Возврат Ложь;
			КонецЕсли;
			
		// Проверка реквизита табличной части.
		ИначеЕсли ЧастиИмениРеквизита.Количество() = 2 Тогда
			
			ИмяТабличнойЧасти = СокрЛП(ЧастиИмениРеквизита[0]);
			ИмяРеквизитаТабличнойЧасти = СокрЛП(ЧастиИмениРеквизита[1]);
			
			Если ПустаяСтрока(ИмяТабличнойЧасти)
				Или ПустаяСтрока(ИмяРеквизитаТабличнойЧасти) Тогда
				Возврат Ложь;
			КонецЕсли;
			
			Попытка
				ТабличнаяЧасть = Объект[ИмяТабличнойЧасти];
			Исключение
				Возврат Ложь;
			КонецПопытки;
			
			Для Каждого СтрокаТабличнойЧасти Из ТабличнаяЧасть Цикл
				
				Попытка
					ЗначениеРеквизита = СтрокаТабличнойЧасти[ИмяРеквизитаТабличнойЧасти];
				Исключение
					Возврат Ложь;
				КонецПопытки;
				
				Если Не ЗначениеЗаполнено(ЗначениеРеквизита) Тогда
					Возврат Ложь;
				КонецЕсли;
				
			КонецЦикла;
			
		Иначе
			
			// Поддерживается проверка только реквизитов объекта
			// и реквизитов табличных частей в формате ""ТабличнаяЧасть.Реквизит"".
			Возврат Ложь;
			
		КонецЕсли;
		
	КонецЦикла;
	
	Возврат Истина;
	
КонецФункции"
"Функция: СформироватьПересортицу(ДатаНач = Неопределено, ДатаКон = Неопределено)  
Функция выявляет пересортицу (расхождение между проданным количеством и остатками) по товарам за указанный период
Позволяет обнаружить возможные ошибки учёта, недостачи, пересортицу, когда продажи по документам превышают фактические остатки на складе. 


 Параметры
ДатаНач (Дата) — дата начала периода анализа продаж.
Если не указана, по умолчанию берётся 30 дней назад от текущей даты.
ДатаКон (Дата) — дата окончания периода анализа.
Если не указана, по умолчанию устанавливается конец текущего дня. 

Для каждого товара функция рассчитывает:
Продано это общее количество товара, проданное за период (по регистру накопления Продажи.Обороты).
Остаток это текущий остаток товара на складе на конец периода ДатаКон.
Пересортица это расхождение = Продано − Остаток.

Если Пересортица > 0, это означает, что по документам продано больше товара, чем числится на остатке (признак возможной пересортицы, недостачи или ошибки учёта).

Функция возвращает объект типа ТаблицаЗначений со следующими колонками Товар, Продано, Остаток, Пересортица

В результат включаются только товары, у которых продажи превышают остаток (Пересортица > 0)
По умолчанию анализирует продажи за последние 30 дней.
Использует обороты регистра Продажи и остатки регистра ТоварныеЗапасы.
Пересортица рассчитывается на конец периода (ДатаКон).
Функция возвращает только проблемные позиции (где есть превышение продаж над остатком).","{""AccumulationRegisters"": [{""id"": ""Продажи"", ""name"": ""Продажи"", ""RegisterType"": ""Turnovers"", ""Dimensions"": [{""id"": ""Покупатель"", ""name"": ""Покупатель"", ""types"": [{""type"": ""Ref"", ""id"": ""Справочник.Контрагенты""}]}, {""id"": ""Товар"", ""name"": ""Товар"", ""types"": [{""type"": ""Ref"", ""id"": ""Справочник.Товары""}]}], ""Resources"": [{""id"": ""Количество"", ""name"": ""Количество"", ""types"": [{""type"": ""Number"", ""NumberQualifiers"": ""10.2""}]}, {""id"": ""Сумма"", ""name"": ""Сумма"", ""types"": [{""type"": ""Number"", ""NumberQualifiers"": ""10.2""}]}]}, {""id"": ""ТоварныеЗапасы"", ""name"": ""Товарные запасы"", ""RegisterType"": ""Balance"", ""Dimensions"": [{""id"": ""Товар"", ""name"": ""Товар"", ""types"": [{""type"": ""Ref"", ""id"": ""Справочник.Товары""}]}, {""id"": ""Склад"", ""name"": ""Склад"", ""types"": [{""type"": ""Ref"", ""id"": ""Справочник.Склады""}]}], ""Resources"": [{""id"": ""Количество"", ""name"": ""Количество"", ""types"": [{""type"": ""Number"", ""NumberQualifiers"": ""10.2""}]}]}], ""Catalogs"": [{""id"": ""Товары"", ""name"": ""Товары"", ""Attributes"": [{""id"": ""Артикул"", ""name"": ""Артикул"", ""types"": [{""type"": ""String"", ""StringQualifiers"": ""15""}]}, {""id"": ""Поставщик"", ""name"": ""Поставщик"", ""types"": [{""type"": ""Ref"", ""id"": ""Справочник.Контрагенты""}]}, {""id"": ""ФайлКартинки"", ""name"": ""Картинка"", ""types"": [{""type"": ""Ref"", ""id"": ""Справочник.ХранимыеФайлы""}]}, {""id"": ""Вид"", ""name"": ""Вид"", ""types"": []}, {""id"": ""Штрихкод"", ""name"": ""Штрихкод"", ""types"": [{""type"": ""String"", ""StringQualifiers"": ""20""}]}, {""id"": ""Описание"", ""name"": ""Описание"", ""types"": [{""type"": ""String"", ""StringQualifiers"": ""0""}]}]}]}",task_133,server,high,task34_СложнаяСформироватьПересортицу_v2.epf,"Функция СформироватьПересортицу(ДатаНач = Неопределено, ДатаКон = Неопределено) Экспорт
	
	Если ДатаКон = Неопределено Тогда
		ДатаКон = КонецДня(ТекущаяДата());
	Иначе
		ДатаКон = КонецДня(ДатаКон);
	КонецЕсли;
	
	Если ДатаНач = Неопределено Тогда
		ДатаНач = НачалоДня(ДатаКон - 30 * 24 * 60 * 60);
	Иначе
		ДатаНач = НачалоДня(ДатаНач);
	КонецЕсли;
	
	Если ДатаНач > ДатаКон Тогда
		ВызватьИсключение ""Дата начала периода не может быть больше даты окончания периода."";
	КонецЕсли;
	
	Запрос = Новый Запрос;
	Запрос.УстановитьПараметр(""ДатаНач"", ДатаНач);
	Запрос.УстановитьПараметр(""ДатаКон"", ДатаКон);
	
	Запрос.Текст = 
""ВЫБРАТЬ
|	Продажи.Товар КАК Товар,
|	Продажи.Продано КАК Продано,
|	ЕСТЬNULL(Остатки.Остаток, 0) КАК Остаток,
|	Продажи.Продано - ЕСТЬNULL(Остатки.Остаток, 0) КАК Пересортица
|ИЗ
|	(ВЫБРАТЬ
|		ПродажиОбороты.Товар КАК Товар,
|		СУММА(ПродажиОбороты.КоличествоОборот) КАК Продано
|	ИЗ
|		РегистрНакопления.Продажи.Обороты(&ДатаНач, &ДатаКон, , ) КАК ПродажиОбороты
|	
|	СГРУППИРОВАТЬ ПО
|		ПродажиОбороты.Товар) КАК Продажи
|		ЛЕВОЕ СОЕДИНЕНИЕ
|			(ВЫБРАТЬ
|				ТоварныеЗапасыОстатки.Товар КАК Товар,
|				СУММА(ТоварныеЗапасыОстатки.КоличествоОстаток) КАК Остаток
|			ИЗ
|				РегистрНакопления.ТоварныеЗапасы.Остатки(&ДатаКон, ) КАК ТоварныеЗапасыОстатки
|			
|			СГРУППИРОВАТЬ ПО
|				ТоварныеЗапасыОстатки.Товар) КАК Остатки
|		ПО Продажи.Товар = Остатки.Товар
|ГДЕ
|	Продажи.Продано - ЕСТЬNULL(Остатки.Остаток, 0) > 0
|
|УПОРЯДОЧИТЬ ПО
|	Пересортица УБЫВ"";
	
	Возврат Запрос.Выполнить().Выгрузить();
	
КонецФункции"
"Написать функцию ПолучитьПоследнийЭлементСтруктуры(НастройкиКД, ПолучитьСтроки), которая возвращает последний элемент структуры настроек компоновки данных(НастройкиКД) - группировку. 
Вернуть группировку, если последний элемент имеет тип ГруппировкаКомпоновкиДанных.
Вернуть строки(колонки) таблицы, если последний элемент имеет тип ГруппировкаТаблицыКомпоновкиДанных.
Вернуть серии(точки) диаграммы, если последний элемент структуры имеет тип ДиаграммаКомпоновкиДанных.

Параметры функции:
	ЭлементСтруктурыНастроек (тип: КомпоновщикНастроекКомпоновкиДанных, НастройкиКомпоновкиДанных) - элемент структуры настроек компонвоки данных.
	ПолучитьСтроки (тип: Булево) - признак для получения последний группировки строк (серий) или колонок (точек). 
	    Если Истина, тогда для элемента структуры типа ТаблицаКомпоновкиДанных, вернуть Строки, для элемента структуры типа ДиаграммаКомпоновкиДанных вернуть Серии. 
        Если Ложь, тогда для элемента структуры типа ТаблицаКомпоновкиДанных, вернуть Колонки, для элемента структуры типа ДиаграммаКомпоновкиДанных вернуть Точки.

Возвращаемое значение:
	ГруппировкаТаблицыКомпоновкиДанных, ГруппировкаКомпоновкиДанных, ГруппировкаДиаграммыКомпоновкиДанных - последний элемент структуры компоновки данных.
	Неопределено, если ничего не найдено.",{},task_134,server,high,task34_сложн_Куликова_v1.epf,"Функция ПолучитьПоследнийЭлементСтруктуры(НастройкиКД, ПолучитьСтроки) Экспорт
	
	Если НастройкиКД = Неопределено Тогда
		Возврат Неопределено;
	КонецЕсли;
	
	ТипЭлемента = ТипЗнч(НастройкиКД);
	
	Если ТипЭлемента = Тип(""КомпоновщикНастроекКомпоновкиДанных"") Тогда
		Возврат ПолучитьПоследнийЭлементСтруктуры(НастройкиКД.Настройки, ПолучитьСтроки);
	КонецЕсли;
	
	Если ТипЭлемента = Тип(""НастройкиКомпоновкиДанных"") Тогда
		Возврат ПолучитьПоследнийЭлементКоллекцииСтруктуры(НастройкиКД.Структура, ПолучитьСтроки);
	КонецЕсли;
	
	Если ТипЭлемента = Тип(""ГруппировкаКомпоновкиДанных"") Тогда
		
		ПоследнийВложенныйЭлемент = ПолучитьПоследнийЭлементКоллекцииСтруктуры(
			НастройкиКД.Структура,
			ПолучитьСтроки);
		
		Если ПоследнийВложенныйЭлемент <> Неопределено Тогда
			Возврат ПоследнийВложенныйЭлемент;
		КонецЕсли;
		
		Возврат НастройкиКД;
		
	КонецЕсли;
	
	Если ТипЭлемента = Тип(""ТаблицаКомпоновкиДанных"") Тогда
		
		Если ПолучитьСтроки Тогда
			Возврат ПолучитьПоследнююГруппировкуТаблицы(НастройкиКД.Строки);
		Иначе
			Возврат ПолучитьПоследнююГруппировкуТаблицы(НастройкиКД.Колонки);
		КонецЕсли;
		
	КонецЕсли;
	
	Если ТипЭлемента = Тип(""ДиаграммаКомпоновкиДанных"") Тогда
		
		Если ПолучитьСтроки Тогда
			Возврат ПолучитьПоследнююГруппировкуДиаграммы(НастройкиКД.Серии);
		Иначе
			Возврат ПолучитьПоследнююГруппировкуДиаграммы(НастройкиКД.Точки);
		КонецЕсли;
		
	КонецЕсли;
	
	Если ТипЭлемента = Тип(""ГруппировкаТаблицыКомпоновкиДанных"")
		Или ТипЭлемента = Тип(""ГруппировкаДиаграммыКомпоновкиДанных"") Тогда
		
		Возврат НастройкиКД;
		
	КонецЕсли;
	
	Возврат Неопределено;
	
КонецФункции


Функция ПолучитьПоследнийЭлементКоллекцииСтруктуры(КоллекцияСтруктуры, ПолучитьСтроки)
	
	Если КоллекцияСтруктуры = Неопределено Тогда
		Возврат Неопределено;
	КонецЕсли;
	
	Индекс = КоллекцияСтруктуры.Количество() - 1;
	
	Пока Индекс >= 0 Цикл
		
		ЭлементСтруктуры = КоллекцияСтруктуры[Индекс];
		
		ПоследнийЭлемент = ПолучитьПоследнийЭлементСтруктуры(ЭлементСтруктуры, ПолучитьСтроки);
		
		Если ПоследнийЭлемент <> Неопределено Тогда
			Возврат ПоследнийЭлемент;
		КонецЕсли;
		
		Индекс = Индекс - 1;
		
	КонецЦикла;
	
	Возврат Неопределено;
	
КонецФункции


Функция ПолучитьПоследнююГруппировкуТаблицы(КоллекцияГруппировок)
	
	Если КоллекцияГруппировок = Неопределено Тогда
		Возврат Неопределено;
	КонецЕсли;
	
	Индекс = КоллекцияГруппировок.Количество() - 1;
	
	Пока Индекс >= 0 Цикл
		
		Группировка = КоллекцияГруппировок[Индекс];
		
		Если ТипЗнч(Группировка) = Тип(""ГруппировкаТаблицыКомпоновкиДанных"") Тогда
			Возврат Группировка;
		КонецЕсли;
		
		Индекс = Индекс - 1;
		
	КонецЦикла;
	
	Возврат Неопределено;
	
КонецФункции


Функция ПолучитьПоследнююГруппировкуДиаграммы(КоллекцияГруппировок)
	
	Если КоллекцияГруппировок = Неопределено Тогда
		Возврат Неопределено;
	КонецЕсли;
	
	Индекс = КоллекцияГруппировок.Количество() - 1;
	
	Пока Индекс >= 0 Цикл
		
		Группировка = КоллекцияГруппировок[Индекс];
		
		Если ТипЗнч(Группировка) = Тип(""ГруппировкаДиаграммыКомпоновкиДанных"") Тогда
			Возврат Группировка;
		КонецЕсли;
		
		Индекс = Индекс - 1;
		
	КонецЦикла;
	
	Возврат Неопределено;
	
КонецФункции"
"Функция: СформироватьАнализСезонностиПродаж(ДатаНач = Неопределено, ДатаКон = Неопределено)
Функция выполняет анализ сезонности продаж по месяцам. Позволяет выявить сезонные колебания спроса, понять, 
в какие месяцы продажи выше или ниже, и использовать эти данные для планирования закупок.

Параметры
ДатаНач (Дата)  дата начала периода анализа.
Если параметр не указан (Неопределено), по умолчанию устанавливается начало текущего года.
ДатаКон (Дата)  дата окончания периода анализа.
Если параметр не указан (Неопределено), по умолчанию устанавливается конец текущего года. 

Функция группирует продажи по месяцам и рассчитывает для каждого месяца:
ПериодМесяца — начало месяца (первое число месяца).
КоличествоПродано — общее количество товаров, проданное в этом месяце.
СуммаПродаж — общая сумма продаж (выручка) в этом месяце.
Данные берутся из регистра накопления Продажи. 


Функция возвращает объект типа ТаблицаЗначений со следующими колонками: ПериодМесяца, КоличествоПродано, СуммаПродаж

Результат группируется по месяцам -  НАЧАЛОПЕРИОДА(Продажи.Период, МЕСЯЦ)

 
 По умолчанию анализирует весь текущий год. 
 Используется функция НАЧАЛОПЕРИОДА(Продажи.Период, МЕСЯЦ) для группировки по месяцам.  
 Функция показывает сезонный профиль продаж — насколько продажи отличаются по месяцам года. 
 Можно использовать для сравнения сезонности разных лет","{""AccumulationRegisters"": [{""id"": ""Продажи"", ""name"": ""Продажи"", ""RegisterType"": ""Turnovers"", ""Dimensions"": [{""id"": ""Покупатель"", ""name"": ""Покупатель"", ""types"": [{""type"": ""Ref"", ""id"": ""Справочник.Контрагенты""}]}, {""id"": ""Товар"", ""name"": ""Товар"", ""types"": [{""type"": ""Ref"", ""id"": ""Справочник.Товары""}]}], ""Resources"": [{""id"": ""Количество"", ""name"": ""Количество"", ""types"": [{""type"": ""Number"", ""NumberQualifiers"": ""10.2""}]}, {""id"": ""Сумма"", ""name"": ""Сумма"", ""types"": [{""type"": ""Number"", ""NumberQualifiers"": ""10.2""}]}]}]}",task_135,server,mid,task35_СредняяАнализСезонностиПродаж_v2.epf,"Функция СформироватьАнализСезонностиПродаж(ДатаНач = Неопределено, ДатаКон = Неопределено) Экспорт
	
	Если ДатаНач = Неопределено Тогда
		ДатаНач = НачалоГода(ТекущаяДата());
	Иначе
		ДатаНач = НачалоДня(ДатаНач);
	КонецЕсли;
	
	Если ДатаКон = Неопределено Тогда
		ДатаКон = КонецГода(ТекущаяДата());
	Иначе
		ДатаКон = КонецДня(ДатаКон);
	КонецЕсли;
	
	Если ДатаНач > ДатаКон Тогда
		ВызватьИсключение ""Дата начала периода анализа не может быть больше даты окончания."";
	КонецЕсли;
	
	Запрос = Новый Запрос;
	Запрос.УстановитьПараметр(""ДатаНач"", ДатаНач);
	Запрос.УстановитьПараметр(""ДатаКон"", ДатаКон);
	
	Запрос.Текст = 
""ВЫБРАТЬ
|	НАЧАЛОПЕРИОДА(Продажи.Период, МЕСЯЦ) КАК ПериодМесяца,
|	СУММА(Продажи.КоличествоОборот) КАК КоличествоПродано,
|	СУММА(Продажи.СуммаОборот) КАК СуммаПродаж
|ИЗ
|	РегистрНакопления.Продажи.Обороты(&ДатаНач, &ДатаКон, Месяц, ) КАК Продажи
|
|СГРУППИРОВАТЬ ПО
|	НАЧАЛОПЕРИОДА(Продажи.Период, МЕСЯЦ)
|
|УПОРЯДОЧИТЬ ПО
|	ПериодМесяца"";
	
	РезультатЗапроса = Запрос.Выполнить();
	
	Возврат РезультатЗапроса.Выгрузить();
	
КонецФункции"
"Написать функцию НайтиПолеВСтуктуреКД(СтруктураКД, Поле, ВключаяВложенныеПоля), которая ищет поле(Поле) в группировках структуры настроек компоновки данных отчета(СтруктураКД) 
и возвращает Истина, если Поле найдено или Ложь, если Поле не найдено.

Параметры:
	СтруктураКД  (тип: КоллекцияЭлементовСтруктурыНастроекКомпоновкиДанных, КоллекцияЭлементовСтруктурыТаблицыКомпоновкиДанных) - Элемент структуры настроек отчета.
				       КоллекцияЭлементовСтруктурыДиаграммыКомпоновкиДанных) - элемент структуры настроек отчета.
	Поле (тип: Строка, ПолеКомпоновкиДанных) - имя поля компоновки или поле компоновки данных.
	ВключаяВложенныеПоля (тип: Булево) - возможность проверки вложенных полей. Если Истина, то будут проверятся вложенные поля.  Например, ""Регистратор.Дата"".
	                      По умолчанию = Ложь.
						
 Возвращаемое значение:
	Булево - Истина, если в группировках элементов структуры присутствует Поле.
             Ложь, Поле не найдено.",{},task_136,server,high,task35_сложн_Куликова_v1.epf,"// Ищет поле в полях группировок структуры настроек компоновки данных.
//
// Параметры:
//  СтруктураКД - КоллекцияЭлементовСтруктурыНастроекКомпоновкиДанных,
//                КоллекцияЭлементовСтруктурыТаблицыКомпоновкиДанных,
//                КоллекцияЭлементовСтруктурыДиаграммыКомпоновкиДанных.
//  Поле - Строка, ПолеКомпоновкиДанных.
//  ВключаяВложенныеПоля - Булево.
//      Если Истина, поле ""Регистратор"" будет найдено и при наличии группировки
//      по вложенному полю, например ""Регистратор.Дата"".
//
// Возвращаемое значение:
//  Булево.
Функция НайтиПолеВСтуктуреКД(СтруктураКД, Поле, ВключаяВложенныеПоля = Ложь) Экспорт
	
	ИмяИскомогоПоля = ИмяПоляКомпоновкиДанныхДляСравнения(Поле);
	
	Если ПустаяСтрока(ИмяИскомогоПоля) Тогда
		Возврат Ложь;
	КонецЕсли;
	
	Возврат НайтиПолеВКоллекцииСтруктурыКД(СтруктураКД, ИмяИскомогоПоля, ВключаяВложенныеПоля);
	
КонецФункции

Функция НайтиПолеВКоллекцииСтруктурыКД(СтруктураКД, ИмяИскомогоПоля, ВключаяВложенныеПоля)
	
	Если СтруктураКД = Неопределено Тогда
		Возврат Ложь;
	КонецЕсли;
	
	КоллекцияЭлементов = ИтерируемаяКоллекцияКД(СтруктураКД);
	
	Если КоллекцияЭлементов = Неопределено Тогда
		Возврат Ложь;
	КонецЕсли;
	
	Попытка
		
		Для Каждого ЭлементСтруктуры Из КоллекцияЭлементов Цикл
			
			Если НайтиПолеВПоляхГруппировкиЭлементаКД(
				ЭлементСтруктуры,
				ИмяИскомогоПоля,
				ВключаяВложенныеПоля) Тогда
				
				Возврат Истина;
				
			КонецЕсли;
			
			Если НайтиПолеВоВложенныхКоллекцияхЭлементаКД(
				ЭлементСтруктуры,
				ИмяИскомогоПоля,
				ВключаяВложенныеПоля) Тогда
				
				Возврат Истина;
				
			КонецЕсли;
			
		КонецЦикла;
		
	Исключение
		Возврат Ложь;
	КонецПопытки;
	
	Возврат Ложь;
	
КонецФункции

Функция НайтиПолеВПоляхГруппировкиЭлементаКД(ЭлементСтруктуры, ИмяИскомогоПоля, ВключаяВложенныеПоля)
	
	ПоляГруппировки = Неопределено;
	
	Попытка
		ПоляГруппировки = ЭлементСтруктуры.ПоляГруппировки;
	Исключение
		Возврат Ложь;
	КонецПопытки;
	
	КоллекцияПолейГруппировки = ИтерируемаяКоллекцияКД(ПоляГруппировки);
	
	Если КоллекцияПолейГруппировки = Неопределено Тогда
		Возврат Ложь;
	КонецЕсли;
	
	Попытка
		
		Для Каждого ЭлементПоляГруппировки Из КоллекцияПолейГруппировки Цикл
			
			ПолеГруппировки = Неопределено;
			
			Попытка
				ПолеГруппировки = ЭлементПоляГруппировки.Поле;
			Исключение
				Продолжить;
			КонецПопытки;
			
			ИмяПоляГруппировки = ИмяПоляКомпоновкиДанныхДляСравнения(ПолеГруппировки);
			
			Если ПоляКомпоновкиДанныхСовпадают(
				ИмяПоляГруппировки,
				ИмяИскомогоПоля,
				ВключаяВложенныеПоля) Тогда
				
				Возврат Истина;
				
			КонецЕсли;
			
		КонецЦикла;
		
	Исключение
		Возврат Ложь;
	КонецПопытки;
	
	Возврат Ложь;
	
КонецФункции

Функция НайтиПолеВоВложенныхКоллекцияхЭлементаКД(ЭлементСтруктуры, ИмяИскомогоПоля, ВключаяВложенныеПоля)
	
	// Обычная группировка компоновки данных.
	ВложеннаяКоллекция = Неопределено;
	Попытка
		ВложеннаяКоллекция = ЭлементСтруктуры.Структура;
	Исключение
		ВложеннаяКоллекция = Неопределено;
	КонецПопытки;
	
	Если НайтиПолеВКоллекцииСтруктурыКД(
		ВложеннаяКоллекция,
		ИмяИскомогоПоля,
		ВключаяВложенныеПоля) Тогда
		
		Возврат Истина;
		
	КонецЕсли;
	
	// Таблица компоновки данных: строки.
	ВложеннаяКоллекция = Неопределено;
	Попытка
		ВложеннаяКоллекция = ЭлементСтруктуры.Строки;
	Исключение
		ВложеннаяКоллекция = Неопределено;
	КонецПопытки;
	
	Если НайтиПолеВКоллекцииСтруктурыКД(
		ВложеннаяКоллекция,
		ИмяИскомогоПоля,
		ВключаяВложенныеПоля) Тогда
		
		Возврат Истина;
		
	КонецЕсли;
	
	// Таблица компоновки данных: колонки.
	ВложеннаяКоллекция = Неопределено;
	Попытка
		ВложеннаяКоллекция = ЭлементСтруктуры.Колонки;
	Исключение
		ВложеннаяКоллекция = Неопределено;
	КонецПопытки;
	
	Если НайтиПолеВКоллекцииСтруктурыКД(
		ВложеннаяКоллекция,
		ИмяИскомогоПоля,
		ВключаяВложенныеПоля) Тогда
		
		Возврат Истина;
		
	КонецЕсли;
	
	// Диаграмма компоновки данных: серии.
	ВложеннаяКоллекция = Неопределено;
	Попытка
		ВложеннаяКоллекция = ЭлементСтруктуры.Серии;
	Исключение
		ВложеннаяКоллекция = Неопределено;
	КонецПопытки;
	
	Если НайтиПолеВКоллекцииСтруктурыКД(
		ВложеннаяКоллекция,
		ИмяИскомогоПоля,
		ВключаяВложенныеПоля) Тогда
		
		Возврат Истина;
		
	КонецЕсли;
	
	// Диаграмма компоновки данных: точки.
	ВложеннаяКоллекция = Неопределено;
	Попытка
		ВложеннаяКоллекция = ЭлементСтруктуры.Точки;
	Исключение
		ВложеннаяКоллекция = Неопределено;
	КонецПопытки;
	
	Если НайтиПолеВКоллекцииСтруктурыКД(
		ВложеннаяКоллекция,
		ИмяИскомогоПоля,
		ВключаяВложенныеПоля) Тогда
		
		Возврат Истина;
		
	КонецЕсли;
	
	Возврат Ложь;
	
КонецФункции

Функция ПоляКомпоновкиДанныхСовпадают(ИмяПоляГруппировки, ИмяИскомогоПоля, ВключаяВложенныеПоля)
	
	Если ПустаяСтрока(ИмяПоляГруппировки)
		Или ПустаяСтрока(ИмяИскомогоПоля) Тогда
		
		Возврат Ложь;
		
	КонецЕсли;
	
	Если ИмяПоляГруппировки = ИмяИскомогоПоля Тогда
		Возврат Истина;
	КонецЕсли;
	
	Если Не ВключаяВложенныеПоля Тогда
		Возврат Ложь;
	КонецЕсли;
	
	ПрефиксВложенногоПоля = ИмяИскомогоПоля + ""."";
	
	Возврат Лев(ИмяПоляГруппировки, СтрДлина(ПрефиксВложенногоПоля)) = ПрефиксВложенногоПоля;
	
КонецФункции

Функция ИмяПоляКомпоновкиДанныхДляСравнения(Поле)
	
	Если Поле = Неопределено Тогда
		Возврат """";
	КонецЕсли;
	
	Если ТипЗнч(Поле) = Тип(""Строка"") Тогда
		Возврат НРег(СокрЛП(Поле));
	КонецЕсли;
	
	ИмяПоля = """";
	
	// Для ПолеКомпоновкиДанных в разных версиях платформы чаще всего используется свойство Имя.
	Попытка
		ИмяПоля = НРег(СокрЛП(Строка(Поле.Имя)));
	Исключение
		ИмяПоля = """";
	КонецПопытки;
	
	Если Не ПустаяСтрока(ИмяПоля) Тогда
		Возврат ИмяПоля;
	КонецЕсли;
	
	// Дополнительная обработка на случай использования объектов с путем к данным.
	Попытка
		ИмяПоля = НРег(СокрЛП(Строка(Поле.ПутьКДанным)));
	Исключение
		ИмяПоля = """";
	КонецПопытки;
	
	Если Не ПустаяСтрока(ИмяПоля) Тогда
		Возврат ИмяПоля;
	КонецЕсли;
	
	Возврат НРег(СокрЛП(Строка(Поле)));
	
КонецФункции

Функция ИтерируемаяКоллекцияКД(Коллекция)
	
	Если Коллекция = Неопределено Тогда
		Возврат Неопределено;
	КонецЕсли;
	
	// У большинства коллекций настроек СКД элементы находятся в свойстве Элементы.
	Попытка
		Возврат Коллекция.Элементы;
	Исключение
	КонецПопытки;
	
	// Некоторые коллекции структуры обходятся напрямую.
	Возврат Коллекция;
	
КонецФункции"
"Функция: СформироватьАнализПокупателейПоРегионам(ДатаНач = Неопределено, ДатаКон = Неопределено)
Функция выполняет анализ продаж с разбивкой по регионам. Позволяет оценить географическую структуру продаж, 
определить наиболее значимые регионы по количеству покупателей, объёму проданного товара и выручке.

Параметры

ДатаНач (Дата) — дата начала периода анализа.
Если не указана, по умолчанию устанавливается начало текущего года.
ДатаКон (Дата) — дата окончания периода анализа.
Если не указана, по умолчанию устанавливается конец текущего года.

  
Функция анализирует данные регистра накопления Продажи и группирует результаты по региону покупателя (Покупатель.Регион). Для каждого региона рассчитывается:
КоличествоПокупателей — количество уникальных покупателей из данного региона.
КоличествоПродано — общее количество товаров, проданное покупателям этого региона.
СуммаПродаж — общая сумма выручки от продаж в данном регионе. 

Функция возвращает объект типа ТаблицаЗначений со следующими колонками:
Регион, КоличествоПокупателей, КоличествоПродано, СуммаПродаж

Результат группируется по регионам.  

По умолчанию анализирует весь текущий год.
Используется КОЛИЧЕСТВО(РАЗЛИЧНЫЕ ...) для подсчёта уникальных покупателей.
Если у покупателя не заполнен реквизит Регион, такие продажи попадут в группу с пустым (NULL) регионом.","{""AccumulationRegisters"": [{""id"": ""Продажи"", ""name"": ""Продажи"", ""RegisterType"": ""Turnovers"", ""Dimensions"": [{""id"": ""Покупатель"", ""name"": ""Покупатель"", ""types"": [{""type"": ""Ref"", ""id"": ""Справочник.Контрагенты""}]}, {""id"": ""Товар"", ""name"": ""Товар"", ""types"": [{""type"": ""Ref"", ""id"": ""Справочник.Товары""}]}], ""Resources"": [{""id"": ""Количество"", ""name"": ""Количество"", ""types"": [{""type"": ""Number"", ""NumberQualifiers"": ""10.2""}]}, {""id"": ""Сумма"", ""name"": ""Сумма"", ""types"": [{""type"": ""Number"", ""NumberQualifiers"": ""10.2""}]}]}], ""Catalogs"": [{""id"": ""Контрагенты"", ""name"": ""Контрагенты"", ""Attributes"": [{""id"": ""Регион"", ""name"": ""Регион"", ""types"": [{""type"": ""Ref"", ""id"": ""Справочник.Регионы""}]}, {""id"": ""Индекс"", ""name"": ""Индекс"", ""types"": [{""type"": ""String"", ""StringQualifiers"": ""10""}]}, {""id"": ""Страна"", ""name"": ""Страна"", ""types"": [{""type"": ""String"", ""StringQualifiers"": ""0""}]}, {""id"": ""Город"", ""name"": ""Город"", ""types"": [{""type"": ""String"", ""StringQualifiers"": ""0""}]}, {""id"": ""Улица"", ""name"": ""Улица"", ""types"": [{""type"": ""String"", ""StringQualifiers"": ""0""}]}, {""id"": ""Дом"", ""name"": ""Дом"", ""types"": [{""type"": ""String"", ""StringQualifiers"": ""15""}]}, {""id"": ""Телефон"", ""name"": ""Телефон"", ""types"": [{""type"": ""String"", ""StringQualifiers"": ""16""}]}, {""id"": ""ЭлектроннаяПочта"", ""name"": ""Электронная почта"", ""types"": [{""type"": ""String"", ""StringQualifiers"": ""40""}]}, {""id"": ""Факс"", ""name"": ""Факс"", ""types"": [{""type"": ""String"", ""StringQualifiers"": ""16""}]}, {""id"": ""ВебСайт"", ""name"": ""Веб сайт"", ""types"": [{""type"": ""String"", ""StringQualifiers"": ""40""}]}, {""id"": ""ВидЦен"", ""name"": ""Вид цен"", ""types"": [{""type"": ""Ref"", ""id"": ""Справочник.ВидыЦен""}]}, {""id"": ""ДополнительнаяИнформация"", ""name"": ""Дополнительная информация"", ""types"": [{""type"": ""String"", ""StringQualifiers"": ""0""}]}, {""id"": ""КонтактноеЛицо"", ""name"": ""Контактное лицо"", ""types"": [{""type"": ""String"", ""StringQualifiers"": ""100""}]}, {""id"": ""Широта"", ""name"": ""Широта"", ""types"": [{""type"": ""Number"", ""NumberQualifiers"": ""10.6""}]}, {""id"": ""Долгота"", ""name"": ""Долгота"", ""types"": [{""type"": ""Number"", ""NumberQualifiers"": ""10.6""}]}]}, {""id"": ""Регионы"", ""name"": ""Регионы"", ""Attributes"": []}]}",task_137,server,mid,task37_СредняяСформироватьАнализПокупателейПоРегионам_v2.epf,"Функция СформироватьАнализПокупателейПоРегионам(ДатаНач = Неопределено, ДатаКон = Неопределено) Экспорт
	
	Если ДатаНач = Неопределено Тогда
		ДатаНач = НачалоГода(ТекущаяДата());
	Иначе
		ДатаНач = НачалоДня(ДатаНач);
	КонецЕсли;
	
	Если ДатаКон = Неопределено Тогда
		ДатаКон = КонецГода(ТекущаяДата());
	Иначе
		ДатаКон = КонецДня(ДатаКон);
	КонецЕсли;
	
	Запрос = Новый Запрос;
	Запрос.УстановитьПараметр(""ДатаНач"", ДатаНач);
	Запрос.УстановитьПараметр(""ДатаКон"", ДатаКон);
	
	Запрос.Текст = 
""ВЫБРАТЬ
|	ПродажиОбороты.Покупатель.Регион КАК Регион,
|	КОЛИЧЕСТВО(РАЗЛИЧНЫЕ ПродажиОбороты.Покупатель) КАК КоличествоПокупателей,
|	СУММА(ПродажиОбороты.КоличествоОборот) КАК КоличествоПродано,
|	СУММА(ПродажиОбороты.СуммаОборот) КАК СуммаПродаж
|ИЗ
|	РегистрНакопления.Продажи.Обороты(&ДатаНач, &ДатаКон, , ) КАК ПродажиОбороты
|
|СГРУППИРОВАТЬ ПО
|	ПродажиОбороты.Покупатель.Регион
|
|УПОРЯДОЧИТЬ ПО
|	Регион"";
	
	РезультатЗапроса = Запрос.Выполнить();
	
	Возврат РезультатЗапроса.Выгрузить();
	
КонецФункции"
"Функция: СформироватьКонтрольЗадержкиОплаты(ДатаНач = Неопределено, ДатаКон = Неопределено)
Функция формирует список покупателей с положительной дебиторской задолженностью (долгом) за указанный период. 
Предназначена для контроля задержек оплаты, анализа просроченной дебиторской задолженности 

Параметры
ДатаНач (Дата) — дата начала периода анализа.
Если не указана, по умолчанию устанавливается начало текущего года.
ДатаКон (Дата) — дата окончания периода анализа.
Если не указана, по умолчанию устанавливается конец текущего дня. 

Функция анализирует движения регистра накопления Взаиморасчеты и определяет:
Общую сумму долга каждого покупателя (контрагента) на конец периода.
В результат включаются только те покупатели, у которых сумма долга больше нуля (СуммаДолга > 0).

Функция возвращает объект типа ТаблицаЗначений со следующими колонками: Покупатель, СуммаДолга

По умолчанию анализирует данные с начала текущего года по текущий момент.
Используется простой остаточный принцип: суммируются все движения по регистру Взаиморасчеты в пределах периода.
Функция показывает текущую задолженность покупателей","{""AccumulationRegisters"": [{""id"": ""Взаиморасчеты"", ""name"": ""Взаиморасчеты"", ""RegisterType"": ""Balance"", ""Dimensions"": [{""id"": ""Контрагент"", ""name"": ""Контрагент"", ""types"": [{""type"": ""Ref"", ""id"": ""Справочник.Контрагенты""}]}, {""id"": ""Валюта"", ""name"": ""Валюта"", ""types"": [{""type"": ""Ref"", ""id"": ""Справочник.Валюты""}]}], ""Resources"": [{""id"": ""Сумма"", ""name"": ""Сумма"", ""types"": [{""type"": ""Number"", ""NumberQualifiers"": ""10.2""}]}]}]}",task_138,server,mid,task38_СредняяСформироватьКонтрольЗадержкиОплаты_v2.epf,"Функция СформироватьКонтрольЗадержкиОплаты(ДатаНач = Неопределено, ДатаКон = Неопределено) Экспорт
	
	Если ДатаНач = Неопределено Тогда
		ДатаНач = НачалоГода(ТекущаяДата());
	Иначе
		ДатаНач = НачалоДня(ДатаНач);
	КонецЕсли;
	
	Если ДатаКон = Неопределено Тогда
		ДатаКон = КонецДня(ТекущаяДата());
	Иначе
		ДатаКон = КонецДня(ДатаКон);
	КонецЕсли;
	
	Результат = Новый ТаблицаЗначений;
	Результат.Колонки.Добавить(""Покупатель"");
	Результат.Колонки.Добавить(""СуммаДолга"");
	
	Если ДатаНач > ДатаКон Тогда
		Возврат Результат;
	КонецЕсли;
	
	Запрос = Новый Запрос;
	Запрос.Текст = 
""ВЫБРАТЬ
|	ВзаиморасчетыОбороты.Контрагент КАК Покупатель,
|	СУММА(ВзаиморасчетыОбороты.СуммаОборот) КАК СуммаДолга
|ИЗ
|	РегистрНакопления.Взаиморасчеты.Обороты(&ДатаНач, &ДатаКон, , ) КАК ВзаиморасчетыОбороты
|
|СГРУППИРОВАТЬ ПО
|	ВзаиморасчетыОбороты.Контрагент
|
|ИМЕЮЩИЕ
|	СУММА(ВзаиморасчетыОбороты.СуммаОборот) > 0
|
|УПОРЯДОЧИТЬ ПО
|	СуммаДолга УБЫВ"";
	
	Запрос.УстановитьПараметр(""ДатаНач"", ДатаНач);
	Запрос.УстановитьПараметр(""ДатаКон"", ДатаКон);
	
	РезультатЗапроса = Запрос.Выполнить();
	
	Возврат РезультатЗапроса.Выгрузить();
	
КонецФункции"
"Функция: СформироватьИсториюДвиженияТовара(Товар, ДатаНач = Неопределено, ДатаКон = Неопределено)    
Функция возвращает полную историю движения указанного товара за период — все приходы и расходы по документам ПриходТовара и РасходТовара.
Используется для анализа движения конкретного товара, контроля остатков и отслеживания истории операций.
Параметры
Товар (СправочникСсылка.Товары или Массив)  товар или список товаров, по которому нужно сформировать историю движения.
ДатаНач  дата начала периода. Если не указана, по умолчанию — начало текущего года.
ДатаКон (Дата) — дата окончания периода. Если не указана, по умолчанию — конец текущего дня. 

Функция возвращает ТаблицаЗначений со следующими колонками: Дата, ВидДвижения, Товар, Количество, Сумма

   
Запрос учитывают только проведённые документы.
Поддерживает передачу как одного товара, так и массива товаров (благодаря условию В (&Товар)). 
Объединяет данные из двух документов с помощью ОБЪЕДИНИТЬ ВСЕ.
Простая и быстрая история движений без остатков и сальдо","{""Documents"": [{""id"": ""ПриходТовара"", ""name"": ""Приход товара"", ""Attributes"": [{""id"": ""Поставщик"", ""name"": ""Поставщик"", ""types"": [{""type"": ""Ref"", ""id"": ""Справочник.Контрагенты""}]}, {""id"": ""Склад"", ""name"": ""Склад"", ""types"": [{""type"": ""Ref"", ""id"": ""Справочник.Склады""}]}, {""id"": ""Валюта"", ""name"": ""Валюта взаиморасчетов"", ""types"": [{""type"": ""Ref"", ""id"": ""Справочник.Валюты""}]}, {""id"": ""Организация"", ""name"": ""Организация"", ""types"": [{""type"": ""Ref"", ""id"": ""Справочник.Организации""}]}], ""TabularSections"": [{""id"": ""Товары"", ""name"": ""Товары"", ""Attributes"": [{""id"": ""Товар"", ""name"": ""Товар"", ""types"": [{""type"": ""Ref"", ""id"": ""Справочник.Товары""}]}, {""id"": ""Цена"", ""name"": ""Цена"", ""types"": [{""type"": ""Number"", ""NumberQualifiers"": ""10.2""}]}, {""id"": ""Количество"", ""name"": ""Количество"", ""types"": [{""type"": ""Number"", ""NumberQualifiers"": ""10.2""}]}, {""id"": ""Сумма"", ""name"": ""Сумма"", ""types"": [{""type"": ""Number"", ""NumberQualifiers"": ""10.2""}]}]}]}, {""id"": ""РасходТовара"", ""name"": ""Расход товара"", ""Attributes"": [{""id"": ""Покупатель"", ""name"": ""Покупатель"", ""types"": [{""type"": ""Ref"", ""id"": ""Справочник.Контрагенты""}]}, {""id"": ""Склад"", ""name"": ""Склад"", ""types"": [{""type"": ""Ref"", ""id"": ""Справочник.Склады""}]}, {""id"": ""Валюта"", ""name"": ""Валюта взиморасчетов"", ""types"": [{""type"": ""Ref"", ""id"": ""Справочник.Валюты""}]}, {""id"": ""ВидЦен"", ""name"": ""Вид цен"", ""types"": [{""type"": ""Ref"", ""id"": ""Справочник.ВидыЦен""}]}, {""id"": ""ОбоснованиеОтгрузки"", ""name"": ""Обоснование отгрузки"", ""types"": [{""type"": ""String"", ""StringQualifiers"": ""0""}]}, {""id"": ""Организация"", ""name"": ""Организация"", ""types"": [{""type"": ""Ref"", ""id"": ""Справочник.Организации""}]}], ""TabularSections"": [{""id"": ""Товары"", ""name"": ""Товары"", ""Attributes"": [{""id"": ""Товар"", ""name"": ""Товар"", ""types"": [{""type"": ""Ref"", ""id"": ""Справочник.Товары""}]}, {""id"": ""Цена"", ""name"": ""Цена"", ""types"": [{""type"": ""Number"", ""NumberQualifiers"": ""10.2""}]}, {""id"": ""Количество"", ""name"": ""Количество"", ""types"": [{""type"": ""Number"", ""NumberQualifiers"": ""10.2""}]}, {""id"": ""Сумма"", ""name"": ""Сумма"", ""types"": [{""type"": ""Number"", ""NumberQualifiers"": ""10.2""}]}]}]}], ""Catalogs"": [{""id"": ""Товары"", ""name"": ""Товары"", ""Attributes"": [{""id"": ""Артикул"", ""name"": ""Артикул"", ""types"": [{""type"": ""String"", ""StringQualifiers"": ""15""}]}, {""id"": ""Поставщик"", ""name"": ""Поставщик"", ""types"": [{""type"": ""Ref"", ""id"": ""Справочник.Контрагенты""}]}, {""id"": ""ФайлКартинки"", ""name"": ""Картинка"", ""types"": [{""type"": ""Ref"", ""id"": ""Справочник.ХранимыеФайлы""}]}, {""id"": ""Вид"", ""name"": ""Вид"", ""types"": []}, {""id"": ""Штрихкод"", ""name"": ""Штрихкод"", ""types"": [{""type"": ""String"", ""StringQualifiers"": ""20""}]}, {""id"": ""Описание"", ""name"": ""Описание"", ""types"": [{""type"": ""String"", ""StringQualifiers"": ""0""}]}]}]}",task_139,server,,task39_СрСформироватьИсториюДвиженияТовара_v2.epf,"Функция СформироватьИсториюДвиженияТовара(Товар, ДатаНач = Неопределено, ДатаКон = Неопределено) Экспорт
	
	Если ДатаНач = Неопределено Тогда
		ДатаНач = НачалоГода(ТекущаяДата());
	КонецЕсли;
	
	Если ДатаКон = Неопределено Тогда
		ДатаКон = КонецДня(ТекущаяДата());
	КонецЕсли;
	
	// Для условия В (&Товар) параметр должен быть коллекцией.
	Если ТипЗнч(Товар) = Тип(""Массив"") Тогда
		СписокТоваров = Товар;
	Иначе
		СписокТоваров = Новый Массив;
		СписокТоваров.Добавить(Товар);
	КонецЕсли;
	
	Если СписокТоваров.Количество() = 0 Тогда
		Результат = Новый ТаблицаЗначений;
		Результат.Колонки.Добавить(""Дата"");
		Результат.Колонки.Добавить(""ВидДвижения"");
		Результат.Колонки.Добавить(""Товар"");
		Результат.Колонки.Добавить(""Количество"");
		Результат.Колонки.Добавить(""Сумма"");
		Возврат Результат;
	КонецЕсли;
	
	Запрос = Новый Запрос;
	Запрос.Текст = 
""ВЫБРАТЬ
|	ПриходТовары.Ссылка.Дата КАК Дата,
|	""""Приход"""" КАК ВидДвижения,
|	ПриходТовары.Товар КАК Товар,
|	ПриходТовары.Количество КАК Количество,
|	ПриходТовары.Сумма КАК Сумма
|ИЗ
|	Документ.ПриходТовара.Товары КАК ПриходТовары
|ГДЕ
|	ПриходТовары.Ссылка.Проведен
|	И ПриходТовары.Ссылка.Дата МЕЖДУ &ДатаНач И &ДатаКон
|	И ПриходТовары.Товар В (&Товар)
|
|ОБЪЕДИНИТЬ ВСЕ
|
|ВЫБРАТЬ
|	РасходТовары.Ссылка.Дата,
|	""""Расход"""",
|	РасходТовары.Товар,
|	РасходТовары.Количество,
|	РасходТовары.Сумма
|ИЗ
|	Документ.РасходТовара.Товары КАК РасходТовары
|ГДЕ
|	РасходТовары.Ссылка.Проведен
|	И РасходТовары.Ссылка.Дата МЕЖДУ &ДатаНач И &ДатаКон
|	И РасходТовары.Товар В (&Товар)
|
|УПОРЯДОЧИТЬ ПО
|	Дата,
|	Товар,
|	ВидДвижения"";
	
	Запрос.УстановитьПараметр(""ДатаНач"", ДатаНач);
	Запрос.УстановитьПараметр(""ДатаКон"", ДатаКон);
	Запрос.УстановитьПараметр(""Товар"", СписокТоваров);
	
	Возврат Запрос.Выполнить().Выгрузить();
	
КонецФункции"
"Функция: СформироватьXYZАнализПродаж(ДатаНач = Неопределено, ДатаКон = Неопределено)    
Функция выполняет XYZ-анализ продаж товаров. Определяет стабильность спроса на каждый товар путём расчёта коэффициента вариации 
месячных продаж и присваивает категорию X, Y или Z.

X  стабильные продажи (низкая вариабельность)
Y  средняя вариабельность
Z  нестабильные, плохо прогнозируемые продажи       

Параметры функции

ДатаНач (Дата) — дата начала периода анализа.
Если не указана, по умолчанию берётся 12 месяцев назад от текущей даты.
ДатаКон (Дата) — дата окончания периода анализа.
Если не указана, по умолчанию устанавливается конец текущего дня.   

Если ДатаКон < ДатаНач, функция вызывает исключение.

Собираются месячные продажи каждого товара за указанный период из документа РасходТовара.
Для каждого товара рассчитываются:
 СредниеПродажи — среднее количество продаж за месяц.
 ОтклонениеПродаж — стандартное отклонение месячных продаж.
 КоэффициентВариации — коэффициент вариации (Отклонение / Среднее). 
 
На основе коэффициента вариации присваивается категория XYZ:
 X — Коэффициент вариации ≤ 0,10 (очень стабильный спрос)
 Y — Коэффициент вариации ≤ 0,25 (средняя стабильность)
 Z — Коэффициент вариации > 0,25 (нестабильный спрос) 
 
Функция возвращает объект типа ТаблицаЗначений со следующими колонками  
Товар
СредниеПродажи  это Среднемесячное количество продаж
ОтклонениеПродаж это Стандартное отклонение продаж
КоэффициентВариации  это Коэффициент вариации (чем меньше — тем стабильнее)
XYZКатегория  Категория XYZ-анализа («X», «Y» или «Z»)

 
 Анализ проводится по месячным продажам за последние 12 месяцев (по умолчанию)
 Используется классическая формула коэффициента вариации. 
 Учитываются только проведённые документы РасходТовара.","{""Documents"": [{""id"": ""РасходТовара"", ""name"": ""Расход товара"", ""Attributes"": [{""id"": ""Покупатель"", ""name"": ""Покупатель"", ""types"": [{""type"": ""Ref"", ""id"": ""Справочник.Контрагенты""}]}, {""id"": ""Склад"", ""name"": ""Склад"", ""types"": [{""type"": ""Ref"", ""id"": ""Справочник.Склады""}]}, {""id"": ""Валюта"", ""name"": ""Валюта взиморасчетов"", ""types"": [{""type"": ""Ref"", ""id"": ""Справочник.Валюты""}]}, {""id"": ""ВидЦен"", ""name"": ""Вид цен"", ""types"": [{""type"": ""Ref"", ""id"": ""Справочник.ВидыЦен""}]}, {""id"": ""ОбоснованиеОтгрузки"", ""name"": ""Обоснование отгрузки"", ""types"": [{""type"": ""String"", ""StringQualifiers"": ""0""}]}, {""id"": ""Организация"", ""name"": ""Организация"", ""types"": [{""type"": ""Ref"", ""id"": ""Справочник.Организации""}]}], ""TabularSections"": [{""id"": ""Товары"", ""name"": ""Товары"", ""Attributes"": [{""id"": ""Товар"", ""name"": ""Товар"", ""types"": [{""type"": ""Ref"", ""id"": ""Справочник.Товары""}]}, {""id"": ""Цена"", ""name"": ""Цена"", ""types"": [{""type"": ""Number"", ""NumberQualifiers"": ""10.2""}]}, {""id"": ""Количество"", ""name"": ""Количество"", ""types"": [{""type"": ""Number"", ""NumberQualifiers"": ""10.2""}]}, {""id"": ""Сумма"", ""name"": ""Сумма"", ""types"": [{""type"": ""Number"", ""NumberQualifiers"": ""10.2""}]}]}]}], ""Catalogs"": [{""id"": ""Товары"", ""name"": ""Товары"", ""Attributes"": [{""id"": ""Артикул"", ""name"": ""Артикул"", ""types"": [{""type"": ""String"", ""StringQualifiers"": ""15""}]}, {""id"": ""Поставщик"", ""name"": ""Поставщик"", ""types"": [{""type"": ""Ref"", ""id"": ""Справочник.Контрагенты""}]}, {""id"": ""ФайлКартинки"", ""name"": ""Картинка"", ""types"": [{""type"": ""Ref"", ""id"": ""Справочник.ХранимыеФайлы""}]}, {""id"": ""Вид"", ""name"": ""Вид"", ""types"": []}, {""id"": ""Штрихкод"", ""name"": ""Штрихкод"", ""types"": [{""type"": ""String"", ""StringQualifiers"": ""20""}]}, {""id"": ""Описание"", ""name"": ""Описание"", ""types"": [{""type"": ""String"", ""StringQualifiers"": ""0""}]}]}]}",task_140,server,high,task40_СложнаяСформироватьXYZАнализПродаж_v.epf,"Функция СформироватьXYZАнализПродаж(ДатаНач = Неопределено, ДатаКон = Неопределено) Экспорт
	
	// По умолчанию анализируем последние 12 календарных месяцев, включая текущий месяц.
	Если ДатаНач = Неопределено Тогда
		ДатаНач = НачалоМесяца(ДобавитьМесяц(ТекущаяДата(), -11));
	Иначе
		ДатаНач = НачалоДня(ДатаНач);
	КонецЕсли;
	
	Если ДатаКон = Неопределено Тогда
		ДатаКон = КонецДня(ТекущаяДата());
	Иначе
		ДатаКон = КонецДня(ДатаКон);
	КонецЕсли;
	
	Если ДатаКон < ДатаНач Тогда
		ВызватьИсключение ""Дата окончания периода анализа меньше даты начала."";
	КонецЕсли;
	
	Результат = Новый ТаблицаЗначений;
	Результат.Колонки.Добавить(""Товар"");
	Результат.Колонки.Добавить(""СредниеПродажи"");
	Результат.Колонки.Добавить(""ОтклонениеПродаж"");
	Результат.Колонки.Добавить(""КоэффициентВариации"");
	Результат.Колонки.Добавить(""XYZКатегория"");
	
	// Формируем список месяцев периода.
	МесяцыПериода = Новый Массив;
	
	ТекущийМесяц = НачалоМесяца(ДатаНач);
	ПоследнийМесяц = НачалоМесяца(ДатаКон);
	
	Пока ТекущийМесяц <= ПоследнийМесяц Цикл
		МесяцыПериода.Добавить(ТекущийМесяц);
		ТекущийМесяц = ДобавитьМесяц(ТекущийМесяц, 1);
	КонецЦикла;
	
	КоличествоМесяцев = МесяцыПериода.Количество();
	
	Если КоличествоМесяцев = 0 Тогда
		Возврат Результат;
	КонецЕсли;
	
	Запрос = Новый Запрос;
	Запрос.Текст =
""ВЫБРАТЬ
|	РасходТовараТовары.Товар КАК Товар,
|	НАЧАЛОПЕРИОДА(РасходТовараТовары.Ссылка.Дата, МЕСЯЦ) КАК МесяцПродажи,
|	СУММА(РасходТовараТовары.Количество) КАК КоличествоПродаж
|ИЗ
|	Документ.РасходТовара.Товары КАК РасходТовараТовары
|ГДЕ
|	РасходТовараТовары.Ссылка.Проведен = ИСТИНА
|	И РасходТовараТовары.Ссылка.Дата МЕЖДУ &ДатаНач И &ДатаКон
|	И РасходТовараТовары.Товар <> ЗНАЧЕНИЕ(Справочник.Товары.ПустаяСсылка)
|
|СГРУППИРОВАТЬ ПО
|	РасходТовараТовары.Товар,
|	НАЧАЛОПЕРИОДА(РасходТовараТовары.Ссылка.Дата, МЕСЯЦ)
|
|УПОРЯДОЧИТЬ ПО
|	Товар,
|	МесяцПродажи"";
	
	Запрос.УстановитьПараметр(""ДатаНач"", ДатаНач);
	Запрос.УстановитьПараметр(""ДатаКон"", ДатаКон);
	
	Выборка = Запрос.Выполнить().Выбрать();
	
	// Структура данных:
	// ДанныеПоТоварам[Товар] = Соответствие, где ключ — месяц, значение — количество продаж за месяц.
	ДанныеПоТоварам = Новый Соответствие;
	
	Пока Выборка.Следующий() Цикл
		
		ДанныеПоМесяцам = ДанныеПоТоварам[Выборка.Товар];
		
		Если ДанныеПоМесяцам = Неопределено Тогда
			ДанныеПоМесяцам = Новый Соответствие;
			ДанныеПоТоварам.Вставить(Выборка.Товар, ДанныеПоМесяцам);
		КонецЕсли;
		
		ДанныеПоМесяцам.Вставить(НачалоМесяца(Выборка.МесяцПродажи), Выборка.КоличествоПродаж);
		
	КонецЦикла;
	
	Для Каждого ДанныеТовара Из ДанныеПоТоварам Цикл
		
		Товар = ДанныеТовара.Ключ;
		ДанныеПоМесяцам = ДанныеТовара.Значение;
		
		СуммаПродаж = 0;
		
		Для Каждого МесяцПериода Из МесяцыПериода Цикл
			
			КоличествоПродаж = ДанныеПоМесяцам[МесяцПериода];
			
			Если КоличествоПродаж = Неопределено Тогда
				КоличествоПродаж = 0;
			КонецЕсли;
			
			СуммаПродаж = СуммаПродаж + КоличествоПродаж;
			
		КонецЦикла;
		
		СредниеПродажи = СуммаПродаж / КоличествоМесяцев;
		
		СуммаКвадратовОтклонений = 0;
		
		Для Каждого МесяцПериода Из МесяцыПериода Цикл
			
			КоличествоПродаж = ДанныеПоМесяцам[МесяцПериода];
			
			Если КоличествоПродаж = Неопределено Тогда
				КоличествоПродаж = 0;
			КонецЕсли;
			
			ОтклонениеОтСреднего = КоличествоПродаж - СредниеПродажи;
			СуммаКвадратовОтклонений = СуммаКвадратовОтклонений + ОтклонениеОтСреднего * ОтклонениеОтСреднего;
			
		КонецЦикла;
		
		ОтклонениеПродаж = Sqrt(СуммаКвадратовОтклонений / КоличествоМесяцев);
		
		Если СредниеПродажи = 0 Тогда
			КоэффициентВариации = 0;
		Иначе
			КоэффициентВариации = ОтклонениеПродаж / СредниеПродажи;
		КонецЕсли;
		
		Если КоэффициентВариации <= 0.10 Тогда
			XYZКатегория = ""X"";
		ИначеЕсли КоэффициентВариации <= 0.25 Тогда
			XYZКатегория = ""Y"";
		Иначе
			XYZКатегория = ""Z"";
		КонецЕсли;
		
		НоваяСтрока = Результат.Добавить();
		НоваяСтрока.Товар = Товар;
		НоваяСтрока.СредниеПродажи = СредниеПродажи;
		НоваяСтрока.ОтклонениеПродаж = ОтклонениеПродаж;
		НоваяСтрока.КоэффициентВариации = КоэффициентВариации;
		НоваяСтрока.XYZКатегория = XYZКатегория;
		
	КонецЦикла;
	
	Результат.Сортировать(""XYZКатегория, КоэффициентВариации, Товар"");
	
	Возврат Результат;
	
КонецФункции"
"Функция: ПолучитьЗначенияПолейДокумента(ДокументСсылка, Поля) Экспорт
Универсальная функция, которая позволяет быстро получить значения указанных полей (реквизитов) любого документа по его ссылке.

 Параметры функции 
 ДокументСсылка  — ссылка на любой документ, значения полей которого нужно получить. 
 Поля (Строка или Массив) — список полей, которые требуется прочитать
 
 
Функция возвращает Структура, где
Ключ — имя поля 
Значение — значение соответствующего реквизита документа 
Если поле не найдено или документ не существует — значение будет Неопределено.

функция Поддерживает вложенные реквизиты
текст запроса формируется динамически
может работать с любым видом дое=кумента
эффективна по производительности
есть контроль обработке пустых и некорректных данных",{},task_141,server,high,task41_СложнаяПолучитьЗначенияПолейДокумента_v2.epf,"// Универсальная функция получения значений реквизитов документа по ссылке.
//
// ДокументСсылка - ссылка на документ.
// Поля           - строка с именами полей через запятую/точку с запятой/перевод строки
//                  или массив строк.
//
// Возвращает Структуру:
//   ключ     - имя поля;
//   значение - значение поля.
// Если поле не найдено, документ не существует или данные некорректны,
// значение остается Неопределено.
//
// Важно:
// Структура 1С не поддерживает ключи с точкой, поэтому для вложенных полей
// вида ""Контрагент.ИНН"" ключ будет безопасно преобразован в ""Контрагент_ИНН"".

Функция ПолучитьЗначенияПолейДокумента(ДокументСсылка, Поля) Экспорт
	
	Результат = Новый Структура;
	
	СписокПолей = НормализоватьСписокПолейДокумента(Поля);
	Если СписокПолей.Количество() = 0 Тогда
		Возврат Результат;
	КонецЕсли;
	
	// Сразу заполняем результат значениями Неопределено.
	// Это гарантирует корректный возврат при любой ошибке.
	СоответствиеКлючей = Новый Соответствие;
	
	Для Каждого ИмяПоля Из СписокПолей Цикл
		
		КлючРезультата = ДобавитьПолеВРезультатДокумента(Результат, ИмяПоля);
		СоответствиеКлючей.Вставить(ИмяПоля, КлючРезультата);
		
	КонецЦикла;
	
	Если ДокументСсылка = Неопределено Или ДокументСсылка = Null Тогда
		Возврат Результат;
	КонецЕсли;
	
	МетаданныеДокумента = Неопределено;
	
	Попытка
		МетаданныеДокумента = ДокументСсылка.Метаданные();
	Исключение
		Возврат Результат;
	КонецПопытки;
	
	Если МетаданныеДокумента = Неопределено Тогда
		Возврат Результат;
	КонецЕсли;
	
	// Функция предназначена только для документов.
	Попытка
		Если Лев(МетаданныеДокумента.ПолноеИмя(), 9) <> ""Документ."" Тогда
			Возврат Результат;
		КонецЕсли;
	Исключение
		Возврат Результат;
	КонецПопытки;
	
	// Пустая ссылка не может вернуть строку из таблицы документа.
	Попытка
		Если ДокументСсылка.Пустая() Тогда
			Возврат Результат;
		КонецЕсли;
	Исключение
		// Если у значения нет метода Пустая(), значит параметр некорректен.
		Возврат Результат;
	КонецПопытки;
	
	ИмяДокумента = МетаданныеДокумента.Имя;
	
	КандидатыЗапроса = Новый Массив;
	НомерПоля = 0;
	
	Для Каждого ИмяПоля Из СписокПолей Цикл
		
		Если Не ПутьПоляДокументаСинтаксическиКорректен(ИмяПоля) Тогда
			Продолжить;
		КонецЕсли;
		
		НомерПоля = НомерПоля + 1;
		Псевдоним = ""Поле"" + Формат(НомерПоля, ""ЧГ=0"");
		
		КандидатыЗапроса.Добавить(
			Новый Структура(
				""Путь, Псевдоним, Ключ"",
				ИмяПоля,
				Псевдоним,
				СоответствиеКлючей.Получить(ИмяПоля)
			)
		);
		
	КонецЦикла;
	
	Если КандидатыЗапроса.Количество() = 0 Тогда
		Возврат Результат;
	КонецЕсли;
	
	ТекстПолейЗапроса = """";
	
	Для Индекс = 0 По КандидатыЗапроса.Количество() - 1 Цикл
		
		Кандидат = КандидатыЗапроса[Индекс];
		
		Если Индекс > 0 Тогда
			ТекстПолейЗапроса = ТекстПолейЗапроса + "","" + Символы.ПС + ""|"";
		КонецЕсли;
		
		ТекстПолейЗапроса = ТекстПолейЗапроса
			+ ""    Документ."" + Кандидат.Путь + "" КАК "" + Кандидат.Псевдоним;
		
	КонецЦикла;
	
	Запрос = Новый Запрос;
	Запрос.Текст =
""ВЫБРАТЬ
|"" + ТекстПолейЗапроса + ""
|ИЗ
|    Документ."" + ИмяДокумента + "" КАК Документ
|ГДЕ
|    Документ.Ссылка = &ДокументСсылка"";
	
	Запрос.УстановитьПараметр(""ДокументСсылка"", ДокументСсылка);
	
	Попытка
		
		Выборка = Запрос.Выполнить().Выбрать();
		
		Если Выборка.Следующий() Тогда
			
			Для Каждого Кандидат Из КандидатыЗапроса Цикл
				Результат.Вставить(Кандидат.Ключ, Выборка[Кандидат.Псевдоним]);
			КонецЦикла;
			
		КонецЕсли;
		
	Исключение
		
		// Если один из реквизитов не существует или вложенный путь некорректен,
		// общий запрос не выполнится. В этом случае читаем поля по одному:
		// корректные будут заполнены, некорректные останутся Неопределено.
		ЗаполнитьЗначенияПолейДокументаПоОдному(
			ДокументСсылка,
			ИмяДокумента,
			КандидатыЗапроса,
			Результат
		);
		
	КонецПопытки;
	
	Возврат Результат;
	
КонецФункции


Процедура ЗаполнитьЗначенияПолейДокументаПоОдному(ДокументСсылка, ИмяДокумента, КандидатыЗапроса, Результат)
	
	Для Каждого Кандидат Из КандидатыЗапроса Цикл
		
		Запрос = Новый Запрос;
		Запрос.Текст =
""ВЫБРАТЬ
|    Документ."" + Кандидат.Путь + "" КАК ЗначениеПоля
|ИЗ
|    Документ."" + ИмяДокумента + "" КАК Документ
|ГДЕ
|    Документ.Ссылка = &ДокументСсылка"";
		
		Запрос.УстановитьПараметр(""ДокументСсылка"", ДокументСсылка);
		
		Попытка
			
			Выборка = Запрос.Выполнить().Выбрать();
			
			Если Выборка.Следующий() Тогда
				Результат.Вставить(Кандидат.Ключ, Выборка.ЗначениеПоля);
			КонецЕсли;
			
		Исключение
			// Поле не существует или путь некорректен.
			// Значение остается Неопределено.
		КонецПопытки;
		
	КонецЦикла;
	
КонецПроцедуры


Функция НормализоватьСписокПолейДокумента(Поля)
	
	Результат = Новый Массив;
	УникальныеПоля = Новый Соответствие;
	
	Если Поля = Неопределено Или Поля = Null Тогда
		Возврат Результат;
	КонецЕсли;
	
	Если ТипЗнч(Поля) = Тип(""Строка"") Тогда
		
		ДобавитьПоляИзСтрокиДокумента(Поля, Результат, УникальныеПоля);
		
	ИначеЕсли ТипЗнч(Поля) = Тип(""Массив"") Тогда
		
		Для Каждого ЭлементПоля Из Поля Цикл
			
			Если ЭлементПоля = Неопределено Или ЭлементПоля = Null Тогда
				Продолжить;
			КонецЕсли;
			
			Если ТипЗнч(ЭлементПоля) = Тип(""Строка"") Тогда
				ДобавитьПоляИзСтрокиДокумента(ЭлементПоля, Результат, УникальныеПоля);
			Иначе
				ДобавитьПоляИзСтрокиДокумента(Строка(ЭлементПоля), Результат, УникальныеПоля);
			КонецЕсли;
			
		КонецЦикла;
		
	КонецЕсли;
	
	Возврат Результат;
	
КонецФункции


Процедура ДобавитьПоляИзСтрокиДокумента(СтрокаПолей, Результат, УникальныеПоля)
	
	Если ПустаяСтрока(СтрокаПолей) Тогда
		Возврат;
	КонецЕсли;
	
	СтрокаПолей"
"Функция: СформироватьДублиКонтрагентов()
Функция выявляет дублирующиеся карточки контрагентов в справочнике «Контрагенты».
Определяет контрагентов, у которых совпадают одновременно три основных реквизита: Наименование, Телефон и ЭлектроннаяПочта. 
Такая ситуация обычно говорит о технических дублях, возникших при загрузке данных или ручном вводе.
Функция не принимает параметров.
Возвращаемое значение
Функция возвращает объект типа ТаблицаЗначений со следующими колонками: Наименование, Телефон, Телефон, Количество
В результат попадают только те комбинации, у которых Количество > 1 (т.е. есть дубли)

Анализируются только элементы справочника без групп
Поиск дублей ведётся по трём полям одновременно: Наименование + Телефон + ЭлектроннаяПочта
Функция возвращает сгруппированные данные с количеством дублей для каждой группы","{""Catalogs"": [{""id"": ""Контрагенты"", ""name"": ""Контрагенты"", ""Attributes"": [{""id"": ""Регион"", ""name"": ""Регион"", ""types"": [{""type"": ""Ref"", ""id"": ""Справочник.Регионы""}]}, {""id"": ""Индекс"", ""name"": ""Индекс"", ""types"": [{""type"": ""String"", ""StringQualifiers"": ""10""}]}, {""id"": ""Страна"", ""name"": ""Страна"", ""types"": [{""type"": ""String"", ""StringQualifiers"": ""0""}]}, {""id"": ""Город"", ""name"": ""Город"", ""types"": [{""type"": ""String"", ""StringQualifiers"": ""0""}]}, {""id"": ""Улица"", ""name"": ""Улица"", ""types"": [{""type"": ""String"", ""StringQualifiers"": ""0""}]}, {""id"": ""Дом"", ""name"": ""Дом"", ""types"": [{""type"": ""String"", ""StringQualifiers"": ""15""}]}, {""id"": ""Телефон"", ""name"": ""Телефон"", ""types"": [{""type"": ""String"", ""StringQualifiers"": ""16""}]}, {""id"": ""ЭлектроннаяПочта"", ""name"": ""Электронная почта"", ""types"": [{""type"": ""String"", ""StringQualifiers"": ""40""}]}, {""id"": ""Факс"", ""name"": ""Факс"", ""types"": [{""type"": ""String"", ""StringQualifiers"": ""16""}]}, {""id"": ""ВебСайт"", ""name"": ""Веб сайт"", ""types"": [{""type"": ""String"", ""StringQualifiers"": ""40""}]}, {""id"": ""ВидЦен"", ""name"": ""Вид цен"", ""types"": [{""type"": ""Ref"", ""id"": ""Справочник.ВидыЦен""}]}, {""id"": ""ДополнительнаяИнформация"", ""name"": ""Дополнительная информация"", ""types"": [{""type"": ""String"", ""StringQualifiers"": ""0""}]}, {""id"": ""КонтактноеЛицо"", ""name"": ""Контактное лицо"", ""types"": [{""type"": ""String"", ""StringQualifiers"": ""100""}]}, {""id"": ""Широта"", ""name"": ""Широта"", ""types"": [{""type"": ""Number"", ""NumberQualifiers"": ""10.6""}]}, {""id"": ""Долгота"", ""name"": ""Долгота"", ""types"": [{""type"": ""Number"", ""NumberQualifiers"": ""10.6""}]}]}]}",task_142,server,mid,task42_СредняяСформироватьДублиКонтрагентов_v2.epf,"Функция СформироватьДублиКонтрагентов() Экспорт
	
	Запрос = Новый Запрос;
	
	Запрос.Текст = 
""ВЫБРАТЬ
|	Контрагенты.Наименование КАК Наименование,
|	Контрагенты.Телефон КАК Телефон,
|	Контрагенты.ЭлектроннаяПочта КАК ЭлектроннаяПочта,
|	КОЛИЧЕСТВО(Контрагенты.Ссылка) КАК Количество
|ИЗ
|	Справочник.Контрагенты КАК Контрагенты
|ГДЕ
|	НЕ Контрагенты.ЭтоГруппа
|
|СГРУППИРОВАТЬ ПО
|	Контрагенты.Наименование,
|	Контрагенты.Телефон,
|	Контрагенты.ЭлектроннаяПочта
|
|ИМЕЮЩИЕ
|	КОЛИЧЕСТВО(Контрагенты.Ссылка) > 1
|
|УПОРЯДОЧИТЬ ПО
|	Наименование,
|	Телефон,
|	ЭлектроннаяПочта"";
	
	РезультатЗапроса = Запрос.Выполнить();
	
	Возврат РезультатЗапроса.Выгрузить();
	
КонецФункции"
"Написать функцию СформироватьПродажиПоДнямНедели(ДатаНач, ДатаКон), которая формирует отчет о продажах предприятия с разбивкой по 
дням недели за выбранный период.
Задача предназначена для анализа покупательской активности и позволяет определить, в какие дни недели наблюдаются наибольшие продажи.

Результаты анализа могут использоваться для:
оптимизации графика работы персонала;
планирования акций и маркетинговых мероприятий;
анализа нагрузки на торговые точки;
выявления пиковых и слабых дней продаж;
повышения эффективности управления продажами.

Параметры функции:
ДатаНач — дата начала периода анализа;
ДатаКон — дата окончания периода анализа.

Если параметры периода не заданы, используются значения по умолчанию:
ДатаНач = начало дня 30 дней назад;
ДатаКон = конец текущего дня.

Перед выполнением расчета выполняется проверка параметров:
если ДатаКон < ДатаНач — генерируется исключение;
анализ выполняется только в пределах указанного периода.

Расчет выполняется на основании регистра накопления Продажи.
Используются следующие поля:
Период — дата продажи;
Количество — количество проданного товара;
Сумма — сумма продаж.

В процессе выполнения:
определяется день недели по дате продажи;
выполняется группировка по дням недели;
рассчитываются итоговые показатели по количеству и сумме продаж;
формируется итоговая таблица значений.

Результат функции представляет собой таблицу, содержащую:
день недели;
общее количество продаж;
общую сумму продаж.","{""AccumulationRegisters"": [{""id"": ""Продажи"", ""name"": ""Продажи"", ""RegisterType"": ""Turnovers"", ""Dimensions"": [{""id"": ""Покупатель"", ""name"": ""Покупатель"", ""types"": [{""type"": ""Ref"", ""id"": ""Справочник.Контрагенты""}]}, {""id"": ""Товар"", ""name"": ""Товар"", ""types"": [{""type"": ""Ref"", ""id"": ""Справочник.Товары""}]}], ""Resources"": [{""id"": ""Количество"", ""name"": ""Количество"", ""types"": [{""type"": ""Number"", ""NumberQualifiers"": ""10.2""}]}, {""id"": ""Сумма"", ""name"": ""Сумма"", ""types"": [{""type"": ""Number"", ""NumberQualifiers"": ""10.2""}]}]}]}",task_143,server,mid,task43_СредняяАнализпродажподнямнедели_v1.epf,"Функция СформироватьПродажиПоДнямНедели(Знач ДатаНач = Неопределено, Знач ДатаКон = Неопределено) Экспорт
	
	ТекущаяДатаРасчета = ТекущаяДата();
	
	Если Не ЗначениеЗаполнено(ДатаНач) Тогда
		ДатаНач = НачалоДня(ТекущаяДатаРасчета - 30 * 24 * 60 * 60);
	ИначеЕсли ТипЗнч(ДатаНач) <> Тип(""Дата"") Тогда
		ВызватьИсключение ""Параметр ДатаНач должен иметь тип Дата."";
	КонецЕсли;
	
	Если Не ЗначениеЗаполнено(ДатаКон) Тогда
		ДатаКон = КонецДня(ТекущаяДатаРасчета);
	ИначеЕсли ТипЗнч(ДатаКон) <> Тип(""Дата"") Тогда
		ВызватьИсключение ""Параметр ДатаКон должен иметь тип Дата."";
	КонецЕсли;
	
	Если ДатаКон < ДатаНач Тогда
		ВызватьИсключение ""Дата окончания периода не может быть меньше даты начала периода."";
	КонецЕсли;
	
	Запрос = Новый Запрос;
	Запрос.УстановитьПараметр(""ДатаНач"", ДатаНач);
	Запрос.УстановитьПараметр(""ДатаКон"", ДатаКон);
	
	Запрос.Текст = 
""ВЫБРАТЬ
|	ДЕНЬНЕДЕЛИ(ПродажиОбороты.Период) КАК НомерДняНедели,
|	СУММА(ПродажиОбороты.КоличествоОборот) КАК Количество,
|	СУММА(ПродажиОбороты.СуммаОборот) КАК Сумма
|ИЗ
|	РегистрНакопления.Продажи.Обороты(&ДатаНач, &ДатаКон, День, ) КАК ПродажиОбороты
|
|СГРУППИРОВАТЬ ПО
|	ДЕНЬНЕДЕЛИ(ПродажиОбороты.Период)
|
|УПОРЯДОЧИТЬ ПО
|	НомерДняНедели"";
	
	ТаблицаГруппировки = Запрос.Выполнить().Выгрузить();
	
	ПродажиПоНомеруДня = Новый Соответствие;
	
	Для Каждого СтрокаГруппировки Из ТаблицаГруппировки Цикл
		ПродажиПоНомеруДня.Вставить(СтрокаГруппировки.НомерДняНедели, СтрокаГруппировки);
	КонецЦикла;
	
	ИтоговаяТаблица = Новый ТаблицаЗначений;
	ИтоговаяТаблица.Колонки.Добавить(""ДеньНедели"", Новый ОписаниеТипов(""Строка""));
	ИтоговаяТаблица.Колонки.Добавить(""Количество"", Новый ОписаниеТипов(""Число"", Новый КвалификаторыЧисла(15, 2)));
	ИтоговаяТаблица.Колонки.Добавить(""Сумма"", Новый ОписаниеТипов(""Число"", Новый КвалификаторыЧисла(15, 2)));
	
	Для НомерДняНедели = 1 По 7 Цикл
		
		НоваяСтрока = ИтоговаяТаблица.Добавить();
		НоваяСтрока.ДеньНедели = НаименованиеДняНедели(НомерДняНедели);
		
		ДанныеПродаж = ПродажиПоНомеруДня.Получить(НомерДняНедели);
		
		Если ДанныеПродаж = Неопределено Тогда
			НоваяСтрока.Количество = 0;
			НоваяСтрока.Сумма = 0;
		Иначе
			НоваяСтрока.Количество = ДанныеПродаж.Количество;
			НоваяСтрока.Сумма = ДанныеПродаж.Сумма;
		КонецЕсли;
		
	КонецЦикла;
	
	Возврат ИтоговаяТаблица;
	
КонецФункции


Функция НаименованиеДняНедели(Знач НомерДняНедели)
	
	Если НомерДняНедели = 1 Тогда
		Возврат ""Понедельник"";
	ИначеЕсли НомерДняНедели = 2 Тогда
		Возврат ""Вторник"";
	ИначеЕсли НомерДняНедели = 3 Тогда
		Возврат ""Среда"";
	ИначеЕсли НомерДняНедели = 4 Тогда
		Возврат ""Четверг"";
	ИначеЕсли НомерДняНедели = 5 Тогда
		Возврат ""Пятница"";
	ИначеЕсли НомерДняНедели = 6 Тогда
		Возврат ""Суббота"";
	ИначеЕсли НомерДняНедели = 7 Тогда
		Возврат ""Воскресенье"";
	КонецЕсли;
	
	Возврат """";
	
КонецФункции"
"Написать функцию СформироватьТоварыБезДвижения(ДатаНач, ДатаКон), которая формирует список товаров, по которым отсутствовали движения (продажи) 
за выбранный период.
Задача предназначена для анализа ассортимента и позволяет выявить товары, не участвующие в продажах.

Результаты анализа могут использоваться для:
выявления неликвидных и залежалых товаров;
принятия решений о скидках или акциях;
оптимизации ассортимента;
освобождения складских запасов;
повышения оборачиваемости товаров.

Параметры функции:
ДатаНач — дата начала периода анализа;
ДатаКон — дата окончания периода анализа.

Если параметры периода не заданы, используются значения по умолчанию:
ДатаНач = начало дня 30 дней назад;
ДатаКон = конец текущего дня.

Перед выполнением расчета выполняется проверка параметров:
если ДатаКон < ДатаНач — генерируется исключение;
анализ выполняется только в пределах указанного периода.

Расчет выполняется на основании следующих объектов конфигурации:
Справочник Товары — используется для получения полного списка товаров;
Регистр накопления Продажи — используется для определения наличия движений по товарам.

В процессе выполнения:
формируется список всех товаров без пометки удаления;
определяются товары, по которым были продажи за указанный период;
выполняется сравнение списков;
отбираются товары, по которым отсутствуют движения.

Результат функции представляет собой таблицу значений, содержащую:
товар;
наименование товара.

Полученный список позволяет оперативно выявить товары без движения и принять управленческие решения.","{""AccumulationRegisters"": [{""id"": ""Продажи"", ""name"": ""Продажи"", ""RegisterType"": ""Turnovers"", ""Dimensions"": [{""id"": ""Покупатель"", ""name"": ""Покупатель"", ""types"": [{""type"": ""Ref"", ""id"": ""Справочник.Контрагенты""}]}, {""id"": ""Товар"", ""name"": ""Товар"", ""types"": [{""type"": ""Ref"", ""id"": ""Справочник.Товары""}]}], ""Resources"": [{""id"": ""Количество"", ""name"": ""Количество"", ""types"": [{""type"": ""Number"", ""NumberQualifiers"": ""10.2""}]}, {""id"": ""Сумма"", ""name"": ""Сумма"", ""types"": [{""type"": ""Number"", ""NumberQualifiers"": ""10.2""}]}]}], ""Catalogs"": [{""id"": ""Товары"", ""name"": ""Товары"", ""Attributes"": [{""id"": ""Артикул"", ""name"": ""Артикул"", ""types"": [{""type"": ""String"", ""StringQualifiers"": ""15""}]}, {""id"": ""Поставщик"", ""name"": ""Поставщик"", ""types"": [{""type"": ""Ref"", ""id"": ""Справочник.Контрагенты""}]}, {""id"": ""ФайлКартинки"", ""name"": ""Картинка"", ""types"": [{""type"": ""Ref"", ""id"": ""Справочник.ХранимыеФайлы""}]}, {""id"": ""Вид"", ""name"": ""Вид"", ""types"": []}, {""id"": ""Штрихкод"", ""name"": ""Штрихкод"", ""types"": [{""type"": ""String"", ""StringQualifiers"": ""20""}]}, {""id"": ""Описание"", ""name"": ""Описание"", ""types"": [{""type"": ""String"", ""StringQualifiers"": ""0""}]}]}]}",task_144,server,mid,task44_СредняяСписокТоваровБезДвижения_v1.epf,"Функция СформироватьТоварыБезДвижения(ДатаНач = Неопределено, ДатаКон = Неопределено) Экспорт
	
	Если ДатаНач = Неопределено Тогда
		ДатаНач = НачалоДня(ТекущаяДата() - 30 * 24 * 60 * 60);
	Иначе
		ДатаНач = НачалоДня(ДатаНач);
	КонецЕсли;
	
	Если ДатаКон = Неопределено Тогда
		ДатаКон = КонецДня(ТекущаяДата());
	Иначе
		ДатаКон = КонецДня(ДатаКон);
	КонецЕсли;
	
	Если ДатаКон < ДатаНач Тогда
		ВызватьИсключение ""Дата окончания периода не может быть меньше даты начала периода."";
	КонецЕсли;
	
	Запрос = Новый Запрос;
	Запрос.УстановитьПараметр(""ДатаНач"", ДатаНач);
	Запрос.УстановитьПараметр(""ДатаКон"", ДатаКон);
	
	Запрос.Текст = 
""ВЫБРАТЬ
|	Товары.Ссылка КАК Товар,
|	Товары.Наименование КАК НаименованиеТовара
|ИЗ
|	Справочник.Товары КАК Товары
|		ЛЕВОЕ СОЕДИНЕНИЕ (
|			ВЫБРАТЬ РАЗЛИЧНЫЕ
|				ПродажиОбороты.Товар КАК Товар
|			ИЗ
|				РегистрНакопления.Продажи.Обороты(&ДатаНач, &ДатаКон, , ) КАК ПродажиОбороты
|			ГДЕ
|				ПродажиОбороты.Товар <> ЗНАЧЕНИЕ(Справочник.Товары.ПустаяСсылка)
|		) КАК ТоварыСПродажами
|		ПО Товары.Ссылка = ТоварыСПродажами.Товар
|ГДЕ
|	НЕ Товары.ПометкаУдаления
|	И ТоварыСПродажами.Товар ЕСТЬ NULL
|УПОРЯДОЧИТЬ ПО
|	НаименованиеТовара"";
	
	РезультатЗапроса = Запрос.Выполнить();
	
	Возврат РезультатЗапроса.Выгрузить();
	
КонецФункции"
"Написать функцию НайтиПревышениеЛимитаПродаж(ДатаНач, ДатаКон, Лимит),
которая формирует список документов продаж предприятия, у которых сумма документа превышает установленный лимит за выбранный период.

Функция принимает три параметра:

ДатаНач — дата начала периода анализа;
ДатаКон — дата окончания периода анализа;
Лимит — максимальная допустимая сумма документа.

Если параметры периода не заданы, функция должна автоматически установить:

ДатаНач = начало дня 30 дней назад  
ДатаКон = конец текущего дня
Если параметр Лимит не задан — может использоваться значение по умолчанию


Перед выполнением расчета необходимо выполнить проверки:

если ДатаКон < ДатаНач — должно быть сгенерировано исключение;
если даты не заданы — используются значения по умолчанию;
анализ выполняется только в пределах указанного период 

Расчет выполняется на основании следующих объектов конфигурации:
Документ.РасходТовара

Функция должна возвращать объект типа ТаблицаЗначений, содержащий:

Ссылка — ссылка на документ;
Дата — дата документа;
Покупатель — контрагент;
Сумма — сумма документа","{""Documents"": [{""id"": ""РасходТовара"", ""name"": ""Расход товара"", ""Attributes"": [{""id"": ""Покупатель"", ""name"": ""Покупатель"", ""types"": [{""type"": ""Ref"", ""id"": ""Справочник.Контрагенты""}]}, {""id"": ""Склад"", ""name"": ""Склад"", ""types"": [{""type"": ""Ref"", ""id"": ""Справочник.Склады""}]}, {""id"": ""Валюта"", ""name"": ""Валюта взиморасчетов"", ""types"": [{""type"": ""Ref"", ""id"": ""Справочник.Валюты""}]}, {""id"": ""ВидЦен"", ""name"": ""Вид цен"", ""types"": [{""type"": ""Ref"", ""id"": ""Справочник.ВидыЦен""}]}, {""id"": ""ОбоснованиеОтгрузки"", ""name"": ""Обоснование отгрузки"", ""types"": [{""type"": ""String"", ""StringQualifiers"": ""0""}]}, {""id"": ""Организация"", ""name"": ""Организация"", ""types"": [{""type"": ""Ref"", ""id"": ""Справочник.Организации""}]}], ""TabularSections"": [{""id"": ""Товары"", ""name"": ""Товары"", ""Attributes"": [{""id"": ""Товар"", ""name"": ""Товар"", ""types"": [{""type"": ""Ref"", ""id"": ""Справочник.Товары""}]}, {""id"": ""Цена"", ""name"": ""Цена"", ""types"": [{""type"": ""Number"", ""NumberQualifiers"": ""10.2""}]}, {""id"": ""Количество"", ""name"": ""Количество"", ""types"": [{""type"": ""Number"", ""NumberQualifiers"": ""10.2""}]}, {""id"": ""Сумма"", ""name"": ""Сумма"", ""types"": [{""type"": ""Number"", ""NumberQualifiers"": ""10.2""}]}]}]}]}",task_145,server,mid,task47_СредняяПревышениеЛимитаПродаж_v1.epf,"Функция НайтиПревышениеЛимитаПродаж(ДатаНач = Неопределено, ДатаКон = Неопределено, Лимит = 0) Экспорт
	
	ЛимитПоУмолчанию = 0;
	ТекущаяДатаПериода = ТекущаяДата();
	
	Если Не ЗначениеЗаполнено(ДатаНач) Тогда
		ДатаНач = НачалоДня(ТекущаяДатаПериода - 30 * 24 * 60 * 60);
	КонецЕсли;
	
	Если Не ЗначениеЗаполнено(ДатаКон) Тогда
		ДатаКон = КонецДня(ТекущаяДатаПериода);
	КонецЕсли;
	
	Если Лимит = Неопределено Тогда
		Лимит = ЛимитПоУмолчанию;
	КонецЕсли;
	
	Если ДатаКон < ДатаНач Тогда
		ВызватьИсключение ""Дата окончания периода не может быть меньше даты начала периода."";
	КонецЕсли;
	
	Запрос = Новый Запрос;
	Запрос.Текст = 
""ВЫБРАТЬ
|	РасходТовара.Ссылка КАК Ссылка,
|	РасходТовара.Дата КАК Дата,
|	РасходТовара.Покупатель КАК Покупатель,
|	СУММА(ЕСТЬNULL(Товары.Сумма, 0)) КАК Сумма
|ИЗ
|	Документ.РасходТовара КАК РасходТовара
|		ЛЕВОЕ СОЕДИНЕНИЕ Документ.РасходТовара.Товары КАК Товары
|		ПО Товары.Ссылка = РасходТовара.Ссылка
|ГДЕ
|	РасходТовара.Дата >= &ДатаНач
|	И РасходТовара.Дата <= &ДатаКон
|СГРУППИРОВАТЬ ПО
|	РасходТовара.Ссылка,
|	РасходТовара.Дата,
|	РасходТовара.Покупатель
|ИМЕЮЩИЕ
|	СУММА(ЕСТЬNULL(Товары.Сумма, 0)) > &Лимит
|УПОРЯДОЧИТЬ ПО
|	Дата,
|	Ссылка"";
	
	Запрос.УстановитьПараметр(""ДатаНач"", ДатаНач);
	Запрос.УстановитьПараметр(""ДатаКон"", ДатаКон);
	Запрос.УстановитьПараметр(""Лимит"", Лимит);
	
	Возврат Запрос.Выполнить().Выгрузить();
	
КонецФункции"
"Написать функцию СформироватьОтчетОстаткиТоваровКонтроль(Период, КоличествоКонтроль), которая формирует отчет на сервере ""ОстаткиТоваровНаСкладах"" на заданный период с отбором по КоличествоОстаток. 
Функция должна программно сформировать отчет ""ОстаткиТоваровНаСкладах"", вариант отчета ""Основной"". 
Настройки отчета:
	Параметры отчета: Период. 
	    Значения парамета: Период = Период. 
	Структура отчета: Таблица
	                     *cтроки: Товар.    
	                     *столбцы: Склад.
	Выбранные поля: КоличествоОстаток, Товар, Склад.
	Отбор: КоличествоОстаток <= КоличествоКонтроль.
	Параметры вывода: ВыводитьПараметрыДанных = Не выводить,
	                  ВыводитьОтбор = Не выводить. 

Параметры функции:  
Период (тип: Дата) - период отчета.
КоличествоКонтроль (тип: Число) - значение контроля остатка. Выводить товары, остаток которых меньше или равен данного значения.

Возвращаемое значение: ТабличныйДокумент.","{""Catalogs"": [{""id"": ""Склады"", ""name"": ""Склады"", ""Attributes"": [{""id"": ""НеИспользовать"", ""name"": ""Не использовать"", ""types"": [{""type"": ""Boolean""}]}]}, {""id"": ""Товары"", ""name"": ""Товары"", ""Attributes"": [{""id"": ""Артикул"", ""name"": ""Артикул"", ""types"": [{""type"": ""String"", ""StringQualifiers"": ""15""}]}, {""id"": ""Поставщик"", ""name"": ""Поставщик"", ""types"": [{""type"": ""Ref"", ""id"": ""Справочник.Контрагенты""}]}, {""id"": ""ФайлКартинки"", ""name"": ""Картинка"", ""types"": [{""type"": ""Ref"", ""id"": ""Справочник.ХранимыеФайлы""}]}, {""id"": ""Вид"", ""name"": ""Вид"", ""types"": []}, {""id"": ""Штрихкод"", ""name"": ""Штрихкод"", ""types"": [{""type"": ""String"", ""StringQualifiers"": ""20""}]}, {""id"": ""Описание"", ""name"": ""Описание"", ""types"": [{""type"": ""String"", ""StringQualifiers"": ""0""}]}]}]}",task_146,server,high,task4_сложн_Куликова_v2.epf,"&НаСервереБезКонтекста
Функция СформироватьОтчетОстаткиТоваровКонтроль(Период, КоличествоКонтроль) Экспорт
	
	ОтчетОбъект = Отчеты.ОстаткиТоваровНаСкладах.Создать();
	СхемаКомпоновкиДанных = ОтчетОбъект.ПолучитьМакет(""ОсновнаяСхемаКомпоновкиДанных"");
	
	Настройки = ПолучитьНастройкиОсновногоВарианта(СхемаКомпоновкиДанных);
	
	// Параметры отчета.
	УстановитьПараметрДанныхСКД(Настройки, ""Период"", Период);
	
	// Структура отчета: таблица, строки - Товар, колонки - Склад.
	НастроитьСтруктуруОтчета(Настройки);
	
	// Выбранные поля.
	НастроитьВыбранныеПоля(Настройки);
	
	// Отбор: КоличествоОстаток <= КоличествоКонтроль.
	НастроитьОтборПоКоличеству(Настройки, КоличествоКонтроль);
	
	// Параметры вывода.
	УстановитьПараметрВыводаСКД(
		Настройки,
		""ВыводитьПараметрыДанных"",
		ТипВыводаТекстаКомпоновкиДанных.НеВыводить);
	
	УстановитьПараметрВыводаСКД(
		Настройки,
		""ВыводитьОтбор"",
		ТипВыводаТекстаКомпоновкиДанных.НеВыводить);
	
	ТабличныйДокумент = Новый ТабличныйДокумент;
	
	ДанныеРасшифровки = Новый ДанныеРасшифровкиКомпоновкиДанных;
	
	КомпоновщикМакета = Новый КомпоновщикМакетаКомпоновкиДанных;
	МакетКомпоновкиДанных = КомпоновщикМакета.Выполнить(
		СхемаКомпоновкиДанных,
		Настройки,
		ДанныеРасшифровки);
	
	ПроцессорКомпоновкиДанных = Новый ПроцессорКомпоновкиДанных;
	ПроцессорКомпоновкиДанных.Инициализировать(
		МакетКомпоновкиДанных,
		,
		ДанныеРасшифровки);
	
	ПроцессорВывода = Новый ПроцессорВыводаРезультатаКомпоновкиДанныхВТабличныйДокумент;
	ПроцессорВывода.УстановитьДокумент(ТабличныйДокумент);
	ПроцессорВывода.Вывести(ПроцессорКомпоновкиДанных);
	
	Возврат ТабличныйДокумент;
	
КонецФункции

Функция ПолучитьНастройкиОсновногоВарианта(СхемаКомпоновкиДанных)
	
	ВариантНастроек = Неопределено;
	
	Для Каждого ТекущийВариант Из СхемаКомпоновкиДанных.ВариантыНастроек Цикл
		Если ТекущийВариант.Имя = ""Основной"" Тогда
			ВариантНастроек = ТекущийВариант;
			Прервать;
		КонецЕсли;
	КонецЦикла;
	
	Если ВариантНастроек = Неопределено Тогда
		Возврат СхемаКомпоновкиДанных.НастройкиПоУмолчанию;
	КонецЕсли;
	
	Возврат ВариантНастроек.Настройки;
	
КонецФункции

Процедура УстановитьПараметрДанныхСКД(Настройки, ИмяПараметра, ЗначениеПараметра)
	
	ПараметрДанных = Настройки.ПараметрыДанных.Элементы.Найти(ИмяПараметра);
	
	Если ПараметрДанных = Неопределено Тогда
		ВызватьИсключение СтрШаблон(
			""В схеме компоновки данных не найден параметр данных """"%1""""."",
			ИмяПараметра);
	КонецЕсли;
	
	ПараметрДанных.Значение = ЗначениеПараметра;
	ПараметрДанных.Использование = Истина;
	
КонецПроцедуры

Процедура УстановитьПараметрВыводаСКД(Настройки, ИмяПараметра, ЗначениеПараметра)
	
	ПараметрВывода = Настройки.ПараметрыВывода.Элементы.Найти(ИмяПараметра);
	
	Если ПараметрВывода <> Неопределено Тогда
		ПараметрВывода.Значение = ЗначениеПараметра;
		ПараметрВывода.Использование = Истина;
	КонецЕсли;
	
КонецПроцедуры

Процедура НастроитьСтруктуруОтчета(Настройки)
	
	Настройки.Структура.Очистить();
	
	ТаблицаОтчета = Настройки.Структура.Добавить(Тип(""ТаблицаКомпоновкиДанных""));
	ТаблицаОтчета.Использование = Истина;
	
	ГруппировкаСтрок = ТаблицаОтчета.Строки.Добавить(Тип(""ГруппировкаКомпоновкиДанных""));
	ГруппировкаСтрок.Использование = Истина;
	ДобавитьПолеГруппировки(ГруппировкаСтрок, ""Товар"");
	
	ГруппировкаКолонок = ТаблицаОтчета.Колонки.Добавить(Тип(""ГруппировкаКомпоновкиДанных""));
	ГруппировкаКолонок.Использование = Истина;
	ДобавитьПолеГруппировки(ГруппировкаКолонок, ""Склад"");
	
КонецПроцедуры

Процедура ДобавитьПолеГруппировки(Группировка, ИмяПоля)
	
	ПолеГруппировки = Группировка.ПоляГруппировки.Элементы.Добавить(
		Тип(""ПолеГруппировкиКомпоновкиДанных""));
	
	ПолеГруппировки.Поле = Новый ПолеКомпоновкиДанных(ИмяПоля);
	ПолеГруппировки.Использование = Истина;
	
КонецПроцедуры

Процедура НастроитьВыбранныеПоля(Настройки)
	
	Настройки.Выбор.Элементы.Очистить();
	
	ДобавитьВыбранноеПоле(Настройки, ""КоличествоОстаток"");
	ДобавитьВыбранноеПоле(Настройки, ""Товар"");
	ДобавитьВыбранноеПоле(Настройки, ""Склад"");
	
КонецПроцедуры

Процедура ДобавитьВыбранноеПоле(Настройки, ИмяПоля)
	
	ВыбранноеПоле = Настройки.Выбор.Элементы.Добавить(
		Тип(""ВыбранноеПолеКомпоновкиДанных""));
	
	ВыбранноеПоле.Поле = Новый ПолеКомпоновкиДанных(ИмяПоля);
	ВыбранноеПоле.Использование = Истина;
	
КонецПроцедуры

Процедура НастроитьОтборПоКоличеству(Настройки, КоличествоКонтроль)
	
	Настройки.Отбор.Элементы.Очистить();
	
	ЭлементОтбора = Настройки.Отбор.Элементы.Добавить(
		Тип(""ЭлементОтбораКомпоновкиДанных""));
	
	ЭлементОтбора.ЛевоеЗначение = Новый ПолеКомпоновкиДанных(""КоличествоОстаток"");
	ЭлементОтбора.ВидСравнения = ВидСравненияКомпоновкиДанных.МеньшеИлиРавно;
	ЭлементОтбора.ПравоеЗначение = КоличествоКонтроль;
	ЭлементОтбора.Использование = Истина;
	
КонецПроцедуры"
"Написать функцию ДобавитьПолучателейИсходящихПисем(Получатели, Дата), которая для неотправленных, непомеченных на удаление исходящих писем, с датой больше Дата,
заполняет табличную часть Покупатели данными из параметра Получатели. 

Параметр функции:
     Получатели (тип Массив Из СправочникСсылка.Контрагенты) - контрагенты, получатели писем.
     
Для каждого элемента параметра Получатели получить реквизит ""ЭлектроннаяПочта"" справочника ""Контрагенты"". 
Отобрать элементы справочника ""ИсходящиеПисьма"", дата которых больше параметра Дата, ПометкаНаУдаление = Ложь и состояние Отправлено = Ложь.
Для отобранных писем в табличной части Покупатели справочника ""ИсходящиеПисьма"" заполнить реквизит ""ЭлектроннаяПочта"" данными реквизита ""ЭлектроннаяПочта"" справочника ""Контрагенты"".  
      
Данные о состоянии исходящего письма берутся из регистра сведений ""СостояниеИсходящихПисем"".","{""InformationRegisters"": [{""id"": ""СостояниеИсходящихПисем"", ""name"": ""Состояние исходящих писем"", ""InformationRegisterPeriodicity"": ""Nonperiodical"", ""WriteMode"": ""Independent"", ""Dimensions"": [{""id"": ""Письмо"", ""name"": ""Письмо"", ""types"": [{""type"": ""Ref"", ""id"": ""Справочник.ИсходящиеПисьма""}]}], ""Resources"": [{""id"": ""Отправлено"", ""name"": ""Отправлено"", ""types"": []}]}], ""Catalogs"": [{""id"": ""ИсходящиеПисьма"", ""name"": ""Исходящие письма"", ""Attributes"": [{""id"": ""Дата"", ""name"": ""Дата"", ""types"": [{""type"": ""Date""}]}, {""id"": ""Получатель"", ""name"": ""Получатель"", ""types"": [{""type"": ""String"", ""StringQualifiers"": ""0""}]}, {""id"": ""Содержимое"", ""name"": ""Содержимое"", ""types"": []}, {""id"": ""Текст"", ""name"": ""Текст"", ""types"": [{""type"": ""String"", ""StringQualifiers"": ""0""}]}, {""id"": ""Контрагент"", ""name"": ""Контрагент"", ""types"": [{""type"": ""Ref"", ""id"": ""Справочник.Контрагенты""}]}], ""TabularSections"": [{""id"": ""Получатели"", ""name"": ""Получатели"", ""Attributes"": [{""id"": ""ЭлектроннаяПочта"", ""name"": ""Электронная почта"", ""types"": [{""type"": ""String"", ""StringQualifiers"": ""1000""}]}]}]}, {""id"": ""Контрагенты"", ""name"": ""Контрагенты"", ""Attributes"": [{""id"": ""Регион"", ""name"": ""Регион"", ""types"": [{""type"": ""Ref"", ""id"": ""Справочник.Регионы""}]}, {""id"": ""Индекс"", ""name"": ""Индекс"", ""types"": [{""type"": ""String"", ""StringQualifiers"": ""10""}]}, {""id"": ""Страна"", ""name"": ""Страна"", ""types"": [{""type"": ""String"", ""StringQualifiers"": ""0""}]}, {""id"": ""Город"", ""name"": ""Город"", ""types"": [{""type"": ""String"", ""StringQualifiers"": ""0""}]}, {""id"": ""Улица"", ""name"": ""Улица"", ""types"": [{""type"": ""String"", ""StringQualifiers"": ""0""}]}, {""id"": ""Дом"", ""name"": ""Дом"", ""types"": [{""type"": ""String"", ""StringQualifiers"": ""15""}]}, {""id"": ""Телефон"", ""name"": ""Телефон"", ""types"": [{""type"": ""String"", ""StringQualifiers"": ""16""}]}, {""id"": ""ЭлектроннаяПочта"", ""name"": ""Электронная почта"", ""types"": [{""type"": ""String"", ""StringQualifiers"": ""40""}]}, {""id"": ""Факс"", ""name"": ""Факс"", ""types"": [{""type"": ""String"", ""StringQualifiers"": ""16""}]}, {""id"": ""ВебСайт"", ""name"": ""Веб сайт"", ""types"": [{""type"": ""String"", ""StringQualifiers"": ""40""}]}, {""id"": ""ВидЦен"", ""name"": ""Вид цен"", ""types"": [{""type"": ""Ref"", ""id"": ""Справочник.ВидыЦен""}]}, {""id"": ""ДополнительнаяИнформация"", ""name"": ""Дополнительная информация"", ""types"": [{""type"": ""String"", ""StringQualifiers"": ""0""}]}, {""id"": ""КонтактноеЛицо"", ""name"": ""Контактное лицо"", ""types"": [{""type"": ""String"", ""StringQualifiers"": ""100""}]}, {""id"": ""Широта"", ""name"": ""Широта"", ""types"": [{""type"": ""Number"", ""NumberQualifiers"": ""10.6""}]}, {""id"": ""Долгота"", ""name"": ""Долгота"", ""types"": [{""type"": ""Number"", ""NumberQualifiers"": ""10.6""}]}]}]}",task_147,server,,task5_Куликова_v2.epf,"Функция ДобавитьПолучателейИсходящихПисем(Получатели, Дата) Экспорт
	
	Если Получатели = Неопределено Или Получатели.Количество() = 0 Тогда
		Возврат 0;
	КонецЕсли;
	
	// Получим электронные адреса контрагентов из переданного массива ссылок.
	Запрос = Новый Запрос;
	Запрос.Текст = 
""ВЫБРАТЬ
|	Контрагенты.ЭлектроннаяПочта КАК ЭлектроннаяПочта
|ИЗ
|	Справочник.Контрагенты КАК Контрагенты
|ГДЕ
|	Контрагенты.Ссылка В(&Получатели)"";
	
	Запрос.УстановитьПараметр(""Получатели"", Получатели);
	
	РезультатЗапроса = Запрос.Выполнить();
	Выборка = РезультатЗапроса.Выбрать();
	
	ЭлектронныеАдреса = Новый Массив;
	
	Пока Выборка.Следующий() Цикл
		ЭлектронныеАдреса.Добавить(Выборка.ЭлектроннаяПочта);
	КонецЦикла;
	
	Если ЭлектронныеАдреса.Количество() = 0 Тогда
		Возврат 0;
	КонецЕсли;
	
	// Отберем неотправленные, непомеченные на удаление исходящие письма с датой больше заданной.
	Запрос = Новый Запрос;
	Запрос.Текст = 
""ВЫБРАТЬ
|	ИсходящиеПисьма.Ссылка КАК Ссылка
|ИЗ
|	Справочник.ИсходящиеПисьма КАК ИсходящиеПисьма
|		ЛЕВОЕ СОЕДИНЕНИЕ РегистрСведений.СостояниеИсходящихПисем КАК СостояниеИсходящихПисем
|		ПО СостояниеИсходящихПисем.Письмо = ИсходящиеПисьма.Ссылка
|ГДЕ
|	ИсходящиеПисьма.Дата > &Дата
|	И ИсходящиеПисьма.ПометкаУдаления = ЛОЖЬ
|	И ЕСТЬNULL(СостояниеИсходящихПисем.Отправлено, ЛОЖЬ) = ЛОЖЬ"";
	
	Запрос.УстановитьПараметр(""Дата"", Дата);
	
	РезультатЗапроса = Запрос.Выполнить();
	ВыборкаПисем = РезультатЗапроса.Выбрать();
	
	КоличествоОбработанныхПисем = 0;
	
	Пока ВыборкаПисем.Следующий() Цикл
		
		ПисьмоОбъект = ВыборкаПисем.Ссылка.ПолучитьОбъект();
		
		Для Каждого ЭлектроннаяПочта Из ЭлектронныеАдреса Цикл
			НоваяСтрока = ПисьмоОбъект.Получатели.Добавить();
			НоваяСтрока.ЭлектроннаяПочта = ЭлектроннаяПочта;
		КонецЦикла;
		
		ПисьмоОбъект.Записать();
		
		КоличествоОбработанныхПисем = КоличествоОбработанныхПисем + 1;
		
	КонецЦикла;
	
	Возврат КоличествоОбработанныхПисем;
	
КонецФункции"
