task,context,task_id,env,complexity,original_filename,output
"Создай функцию ЗаполнитьТабличнуюЧастьОстатками(ДокументОбъект), которая заполняет табличную часть документа «Заказ» «Товары» остатками из регистра «ТоварныеЗапасы» для склада и даты, заданных в документе. Отбирать только товары видом товара = Товар. Для каждой позиции остатка нужно добавить строку в табличную часть и перенести туда товар и количество.","{
  ""Documents"": [
    {
      ""id"": ""Заказ"",
      ""properties"": [
        ""Номер"": ""string"",
        ""Дата"": ""date"",
        ""Клиент"": ""Ref.Контрагенты"",
        ""Склад"": ""Ref.Склады"",
      ],
      ""tabularSections"": [
        {
          ""Товары"": [
            ""Товар"": ""Ref.Товары"",
            ""Количество"": ""number"",
            ""Цена"": ""number"",
            ""Сумма"": ""number""
          ]
        }
      ]
    }
  ]
}",task_001,server,low,,"Функция ЗаполнитьТабличнуюЧастьОстатками(ДокументОбъект)
	
	Запрос = Новый Запрос;
	Запрос.Текст = 
		""ВЫБРАТЬ
		|	ТоварныеЗапасыОстатки.Товар КАК Товар,
		|	ТоварныеЗапасыОстатки.КоличествоОстаток КАК Количество
		|ИЗ
		|	РегистрНакопления.ТоварныеЗапасы.Остатки(
		|		&Период,
		|		Склад = &Склад
		|			И Товар.ВидТовара = &ВидТовара
		|	) КАК ТоварныеЗапасыОстатки
		|ГДЕ
		|	ТоварныеЗапасыОстатки.КоличествоОстаток > 0"";
		
	Запрос.УстановитьПараметр(""Период"", ДокументОбъект.Дата);
	Запрос.УстановитьПараметр(""Склад"", ДокументОбъект.Склад);
	Запрос.УстановитьПараметр(""ВидТовара"", Перечисления.ВидыТоваров.Товар);
	
	РезультатЗапроса = Запрос.Выполнить();
	
	Если Не РезультатЗапроса.Пустой() Тогда
		// Очищаем табличную часть перед заполнением новыми остатками
		ДокументОбъект.Товары.Очистить();
		
		// Выгружаем результат в таблицу значений и загружаем в табличную часть.
		// Имена колонок в запросе (Товар, Количество) совпадают с колонками ТЧ,
		// поэтому данные распределятся автоматически.
		ДокументОбъект.Товары.Загрузить(РезультатЗапроса.Выгрузить());
	КонецЕсли;
	
КонецФункции"
"Создай функцию ЗаполнитьТабличныйДокумент(ТабДокумент, Макет, Дата) которая выводит в табличный документ задолженность по контрагентам из регистра Взаиморасчеты на дату. В макете есть секции Шапка и Строка, в секции строка есть параметры “Контрагент” и “Задолженность”","{
  ""AccumulationRegisters"": [
    {
      ""id"": ""Взаиморасчеты"",
      ""name"": ""Взаиморасчеты"",
      ""RegisterType"": ""Balance"",
      ""Dimensions"": [
        {
          ""id"": ""Контрагент"",
          ""name"": ""Контрагент"",
          ""types"": [
            {
              ""type"": ""Ref"",
              ""id"": ""Справочник.Контрагенты""
            }
          ]
        },
        {
          ""id"": ""Валюта"",
          ""name"": ""Валюта"",
          ""types"": [
            {
              ""type"": ""Ref"",
              ""id"": ""Справочник.Валюты""
            }
          ]
        }
      ],
      ""Resources"": [
        {
          ""id"": ""Сумма"",
          ""name"": ""Сумма"",
          ""types"": [
            {
              ""type"": ""Number"",
              ""NumberQualifiers"": ""10.2""
            }
          ]
        }
      ]
    }
  ]
}",task_002,server,mid,,"Функция ЗаполнитьТабличныйДокумент(ТабДокумент, Макет, Дата)
	
	// Очищаем табличный документ перед заполнением
	ТабДокумент.Очистить();
	
	// Получаем области макета
	СекцияШапка  = Макет.ПолучитьОбласть(""Шапка"");
	СекцияСтрока = Макет.ПолучитьОбласть(""Строка"");
	
	// Выводим шапку
	ТабДокумент.Вывести(СекцияШапка);
	
	// Формируем запрос для получения остатков по регистру Взаиморасчеты на указанную дату
	Запрос = Новый Запрос;
	Запрос.Текст = 
	""ВЫБРАТЬ
	|	ВзаиморасчетыОстатки.Контрагент КАК Контрагент,
	|	ВзаиморасчетыОстатки.СуммаОстаток КАК Задолженность
	|ИЗ
	|	РегистрНакопления.Взаиморасчеты.Остатки(&Период, ) КАК ВзаиморасчетыОстатки
	|ГДЕ
	|	ВзаиморасчетыОстатки.СуммаОстаток <> 0
	|
	|УПОРЯДОЧИТЬ ПО
	|	Контрагент"";
	
	// Для регистра остатков период передается на конец дня
	Запрос.УстановитьПараметр(""Период"", КонецДня(Дата));
	
	РезультатЗапроса = Запрос.Выполнить();
	
	// Обходим результат запроса и выводим строки в табличный документ
	Выборка = РезультатЗапроса.Выбрать();
	Пока Выборка.Следующий() Цикл
		СекцияСтрока.Параметры.Контрагент    = Выборка.Контрагент;
		СекцияСтрока.Параметры.Задолженность = Выборка.Задолженность;
		
		ТабДокумент.Вывести(СекцияСтрока);
	КонецЦикла;
	
	Возврат ТабДокумент;
	
КонецФункции"
Создай функцию УстановитьСклад(ДокументОбъект) которая устанавливает во всех строках ТЧ «Товары» значение поля «СкладСтроки» равным реквизиту документа «Склад».,"{
  ""AccumulationRegisters"": [
    {
      ""id"": ""Взаиморасчеты"",
      ""name"": ""Взаиморасчеты"",
      ""RegisterType"": ""Balance"",
      ""Dimensions"": [
        {
          ""id"": ""Контрагент"",
          ""name"": ""Контрагент"",
          ""types"": [
            {
              ""type"": ""Ref"",
              ""id"": ""Справочник.Контрагенты""
            }
          ]
        },
        {
          ""id"": ""Валюта"",
          ""name"": ""Валюта"",
          ""types"": [
            {
              ""type"": ""Ref"",
              ""id"": ""Справочник.Валюты""
            }
          ]
        }
      ],
      ""Resources"": [
        {
          ""id"": ""Сумма"",
          ""name"": ""Сумма"",
          ""types"": [
            {
              ""type"": ""Number"",
              ""NumberQualifiers"": ""10.2""
            }
          ]
        }
      ]
    }
  ]
}",task_003,server,low,,"Функция УстановитьСклад(ДокументОбъект)
	
	// Получаем значение склада из реквизита документа
	СкладДокумента = ДокументОбъект.Склад;
	
	// Перебираем все строки табличной части ""Товары""
	Для Каждого СтрокаТовара Из ДокументОбъект.Товары Цикл
		СтрокаТовара.СкладСтроки = СкладДокумента;
	КонецЦикла;
	
КонецФункции"
Создай функцию УдалитьПоследнююЗапись(Валюта) которая удаляет последнюю по времени запись регистра сведений КурсыВалют с измерением Валюта = Валюта,"{
  ""InformationRegisters"": [
    {
      ""id"": ""КурсыВалют"",
      ""name"": ""Курсы валют"",
      ""InformationRegisterPeriodicity"": ""Day"",
      ""WriteMode"": ""Independent"",
      ""Dimensions"": [
        {
          ""id"": ""Валюта"",
          ""name"": ""Валюта"",
          ""types"": [
            {
              ""type"": ""Ref"",
              ""id"": ""Справочник.Валюты""
            }
          ]
        }
      ],
      ""Resources"": [
        {
          ""id"": ""Курс"",
          ""name"": ""Курс"",
          ""types"": [
            {
              ""type"": ""Number"",
              ""NumberQualifiers"": ""10.2""
            }
          ]
        }
      ]
    }
  ]
}",task_004,server,low,,"Функция УдалитьПоследнююЗапись(Валюта)
	
	// Находим последнюю по времени запись для указанной валюты
	Запрос = Новый Запрос;
	Запрос.Текст = 
	""ВЫБРАТЬ ПЕРВЫЕ 1
	|	КурсыВалют.Период КАК Период
	|ИЗ
	|	РегистрСведений.КурсыВалют КАК КурсыВалют
	|ГДЕ
	|	КурсыВалют.Валюта = &Валюта
	|УПОРЯДОЧИТЬ ПО
	|	КурсыВалют.Период УБЫВ"";
	
	Запрос.УстановитьПараметр(""Валюта"", Валюта);
	
	РезультатЗапроса = Запрос.Выполнить();
	Если РезультатЗапроса.Пустой() Тогда
		Возврат Ложь; // Нет записей для удаления
	КонецЕсли;
	
	Выборка = РезультатЗапроса.Выбрать();
	Выборка.Следующий();
	
	// Удаляем найденную запись через набор записей
	// Для независимого регистра устанавливаем отбор по измерению и периоду
	НаборЗаписей = РегистрыСведений.КурсыВалют.СоздатьНаборЗаписей();
	НаборЗаписей.Отбор.Валюта.Установить(Валюта);
	НаборЗаписей.Отбор.Период.Установить(Выборка.Период);
	НаборЗаписей.Записать();
	
	Возврат Истина;
	
КонецФункции"
Создай функцию НеУстановленыЦены(Поставщик) которая возвращает СписокЗначений с элементами справочника Товары у которых Поставщик = Поставщик и нет записи в регистре сведений ЦеныТоваров,"{
  ""InformationRegisters"": [
    {
      ""id"": ""ЦеныТоваров"",
      ""name"": ""Цены товаров"",
      ""InformationRegisterPeriodicity"": ""Day"",
      ""WriteMode"": ""Independent"",
      ""Dimensions"": [
        {
          ""id"": ""Товар"",
          ""name"": ""Товар"",
          ""types"": [
            {
              ""type"": ""Ref"",
              ""id"": ""Справочник.Товары""
            }
          ]
        },
        {
          ""id"": ""ВидЦен"",
          ""name"": ""Вид цен"",
          ""types"": [
            {
              ""type"": ""Ref"",
              ""id"": ""Справочник.ВидыЦен""
            }
          ]
        }
      ],
      ""Resources"": [
        {
          ""id"": ""Цена"",
          ""name"": ""Цена"",
          ""types"": [
            {
              ""type"": ""Number"",
              ""NumberQualifiers"": ""10.2""
            }
          ]
        }
      ]
    }
  ]
}",task_005,server,low,,"Функция НеУстановленыЦены(Поставщик)
	
	Результат = Новый СписокЗначений;
	
	Запрос = Новый Запрос;
	Запрос.Текст = 
	""ВЫБРАТЬ
	|	Товары.Ссылка КАК Товар
	|ИЗ
	|	Справочник.Товары КАК Товары
	|		ЛЕВОЕ СОЕДИНЕНИЕ РегистрСведений.ЦеныТоваров КАК ЦеныТоваров
	|		ПО Товары.Ссылка = ЦеныТоваров.Товар
	|ГДЕ
	|	Товары.Поставщик = &Поставщик
	|	И ЦеныТоваров.Товар ЕСТЬ NULL"";
	
	Запрос.УстановитьПараметр(""Поставщик"", Поставщик);
	
	Выборка = Запрос.Выполнить().Выбрать();
	
	Пока Выборка.Следующий() Цикл
		Результат.Добавить(Выборка.Товар);
	КонецЦикла;
	
	Возврат Результат;
	
КонецФункции"
"Создай функцию ВыгрузитьОстаткиСклада(Склад, МинимальныйОстаток, ФайлJson), которая получает остаки товаров склада на текущую дату из регистра ТоварныеЗапасы у которых остаток больше или равен значению МинимальныйОстаток. Записать файл в json формате как список с полями ""Товар_Код"", ""Товар_Наименование"", ""Остаток"" (число, округленное до целого). Строки списка должны быть упорядочены по возрастанию поля Товар_Код","{
  ""AccumulationRegisters"": [
    {
      ""id"": ""ТоварныеЗапасы"",
      ""name"": ""Товарные запасы"",
      ""RegisterType"": ""Balance"",
      ""Dimensions"": [
        {
          ""id"": ""Товар"",
          ""name"": ""Товар"",
          ""types"": [
            {
              ""type"": ""Ref"",
              ""id"": ""Справочник.Товары""
            }
          ]
        },
        {
          ""id"": ""Склад"",
          ""name"": ""Склад"",
          ""types"": [
            {
              ""type"": ""Ref"",
              ""id"": ""Справочник.Склады""
            }
          ]
        }
      ],
      ""Resources"": [
        {
          ""id"": ""Количество"",
          ""name"": ""Количество"",
          ""types"": [
            {
              ""type"": ""Number"",
              ""NumberQualifiers"": ""10.2""
            }
          ]
        }
      ]
    }
  ]
}",task_006,server,mid,,"Функция ВыгрузитьОстаткиСклада(Склад, МинимальныйОстаток, ФайлJson)
	
	Запрос = Новый Запрос;
	Запрос.Текст = 
	""ВЫБРАТЬ
	|	ТоварныеЗапасыОстатки.Товар.Код КАК Товар_Код,
	|	ТоварныеЗапасыОстатки.Товар.Наименование КАК Товар_Наименование,
	|	ТоварныеЗапасыОстатки.КоличествоОстаток КАК Остаток
	|ИЗ
	|	РегистрНакопления.ТоварныеЗапасы.Остатки(&ТекущаяДата, Склад = &Склад) КАК ТоварныеЗапасыОстатки
	|ГДЕ
	|	ТоварныеЗапасыОстатки.КоличествоОстаток >= &МинимальныйОстаток
	|УПОРЯДОЧИТЬ ПО
	|	Товар_Код"";
	
	Запрос.УстановитьПараметр(""ТекущаяДата"", ТекущаяДата());
	Запрос.УстановитьПараметр(""Склад"", Склад);
	Запрос.УстановитьПараметр(""МинимальныйОстаток"", МинимальныйОстаток);
	
	РезультатЗапроса = Запрос.Выполнить();
	
	// Настройка записи JSON
	ЗаписьJSON = Новый ЗаписьJSON;
	ЗаписьJSON.ОткрытьФайл(ФайлJson);
	ЗаписьJSON.ЗаписатьНачалоМассива();
	
	Выборка = РезультатЗапроса.Выбрать();
	Пока Выборка.Следующий() Цикл
		ЗаписьJSON.ЗаписатьНачалоОбъекта();
		
		ЗаписьJSON.ЗаписатьИмяСвойства(""Товар_Код"");
		ЗаписьJSON.ЗаписатьЗначение(Выборка.Товар_Код);
		
		ЗаписьJSON.ЗаписатьИмяСвойства(""Товар_Наименование"");
		ЗаписьJSON.ЗаписатьЗначение(Выборка.Товар_Наименование);
		
		ЗаписьJSON.ЗаписатьИмяСвойства(""Остаток"");
		// Округляем остаток до целого числа
		ЗаписьJSON.ЗаписатьЗначение(Окр(Выборка.Остаток, 0, РежимОкругления.Окр15как10));
		
		ЗаписьJSON.ЗаписатьКонецОбъекта();
	КонецЦикла;
	
	ЗаписьJSON.ЗаписатьКонецМассива();
	ЗаписьJSON.Закрыть();
	
КонецФункции"
"создай функцию ВыбратьСтрокиТаблицы(Таблица, Склад, Наименование), которая получает на вход параметр типа ТаблицаЗначений
в которой есть колонки ""Склад"", ""Товар"" типа справочник Товары, ""Количество"". Нужно вернуть ТаблицуЗначений, в которую войдут только те строки из входной таблицы, 
у которых значение в колонке ""Склад"" равно параметру Склад, а значение в колонке ""Товар.Наименование"" содержит подстроку параметра ""Наименование"".",,task_007,server,low,,"Функция ВыбратьСтрокиТаблицы(Таблица, Склад, Наименование)
    
    Запрос = Новый Запрос;
    Запрос.Текст = 
    ""ВЫБРАТЬ
    |    ВходнаяТаблица.Склад КАК Склад,
    |    ВходнаяТаблица.Товар КАК Товар,
    |    ВходнаяТаблица.Количество КАК Количество
    |ПОМЕСТИТЬ ВходнаяТаблица
    |ИЗ
    |    &Таблица КАК ВходнаяТаблица
    |
    |////////////////////////////////////////////////////////////////////////////////
    |ВЫБРАТЬ
    |    ВходнаяТаблица.Склад КАК Склад,
    |    ВходнаяТаблица.Товар КАК Товар,
    |    ВходнаяТаблица.Количество КАК Количество
    |ИЗ
    |    ВходнаяТаблица КАК ВходнаяТаблица
    |ГДЕ
    |    ВходнаяТаблица.Склад = &Склад
    |    И ВходнаяТаблица.Товар.Наименование ПОДОБНО &Наименование"";
    
    Запрос.УстановитьПараметр(""Таблица"", Таблица);
    Запрос.УстановитьПараметр(""Склад"", Склад);
    Запрос.УстановитьПараметр(""Наименование"", ""%"" + Наименование + ""%"");
    
    Результат = Запрос.Выполнить();
    
    Возврат Результат.Выгрузить();
    
КонецФункции"
"Создай функцию УшедшийТовар(Дата1, Дата2), которая возвращает таблицу значений с товаром, который был на складе (любом) на Дата1, но отсутствует на складе на Дата2. 
Использовать остатки регистра ""ТоварныеЗапасы"".
В таблице должны быть колонки: ""Товар"" (ссылка на справочник Товары), ""Количество"" (количество товара на Дата1).","{
  ""AccumulationRegisters"": [
    {
      ""id"": ""ТоварныеЗапасы"",
      ""name"": ""Товарные запасы"",
      ""RegisterType"": ""Balance"",
      ""Dimensions"": [
        {
          ""id"": ""Товар"",
          ""name"": ""Товар"",
          ""types"": [
            {
              ""type"": ""Ref"",
              ""id"": ""Справочник.Товары""
            }
          ]
        },
        {
          ""id"": ""Склад"",
          ""name"": ""Склад"",
          ""types"": [
            {
              ""type"": ""Ref"",
              ""id"": ""Справочник.Склады""
            }
          ]
        }
      ],
      ""Resources"": [
        {
          ""id"": ""Количество"",
          ""name"": ""Количество"",
          ""types"": [
            {
              ""type"": ""Number"",
              ""NumberQualifiers"": ""10.2""
            }
          ]
        }
      ]
    }
  ]
}",task_008,server,mid,,"Функция УшедшийТовар(Дата1, Дата2)
    
    Запрос = Новый Запрос;
    Запрос.Текст = 
    ""ВЫБРАТЬ
    |    ОстаткиНаДату1.Товар КАК Товар,
    |    ОстаткиНаДату1.Количество КАК Количество
    |ИЗ
    |    РегистрНакопления.ТоварныеЗапасы.Остатки(&Дата1, , Товар) КАК ОстаткиНаДату1
    |ЛЕВОЕ СОЕДИНЕНИЕ РегистрНакопления.ТоварныеЗапасы.Остатки(&Дата2, , Товар) КАК ОстаткиНаДату2
    |ПО ОстаткиНаДату1.Товар = ОстаткиНаДату2.Товар
    |ГДЕ
    |    ОстаткиНаДату1.Количество > 0
    |    И ЕСТЬ NULL(ОстаткиНаДату2.Количество, 0) <= 0"";
    
    Запрос.УстановитьПараметр(""Дата1"", Дата1);
    Запрос.УстановитьПараметр(""Дата2"", Дата2);
    
    РезультатЗапроса = Запрос.Выполнить();
    
    Возврат РезультатЗапроса.Выгрузить();

КонецФункции"
"создай функцию ПросроченныеДолги(Дата, МинДолг, СрокДолга), которая возвращает таблицу значений с контрагентами, 
у которых на заданную дату есть долг больше МинДолг, и этот долг, или его часть, образовался более СрокДолга дней назад. Задолженность смотреть в регистре накопления Взаиморасчеты.
В таблице должны быть колонки: Контрагент, ДолгВсего, ДолгПросроченный, ДатаОбразованияДолга.","{
  ""AccumulationRegisters"": [
    {
      ""id"": ""Взаиморасчеты"",
      ""name"": ""Взаиморасчеты"",
      ""RegisterType"": ""Balance"",
      ""Dimensions"": [
        {
          ""id"": ""Контрагент"",
          ""name"": ""Контрагент"",
          ""types"": [
            {
              ""type"": ""Ref"",
              ""id"": ""Справочник.Контрагенты""
            }
          ]
        },
        {
          ""id"": ""Валюта"",
          ""name"": ""Валюта"",
          ""types"": [
            {
              ""type"": ""Ref"",
              ""id"": ""Справочник.Валюты""
            }
          ]
        }
      ],
      ""Resources"": [
        {
          ""id"": ""Сумма"",
          ""name"": ""Сумма"",
          ""types"": [
            {
              ""type"": ""Number"",
              ""NumberQualifiers"": ""10.2""
            }
          ]
        }
      ]
    }
  ]
}",task_009,server,high,,"Функция ПросроченныеДолги(Дата, МинДолг, СрокДолга)
	
	Запрос = Новый Запрос;
	Запрос.Текст = 
	""ВЫБРАТЬ
	|	ВзаиморасчетыОстатки.Контрагент КАК Контрагент,
	|	ВзаиморасчетыОстатки.СуммаОстаток КАК ДолгВсего
	|ПОМЕСТИТЬ ВТ_Балансы
	|ИЗ
	|	РегистрНакопления.Взаиморасчеты.Остатки(&Дата, ) КАК ВзаиморасчетыОстатки
	|ГДЕ
	|	ВзаиморасчетыОстатки.СуммаОстаток > &МинДолг
	|
	|ИНДЕКСИРОВАТЬ ПО
	|	Контрагент
	|;
	|
	|////////////////////////////////////////////////////////////////////////////////
	|ВЫБРАТЬ
	|	ВзаиморасчетыОбороты.Контрагент КАК Контрагент,
	|	КОНЕЦПЕРИОДА(ВзаиморасчетыОбороты.Период, ДЕНЬ) КАК Период,
	|	СУММА(ВзаиморасчетыОбороты.СуммаПриход) КАК СуммаПриход
	|ПОМЕСТИТЬ ВТ_Приход
	|ИЗ
	|	РегистрНакопления.Взаиморасчеты.Обороты(, &Дата, ДвиженияИГраницы, , , , Контрагент, ПериодДень) КАК ВзаиморасчетыОбороты
	|		ВНУТРЕННЕЕ СОЕДИНЕНИЕ ВТ_Балансы
	|		ПО Взаиморасчеты"
"создай функцию СоздатьИнтернетПочтовоеСообщение(Письмо, Отправитель)
Параметры:
 - Письмо - СправочникСсылка.ИсходящиеПисьма - элемент справочника, на основании которого
			следует оформить объект системы ИнтернетПочтовоеСообщение для дальнейшей
				отправки с помощью механизмов интернет почты.
- Отправитель - Строка – email отправителя почтового сообщения

Возвращаемое значение:
    Объект ИнтернетПочтовоеСообщение. Содержит почтовое сообщение, готовое к отправке.","{
  ""Catalogs"": [
    {
      ""id"": ""ИсходящиеПисьма"",
      ""name"": ""Исходящие письма"",
      ""Attributes"": [
        {
          ""id"": ""Дата"",
          ""name"": ""Дата"",
          ""types"": [
            {
              ""type"": ""Date""
            }
          ]
        },
        {
          ""id"": ""Получатель"",
          ""name"": ""Получатель"",
          ""types"": [
            {
              ""type"": ""String"",
              ""StringQualifiers"": ""0""
            }
          ]
        },
        {
          ""id"": ""Содержимое"",
          ""name"": ""Содержимое"",
          ""types"": []
        },
        {
          ""id"": ""Текст"",
          ""name"": ""Текст"",
          ""types"": [
            {
              ""type"": ""String"",
              ""StringQualifiers"": ""0""
            }
          ]
        },
        {
          ""id"": ""Контрагент"",
          ""name"": ""Контрагент"",
          ""types"": [
            {
              ""type"": ""Ref"",
              ""id"": ""Справочник.Контрагенты""
            }
          ]
        }
      ],
      ""TabularSections"": [
        {
          ""id"": ""Получатели"",
          ""name"": ""Получатели"",
          ""Attributes"": [
            {
              ""id"": ""ЭлектроннаяПочта"",
              ""name"": ""Электронная почта"",
              ""types"": [
                {
                  ""type"": ""String"",
                  ""StringQualifiers"": ""1000""
                }
              ]
            }
          ]
        }
      ]
    }
  ]
}",task_010,server,mid,,"Функция СоздатьИнтернетПочтовоеСообщение(Письмо, Отправитель)
    
    ПочтовоеСообщение = Новый ИнтернетПочтовоеСообщение;
    
    // Устанавливаем отправителя
    ПочтовоеСообщение.Отправитель = Отправитель;
    
    // Тема письма (используем Наименование как тему)
    ПочтовоеСообщение.Тема = Письмо.Наименование;
    
    // Устанавливаем текст письма
    ТекстСообщения = ПочтовоеСообщение.Тексты.Добавить();
    ТекстСообщения.Текст = Письмо.Текст;
    ТекстСообщения.ТипТекста = ТипТекстаПочтовогоСообщения.ПростойТекст;
    
    // Добавляем получателей из табличной части ""Получатели""
    Для Каждого СтрокаПолучатель Из Письмо.Получатели Цикл
        Если ЗначениеЗаполнено(СтрокаПолучатель.ЭлектроннаяПочта) Тогда
            ПочтовоеСообщение.Получатели.Добавить(СтрокаПолучатель.ЭлектроннаяПочта);
        КонецЕсли;
    КонецЦикла;
    
    // Если получателей в табличной части нет, добавляем из реквизита ""Получатель""
    Если ПочтовоеСообщение.Получатели.Количество() = 0 И ЗначениеЗаполнено(Письмо.Получатель) Тогда
        ПочтовоеСообщение.Получатели.Добавить(Письмо.Получатель);
    КонецЕсли;
    
    Возврат ПочтовоеСообщение;
    
КонецФункции"
"Создай функцию СоздатьДвиженияРегистраПродажи(ДокументСсылка), которая удаляет текущие движения документа и записывает новые движения регистра накопления «Продажи» 
по табличной части «Товары» документа ""РасходТовара""","{
  ""Catalogs"": [
    {
      ""id"": ""ИсходящиеПисьма"",
      ""name"": ""Исходящие письма"",
      ""Attributes"": [
        {
          ""id"": ""Дата"",
          ""name"": ""Дата"",
          ""types"": [
            {
              ""type"": ""Date""
            }
          ]
        },
        {
          ""id"": ""Получатель"",
          ""name"": ""Получатель"",
          ""types"": [
            {
              ""type"": ""String"",
              ""StringQualifiers"": ""0""
            }
          ]
        },
        {
          ""id"": ""Содержимое"",
          ""name"": ""Содержимое"",
          ""types"": []
        },
        {
          ""id"": ""Текст"",
          ""name"": ""Текст"",
          ""types"": [
            {
              ""type"": ""String"",
              ""StringQualifiers"": ""0""
            }
          ]
        },
        {
          ""id"": ""Контрагент"",
          ""name"": ""Контрагент"",
          ""types"": [
            {
              ""type"": ""Ref"",
              ""id"": ""Справочник.Контрагенты""
            }
          ]
        }
      ],
      ""TabularSections"": [
        {
          ""id"": ""Получатели"",
          ""name"": ""Получатели"",
          ""Attributes"": [
            {
              ""id"": ""ЭлектроннаяПочта"",
              ""name"": ""Электронная почта"",
              ""types"": [
                {
                  ""type"": ""String"",
                  ""StringQualifiers"": ""1000""
                }
              ]
            }
          ]
        }
      ]
    }
  ]
}",task_011,server,low,,"Функция СоздатьДвиженияРегистраПродажи(ДокументСсылка)
    
    ДокументОбъект = ДокументСсылка.ПолучитьОбъект();
    
    // Удаляем текущие движения документа по регистру Продажи
    ДокументОбъект.Движения.Продажи.Очистить();
    
    // Получаем данные из табличной части Товары через запрос
    Запрос = Новый Запрос;
    Запрос.Текст = 
    ""ВЫБРАТЬ
    |	РасходТовараТовары.Номенклатура КАК Номенклатура,
    |	РасходТовараТовары.Количество КАК Количество,
    |	РасходТовараТовары.Сумма КАК Сумма
    |ИЗ
    |	Документ.РасходТовара.Товары КАК РасходТовараТовары
    |ГДЕ
    |	РасходТовараТовары.Ссылка = &Ссылка"";
    
    Запрос.УстановитьПараметр(""Ссылка"", ДокументСсылка);
    
    РезультатЗапроса = Запрос.Выполнить();
    Выборка = РезультатЗапроса.Выбрать();
    
    // Создаем новые движения по регистру Продажи
    Пока Выборка.Следующий() Цикл
        
        Движение = ДокументОбъект.Движения.Продажи.Добавить();
        Движение.Период = ДокументОбъект.Дата;
        Движение.Номенклатура = Выборка.Номенклатура;
        Движение.Количество = Выборка.Количество;
        Движение.Сумма = Выборка.Сумма;
        
    КонецЦикла;
    
    // Записываем движения
    ДокументОбъект.Движения.Продажи.Записать();
    
КонецФункции"
"Создай функцию ЗаменитьНоменклатуру(НоменклатураИсточник, НоменклатураЗамены, ДатаС, ДатаПо), которая находит документы ""Заказ"" в заданном интервале и в табличной части ""Товары"" 
заменяет номенклатуру НоменклатураИсточник на НоменклатураЗамены, оставляяя все прочие реквизиты низменными. Если в документе была хоть одна замена, и джокумент был проведен, документ перепроводится. 
Если документ помечен на удаление, пропускаем его. ","{
  ""Documents"": [
    {
      ""id"": ""Заказ"",
      ""properties"": [
        ""Номер"": ""string"",
        ""Дата"": ""date"",
        ""Клиент"": ""Ref.Контрагенты"",
        ""Склад"": ""Ref.Склады"",
      ],
      ""tabularSections"": [
        {
          ""Товары"": [
            ""Товар"": ""Ref.Товары"",
            ""Количество"": ""number"",
            ""Цена"": ""number"",
            ""Сумма"": ""number""
          ]
        }
      ]
    }
  ]
}",task_012,server,low,,"Функция ЗаменитьНоменклатуру(НоменклатураИсточник, НоменклатураЗамены, ДатаС, ДатаПо)
	
	Запрос = Новый Запрос;
	Запрос.Текст = 
	""ВЫБРАТЬ РАЗЛИЧНЫЕ
	|    Заказ.Ссылка КАК Ссылка,
	|    Заказ.Проведен КАК Проведен
	|ИЗ
	|    Документ.Заказ КАК Заказ
	|    ВНУТРЕННЕЕ СОЕДИНЕНИЕ Документ.Заказ.Товары КАК ЗаказТовары
	|        ПО Заказ.Ссылка = ЗаказТовары.Ссылка
	|ГДЕ
	|    Заказ.Дата МЕЖДУ &ДатаС И &ДатаПо
	|    И Заказ.ПометкаУдаления = ЛОЖЬ
	|    И ЗаказТовары.Товар = &НоменклатураИсточник"";
	
	// Устанавливаем параметры запроса с учетом границ дня для корректной фильтрации по датам
	Запрос.Установить(""ДатаС"", НачалоДня(ДатаС));
	Запрос.Установить(""ДатаПо"", КонецДня(ДатаПо));
	Запрос.Установить(""НоменклатураИсточник"", НоменклатураИсточник);
	
	РезультатЗапроса = Запрос.Выполнить();
	Выборка = РезультатЗапроса.Выбрать();
	
	Пока Выборка.Следующий() Цикл
		
		// Получаем объект документа для изменения
		ДокументОбъект = Выборка.Ссылка.ПолучитьОбъект();
		БылаЗамена = Ложь;
		
		// Перебираем строки табличной части ""Товары""
		Для Каждого СтрокаТовар Из ДокументОбъект.Товары Цикл
			Если СтрокаТовар.Товар = НоменклатураИсточник Тогда
				СтрокаТовар.Товар = НоменклатураЗамены;
				БылаЗамена = Истина;
			КонецЕсли;
		КонецЦикла;
		
		// Если хотя бы одна замена произошла, сохраняем изменения
		Если БылаЗамена Тогда
			
			Попытка
				// Если документ был проведен, перепроводим его
				Если Выборка.Проведен Тогда
					ДокументОбъект.Записать(РежимЗаписиДокумента.Проведение);
				Иначе
					// Если документ не был проведен, просто записываем без проведения
					ДокументОбъект.Записать(РежимЗаписиДокумента.Запись);
				КонецЕсли;
			Исключение
				// В реальной задаче здесь стоит добавить логирование ошибки 
				// или вывод сообщения пользователю, чтобы не прерывать цикл silently
				// Сообщить(ОписаниеОшибки(), СтатусСообщения.Важное);
			КонецПопытки;
			
		КонецЕсли;
		
	КонецЦикл;
	
КонецФункции"
"Создай функцию РасчетКомиссииМенеджера(ТаблицаКомиссий, Процент, ДатаС, ДатаПо), которая находит документы ""Заказ"" в заданном интервале и вычисляет комиссию менеджера исходя из сумм в табличной части Товары
1) Смотрим только проведенные заказы
2) Сумма заказа - это сумма всех строк по реквизиту Сумма
3) Комиссия менеджера - сумма всех заказов менеджера (реквизит Автор) в периоде, умноженная на Процент
Функция должна заполнить таблицу ТаблицаКомиссий, где должно быть три колонки: Менеджер (из реквизита Автор), СуммаЗаказов, Комиссия. Менеджер в таблице должен быть уникальным, один менеджер - одна строка ","{
  ""Documents"": [
    {
      ""id"": ""Заказ"",
      ""properties"": [
        ""Номер"": ""string"",
        ""Дата"": ""date"",
        ""Клиент"": ""Ref.Контрагенты"",
        ""Склад"": ""Ref.Склады"",
        ""Автор"": ""Ref.Пользователи"",
      ],
      ""tabularSections"": [
        {
          ""Товары"": [
            ""Товар"": ""Ref.Товары"",
            ""Количество"": ""number"",
            ""Цена"": ""number"",
            ""Сумма"": ""number""
          ]
        }
      ]
    }
  ]
}",task_013,server,mid,,"Функция РасчетКомиссииМенеджера(ТаблицаКомиссий, Процент, ДатаС, ДатаПо)
    
    // Подготовка таблицы комиссий
    ТаблицаКомиссий.Очистить();
    
    Если ТаблицаКомиссий.Колонки.Количество() = 0 Тогда
        ТаблицаКомиссий.Колонки.Добавить(""Менеджер"");
        ТаблицаКомиссий.Колонки.Добавить(""СуммаЗаказов"");
        ТаблицаКомиссий.Колонки.Добавить(""Комиссия"");
    КонецЕсли;
    
    Запрос = Новый Запрос;
    Запрос.Текст = 
    ""ВЫБРАТЬ
    |	Заказ.Автор КАК Менеджер,
    |	СУММА(ЗаказТовары.Сумма) КАК СуммаЗаказов
    |ИЗ
    |	Документ.Заказ КАК Заказ
    |		ВНУТРЕННЕЕ СОЕДИНЕНИЕ Документ.Заказ.Товары КАК ЗаказТовары
    |		ПО Заказ.Ссылка = ЗаказТовары.Ссылка
    |ГДЕ
    |	Заказ.Проведен = ИСТИНА
    |	И Заказ.Дата МЕЖДУ &ДатаС И &ДатаПо
    |
    |СГРУППИРОВАТЬ ПО
    |	Заказ.Автор"";
    
    Запрос.УстановитьПараметр(""ДатаС"", ДатаС);
    Запрос.УстановитьПараметр(""ДатаПо"", ДатаПо);
    
    Результат = Запрос.Выполнить();
    
    Выборка = Результат.Выбрать();
    Пока Выборка.Следующий() Цикл
        НоваяСтрока = ТаблицаКомиссий.Добавить();
        НоваяСтрока.Менеджер = Выборка.Менеджер;
        НоваяСтрока.СуммаЗаказов = Выборка.СуммаЗаказов;
        НоваяСтрока.Комиссия = Выборка.СуммаЗаказов * Процент / 100;
    КонецЦикла;
    
    Возврат ТаблицаКомиссий;
    
КонецФункции"
"Создай функцию ПолучитьШиринуВысотуКартинкиИзФайлаJPEG(ИмяФайла), которая считывает jpeg файл и возвращает структуру с данными 
{ ""Высота"": <высота картинки в пикселах>, ""Ширина"": <ширина картинки в пикселах>} ",,task_014,server,high,,"// Функция получает ширину и высоту картинки из JPEG файла
// Возвращает структуру с полями ""Высота"" и ""Ширина"" (в пикселях)
// Если файл не является JPEG или произошла ошибка, возвращает 0 для обоих значений
Функция ПолучитьШиринуВысотуКартинкиИзФайлаJPEG(ИмяФайла)
    
    Результат = Новый Структура(""Высота, Ширина"", 0, 0);
    
    Чтение = Неопределено;
    Поток = Неопределено;
    
    Попытка
        // Читаем файл в двоичные данные
        ДвоичныеДанные = Новый ДвоичныеДанные(ИмяФайла);
        Поток = Новый ПотокВПамяти(ДвоичныеДанные);
        Чтение = Новый ЧтениеДанных(Поток);
        
        // Проверяем сигнатуру JPEG (0xFF 0xD8 - Start of Image)
        Если Чтение.ПрочитатьБайт() <> 255 ИЛИ Чтение.ПрочитатьБайт() <> 216 Тогда
            ВызватьИсключение ""Файл не является изображением JPEG"";
        КонецЕсли;
        
        // Ищем маркер Start of Frame (SOF), который содержит размеры изображения
        Пока Истина Цикл
            
            // Читаем начало маркера (должно быть 0xFF)
            Если Чтение.ПрочитатьБайт() <> 255 Тогда
                Прервать; // Некорректный формат или конец файла
            КонецЕсли;
            
            // Читаем тип маркера (пропускаем padding байты 0xFF)
            ТипМаркера = Чтение.ПрочитатьБайт();
            Пока ТипМаркера = 255 Цикл
                ТипМаркера = Чтение.ПрочитатьБайт();
            КонецЦикла;
            
            // SOF маркеры: 0xC0-0xC3 (192-195)
            // SOF0 = Baseline DCT, SOF1 = Extended sequential DCT
            // SOF2 = Progressive DCT, SOF3 = Lossless
            Если ТипМаркера >= 192 И ТипМаркера <= 195 Тогда
                
                // Длина сегмента (2 байта, формат big-endian)
                ДлинаСегмента = Чтение.ПрочитатьБайт() * 256 + Чтение.ПрочитатьБайт();
                
                // Пропускаем точность данных (1 байт)
                Чтение.ПрочитатьБайт();
                
                // Высота изображения (2 байта, формат big-endian)
                Высота = Чтение.ПрочитатьБайт() * 256 + Чтение.ПрочитатьБайт();
                
                // Ширина изображения (2 байта, формат big-endian)
                Ширина = Чтение.ПрочитатьБайт() * 256 + Чтение.ПрочитатьБайт();
                
                Результат.Высота = Высота;
                Результат.Ширина = Ширина;
                Прервать;
                
            ИначеЕсли ТипМаркера = 217 Тогда
                // EOI (End of Image) - достигли конца файла, SOF не найден
                Прервать;
                
            ИначеЕсли ТипМаркера = 218 Тогда
                // SOS (Start of Scan) - SOF должен быть перед SOS
                // Если мы здесь, значит SOF не найден (некорректный JPEG)
                Прервать;
                
            ИначеЕсли ТипМаркера >= 208 И ТипМаркера <= 215 ИЛИ ТипМаркера = 1 Тогда
                // RST0-RST7 (маркеры перезапуска) или TEM - без длины сегмента
                Продолжить;
                
            Иначе
                // Другие маркеры (APP0-APP15, DQT, DHT, DRI и др.)
                // Все они имеют длину сегмента - пропускаем данные
                ДлинаСегмента = Чтение.ПрочитатьБайт() * 256 + Чтение.ПрочитатьБайт();
                Если ДлинаСегмента > 2 Тогда
                    Чтение.Прочитать(ДлинаСегмента - 2);
                КонецЕсли;
                
            КонецЕсли;
            
        КонецЦикла;
        
    Исключение
        // В случае ошибки возвращаем структуру с нулевыми значениями
        Результат.Высота = 0;
        Результат.Ширина = 0;
    КонецПопытки;
    
    // Закрываем ресурсы
    Попытка
        Если Чтение <> Неопределено Тогда
            Чтение.Закрыть();
        КонецЕсли;
    Исключение
    КонецПопытки;
    
    Попытка
        Если Поток <> Неопределено Тогда
            Поток.Закрыть();
        КонецЕсли;
    Исключение
    КонецПопытки;
    
    Возврат Результат;
    
КонецФункции"
"Создай функцию ИзвлечьПартииФИФО(ТаблицаПартий, Сумма), которая возвращает таблицу партий на заданную сумму.
1) ТаблицаПартий имеет колонки ""Партия"", ""Дата"" типа Дата+Время, ""Сумма"" типа Число(14, 2)      
2) Нужно вернуть таблицу с аналогичными колонками, в которой будет список партий, идущих во времени первыми, которые в сумме дают Сумма
3) Если сумма накопленныех партий превышают требуемую, сумму последней по времени партии нужно подогнать, чтобы общаяя сумма сошлась с требуемым значением",,task_015,server,mid,,"Функция ИзвлечьПартииФИФО(ТаблицаПартий, Сумма)
	
	// Создаем таблицу результатов с аналогичной структурой
	ТаблицаРезультат = Новая ТаблицаЗначений;
	ТаблицаРезультат.Колонки.Добавить(""Партия"");
	ТаблицаРезультат.Колонки.Добавить(""Дата"", Новый ОписаниеТипов(""Дата""));
	ТаблицаРезультат.Колонки.Добавить(""Сумма"", Новый ОписаниеТипов(""Число"", , , Новый КвалификаторыЧисла(14, 2)));
	
	// Если требуемая сумма равна нулю или отрицательная, или таблица партий пуста - возвращаем пустую таблицу
	Если Сумма <= 0 Или ТаблицаПартий.Количество() = 0 Тогда
		Возврат ТаблицаРезультат;
	КонецЕсли;
	
	// Сортируем партии по дате (ФИФО - первые во времени идут первыми)
	ТаблицаПартий.Сортировать(""Дата Возр"");
	
	ОстатокСуммы = Сумма;
	
	Для Каждого СтрокаПартии Из ТаблицаПартий Цикл
		
		Если ОстатокСуммы <= 0 Тогда
			Прервать;
		КонецЕсли;
		
		НоваяСтрока = ТаблицаРезультат.Добавить();
		НоваяСтрока.Партия = СтрокаПартии.Партия;
		НоваяСтрока.Дата   = СтрокаПартии.Дата;
		
		Если СтрокаПартии.Сумма <= ОстатокСуммы Тогда
			// Партия полностью входит в требуемую сумму
			НоваяСтрока.Сумма = СтрокаПартии.Сумма;
			ОстатокСуммы = ОстатокСуммы - СтрокаПартии.Сумма;
		Иначе
			// Партия превышает остаток требуемой суммы - берем только нужную часть
			НоваяСтрока.Сумма = ОстатокСуммы;
			ОстатокСуммы = 0;
		КонецЕсли;
		
	КонецЦикла;
	
	Возврат ТаблицаРезультат;
	
КонецФункции"
"Создай функцию ДополнитьТаблицуЗначениямиИзВторой(Таблица1, Таблица2, КолонкаУникальности), которая добавляет в начало первой ТЗ значения из второй ТЗ с обеспечением уникальности значения в колонке КолонкаУникальности
1) колонки обеих ТЗ совпадают   
2) Значения в КолонкаУникальности заполнены в обеих таблицах
",,task_016,server,mid,,"// Функция добавляет в начало первой таблицы значений строки из второй таблицы,
// обеспечивая уникальность значений в указанной колонке.
// Если во второй таблице есть дубли по колонке уникальности, берется первое вхождение.
// Строки первой таблицы, дублирующие значения из второй, удаляются,
// чтобы итоговый порядок был: уникальные строки из Т2, затем оставшиеся строки из Т1.
Функция ДополнитьТаблицуЗначениямиИзВторой(Таблица1, Таблица2, КолонкаУникальности) Экспорт
	
	УникальныеЗначенияТ2 = Новый Соответствие;
	МассивСтрокДляВставки = Новый Массив;
	
	// 1. Собираем уникальные строки из Таблицы2 (сохраняем порядок первых вхождений)
	Для Каждого СтрокаТ2 Из Таблица2 Цикл
		ЗначениеКлюча = СтрокаТ2[КолонкаУникальности];
		Если УникальныеЗначенияТ2.Получить(ЗначениеКлюча) = Неопределено Тогда
			УникальныеЗначенияТ2.Вставить(ЗначениеКлюча, СтрокаТ2);
			МассивСтрокДляВставки.Добавить(СтрокаТ2);
		КонецЕсли;
	КонецЦикла;
	
	// Если в Таблице2 нет строк, ничего делать не нужно
	Если МассивСтрокДляВставки.Количество() = 0 Тогда
		Возврат Таблица1;
	КонецЕсли;
	
	// 2. Удаляем из Таблицы1 строки, дублирующие значения из Таблицы2
	// Идем с конца, чтобы корректно удалять по индексу без смещения еще не обработанных строк
	Для Инд = Таблица1.Количество() - 1 По 0 Шаг -1 Цикл
		СтрокаТ1 = Таблица1[Инд];
		ЗначениеКлюча = СтрокаТ1[КолонкаУникальности];
		Если УникальныеЗначенияТ2.Получить(ЗначениеКлюча) <> Неопределено Тогда
			Таблица1.Удалить(Инд);
		КонецЕсли;
	КонецЦикла;
	
	// 3. Вставляем уникальные строки из Таблицы2 в начало Таблицы1
	// Идем с конца массива, чтобы при вставке с индексом 0 порядок сохранился
	Для Инд = МассивСтрокДляВставки.Количество() - 1 По 0 Шаг -1 Цикл
		НоваяСтрока = Таблица1.Вставить(0);
		ЗаполнитьЗначенияСвойств(НоваяСтрока, МассивСтрокДляВставки[Инд]);
	КонецЦикл;
	
	Возврат Таблица1;
	
КонецФункции"
"Создай функцию ОбъектВСтруктуру(ОбъектДанных) принимает на вход объект и возвращает структуру с данными полученными из этого объекта 
1) Если у объекта есть табличные части, реквизиты и значения каждой табличной части должны быть представлены как массив со структурами
2) Стандартные реквизиты (Код, Наименование, Дата, и т.д.) тоже должный быть в структуре ответа
3) Общий вид выходной структуры 
{ ""Реквизит1"": ЗначениеРеквизита1, 
...    
""РеквизитN"": ЗначениеРеквизитаN,
""ТабличныеЧасти"": [  
	{ 
		""ИмяТабличнойЧасти1"": [ 
			{
				""Реквизит1ТабличнойЧасти1"": ЗначениеРеквизита1ВСтроке1,     
				""Реквизит2ТабличнойЧасти1"": ЗначениеРеквизита2ВСтроке1,  
				...
			},
			{
				""Реквизит1ТабличнойЧасти1"": ЗначениеРеквизита1ВСтроке2,     
				""Реквизит2ТабличнойЧасти1"": ЗначениеРеквизита2ВСтроке2,  
				...
			},	
		]
	}
]
}",,task_017,server,high,,"Функция ОбъектВСтруктуру(ОбъектДанных)
    
    // Если на вход передана ссылка, а не объект, получаем объект для доступа к табличным частям
    Если Не Найти(Строка(ТипЗнч(ОбъектДанных)), ""Объект"") > 0 Тогда
        ОбъектДанных = ОбъектДанных.ПолучитьОбъект();
        Если ОбъектДанных = Неопределено Тогда
            ВызватьИсключение ""Не удалось получить объект из ссылки. Возможно, элемент был удален."";
        КонецЕсли;
    КонецЕсли;
    
    Результат = Новый Структура;
    
    // 1. Обработка стандартных реквизитов
    МассивСтандартныхРеквизитов = Новый Массив;
    МассивСтандартныхРеквизитов.Добавить(""Код"");
    МассивСтандартныхРеквизитов.Добавить(""Наименование"");
    МассивСтандартныхРеквизитов.Добавить(""Номер"");
    МассивСтандартныхРеквизитов.Добавить(""Дата"");
    МассивСтандартныхРеквизитов.Добавить(""ПометкаУдаления"");
    МассивСтандартныхРеквизитов.Добавить(""Проведен"");
    МассивСтандартныхРеквизитов.Добавить(""Владелец"");
    МассивСтандартныхРеквизитов.Добавить(""Родитель"");
    МассивСтандартныхРеквизитов.Добавить(""ЭтоГруппа"");
    
    Для Каждого ИмяРеквизита Из МассивСтандартныхРеквизитов Цикл
        Попытка
            Результат.Вставить(ИмяРеквизита, ОбъектДанных[ИмяРеквизита]);
        Исключение
            // Стандартный реквизит не найден в данном объекте (например, ""Дата"" у справочника), пропускаем
        КонецПопытки;
    КонецЦикла;
    
    // 2. Обработка дополнительных реквизитов объекта
    Для Каждого Реквизит Из ОбъектДанных.Метаданные().Реквизиты Цикл
        Результат.Вставить(Реквизит.Имя, ОбъектДанных[Реквизит.Имя]);
    КонецЦикла;
    
    // 3. Обработка табличных частей
    МассивТЧ = Новый Массив;
    Для Каждого ТЧ Из ОбъектДанных.Метаданные().ТабличныеЧасти Цикл
        ИмяТЧ = ТЧ.Имя;
        МассивСтрокТЧ = Новый Массив;
        
        Для Каждого СтрокаТЧ Из ОбъектДанных[ИмяТЧ] Цикл
            СтрокаСтруктура = Новый Структура;
            // Добавляем номер строки для сохранения порядка и полноты данных
            СтрокаСтруктура.Вставить(""НомерСтроки"", СтрокаТЧ.НомерСтроки);
            
            Для Каждого РеквизитТЧ Из ТЧ.Реквизиты Цикл
                СтрокаСтруктура.Вставить(РеквизитТЧ.Имя, СтрокаТЧ[РеквизитТЧ.Имя]);
            КонецЦикла;
            
            МассивСтрокТЧ.Добавить(СтрокаСтруктура);
        КонецЦикла;
        
        // Формируем структуру для текущей табличной части
        СтруктураТЧ = Новый Структура;
        СтруктураТЧ.Вставить(ИмяТЧ, МассивСтрокТЧ);
        
        // Добавляем в общий массив табличных частей
        МассивТЧ.Добавить(СтруктураТЧ);
    КонецЦикла;
    
    // Добавляем массив табличных частей в итоговую структуру
    Результат.Вставить(""ТабличныеЧасти"", МассивТЧ);
    
    Возврат Результат;
    
КонецФункции"
"Создай функцию СкачкиЦен(Процент) Которая возвращает таблицу значений с колонками Товар, ЦенаБыла, ЦенаСтала, ДатаИзменения. 
В таблицу помещаются все ситуации, когда рост цен от одной записи к другой по одному товару больше чем Процент. Использовать запрос","{
  ""InformationRegisters"": [
    {
      ""id"": ""ЦеныТоваров"",
      ""name"": ""Цены товаров"",
      ""InformationRegisterPeriodicity"": ""Day"",
      ""WriteMode"": ""Independent"",
      ""Dimensions"": [
        {
          ""id"": ""Товар"",
          ""name"": ""Товар"",
          ""types"": [
            {
              ""type"": ""Ref"",
              ""id"": ""Справочник.Товары""
            }
          ]
        },
        {
          ""id"": ""ВидЦен"",
          ""name"": ""Вид цен"",
          ""types"": [
            {
              ""type"": ""Ref"",
              ""id"": ""Справочник.ВидыЦен""
            }
          ]
        }
      ],
      ""Resources"": [
        {
          ""id"": ""Цена"",
          ""name"": ""Цена"",
          ""types"": [
            {
              ""type"": ""Number"",
              ""NumberQualifiers"": ""10.2""
            }
          ]
        }
      ]
    }
  ]
}",task_018,server,mid,,"Функция СкачкиЦен(Процент)
	
	Запрос = Новый Запрос;
	Запрос.Текст = 
	""ВЫБРАТЬ 
	|	ЦеныТоваров.Товар КАК Товар,
	|	ЦеныТоваров.ВидЦен КАК ВидЦен,
	|	ЦеныТоваров.Период КАК ДатаИзменения,
	|	ЦеныТоваров.Цена КАК ЦенаСтала,
	|	ЛЕД(ЦеныТоваров.Цена, 1, NULL) РАЗДЕЛИТЬ ПО 
	|		ЦеныТоваров.Товар, 
	|		ЦеныТоваров.ВидЦен 
	|	УПОРЯДОЧИТЬ ПО 
	|		ЦеныТоваров.Период КАК ЦенаБыла
	|ПОМЕСТИТЬ ВТЦеныСПредыдущей
	|ИЗ 
	|	РегистрСведений.ЦеныТоваров КАК ЦеныТоваров
	|
	|ВЫБРАТЬ 
	|	ВТЦеныСПредыдущей.Товар КАК Товар,
	|	ВТЦеныСПредыдущей.ЦенаБыла КАК ЦенаБыла,
	|	ВТЦеныСПредыдущей.ЦенаСтала КАК ЦенаСтала,
	|	ВТЦеныСПредыдущей.ДатаИзменения КАК ДатаИзменения
	|ИЗ 
	|	ВТЦеныСПредыдущей КАК ВТЦеныСПредыдущей
	|ГДЕ 
	|	ВТЦеныСПредыдущей.ЦенаБыла > 0
	|	И (ВТЦеныСПредыдущей.ЦенаСтала - ВТЦеныСПредыдущей.ЦенаБыла) * 100.0 / ВТЦеныСПредыдущей.ЦенаБыла > &Процент"";
	
	Запрос.УстановитьПараметр(""Процент"", Процент);
	
	Результат = Запрос.Выполнить();
	
	Возврат Результат.Выгрузить();
	
КонецФункции"
"Создай функцию ПересеченияРемонтов() которая возвращает пересечения периода ремонтов разных складов из регистра сведений ПериодыРемонтаСкладов
Возвращает таблицу значений с колонками Склад1, Склад2, НачалоПериода, КонецПериода. 
Где Склад1 и Склад2 - значения двух складов, периоды которых пересекаются, 
НачалоПериода и КонецПериода - начало и конец периодов пересечения.
Пример 
""Склад новый"" - ремонт с 12.08.2025 по 24.08.2025  
""Склад старый"" - ремонт с 22.08.2025 по 04.09.2025 

Результат: 
Склад1: ""Склад новый""
Склад2: ""Склад старый""   
НачалоПериода: 22.08.2025 
КонецПериода: 24.08.2025    

Результирующую таблицу отсортировать по возрастанию НачалоПериода                             

","{
  ""InformationRegisters"": [
    {
      ""id"": ""ПериодыРемонтаСкладов"",
      ""name"": ""Периоды ремонта складов"",
      ""InformationRegisterPeriodicity"": null,
      ""WriteMode"": ""Independent"",
      ""Dimensions"": [
        {
          ""id"": ""Склад"",
          ""name"": ""Склад"",
          ""types"": [
            {
              ""type"": ""Ref"",
              ""id"": ""Справочник.Склады""
            }
          ]
        },
        {
          ""id"": ""Начало"",
          ""name"": ""Начало"",
          ""types"": [
            {
              ""type"": ""Date""
            }
          ]
        },
        {
          ""id"": ""Окончание"",
          ""name"": ""Окончание"",
          ""types"": [
            {
              ""type"": ""Date""
            }
          ]
        }

      ],
      ""Resources"": []
    }
  ]
}
 
",task_019,server,mid,,"Функция ПересеченияРемонтов()
    
    Запрос = Новый Запрос;
    Запрос.Текст = 
    ""ВЫБРАТЬ 
    |   т1.Склад КАК Склад1,
    |   т2.Склад КАК Склад2,
    |   ВЫБОР 
    |       КОГДА т1.Начало > т2.Начало 
    |           ТОГДА т1.Начало 
    |           ИНАЧЕ т2.Начало 
    |   КОНЕЦ КАК НачалоПериода,
    |   ВЫБОР 
    |       КОГДА т1.Окончание < т2.Окончание 
    |           ТОГДА т1.Окончание 
    |           ИНАЧЕ т2.Окончание 
    |   КОНЕЦ КАК КонецПериода
    |ИЗ 
    |   РегистрСведений.ПериодыРемонтаСкладов КАК т1
    |       ВНУТРЕННЕЕ СОЕДИНЕНИЕ РегистрСведений.ПериодыРемонтаСкладов КАК т2
    |       ПО т1.Склад <> т2.Склад
    |           И т1.Начало <= т2.Окончание
    |           И т2.Начало <= т1.Окончание
    |
    |УПОРЯДОЧИТЬ ПО 
    |   НачалоПериода"";
    
    Результат = Запрос.Выполнить();
    
    Возврат Результат.Выгрузить();
    
КонецФункции"
"Создай функцию СформироватьОтчетПолучитьОстаток(Склад, Товар, Строка, Колонка) которая формирует отчет на сервере ""ОстаткиТоваровНаСкладах"" с отбором по складу и товару, 
и возвращает числовое значение из указанной ячейки табличного документа.  

Отчет ОстаткиТоваровНаСкладах сделан на СКД, основная схема которого имеет поля Склад и Товар для отбора.

Параметры функции:
- Склад - ссылка на элемент справочника Склады для отбора
- Товар - ссылка на элемент справочника Товары для отбора
- Строка - номер строки в табличном документе
- Колонка - номер колонки в табличном документе

Возвращаемое значение: целое число из указанной ячейки табличного документа.                           

",,task_020,server,high,,"&НаСервере
Функция СформироватьОтчетПолучитьОстаток(Склад, Товар, Строка, Колонка)
	
	// Создание объекта отчета и получение макета СКД
	ОтчетОбъект = Отчеты.ОстаткиТоваровНаСкладах.Создать();
	СхемаКомпоновкиДанных = ОтчетОбъект.ПолучитьМакет(""ОсновнаяСхемаКомпоновкиДанных"");
	
	// Инициализация компоновщика настроек для корректной работы с отборами
	КомпоновщикНастроек = Новый КомпоновщикНастроекКомпоновкиДанных;
	ИсточникДоступныхНастроек = Новый ИсточникДоступныхНастроекКомпоновкиДанных(СхемаКомпоновкиДанных);
	КомпоновщикНастроек.Инициализировать(ИсточникДоступныхНастроек);
	КомпоновщикНастроек.ЗагрузитьНастройки(СхемаКомпоновкиДанных.НастройкиПоУмолчанию);
	
	НастройкиКомпоновки = КомпоновщикНастроек.Настройки;
	
	// Установка отбора по Складу
	ЭлементОтбораСклад = НастройкиКомпоновки.Отбор.Элементы.Добавить(Тип(""ЭлементОтбораКомпоновкиДанных""));
	ЭлементОтбораСклад.ЛевоеЗначение  = Новый ПолеКомпоновкиДанных(""Склад"");
	ЭлементОтбораСклад.ВидСравнения   = ВидСравненияКомпоновкиДанных.Равно;
	ЭлементОтбораСклад.ПравоеЗначение = Склад;
	ЭлементОтбораСклад.Использование  = Истина;
	
	// Установка отбора по Товару
	ЭлементОтбораТовар = НастройкиКомпоновки.Отбор.Элементы.Добавить(Тип(""ЭлементОтбораКомпоновкиДанных""));
	ЭлементОтбораТовар.ЛевоеЗначение  = Новый ПолеКомпоновкиДанных(""Товар"");
	ЭлементОтбораТовар.ВидСравнения   = ВидСравненияКомпоновкиДанных.Равно;
	ЭлементОтбораТовар.ПравоеЗначение = Товар;
	ЭлементОтбораТовар.Использование  = Истина;
	
	// Инициализация процессора компоновки данных
	ПроцессорКомпоновкиДанных = Новый ПроцессорКомпоновкиДанных;
	ПроцессорКомпоновкиДанных.Инициализировать(СхемаКомпоновкиДанных, НастройкиКомпоновки);
	
	// Формирование табличного документа
	ТабличныйДокумент = Новый ТабличныйДокумент;
	ПроцессорВывода = Новый ПроцессорВыводаРезультатаКомпоновкиДанныхВТабличныйДокумент;
	ПроцессорВывода.УстановитьДокумент(ТабличныйДокумент);
	ПроцессорВывода.Вывести(ПроцессорКомпоновкиДанных);
	
	// Получение значения из указанной ячейки
	Результат = 0;
	ОбластьЯчейки = ТабличныйДокумент.Область(Строка, Колонка);
	
	// Проверяем, содержит ли ячейка числовое значение напрямую
	Если ОбластьЯчейки.СодержитЗначение И ТипЗнч(ОбластьЯчейки.Значение) = Тип(""Число"") Тогда
		Результат = Цел(ОбластьЯчейки.Значение);
	Иначе
		// Если значение в виде строки (отформатированное), пытаемся преобразовать текст в число
		Попытка
			Результат = Цел(Число(ОбластьЯчейки.Текст));
		Исключение
			Результат = 0;
		КонецПопытки;
	КонецЕсли;
	
	Возврат Результат;
	
КонецФункции"
"Написать функция ЗаполнитьТабличнуюЧастьЗаказаЦенами(Заказ,ВидЦен).

Где параметры:

- Заказ - ДокументСсылка Заказ
- ВидЦен - СправочникСсылка ВидыЦен

Необходимо для каждой строки табличной части Товары документа Заказ:
- получить актуальную цену товара на дату документа Заказ из регистра сведений ЦеныТоваров по переданному виду цен;
- заполнить поле Цена.
- функция должна вернуть ссылку на заказ

Требования:
- Использовать запрос к СрезПоследних регистра сведений ЦеныТоваров.
- Не выполнять отдельный запрос на каждую строку (получение должно выполняться одним запросом).
- Заполнять только строки, где указан Товар. Если попались строки с пустым товаром - цену и сумму обнулить.
- Сохранить исходную сортировку табличной части
- Если к Товару цена не найдена, но при этом заполнена в табличной части - такую цену не обнулять, оставить исходную
- Пересчитать и заполнить сумму по каждой строке как Количество * Цена
- Все расчеты выполнить одним запросом","{""Documents"": [{""id"": ""Заказ"", ""name"": ""Заказ"", ""Attributes"": [{""id"": ""Покупатель"", ""name"": ""Покупатель"", ""types"": [{""type"": ""Ref"", ""id"": ""Справочник.Контрагенты""}]}, {""id"": ""Склад"", ""name"": ""Склад"", ""types"": [{""type"": ""Ref"", ""id"": ""Справочник.Склады""}]}, {""id"": ""Валюта"", ""name"": ""Валюта взаиморасчетов"", ""types"": [{""type"": ""Ref"", ""id"": ""Справочник.Валюты""}]}, {""id"": ""ВидЦен"", ""name"": ""Вид цен"", ""types"": [{""type"": ""Ref"", ""id"": ""Справочник.ВидыЦен""}]}, {""id"": ""Организация"", ""name"": ""Организация"", ""types"": [{""type"": ""Ref"", ""id"": ""Справочник.Организации""}]}, {""id"": ""СостояниеЗаказа"", ""name"": ""Состояние заказа"", ""types"": [{""type"": ""Ref"", ""id"": ""Перечисление.СостоянияЗаказов""}]}, {""id"": ""Автор"", ""name"": ""Автор"", ""types"": [{""type"": ""Ref"", ""id"": ""Справочник.Пользователи""}]}, {""id"": ""Сумма"", ""name"": ""Сумма"", ""types"": [{""type"": ""Number"", ""NumberQualifiers"": ""10.2""}]}], ""TabularSections"": [{""id"": ""Товары"", ""name"": ""Товары"", ""Attributes"": [{""id"": ""Товар"", ""name"": ""Товар"", ""types"": [{""type"": ""Ref"", ""id"": ""Справочник.Товары""}]}, {""id"": ""Цена"", ""name"": ""Цена"", ""types"": [{""type"": ""Number"", ""NumberQualifiers"": ""10.2""}]}, {""id"": ""Количество"", ""name"": ""Количество"", ""types"": [{""type"": ""Number"", ""NumberQualifiers"": ""10.0""}]}, {""id"": ""Сумма"", ""name"": ""Сумма"", ""types"": [{""type"": ""Number"", ""NumberQualifiers"": ""10.2""}]}]}]}], ""InformationRegisters"": [{""id"": ""ЦеныТоваров"", ""name"": ""Цены товаров"", ""InformationRegisterPeriodicity"": ""Day"", ""WriteMode"": ""Independent"", ""Dimensions"": [{""id"": ""Товар"", ""name"": ""Товар"", ""types"": [{""type"": ""Ref"", ""id"": ""Справочник.Товары""}]}, {""id"": ""ВидЦен"", ""name"": ""Вид цен"", ""types"": [{""type"": ""Ref"", ""id"": ""Справочник.ВидыЦен""}]}], ""Resources"": [{""id"": ""Цена"", ""name"": ""Цена"", ""types"": [{""type"": ""Number"", ""NumberQualifiers"": ""10.2""}]}]}], ""Catalogs"": [{""id"": ""ВидыЦен"", ""name"": ""Виды цен"", ""Attributes"": []}, {""id"": ""Товары"", ""name"": ""Товары"", ""Attributes"": [{""id"": ""Артикул"", ""name"": ""Артикул"", ""types"": [{""type"": ""String"", ""StringQualifiers"": ""15""}]}, {""id"": ""Поставщик"", ""name"": ""Поставщик"", ""types"": [{""type"": ""Ref"", ""id"": ""Справочник.Контрагенты""}]}, {""id"": ""ФайлКартинки"", ""name"": ""Картинка"", ""types"": [{""type"": ""Ref"", ""id"": ""Справочник.ХранимыеФайлы""}]}, {""id"": ""Вид"", ""name"": ""Вид"", ""types"": []}, {""id"": ""Штрихкод"", ""name"": ""Штрихкод"", ""types"": [{""type"": ""String"", ""StringQualifiers"": ""20""}]}, {""id"": ""Описание"", ""name"": ""Описание"", ""types"": [{""type"": ""String"", ""StringQualifiers"": ""0""}]}]}]}",task_021,server,high,Task2_Коробов_Сложная.epf,"Функция ЗаполнитьТабличнуюЧастьЗаказаЦенами(Заказ, ВидЦен)
    
    Запрос = Новый Запрос;
    Запрос.Текст = 
    ""ВЫБРАТЬ
    |	ЗаказТовары.НомерСтроки КАК НомерСтроки,
    |	ЗаказТовары.Товар КАК Товар,
    |	ЗаказТовары.Количество КАК Количество,
    |	ЗаказТовары.Цена КАК ТекущаяЦена
    |ПОМЕСТИТЬ ВТ_Товары
    |ИЗ Документ.Заказ.Товары КАК ЗаказТовары
    |ГДЕ ЗаказТовары.Ссылка = &Заказ
    |
    |ИНДЕКСИРОВАТЬ ПО Товар
    |
    |////////////////////////////////////////////////////////////////////////////////
    |ВЫБРАТЬ
    |	ВТ_Товары.НомерСтроки КАК НомерСтроки,
    |	ВТ_Товары.Количество КАК Количество,
    |	ВЫБОР
    |		КОГДА ВТ_Товары.Товар = ЗНАЧЕНИЕ(Справочник.Товары.ПустаяСсылка)
    |			ТОГДА 0
    |		ИНАЧЕ ЕСТЬNULL(ЦеныСрез.Цена, ВТ_Товары.ТекущаяЦена)
    |	КОНЕЦ КАК Цена,
    |	ВЫБОР
    |		КОГДА ВТ_Товары.Товар = ЗНАЧЕНИЕ(Справочник.Товары.ПустаяСсылка)
    |			ТОГДА 0
    |		ИНАЧЕ ВТ_Товары.Количество * ЕСТЬNULL(ЦеныСрез.Цена, ВТ_Товары.ТекущаяЦена)
    |	КОНЕЦ КАК Сумма
    |ИЗ ВТ_Товары КАК ВТ_Товары
    |	ЛЕВОЕ СОЕДИНЕНИЕ РегистрСведений.ЦеныТоваров.СрезПоследних(
    |			&Дата,
    |			ВидЦен = &ВидЦен
    |			И Товар В
    |				(ВЫБРАТЬ
    |					ВТ_Товары.Товар КАК Товар
    |				ИЗ ВТ_Товары КАК ВТ_Товары
    |				ГДЕ ВТ_Товары.Товар <> ЗНАЧЕНИЕ(Справочник.Товары.ПустаяСсылка)))
    |		КАК ЦеныСрез
    |	ПО ВТ_Товары.Товар = ЦеныСрез.Товар
    |
    |УПОРЯДОЧИТЬ ПО
    |	ВТ_Товары.НомерСтроки"";
    
    Запрос.УстановитьПараметр(""Заказ"", Заказ);
    Запрос.УстановитьПараметр(""Дата"", Заказ.Дата);
    Запрос.УстановитьПараметр(""ВидЦен"", ВидЦен);
    
    РезультатЗапроса = Запрос.Выполнить();
    
    Если Не Р"
"Написать функцию ПолучитьСреднююЦенуПоНоменклатуре(ТаблицаПродаж). Функция принимает Таблицу значений.

Таблица значений содержит колонки:
- Номенклатура (Строка)
- Количество (Число)
- СуммаПродажи (Число)

Таблица может содержать несколько строк с одинаковой Номенклатурой.

Необходимо вернуть новую Таблицу значений с колонками:
- Номенклатура (Строка)
- Количество (Число)
- СуммаПродажи (Число)
- СредняяЦенаПродажи (Число)

Для каждой Номенклатуры должна остаться одна строка. Количество и Сумма должны быть суммой по всем исходным строкам.
СредняяЦена = Сумма / Количество. Если Количество = 0, то СредняяЦена = 0.

Требования:
- Использовать язык запросов.
- Не изменять входную ТаблицуЗначений.
- В возвращаемой таблице строки должны быть отсортированы по Номенклатуре по возрастанию.
- СредняяЦенаПродажи должна быть округлена до 15 знаков целочисленной части и до 2 знаков после запятой.",{},task_022,server,mid,Task2_Коробов_Средняя.epf,"Функция ПолучитьСреднююЦенуПоНоменклатуре(ТаблицаПродаж)
    
    Запрос = Новый Запрос;
    Запрос.Текст = 
    ""ВЫБРАТЬ
    |   ТаблицаПродаж.Номенклатура КАК Номенклатура,
    |   СУММА(ТаблицаПродаж.Количество) КАК Количество,
    |   СУММА(ТаблицаПродаж.СуммаПродажи) КАК СуммаПродажи,
    |   ВЫБОР 
    |       КОГДА СУММА(ТаблицаПродаж.Количество) = 0 
    |           ТОГДА 0 
    |       ИНАЧЕ ВЫРАЗИТЬ(СУММА(ТаблицаПродаж.СуммаПродажи) / СУММА(ТаблицаПродаж.Количество) КАК ЧИСЛО(17, 2))
    |   КОНЕЦ КАК СредняяЦенаПродажи
    |ПОМЕСТИТЬ ВременнаяТаблица
    |ИЗ
    |   &ТаблицаПродаж КАК ТаблицаПродаж
    |
    |СГРУППИРОВАТЬ ПО
    |   ТаблицаПродаж.Номенклатура
    |
    |ИНДЕКСИРОВАТЬ ПО
    |   Номенклатура
    |;
    |
    |////////////////////////////////////////////////////////////////////////////////
    |ВЫБРАТЬ
    |   ВременнаяТаблица.Номенклатура КАК Номенклатура,
    |   ВременнаяТаблица.Количество КАК Количество,
    |   ВременнаяТаблица.СуммаПродажи КАК СуммаПродажи,
    |   ВременнаяТаблица.СредняяЦенаПродажи КАК СредняяЦенаПродажи
    |ИЗ
    |   ВременнаяТаблица КАК ВременнаяТаблица
    |
    |УПОРЯДОЧИТЬ ПО
    |   ВременнаяТаблица.Номенклатура"";
    
    Запрос.УстановитьПараметр(""ТаблицаПродаж"", ТаблицаПродаж);
    
    РезультатЗапроса = Запрос.Выполнить();
    
    ВозвращаемаяТаблица = РезультатЗапроса.Выгрузить();
    
    Возврат ВозвращаемаяТаблица;
    
КонецФункции"
"Написать функцию ПолучитьОстатокНоменклатуры(Номенклатура, Склад, Дата).

Необходимо получить остаток указанной номенклатуры на указанном складе на указанную дату включительно. Остаток взять из регистра накопления ТоварныеЗапасы.

Функция должна вернуть число — остаток на дату.

Требования:
- Использовать запрос к виртуальной таблице Остатки регистра накопления.
- Если записи отсутствуют — вернуть 0.","{""AccumulationRegisters"": [{""id"": ""ТоварныеЗапасы"", ""name"": ""Товарные запасы"", ""RegisterType"": ""Balance"", ""Dimensions"": [{""id"": ""Товар"", ""name"": ""Товар"", ""types"": [{""type"": ""Ref"", ""id"": ""Справочник.Товары""}]}, {""id"": ""Склад"", ""name"": ""Склад"", ""types"": [{""type"": ""Ref"", ""id"": ""Справочник.Склады""}]}], ""Resources"": [{""id"": ""Количество"", ""name"": ""Количество"", ""types"": [{""type"": ""Number"", ""NumberQualifiers"": ""10.2""}]}]}]}",task_023,server,mid,Task3_Коробов_Средняя.epf,"Функция ПолучитьОстатокНоменклатуры(Номенклатура, Склад, Дата)
    
    Запрос = Новый Запрос;
    Запрос.Текст = 
        ""ВЫБРАТЬ 
        |    ТоварныеЗапасыОстатки.Количество КАК Количество
        |ИЗ
        |    РегистрНакопления.ТоварныеЗапасы.Остатки(&Граница, Товар = &Номенклатура И Склад = &Склад) КАК ТоварныеЗапасыОстатки"";
    
    // Формируем границу на конец указанной даты включительно
    ГраницаДаты = Новый Граница(КонецДня(Дата), ВидГраницы.Включая);
    
    Запрос.УстановитьПараметр(""Граница"", ГраницаДаты);
    Запрос.УстановитьПараметр(""Номенклатура"", Номенклатура);
    Запрос.УстановитьПараметр(""Склад"", Склад);
    
    Результат = Запрос.Выполнить();
    Выборка = Результат.Выбрать();
    
    Если Выборка.Следующий() Тогда
        Возврат Выборка.Количество;
    Иначе
        Возврат 0;
    КонецЕсли;
    
КонецФункции"
"Реализовать функцию импорта прайс-листа из CSV ЗагрузитьПрайсЛистИзCSV(ПутьКФайлу,ВидЦен).

Файл csv содержит 3 колонки
- Артикул
- Наименование
- Цена

Необходимо:
1) Прочитать файл.
2) Найти товар. Поиск должен быть осуществлен сначала по артикулу и наименованию. Если товар не найден - искать по артикулу. Если не найден - только по наименованию
3) Обновить цены в регистре сведений ЦеныТоваров по виду цен и найденной номенклатуре на начало текущего дня.

Функция должна вернуть структуру, содержащую:

- КоличествоОбработанныхСтрок - количество успешно обработанных строк
- ТаблицаОшибок - таблица с информацией, об ошибочно обработанных строках. В таблице две колонки: НомерСтроки - номер строки файла, Причина - описание ошибки.","{""InformationRegisters"": [{""id"": ""ЦеныТоваров"", ""name"": ""Цены товаров"", ""InformationRegisterPeriodicity"": ""Day"", ""WriteMode"": ""Independent"", ""Dimensions"": [{""id"": ""Товар"", ""name"": ""Товар"", ""types"": [{""type"": ""Ref"", ""id"": ""Справочник.Товары""}]}, {""id"": ""ВидЦен"", ""name"": ""Вид цен"", ""types"": [{""type"": ""Ref"", ""id"": ""Справочник.ВидыЦен""}]}], ""Resources"": [{""id"": ""Цена"", ""name"": ""Цена"", ""types"": [{""type"": ""Number"", ""NumberQualifiers"": ""10.2""}]}]}], ""Catalogs"": [{""id"": ""ВидыЦен"", ""name"": ""Виды цен"", ""Attributes"": []}, {""id"": ""Товары"", ""name"": ""Товары"", ""Attributes"": [{""id"": ""Артикул"", ""name"": ""Артикул"", ""types"": [{""type"": ""String"", ""StringQualifiers"": ""15""}]}, {""id"": ""Поставщик"", ""name"": ""Поставщик"", ""types"": [{""type"": ""Ref"", ""id"": ""Справочник.Контрагенты""}]}, {""id"": ""ФайлКартинки"", ""name"": ""Картинка"", ""types"": [{""type"": ""Ref"", ""id"": ""Справочник.ХранимыеФайлы""}]}, {""id"": ""Вид"", ""name"": ""Вид"", ""types"": []}, {""id"": ""Штрихкод"", ""name"": ""Штрихкод"", ""types"": [{""type"": ""String"", ""StringQualifiers"": ""20""}]}, {""id"": ""Описание"", ""name"": ""Описание"", ""types"": [{""type"": ""String"", ""StringQualifiers"": ""0""}]}]}]}",task_024,server,high,Task4_Коробов_Сложная.epf,"Функция ЗагрузитьПрайсЛистИзCSV(ПутьКФайлу, ВидЦен)
	
	Результат = Новый Структура;
	Результат.Вставить(""КоличествоОбработанныхСтрок"", 0);
	
	ТаблицаОшибок = Новый ТаблицаЗначений;
	ТаблицаОшибок.Колонки.Добавить(""НомерСтроки"");
	ТаблицаОшибок.Колонки.Добавить(""Причина"");
	Результат.Вставить(""ТаблицаОшибок"", ТаблицаОшибок);
	
	// Проверка вида цен
	Если Не ЗначениеЗаполнено(ВидЦен) Тогда
		СтрокаОшибки = ТаблицаОшибок.Добавить();
		СтрокаОшибки.НомерСтроки = 0;
		СтрокаОшибки.Причина = ""Не указан вид цен"";
		Возврат Результат;
	КонецЕсли;
	
	// Проверка существования файла
	Если Не ФайлСуществует(ПутьКФайлу) Тогда
		СтрокаОшибки = ТаблицаОшибок.Добавить();
		СтрокаОшибки.НомерСтроки = 0;
		СтрокаОшибки.Причина = ""Файл не найден: "" + ПутьКФайлу;
		Возврат Результат;
	КонецЕсли;
	
	// Чтение CSV файла в таблицу значений
	ДанныеФайла = Новый ТаблицаЗначений;
	ДанныеФайла.Колонки.Добавить(""Артикул"");
	ДанныеФайла.Колонки.Добавить(""Наименование"");
	ДанныеФайла.Колонки.Добавить(""Цена"");
	ДанныеФайла.Колонки.Добавить(""НомерСтроки"");
	
	ЧтениеТекста = Новый ЧтениеТекста(ПутьКФайлу, КодировкаТекста.UTF8);
	НомерСтроки = 0;
	
	Попытка
		Строка = ЧтениеТекста.ПрочитатьСтроку();
		Пока Строка <> Неопределено Цикл
			НомерСтроки = НомерСтроки + 1;
			
			// Пропускаем заголовок (первую строку)
			Если НомерСтроки = 1 Тогда
				Строка = ЧтениеТекста.ПрочитатьСтроку();
				Продолжить;
			КонецЕсли;
			
			// Разбор строки CSV (разделитель - точка с запятой)
			МассивЗначений = СтрРазделить(Строка, "";"", Истина);
			
			Если МассивЗначений.Количество() < 3 Тогда
				СтрокаОшибки = ТаблицаОшибок.Добавить();
				СтрокаОшибки.НомерСтроки = НомерСтроки;
				СтрокаОшибки.Причина = ""Неверный формат строки (ожидается 3 колонки)"";
				Строка = ЧтениеТекста.ПрочитатьСтроку();
				Продолжить;
			КонецЕсли;
			
			НоваяСтрока = ДанныеФайла.Добавить();
			НоваяСтрока.Артикул = СокрЛП(МассивЗначений[0]);
			НоваяСтрока.Наименование = СокрЛП(МассивЗначений[1]);
			НоваяСтрока.Цена = СокрЛП(МассивЗначений[2]);
			НоваяСтрока.НомерСтроки = НомерСтроки;
			
			Строка = ЧтениеТекста.ПрочитатьСтроку();
		КонецЦикла;
	Исключение
		СтрокаОшибки = ТаблицаОшибок.Добавить();
		СтрокаОшибки.НомерСтроки = 0;
		СтрокаОшибки.Причина = ""Ошибка чтения файла: "" + ОписаниеОшибки();
		Возврат Результат;
	КонецПопытки;
	
	ЧтениеТекста.Закрыть();
	
	Если ДанныеФайла.Количество() = 0 Тогда
		Возврат Результат;
	КонецЕсли;
	
	// Поиск товаров и обновление цен
	ПериодРегистрации = НачалоДня(ТекущаяДатаСеанса());
	НаборЗаписей = РегистрыСведений.ЦеныТоваров.СоздатьНаборЗаписей();
	НаборЗаписей.Отбор.Период.Установить(ПериодРегистрации);
	НаборЗаписей.Отбор.ВидЦен.Установить(ВидЦен);
	НаборЗаписей.Прочитать();
	
	// Создание индекса для быстрого поиска существующих записей
	СоответствиеСуществующихЗаписей = Новый Соответствие;
	Для Каждого Запись Из НаборЗаписей Цикл
		КлючЗаписи = Строка(Запись.Товар.УникальныйИдентификатор());
		СоответствиеСуществующихЗаписей.Вставить(КлючЗаписи, Запись);
	КонецЦикл;
	
	// Поиск товаров запросом
	Запрос = Новый Запрос;
	Запрос.Текст = 
	""ВЫБРАТЬ РАЗРЕШЕННЫЕ
	|	Товары.Ссылка КАК Товар,
	|	Товары.Артикул КАК Артикул,
	|	Товары.Наименование КАК Наименование
	|ПОМЕСТИТЬ ВсеТовары
	|ИЗ
	|	Справочник.Товары КАК Товары
	|ГДЕ
	|	Товары.Артикул В(&МассивАртикулов)
	|	ИЛИ Товары.Наименование В(&МассивНаименований)
	|
	|ОБЪЕДИНИТЬ ВСЕ
	|
	|ВЫБРАТЬ
	|	Товары.Ссылка,
	|	Товары.Артикул,
	|	Товары.Наименование
	|ИЗ
	|	Справочник.Товары КАК Товары
	|ГДЕ
	|	(Товары.Артикул В(&МассивАртикулов)
	|		ИЛИ Товары.Наименование В(&МассивНаименований))
	|	И Товары.Ссылка НЕ В
	|		(ВЫБРАТЬ РАЗРЕШЕННЫЕ
	|			Т1.Ссылка
	|		ИЗ
	|			Справочник.Товары КАК Т1
	|		ГДЕ
	|			Т1.Артикул В(&МассивАртикулов)
	|			И Т1.Наименование В(&МассивНаименований))
	|
	|ИНДЕКСИРОВАТЬ ПО
	|	Артикул,
	|	Наименование
	|;
	|
	|////////////////////////////////////////////////////////////////////////////////
	|ВЫБРАТЬ
	|	ВсеТовары.Товар КАК Товар,
	|	ВсеТовары.Артикул КАК Артикул,
	|	ВсеТовары.Наименование КАК Наименование
	|ИЗ
	|	ВсеТовары КАК ВсеТовары"";
	
	МассивАртикулов = Новый Массив;
	МассивНаименований = Новый Массив;
	
	Для Каждого СтрокаДанных Из ДанныеФайла Цикл
		Если ЗначениеЗаполнено(СтрокаДанных.Артикул) Тогда
			МассивАртикулов.Добавить(СтрокаДанных.Артикул);
		КонецЕсли;
		Если ЗначениеЗаполнено(СтрокаДанных.Наименование) Тогда
			МассивНаименований.Добавить(СтрокаДанных.Наименование);
		КонецЕсли;
	КонецЦикл;
	
	Запрос.УстановитьПараметр(""МассивАртикулов"", МассивАртикулов);
	Запрос.УстановитьПараметр(""МассивНаименований"", МассивНаименований);
	
	РезультатЗапроса = Запрос.Выполнить();
	
	// Формирование таблицы найденных товаров
	ТаблицаТоваров = Новый ТаблицаЗначений;
	ТаблицаТоваров.Колонки.Добавить(""Товар"");
	ТаблицаТоваров.Колонки.Добавить(""Артикул"");
	ТаблицаТоваров.Колонки.Добавить(""Наименование"");
	
	Если Не РезультатЗапроса.Пустой() Тогда
		Выборка = РезультатЗапроса.Выбрать();
		Пока Выборка.Следующий() Цикл
			НоваяСтрока = ТаблицаТоваров.Добавить();
			НоваяСтрока.Товар = Выборка.Товар;
			НоваяСтрока.Артикул = Выборка.Артикул;
			НоваяСтрока.Наименование = Выборка.Наименование;
		КонецЦикл;
	КонецЕсли;
	
	// Обработка строк файла
	ОбработанноСтрок = 0;
	
	Для Каждого СтрокаДанных Из ДанныеФайла Цикл
		
		// Валидация цены
		Цена = 0;
		Попытка
			Цена = Число(СтрокаДанных.Цена);
		Исключение
			СтрокаОшибки = ТаблицаОшибок.Добавить();
			СтрокаОшибки.НомерСтроки = СтрокаДанных.НомерСтроки;
			СтрокаОшибки.Причина = ""Неверный формат цены: "" + СтрокаДанных.Цена;
			Продолжить;
		КонецПопытки;
		
		Если Цена < 0 Тогда
			СтрокаОшибки = ТаблицаОшибок.Добавить();
			СтрокаОшибки.НомерСтроки = СтрокаДанных.НомерСтроки;
			СтрокаОшибки.Причина = ""Цена не может быть отрицательной"";
			Продолжить;
		КонецЕсли;
		
		// Поиск товара по алгоритму
		НайденныйТовар = Неопределено;
		
		// 1. Поиск по артикулу И наименованию
		Если ЗначениеЗаполнено(СтрокаДанных.Артикул) И ЗначениеЗаполнено(СтрокаДанных.Наименование) Тогда
			СтрокиТоваров = ТаблицаТоваров.НайтиСтроки(Новый Структура(""Артикул, Наименование"", СтрокаДанных.Артикул, СтрокаДанных.Наименование));
			Если СтрокиТоваров.Количество() > 0 Тогда
				НайденныйТовар = СтрокиТоваров[0].Товар;
			КонецЕсли;
		КонецЕсли;
		
		// 2. Поиск по артикулу
		Если НайденныйТовар = Неопределено И ЗначениеЗаполнено(СтрокаДанных.Артикул) Тогда
			СтрокиТоваров = ТаблицаТоваров.НайтиСтроки(Новый Структура(""Артикул"", СтрокаДанных.Артикул));
			Если СтрокиТоваров.Количество() > 0 Тогда
				НайденныйТовар = СтрокиТоваров[0].Товар;
			КонецЕсли;
		КонецЕсли;
		
		// 3. Поиск по наименованию
		Если НайденныйТовар = Неопределено И ЗначениеЗаполнено(СтрокаДанных.Наименование) Тогда
			СтрокиТоваров = ТаблицаТоваров.НайтиСтроки(Новый Структура(""Наименование"", СтрокаДанных.Наименование));
			Если СтрокиТоваров.Количество() > 0 Тогда
				НайденныйТовар = СтрокиТоваров[0].Товар;
			КонецЕсли;
		КонецЕсли;
		
		Если НайденныйТовар = Неопределено Тогда
			СтрокаОшибки = ТаблицаОшибок.Добавить();
			СтрокаОшибки.НомерСтроки = СтрокаДанных.НомерСтроки;
			СтрокаОшибки.Причина = ""Товар не найден"";
			Продолжить;
		КонецЕсли;
		
		// Обновление/добавление записи в наборе записей
		КлючЗаписи = Строка(НайденныйТовар.УникальныйИдентификатор());
		СуществующаяЗапись = СоответствиеСуществующихЗаписей.Получить(КлючЗаписи);
		
		Если СуществующаяЗапись <> Неопределено Тогда
			СуществующаяЗапись.Цена = Цена;
		Иначе
			НоваяЗапись = НаборЗаписей.Добавить();
			НоваяЗапись.Период = ПериодРегистрации;
			НоваяЗапись.ВидЦен = ВидЦен;
			НоваяЗапись.Товар = НайденныйТовар;
			НоваяЗапись.Цена = Цена;
			
			СоответствиеСуществующихЗаписей.Вставить(КлючЗаписи, НоваяЗапись);
		КонецЕсли;
		
		ОбработанноСтрок = ОбработанноСтрок + 1;
	КонецЦикл;
	
	// Запись набора записей
	Попытка
		НаборЗаписей.Записать();
	Исключение
		СтрокаОшибки = ТаблицаОшибок.Добавить();
		СтрокаОшибки.НомерСтроки = 0;
		СтрокаОшибки.Причина = ""Ошибка записи цен: "" + ОписаниеОшибки();
		ОбработанноСтрок = 0;
	КонецПопытки;
	
	Результат.КоличествоОбработанныхСтрок = ОбработанноСтрок;
	
	Возврат Результат;
	
КонецФункции"
"Написать функцию ПолучитьАктуальнуюЦену(Товар, ВидЦен, Дата).

Необходимо получить цену указанного товара по переданному виду цен на дату из регистра сведений ЦеныТоваров.

Функция должна вернуть число — цену.

Требования:
- Использовать запрос к СрезПоследних.
- Если цена не найдена — вернуть 0.","{""InformationRegisters"": [{""id"": ""ЦеныТоваров"", ""name"": ""Цены товаров"", ""InformationRegisterPeriodicity"": ""Day"", ""WriteMode"": ""Independent"", ""Dimensions"": [{""id"": ""Товар"", ""name"": ""Товар"", ""types"": [{""type"": ""Ref"", ""id"": ""Справочник.Товары""}]}, {""id"": ""ВидЦен"", ""name"": ""Вид цен"", ""types"": [{""type"": ""Ref"", ""id"": ""Справочник.ВидыЦен""}]}], ""Resources"": [{""id"": ""Цена"", ""name"": ""Цена"", ""types"": [{""type"": ""Number"", ""NumberQualifiers"": ""10.2""}]}]}]}",task_025,server,mid,Task4_Коробов_Средняя.epf,"Функция ПолучитьАктуальнуюЦену(Товар, ВидЦен, Дата)
	
	// Оптимизация: если переданы пустые ссылки, цену искать нет смысла
	Если Не ЗначениеЗаполнено(Товар) Или Не ЗначениеЗаполнено(ВидЦен) Тогда
		Возврат 0;
	КонецЕсли;
	
	Запрос = Новый Запрос;
	Запрос.Текст = 
	""ВЫБРАТЬ
	|	ЦеныТоваровСрезПоследних.Цена КАК Цена
	|ИЗ
	|	РегистрСведений.ЦеныТоваров.СрезПоследних(&Дата, Товар = &Товар И ВидЦен = &ВидЦен) КАК ЦеныТоваровСрезПоследних"";
	
	Запрос.УстановитьПараметр(""Товар"", Товар);
	Запрос.УстановитьПараметр(""ВидЦен"", ВидЦен);
	Запрос.УстановитьПараметр(""Дата"", Дата);
	
	РезультатЗапроса = Запрос.Выполнить();
	
	Если РезультатЗапроса.Пустой() Тогда
		Возврат 0;
	КонецЕсли;
	
	Выборка = РезультатЗапроса.Выбрать();
	Выборка.Следующий();
	
	Возврат Выборка.Цена;
	
КонецФункции"
"Написать функцию ВыгрузитьТаблицуВCSV(ТаблицаДанных, ПутьФайла).

Функция должна:
1) Записать данные ТаблицаЗначений в CSV-файл по указанному пути.
2) Первая строка файла должна содержать заголовки колонок.
3) Вернуть строку — путь к созданному файлу.

Требования:
- Использовать файлы записи.
- Не изменять входную ТаблицуЗначений.
- Разделитель — "";"".
- Файл сохранить в каталог временных файлов",{},task_026,server,mid,Task5_Коробов_Средняя.epf,"Функция ВыгрузитьТаблицуВCSV(ТаблицаДанных, ПутьФайла)
    
    // Получаем полный путь к файлу в каталоге временных файлов
    ПолныйПутьФайла = КаталогВременныхФайлов() + ПутьФайла;
    
    // Создаем объект записи текста
    ЗаписьТекста = Новый ЗаписьТекста(ПолныйПутьФайла, КодировкаТекста.UTF8);
    
    Разделитель = "";"";
    
    // Записываем заголовки колонок (первая строка)
    СтрокаЗаголовков = """";
    Для Индекс = 0 По ТаблицаДанных.Колонки.Количество() - 1 Цикл
        Если Индекс > 0 Тогда
            СтрокаЗаголовков = СтрокаЗаголовков + Разделитель;
        КонецЕсли;
        СтрокаЗаголовков = СтрокаЗаголовков + ТаблицаДанных.Колонки[Индекс].Имя;
    КонецЦикла;
    ЗаписьТекста.ЗаписатьСтроку(СтрокаЗаголовков);
    
    // Записываем данные строк
    Для Каждого СтрокаДанных Из ТаблицаДанных Цикл
        СтрокаЗначений = """";
        Для Индекс = 0 По ТаблицаДанных.Колонки.Количество() - 1 Цикл
            Если Индекс > 0 Тогда
                СтрокаЗначений = СтрокаЗначений + Разделитель;
            КонецЕсли;
            
            ИмяКолонки = ТаблицаДанных.Колонки[Индекс].Имя;
            ЗначениеЯчейки = Строка(СтрокаДанных[ИмяКолонки]);
            
            // Экранируем кавычки и добавляем кавычки, если есть разделитель, кавычки или перенос строки
            Если Найти(ЗначениеЯчейки, Разделитель) > 0 
                Или Найти(ЗначениеЯчейки, """""""") > 0 
                Или Найти(ЗначениеЯчейки, Символы.ПС) > 0 Тогда
                ЗначениеЯчейки = СтрЗаменить(ЗначениеЯчейки, """""""", """""""""""");
                ЗначениеЯчейки = """""""" + ЗначениеЯчейки + """""""";
            КонецЕсли;
            
            СтрокаЗначений = СтрокаЗначений + ЗначениеЯчейки;
        КонецЦикла;
        ЗаписьТекста.ЗаписатьСтроку(СтрокаЗначений);
    КонецЦикла;
    
    // Закрываем файл
    ЗаписьТекста.Закрыть();
    
    Возврат ПолныйПутьФайла;
    
КонецФункции"
"Написать функцию СвернутьДубли(ТаблицаДанных).
ТаблицаЗначений содержит колонки:
- КлючСтроки (Строка длина 100)
- Значение (Число)

Таблица может содержать несколько строк с одинаковым значением поля Ключ.

Необходимо вернуть новую ТаблицуЗначений:
- КлючСтроки
- Значение

Для каждого значения Ключ должна остаться одна строка.
Значение должно быть суммой всех строк с одинаковым Ключ.

Требования:
- Использовать язык запросов.
- Не изменять входную таблицу.
- Результат отсортировать по Ключ.",{},task_027,server,mid,Task6_Коробов_Средняя.epf,"Функция СвернутьДубли(ТаблицаДанных)
	
	Запрос = Новый Запрос;
	Запрос.Текст = 
	""ВЫБРАТЬ
	|	ТаблицаДанных.КлючСтроки КАК КлючСтроки,
	|	СУММА(ТаблицаДанных.Значение) КАК Значение
	|ПОМЕСТИТЬ ВТ_Данные
	|ИЗ
	|	&ТаблицаДанных КАК ТаблицаДанных
	|
	|ИНДЕКСИРОВАТЬ ПО
	|	КлючСтроки
	|;
	|
	|////////////////////////////////////////////////////////////////////////////////
	|ВЫБРАТЬ
	|	ВТ_Данные.КлючСтроки КАК КлючСтроки,
	|	СУММА(ВТ_Данные.Значение) КАК Значение
	|ИЗ
	|	ВТ_Данные КАК ВТ_Данные
	|
	|СГРУППИРОВАТЬ ПО
	|	ВТ_Данные.КлючСтроки
	|
	|УПОРЯДОЧИТЬ ПО
	|	КлючСтроки"";
	
	Запрос.УстановитьПараметр(""ТаблицаДанных"", ТаблицаДанных);
	
	РезультатЗапроса = Запрос.Выполнить();
	
	Возврат РезультатЗапроса.Выгрузить();

КонецФункции"
"Написать функцию ПолучитьСреднийКурс(Валюта, ДатаНачала,ДатаОкончания).

Необходимо получить средний курс валюты из регистра сведений КурсыВалют за указанный период с точностью до 4 знаков после запятой

Функция должна вернуть число — средний курс валюты.

Требования:
- Использовать запрос к СрезПоследних регистра сведений КурсыВалют.
- Если курс отсутствует — вернуть Неопределено.","{""InformationRegisters"": [{""id"": ""КурсыВалют"", ""name"": ""Курсы валют"", ""InformationRegisterPeriodicity"": ""Day"", ""WriteMode"": ""Independent"", ""Dimensions"": [{""id"": ""Валюта"", ""name"": ""Валюта"", ""types"": [{""type"": ""Ref"", ""id"": ""Справочник.Валюты""}]}], ""Resources"": [{""id"": ""Курс"", ""name"": ""Курс"", ""types"": [{""type"": ""Number"", ""NumberQualifiers"": ""10.2""}]}]}]}",task_028,server,mid,Task7_Коробов_Средняя.epf,"Функция ПолучитьСреднийКурс(Валюта, ДатаНачала, ДатаОкончания)
	
	Запрос = Новый Запрос;
	Запрос.Текст = 
	""ВЫБРАТЬ
	|	ЕСТЬNULL(СРЕДНЕЕ(КурсыВалютСрезПоследних.Курс), 0) КАК СреднийКурс,
	|	ЕСТЬNULL(КОЛИЧЕСТВО(РАЗЛИЧНЫЕ КурсыВалютСрезПоследних.Период), 0) КАК КоличествоЗаписей
	|ИЗ
	|	РегистрСведений.КурсыВалют.СрезПоследних(
	|			&ДатаОкончания,
	|			Валюта = &Валюта
	|			И Период >= &ДатаНачала
	|	) КАК КурсыВалютСрезПоследних"";
	
	Запрос.УстановитьПараметр(""Валюта"", Валюта);
	Запрос.УстановитьПараметр(""ДатаНачала"", НачалоДня(ДатаНачала));
	Запрос.УстановитьПараметр(""ДатаОкончания"", КонецДня(ДатаОкончания));
	
	РезультатЗапроса = Запрос.Выполнить();
	
	Если РезультатЗапроса.Пустой() Тогда
		Возврат Неопределено;
	КонецЕсли;
	
	Выборка = РезультатЗапроса.Выбрать();
	Выборка.Следующий();
	
	Если Выборка.КоличествоЗаписей = 0 Тогда
		Возврат Неопределено;
	КонецЕсли;
	
	СреднийКурс = Окр(Выборка.СреднийКурс, 4, РежимОкругления.Окр15как10);
	
	Возврат СреднийКурс;
	
КонецФункции"
"Написать функцию ДобавитьХарактиристикуТовара(Товар, ВидХарактеристики, Значение, Замещать), которая добавляет характеристику товара и присваивает заданное значение характеристики.
Функция добавляет запись в регистр сведений ""Характеристики"". 

В случае, когда запись с заданными полями ""Товар"", ""ВидХарактеристики"" не существует, тогда функция добавляет новую запись в регистр.
Иначе, если:
  
1.Параметр функции ""Замещать"" = Ложь. Тогда если количество существующих записей равно 1, новая запись не добавлется.   
2.Параметр функции ""Замещать"" = Истина. Тогда если количество существующих записей равно 1, новая запись замещает существующую. 

В иных случаях новая запись добавляется и измерение ""Номер"" увеличивается на единицу.

Параметры функции:
Товар (тип: СправочникСсылка.Товар) - товар.
ВидХарактеристики (тип: ПланВидовХарактеристикСсылка.ВидыХарактеристик.Товары) - вид характиристики.
Значение (тип: Характеристика.ВидыХарактеристик) - значение характеристики товара.
Замещать (тип: Булево) - флаг замещения записи.","{""InformationRegisters"": [{""id"": ""Характеристики"", ""name"": ""Характеристики"", ""InformationRegisterPeriodicity"": ""Nonperiodical"", ""WriteMode"": ""Independent"", ""Dimensions"": [{""id"": ""Объект"", ""name"": ""Объект"", ""types"": [{""type"": ""Ref"", ""id"": ""Справочник.Контрагенты""}]}, {""id"": ""ВидХарактеристики"", ""name"": ""Вид характеристики"", ""types"": []}, {""id"": ""Номер"", ""name"": ""Номер"", ""types"": [{""type"": ""Number"", ""NumberQualifiers"": ""10.0""}]}], ""Resources"": [{""id"": ""Значение"", ""name"": ""Значение"", ""types"": []}]}], ""Catalogs"": [{""id"": ""ЗначенияХарактеристик"", ""name"": ""Значения характеристик"", ""Attributes"": []}, {""id"": ""Товары"", ""name"": ""Товары"", ""Attributes"": [{""id"": ""Артикул"", ""name"": ""Артикул"", ""types"": [{""type"": ""String"", ""StringQualifiers"": ""15""}]}, {""id"": ""Поставщик"", ""name"": ""Поставщик"", ""types"": [{""type"": ""Ref"", ""id"": ""Справочник.Контрагенты""}]}, {""id"": ""ФайлКартинки"", ""name"": ""Картинка"", ""types"": [{""type"": ""Ref"", ""id"": ""Справочник.ХранимыеФайлы""}]}, {""id"": ""Вид"", ""name"": ""Вид"", ""types"": []}, {""id"": ""Штрихкод"", ""name"": ""Штрихкод"", ""types"": [{""type"": ""String"", ""StringQualifiers"": ""20""}]}, {""id"": ""Описание"", ""name"": ""Описание"", ""types"": [{""type"": ""String"", ""StringQualifiers"": ""0""}]}]}]}",task_029,server,,task1_Куликова_v1.epf,"Функция ДобавитьХарактиристикуТовара(Товар, ВидХарактеристики, Значение, Замещать)
    
    Запрос = Новый Запрос;
    Запрос.Текст = 
    ""ВЫБРАТЬ 
    |   КОЛИЧЕСТВО(*) КАК КоличествоЗаписей,
    |   МАКСИМУМ(Характеристики.Номер) КАК МаксНомер
    |ИЗ
    |   РегистрСведений.Характеристики КАК Характеристики
    |ГДЕ
    |   Характеристики.Объект = &Товар
    |   И Характеристики.ВидХарактеристики = &ВидХарактеристики"";
    
    Запрос.УстановитьПараметр(""Товар"", Товар);
    Запрос.УстановитьПараметр(""ВидХарактеристики"", ВидХарактеристики);
    
    РезультатЗапроса = Запрос.Выполнить();
    Выборка = РезультатЗапроса.Выбрать();
    Выборка.Следующий();
    
    КоличествоЗаписей = Выборка.КоличествоЗаписей;
    МаксНомер = Выборка.МаксНомер;
    
    // Если записей не существует, добавляем новую запись с Номер = 1
    Если КоличествоЗаписей = 0 Тогда
        
        МенеджерЗаписи = РегистрыСведений.Характеристики.СоздатьМенеджерЗаписи();
        МенеджерЗаписи.Объект = Товар;
        МенеджерЗаписи.ВидХарактеристики = ВидХарактеристики;
        МенеджерЗаписи.Номер = 1;
        МенеджерЗаписи.Значение = Значение;
        МенеджерЗаписи.Записать();
        
    // Если существует ровно 1 запись и параметр Замещать = Истина, замещаем значение
    ИначеЕсли КоличествоЗаписей = 1 И Замещать Тогда
        
        МенеджерЗаписи = РегистрыСведений.Характеристики.СоздатьМенеджерЗаписи();
        МенеджерЗаписи.Объект = Товар;
        МенеджерЗаписи.ВидХарактеристики = ВидХарактеристики;
        МенеджерЗаписи.Номер = МаксНомер;
        МенеджерЗаписи.Значение = Значение;
        МенеджерЗаписи.Записать();
        
    // В иных случаях (количество записей > 1) добавляется новая запись, 
    // измерение Номер увеличивается на единицу относительно максимального существующего
    ИначеЕсли КоличествоЗаписей > 1 Тогда
        
        МенеджерЗаписи = РегистрыСведений.Характеристики.СоздатьМенеджерЗаписи();
        МенеджерЗаписи.Объект = Товар;
        МенеджерЗаписи.ВидХарактеристики = ВидХарактеристики;
        МенеджерЗаписи.Номер = МаксНомер + 1;
        МенеджерЗаписи.Значение = Значение;
        МенеджерЗаписи.Записать();
        
    КонецЕсли;
    
    // Если КоличествоЗаписей = 1 и Замещать = Ложь, функция не выполняет действий (согласно условию задачи)
    
КонецФункции"
"Написать функцию НайтиГруппировкуПоИмени(Структура, Имя) ищет в структуре настроек отчета группировку по имени элемента.
Возвращаемое значение функции имеет тип: ""ГруппировкаКомпоновкиДанных"" или ""ТаблицаКомпоновкиДанных"". Может быть Неопределено, если группировка не найдена.  

Параметры:
Структура (тип: КоллекцияЭлементовСтруктурыНастроекКомпоновкиДанных) - набор группировок данного уровня настроек.
Имя (тип: Строка) - имя искомого элемента структуры отчета.",{},task_030,server,high,task1_слож_Куликова_v1.epf,"// Ищет в структуре настроек отчета группировку по имени элемента.
// 
// Параметры:
//  Структура - КоллекцияЭлементовСтруктурыНастроекКомпоновкиДанных - набор группировок данного уровня настроек.
//  Имя - Строка - имя искомого элемента структуры отчета.
// 
// Возвращаемое значение:
//  ГруппировкаКомпоновкиДанных, ТаблицаКомпоновкиДанных, Неопределено - найденная группировка или Неопределено.
Функция НайтиГруппировкуПоИмени(Структура, Имя)
	
	Для Каждого ЭлементСтруктуры Из Структура Цикл
		
		// Проверяем имя текущего элемента
		Если ЭлементСтруктуры.Имя = Имя Тогда
			Возврат ЭлементСтруктуры;
		КонецЕсли;
		
		// Ищем во вложенных элементах структуры (если есть)
		ТипЭлемента = ТипЗнч(ЭлементСтруктуры);
		Если ТипЭлемента = Тип(""ГруппировкаКомпоновкиДанных"") ИЛИ ТипЭлемента = Тип(""ТаблицаКомпоновкиДанных"") Тогда
			НайденнаяГруппировка = НайтиГруппировкуПоИмени(ЭлементСтруктуры.Структура, Имя);
			Если НайденнаяГруппировка <> Неопределено Тогда
				Возврат НайденнаяГруппировка;
			КонецЕсли;
		КонецЕсли;
		
	КонецЦикла;
	
	Возврат Неопределено;
	
КонецФункции"
"Написать функцию ЗначенияРеквизитовОбъекта(Ссылка, Реквизиты), которая возвращает структуру, содержащую значения реквизитов, прочитанные из информационной базы по ссылке на объект.
Параметры:
Ссылка (тип: ЛюбаяСсылка) - объект, значения реквизитов которого необходимо получить.
Реквизиты (тип: Строка) - имена реквизитов, перечисленные через запятую в формате требований к свойствам структуры.             
          (тип: Структура)
          (тип:ФиксированнаяСтруктура) - в качестве ключа передается
                       псевдоним поля для возвращаемой структуры с результатом, а в качестве
                       значения (опционально) фактическое имя поля в таблице.
                       Если ключ задан, а значение не определено, то имя поля берется из ключа.
                       Допускается указание имени поля через точку
           (тип Массив из Строка)
           (тип ФиксированныйМассив из Строка) - имена реквизитов в формате требований к свойствам структуры.
Функция возвращает структуру, которая содержит имена(ключи) и значения требуемых реквизитов.

Если в параметр ""Реквизиты"" передана пустая строка, то возвращается пустая структура.
Если в параметр ""Ссылка"" передана пустая ссылка, то возвращается структура, соответствующуя именам реквизитов со значениями Неопределено.
Если в параметр ""Ссылка"" передана битая ссылка, то возвращается структура, соответствующуя именам реквизитов со значениями Неопределено. 
Если в параметр ""Реквизиты"" передано имя табличной части, то возвращается результат запроса.",{},task_031,server,high,task2_cложн_Куликова_v1.epf,"Функция ЗначенияРеквизитовОбъекта(Ссылка, Реквизиты)
    
    Результат = Новый Структура;
    
    // Если передана пустая строка - возвращаем пустую структуру
    Если ТипЗнч(Реквизиты) = Тип(""Строка"") И ПустаяСтрока(Реквизиты) Тогда
        Возврат Результат;
    КонецЕсли;
    
    // Формируем структуру имен полей (Ключ = псевдоним, Значение = имя в БД)
    ИменаПолей = Новый Структура;
    
    Если ТипЗнч(Реквизиты) = Тип(""Строка"") Тогда
        // Строка - имена через запятую
        МассивСтрок = СтрРазделить(Реквизиты, "","", Ложь);
        Для каждого Стр Из МассивСтрок Цикл
            ИмяПоля = СокрЛП(Стр);
            Если Не ПустаяСтрока(ИмяПоля) Тогда
                ИменаПолей.Вставить(ИмяПоля, ИмяПоля);
            КонецЕсли;
        КонецЦикла;
        
    ИначеЕсли ТипЗнч(Реквизиты) = Тип(""Структура"") ИЛИ ТипЗнч(Реквизиты) = Тип(""ФиксированнаяСтруктура"") Тогда
        // Структура - ключ = псевдоним, значение = имя поля (если не указано, то = ключу)
        Для каждого Элемент Из Реквизиты Цикл
            Если Элемент.Значение = Неопределено Тогда
                ИменаПолей.Вставить(Элемент.Ключ, Элемент.Ключ);
            Иначе
                ИменаПолей.Вставить(Элемент.Ключ, Элемент.Значение);
            КонецЕсли;
        КонецЦикла;
        
    ИначеЕсли ТипЗнч(Реквизиты) = Тип(""Массив"") ИЛИ ТипЗнч(Реквизиты) = Тип(""ФиксированныйМассив"") Тогда
        // Массив - имена полей
        Для каждого Элемент Из Реквизиты Цикл
            ИмяПоля = СокрЛП(Элемент);
            Если Не ПустаяСтрока(ИмяПоля) Тогда
                ИменаПолей.Вставить(ИмяПоля, ИмяПоля);
            КонецЕсли;
        КонецЦикла;
        
    КонецЕсли;
    
    // Если список полей пуст - возвращаем пустую структуру
    Если ИменаПолей.Количество() = 0 Тогда
        Возврат Результат;
    КонецЕсли;
    
    // Если пустая ссылка - возвращаем структуру с Неопределено
    Если Не ЗначениеЗаполнено(Ссылка) Тогда
        Для каждого Элемент Из ИменаПолей Цикл
            Результат.Вставить(Элемент.Ключ, Неопределено);
        КонецЦикла;
        Возврат Результат;
    КонецЕсли;
    
    // Получаем метаданные объекта
    Попытка
        МетаданныеОбъекта = Ссылка.Метаданные();
    Исключение
        // Не удалось получить метаданные - возвращаем Неопределено
        Для каждого Элемент Из ИменаПолей Цикл
            Результат.Вставить(Элемент.Ключ, Неопределено);
        КонецЦикла;
        Возврат Результат;
    КонецПопытки;
    
    ИмяТаблицы = МетаданныеОбъекта.ПолноеИмя();
    
    // Разделяем поля на категории: простые, через точку, табличные части
    ПростыеПоля = Новый Структура;
    ПоляЧерезТочку = Новый Структура;
    ТабличныеЧасти = Новый Структура;
    
    Для каждого Элемент Из ИменаПолей Цикл
        Псевдоним = Элемент.Ключ;
        ИмяПоля = Элемент.Значение;
        
        Если СтрНайти(ИмяПоля, ""."") > 0 Тогда
            // Поле через точку (ссылочный реквизит)
            ПоляЧерезТочку.Вставить(Псевдоним, ИмяПоля);
        Иначе
            // Проверяем, является ли это табличной частью
            ЭтоТЧ = Ложь;
            Попытка
                ЭтоТЧ = (МетаданныеОбъекта.ТабличныеЧасти.Найти(ИмяПоля) <> Неопределено);
            Исключение
                ЭтоТЧ = Ложь;
            КонецПопытки;
            
            Если ЭтоТЧ Тогда
                ТабличныеЧасти.Вставить(Псевдоним, ИмяПоля);
            Иначе
                ПростыеПоля.Вставить(Псевдоним, ИмяПоля);
            КонецЕсли;
        КонецЕсли;
    КонецЦикла;
    
    // Запрос для простых полей и полей через точку
    Если ПростыеПоля.Количество() > 0 ИЛИ ПоляЧерезТочку.Количество() > 0 Тогда
        
        // Формируем массив строк полей для запроса
        МассивПолей = Новый Массив;
        
        Для каждого Элемент Из ПростыеПоля Цикл
            МассивПолей.Добавить(""Ссылка."" + Элемент.Значение + "" КАК "" + Элемент.Ключ);
        КонецЦикла;
        
        Для каждого Элемент Из ПоляЧерезТочку Цикл
            МассивПолей.Добавить(""Ссылка."" + Элемент.Значение + "" КАК "" + Элемент.Ключ);
        КонецЦикла;
        
        СтрокаПолей = СтрСоединить(МассивПолей, "",
        |"");
        
        Запрос = Новый Запрос;
        Запрос.Текст = 
        ""ВЫБРАТЬ
        |"" + СтрокаПолей + ""
        |ИЗ
        |"" + ИмяТаблицы + "" КАК Ссылка
        |ГДЕ
        |Ссылка.Ссылка = &Ссылка"";
        
        Запрос.УстановитьПараметр(""Ссылка"", Ссылка);
        
        РезультатЗапроса = Запрос.Выполнить();
        Выборка = РезультатЗапроса.Выбрать();
        
        Если Выборка.Следующий() Тогда
            // Объект найден - заполняем результат
            Для каждого Элемент Из ПростыеПоля Цикл
                Результат.Вставить(Элемент.Ключ, Выборка[Элемент.Ключ]);
            КонецЦикла;
            Для каждого Элемент Из ПоляЧерезТочку Цикл
                Результат.Вставить(Элемент.Ключ, Выборка[Элемент.Ключ]);
            КонецЦикла;
        Иначе
            // Битая ссылка - возвращаем Неопределено для всех полей
            Для каждого Элемент Из ПростыеПоля Цикл
                Результат.Вставить(Элемент.Ключ, Неопределено);
            КонецЦикла;
            Для каждого Элемент Из ПоляЧерезТочку Цикл
                Результат.Вставить(Элемент.Ключ, Неопределено);
            КонецЦикла;
        КонецЕсли;
    КонецЕсли;
    
    // Обрабатываем табличные части
    Для каждого Элемент Из ТабличныеЧасти Цикл
        Запрос = Новый Запрос;
        Запрос.Текст = 
        ""ВЫБРАТЬ
        |ТЧ.*
        |ИЗ
        |"" + ИмяТаблицы + ""."" + Элемент.Значение + "" КАК ТЧ
        |ГДЕ
        |ТЧ.Ссылка = &Ссылка"";
        
        Запрос.УстановитьПараметр(""Ссылка"", Ссылка);
        
        РезультатЗапроса = Запрос.Выполнить();
        Результат.Вставить(Элемент.Ключ, РезультатЗапроса.Выгрузить());
    КонецЦикла;
    
    Возврат Результат;
    
КонецФункции"
"Написать функцию ПодставитьПараметрыВСтроку(ШаблонСтроки, Параметр1, Параметр2, Параметр3, Параметр4, Параметр5), которая подставляет параметры в строку. 
Параметры в строке задаются как %<номер параметра>. Нумерация параметров начинается с единицы.
Возвращает строку с подставленными параметрами. 

Параметры функции:
ШаблонСтроки (тип : Строка) - шаблон строки с параметрами (вхождениями вида ""%<номер параметра>"").
Параметр1 (тип : Строка) - значение подставляемого параметра.
Параметр2 (тип : Строка) - значение подставляемого параметра.
Параметр3 (тип : Строка) - значение подставляемого параметра. 
Параметр4 (тип : Строка) - значение подставляемого параметра.
Параметр5 (тип : Строка) - значение подставляемого параметра.",{},task_032,server,,task2_Куликова_v1.epf,"// Функция подставляет переданные параметры в строку-шаблон.
// Параметры в шаблоне задаются в виде %1, %2, %3 и т.д.
// Нумерация параметров начинается с 1.
//
// Параметры:
//  ШаблонСтроки - Строка - строка, содержащая маркеры параметров (например, ""Текст %1 и %2"")
//  Параметр1   - Строка - значение для маркера %1
//  Параметр2   - Строка - значение для маркера %2
//  Параметр3   - Строка - значение для маркера %3
//  Параметр4   - Строка - значение для маркера %4
//  Параметр5   - Строка - значение для маркера %5
//
// Возвращаемое значение:
//  Строка - строка с подставленными значениями параметров
Функция ПодставитьПараметрыВСтроку(ШаблонСтроки, Параметр1 = """", Параметр2 = """", Параметр3 = """", Параметр4 = """", Параметр5 = """")
    
    Параметры = Новый Массив;
    Параметры.Добавить(Параметр1);
    Параметры.Добавить(Параметр2);
    Параметры.Добавить(Параметр3);
    Параметры.Добавить(Параметр4);
    Параметры.Добавить(Параметр5);
    
    Результат = ШаблонСтроки;
    
    Для Индекс = 1 По 5 Цикл
        Результат = СтрЗаменить(Результат, ""%"" + Индекс, Параметры[Индекс - 1]);
    КонецЦикла;
    
    Возврат Результат;
    
КонецФункции"
"Написать функцию СформироватьРеестрРеализаций(),
которая формирует реестр документов реализации товаров в виде таблицы значений.
Реестр должен включать только проведенные документы «РасходТовара».
Данные выбираются из документа РасходТовара с отбором по признаку Проведен = Истина.
Результат должен представлять таблицу значений (ТаблицаЗначений), где каждая строка соответствует одному документу реализации.
Таблица должна содержать следующие поля:
Дата — дата документа реализации (в формате ДД.ММ.ГГГГ)
Покупатель — ссылка на контрагента (реквизит Покупатель документа РасходТовара)
Склад — склад, с которого произведена отгрузка (реквизит Склад)
Валюта — валюта документа (реквизит Валюта)
ВидЦен — вид цен, используемый в документе (реквизит ВидЦен)","{""Documents"": [{""id"": ""РасходТовара"", ""name"": ""Расход товара"", ""Attributes"": [{""id"": ""Покупатель"", ""name"": ""Покупатель"", ""types"": [{""type"": ""Ref"", ""id"": ""Справочник.Контрагенты""}]}, {""id"": ""Склад"", ""name"": ""Склад"", ""types"": [{""type"": ""Ref"", ""id"": ""Справочник.Склады""}]}, {""id"": ""Валюта"", ""name"": ""Валюта взиморасчетов"", ""types"": [{""type"": ""Ref"", ""id"": ""Справочник.Валюты""}]}, {""id"": ""ВидЦен"", ""name"": ""Вид цен"", ""types"": [{""type"": ""Ref"", ""id"": ""Справочник.ВидыЦен""}]}, {""id"": ""ОбоснованиеОтгрузки"", ""name"": ""Обоснование отгрузки"", ""types"": [{""type"": ""String"", ""StringQualifiers"": ""0""}]}, {""id"": ""Организация"", ""name"": ""Организация"", ""types"": [{""type"": ""Ref"", ""id"": ""Справочник.Организации""}]}], ""TabularSections"": [{""id"": ""Товары"", ""name"": ""Товары"", ""Attributes"": [{""id"": ""Товар"", ""name"": ""Товар"", ""types"": [{""type"": ""Ref"", ""id"": ""Справочник.Товары""}]}, {""id"": ""Цена"", ""name"": ""Цена"", ""types"": [{""type"": ""Number"", ""NumberQualifiers"": ""10.2""}]}, {""id"": ""Количество"", ""name"": ""Количество"", ""types"": [{""type"": ""Number"", ""NumberQualifiers"": ""10.2""}]}, {""id"": ""Сумма"", ""name"": ""Сумма"", ""types"": [{""type"": ""Number"", ""NumberQualifiers"": ""10.2""}]}]}]}], ""Catalogs"": [{""id"": ""Валюты"", ""name"": ""Валюты"", ""Attributes"": [{""id"": ""НаименованиеОсновнойВалюты"", ""name"": ""Наименование основной валюты"", ""types"": [{""type"": ""String"", ""StringQualifiers"": ""0""}]}, {""id"": ""НаименованиеРазменнойВалюты"", ""name"": ""Наименование разменной валюты"", ""types"": [{""type"": ""String"", ""StringQualifiers"": ""0""}]}]}, {""id"": ""ВидыЦен"", ""name"": ""Виды цен"", ""Attributes"": []}, {""id"": ""Контрагенты"", ""name"": ""Контрагенты"", ""Attributes"": [{""id"": ""Регион"", ""name"": ""Регион"", ""types"": [{""type"": ""Ref"", ""id"": ""Справочник.Регионы""}]}, {""id"": ""Индекс"", ""name"": ""Индекс"", ""types"": [{""type"": ""String"", ""StringQualifiers"": ""10""}]}, {""id"": ""Страна"", ""name"": ""Страна"", ""types"": [{""type"": ""String"", ""StringQualifiers"": ""0""}]}, {""id"": ""Город"", ""name"": ""Город"", ""types"": [{""type"": ""String"", ""StringQualifiers"": ""0""}]}, {""id"": ""Улица"", ""name"": ""Улица"", ""types"": [{""type"": ""String"", ""StringQualifiers"": ""0""}]}, {""id"": ""Дом"", ""name"": ""Дом"", ""types"": [{""type"": ""String"", ""StringQualifiers"": ""15""}]}, {""id"": ""Телефон"", ""name"": ""Телефон"", ""types"": [{""type"": ""String"", ""StringQualifiers"": ""16""}]}, {""id"": ""ЭлектроннаяПочта"", ""name"": ""Электронная почта"", ""types"": [{""type"": ""String"", ""StringQualifiers"": ""40""}]}, {""id"": ""Факс"", ""name"": ""Факс"", ""types"": [{""type"": ""String"", ""StringQualifiers"": ""16""}]}, {""id"": ""ВебСайт"", ""name"": ""Веб сайт"", ""types"": [{""type"": ""String"", ""StringQualifiers"": ""40""}]}, {""id"": ""ВидЦен"", ""name"": ""Вид цен"", ""types"": [{""type"": ""Ref"", ""id"": ""Справочник.ВидыЦен""}]}, {""id"": ""ДополнительнаяИнформация"", ""name"": ""Дополнительная информация"", ""types"": [{""type"": ""String"", ""StringQualifiers"": ""0""}]}, {""id"": ""КонтактноеЛицо"", ""name"": ""Контактное лицо"", ""types"": [{""type"": ""String"", ""StringQualifiers"": ""100""}]}, {""id"": ""Широта"", ""name"": ""Широта"", ""types"": [{""type"": ""Number"", ""NumberQualifiers"": ""10.6""}]}, {""id"": ""Долгота"", ""name"": ""Долгота"", ""types"": [{""type"": ""Number"", ""NumberQualifiers"": ""10.6""}]}]}, {""id"": ""Склады"", ""name"": ""Склады"", ""Attributes"": [{""id"": ""НеИспользовать"", ""name"": ""Не использовать"", ""types"": [{""type"": ""Boolean""}]}]}]}",task_033,server,mid,task2_Средняя_СформироватьРеестрРеализацийБезСФ_v2.epf,"Функция СформироватьРеестрРеализаций()
	
	Запрос = Новый Запрос;
	Запрос.Текст = 
	""ВЫБРАТЬ
	|	ФОРМАТ(РасходТовара.Дата, """"ДФ=dd.MM.yyyy"""") КАК Дата,
	|	РасходТовара.Покупатель КАК Покупатель,
	|	РасходТовара.Склад КАК Склад,
	|	РасходТовара.Валюта КАК Валюта,
	|	РасходТовара.ВидЦен КАК ВидЦен
	|ИЗ
	|	Документ.РасходТовара КАК РасходТовара
	|ГДЕ
	|	РасходТовара.Проведен = ИСТИНА"";
	
	РезультатЗапроса = Запрос.Выполнить();
	
	// Выгружаем результат запроса в таблицу значений
	ТаблицаРеестра = РезультатЗапроса.Выгрузить();
	
	Возврат ТаблицаРеестра;
	
КонецФункции"
"Написать функцию ПолучитьТаблицуЗаказовПоКурсуВалют(ДатаНачала, ДатаОкончания), формирующая таблицу заказов за определенный период. 
Сумму документа пересчитать с учетом курса валют. Данные курсов валют следует брать из регистра сведений ""КурсыВалют"".
Функция должна выбирать только заказы непомеченные на удаления. 

Параметры функции:
ДатаНачала (тип: Дата) - дата начала периода.
ДатаОкончания (тип: Дата) - дата окончания периода. 
  
Если в качестве параметра ДатаНачала передана пустая дата, тогда отбирать документы, дата которых меньше параметра ДатаОкончания.
Если в качестве параметра ДатаОкончания передана пустая дата, тогда отбирать документы, дата которых больше параметра ДатаНачала.
Если в качестве параметров ДатаНачала и ДатаОкончания переданы пустые даты, тогда возвращаются все документы.
 
Вернуть таблицу с колонками:
Дата (тип: Число) - дата документа
Заказ (тип: ДокументСсылка.Заказ) - документ заказа.
Сумма (тип: Число) - сумма документа. 
Покупатель (тип: СправочникСсылка.Контаргент) - покупатель.

Строки таблицы отсортировать по убыванию Дата.","{""Documents"": [{""id"": ""Заказ"", ""name"": ""Заказ"", ""Attributes"": [{""id"": ""Покупатель"", ""name"": ""Покупатель"", ""types"": [{""type"": ""Ref"", ""id"": ""Справочник.Контрагенты""}]}, {""id"": ""Склад"", ""name"": ""Склад"", ""types"": [{""type"": ""Ref"", ""id"": ""Справочник.Склады""}]}, {""id"": ""Валюта"", ""name"": ""Валюта взаиморасчетов"", ""types"": [{""type"": ""Ref"", ""id"": ""Справочник.Валюты""}]}, {""id"": ""ВидЦен"", ""name"": ""Вид цен"", ""types"": [{""type"": ""Ref"", ""id"": ""Справочник.ВидыЦен""}]}, {""id"": ""Организация"", ""name"": ""Организация"", ""types"": [{""type"": ""Ref"", ""id"": ""Справочник.Организации""}]}, {""id"": ""СостояниеЗаказа"", ""name"": ""Состояние заказа"", ""types"": [{""type"": ""Ref"", ""id"": ""Перечисление.СостоянияЗаказов""}]}, {""id"": ""Автор"", ""name"": ""Автор"", ""types"": [{""type"": ""Ref"", ""id"": ""Справочник.Пользователи""}]}, {""id"": ""Сумма"", ""name"": ""Сумма"", ""types"": [{""type"": ""Number"", ""NumberQualifiers"": ""10.2""}]}], ""TabularSections"": [{""id"": ""Товары"", ""name"": ""Товары"", ""Attributes"": [{""id"": ""Товар"", ""name"": ""Товар"", ""types"": [{""type"": ""Ref"", ""id"": ""Справочник.Товары""}]}, {""id"": ""Цена"", ""name"": ""Цена"", ""types"": [{""type"": ""Number"", ""NumberQualifiers"": ""10.2""}]}, {""id"": ""Количество"", ""name"": ""Количество"", ""types"": [{""type"": ""Number"", ""NumberQualifiers"": ""10.0""}]}, {""id"": ""Сумма"", ""name"": ""Сумма"", ""types"": [{""type"": ""Number"", ""NumberQualifiers"": ""10.2""}]}]}]}], ""InformationRegisters"": [{""id"": ""КурсыВалют"", ""name"": ""Курсы валют"", ""InformationRegisterPeriodicity"": ""Day"", ""WriteMode"": ""Independent"", ""Dimensions"": [{""id"": ""Валюта"", ""name"": ""Валюта"", ""types"": [{""type"": ""Ref"", ""id"": ""Справочник.Валюты""}]}], ""Resources"": [{""id"": ""Курс"", ""name"": ""Курс"", ""types"": [{""type"": ""Number"", ""NumberQualifiers"": ""10.2""}]}]}], ""Catalogs"": [{""id"": ""Контрагенты"", ""name"": ""Контрагенты"", ""Attributes"": [{""id"": ""Регион"", ""name"": ""Регион"", ""types"": [{""type"": ""Ref"", ""id"": ""Справочник.Регионы""}]}, {""id"": ""Индекс"", ""name"": ""Индекс"", ""types"": [{""type"": ""String"", ""StringQualifiers"": ""10""}]}, {""id"": ""Страна"", ""name"": ""Страна"", ""types"": [{""type"": ""String"", ""StringQualifiers"": ""0""}]}, {""id"": ""Город"", ""name"": ""Город"", ""types"": [{""type"": ""String"", ""StringQualifiers"": ""0""}]}, {""id"": ""Улица"", ""name"": ""Улица"", ""types"": [{""type"": ""String"", ""StringQualifiers"": ""0""}]}, {""id"": ""Дом"", ""name"": ""Дом"", ""types"": [{""type"": ""String"", ""StringQualifiers"": ""15""}]}, {""id"": ""Телефон"", ""name"": ""Телефон"", ""types"": [{""type"": ""String"", ""StringQualifiers"": ""16""}]}, {""id"": ""ЭлектроннаяПочта"", ""name"": ""Электронная почта"", ""types"": [{""type"": ""String"", ""StringQualifiers"": ""40""}]}, {""id"": ""Факс"", ""name"": ""Факс"", ""types"": [{""type"": ""String"", ""StringQualifiers"": ""16""}]}, {""id"": ""ВебСайт"", ""name"": ""Веб сайт"", ""types"": [{""type"": ""String"", ""StringQualifiers"": ""40""}]}, {""id"": ""ВидЦен"", ""name"": ""Вид цен"", ""types"": [{""type"": ""Ref"", ""id"": ""Справочник.ВидыЦен""}]}, {""id"": ""ДополнительнаяИнформация"", ""name"": ""Дополнительная информация"", ""types"": [{""type"": ""String"", ""StringQualifiers"": ""0""}]}, {""id"": ""КонтактноеЛицо"", ""name"": ""Контактное лицо"", ""types"": [{""type"": ""String"", ""StringQualifiers"": ""100""}]}, {""id"": ""Широта"", ""name"": ""Широта"", ""types"": [{""type"": ""Number"", ""NumberQualifiers"": ""10.6""}]}, {""id"": ""Долгота"", ""name"": ""Долгота"", ""types"": [{""type"": ""Number"", ""NumberQualifiers"": ""10.6""}]}]}]}",task_034,server,,task3_Куликова_v2.epf,"Функция ПолучитьТаблицуЗаказовПоКурсуВалют(ДатаНачала, ДатаОкончания)
	
	Запрос = Новый Запрос;
	Запрос.Текст = 
	""ВЫБРАТЬ
	|	Заказ.Ссылка КАК Заказ,
	|	Заказ.Дата КАК ДатаДокумента,
	|	Заказ.Сумма КАК Сумма,
	|	Заказ.Покупатель КАК Покупатель,
	|	Заказ.Валюта КАК Валюта
	|ИЗ
	|	Документ.Заказ КАК Заказ
	|ГДЕ
	|	НЕ Заказ.ПометкаУдаления
	|	И &УсловиеПериода"";
	
	// Формируем условие периода в зависимости от переданных параметров
	ПустаяДата = '00010101';
	Если ДатаНачала = ПустаяДата И ДатаОкончания = ПустаяДата Тогда
		Запрос.УстановитьПараметр(""УсловиеПериода"", ""ИСТИНА"");
	ИначеЕсли ДатаНачала = ПустаяДата Тогда
		Запрос.Текст = СтрЗаменить(Запрос.Текст, ""&УсловиеПериода"", ""Заказ.Дата < &ДатаОкончания"");
		Запрос.УстановитьПараметр(""ДатаОкончания"", КонецДня(ДатаОкончания));
	ИначеЕсли ДатаОкончания = ПустаяДата Тогда
		Запрос.Текст = СтрЗаменить(Запрос.Текст, ""&УсловиеПериода"", ""Заказ.Дата >= &ДатаНачала"");
		Запрос.УстановитьПараметр(""ДатаНачала"", НачалоДня(ДатаНачала));
	Иначе
		Запрос.Текст = СтрЗаменить(Запрос.Текст, ""&УсловиеПериода"", ""Заказ.Дата МЕЖДУ &ДатаНачала И &ДатаОкончания"");
		Запрос.УстановитьПараметр(""ДатаНачала"", НачалоДня(ДатаНачала));
		Запрос.УстановитьПараметр(""ДатаОкончания"", КонецДня(ДатаОкончания));
	КонецЕсли;
	
	РезультатЗапроса = Запрос.Выполнить();
	
	Если РезультатЗапроса.Пустой() Тогда
		Возврат Новый ТаблицаЗначений;
	КонецЕсли;
	
	ТаблицаЗаказов = РезультатЗапроса.Выгрузить();
	
	// Получение курсов валют за нужные даты
	ЗапросКурс = Новый Запрос;
	ЗапросКурс.Текст = 
	""ВЫБРАТЬ
	|	КурсыВалют.Валюта КАК Валюта,
	|	КурсыВалют.Период КАК Период,
	|	КурсыВалют.Курс КАК Курс
	|ИЗ
	|	РегистрСведений.КурсыВалют КАК КурсыВалют
	|ГДЕ
	|	КурсыВалют.Валюта В(&Валюты)
	|	И КурсыВалют.Период В(&Даты)
	|	И КурсыВалют.Период В
	|			(ВЫБРАТЬ
	|				МАКСИМУМ(КВ.Период) КАК Период
	|			ИЗ
	|				РегистрСведений.КурсыВалют КАК КВ
	|			ГДЕ
	|				КВ.Валюта = КурсыВалют.Валюта
	|				И КВ.Период <= КурсыВалют.Период)"";
	
	// Формируем массив уникальных валют и дат для оптимизации запроса курсов
	Валюты = ТаблицаЗаказов.ВыгрузитьКолонку(""Валюта"");
	Даты = ТаблицаЗаказов.ВыгрузитьКолонку(""ДатаДокумента"");
	
	ЗапросКурс.УстановитьПараметр(""Валюты"", Валюты);
	ЗапросКурс.УстановитьПараметр(""Даты"", Даты);
	
	РезультатКурс = ЗапросКурс.Выполнить();
	ТаблицаКурсов = РезультатКурс.Выгрузить();
	
	// Индексируем таблицу курсов для быстрого поиска
	ТаблицаКурсов.Индексы.Добавить(""Валюта, Период"");
	
	// Формирование итоговой таблицы
	ИтоговаяТаблица = Новый ТаблицаЗначений;
	ИтоговаяТаблица.Колонки.Добавить(""Дата"", Новый ОписаниеТипов(""Число""));
	ИтоговаяТаблица.Колонки.Добавить(""Заказ"", Новый ОписаниеТипов(""ДокументСсылка.Заказ""));
	ИтоговаяТаблица.Колонки.Добавить(""Сумма"", Новый ОписаниеТипов(""Число""));
	ИтоговаяТаблица.Колонки.Добавить(""Покупатель"", Новый ОписаниеТипов(""СправочникСсылка.Контрагенты""));
	
	Для Каждого СтрокаЗаказа Из ТаблицаЗаказов Цикл
		
		ДатаДок = СтрокаЗаказа.ДатаДокумента;
		Валюта = СтрокаЗаказа.Валюта;
		
		// Поиск курса на дату документа
		СтрокаКурса = ТаблицаКурсов.Найти(Валюта, ""Валюта"");
		Курс = 1; // По умолчанию, если валюта не указана или курс не найден
		
		Если СтрокаКурса <> Неопределено Тогда
			Отбор = Новый Структура(""Валюта"", Валюта);
			НайденныеСтроки = ТаблицаКурсов.НайтиСтроки(Отбор);
			
			// Ищем максимальную дату, которая меньше или равна дате документа
			БлижайшаяДата = '00010101';
			Для Каждого НайденнаяСтрока Из НайденныеСтроки Цикл
				Если НайденнаяСтрока.Период <= ДатаДок И НайденнаяСтрока.Период > БлижайшаяДата Тогда
					БлижайшаяДата = НайденнаяСтрока.Период;
				КонецЕсли;
			КонецЦикла;
			
			Если БлижайшаяДата <> '00010101' Тогда
				ОтборПоДате = Новый Структура(""Валюта, Период"", Валюта, БлижайшаяДата);
				НайденнаяСтрокаКурса = ТаблицаКурсов.НайтиСтроки(ОтборПоДате);
				Если НайденнаяСтрокаКурса.Количество() > 0 Тогда
					Курс = НайденнаяСтрокаКурса[0].Курс;
				КонецЕсли;
			КонецЕсли;
		КонецЕсли;
		
		НоваяСтрока = ИтоговаяТаблица.Добавить();
		НоваяСтрока.Дата = Год(ДатаДок) * 10000 + Месяц(ДатаДок) * 100 + День(ДатаДок); // Преобразование даты в число
		НоваяСтрока.Заказ = СтрокаЗаказа.Заказ;
		НоваяСтрока.Сумма = СтрокаЗаказа.Сумма * Курс;
		НоваяСтрока.Покупатель = СтрокаЗаказа.Покупатель;
		
	КонецЦикла;
	
	// Сортировка по убыванию даты
	ИтоговаяТаблица.Сортировать(""Дата Убыв"");
	
	Возврат ИтоговаяТаблица;
	
КонецФункции"
"Написать функцию СформироватьОтчетЗадолженностьКонтрагентов(ДатаНачала, ДатаОкончания, Валюта) которая формирует отчет на сервере ""ОтчетПоВзаиморасчетам""  на заданный период с отбором по Валюте и по СуммаКонечныйОстаток, где СуммаКонечныйОстаток < 0. 
Функция должна программно сформировать отчет ""ОтчетПоВзаиморасчетам"", вариант отчета ""Основной"". 
Настройки отчета:
	Параметры отчета: Период. 
	    Значения парамета: Период.ДатаНачала = ДатаНачала, Период.ДатаОкончания = ДатаОкончания. 
	Структура отчета: Таблица
	                     *cтроки: Контргант.    
	                     *столбцы: Валюта.
	Выбранные поля: СуммаКонечныйОстаток, Контрагент.
	Отбор: СуммаКонечныйОстаток < 0, Валюта = Валюта.
	Параметры вывода: ВыводитьПараметрыДанных = Не выводить,
	                  ВыводитьОтбор = Не выводить. 
	УсловноеОформление: 
	                 Оформление - Формат = ""ЧЦ=10; ЧДЦ=2; ЧО=1"".  
	                 Оформляемые поля - СуммаКонечныйОстаток
Параметры функции:  
ДатаНачала (тип: Дата) - начало периода.
ДатаОкончания (тип: Дата) - окончание периода.
Валюта (тип: СправочникСсылка.Валюты) - валюта.

Возвращаемое значение: ТабличныйДокумент.","{""Catalogs"": [{""id"": ""Валюты"", ""name"": ""Валюты"", ""Attributes"": [{""id"": ""НаименованиеОсновнойВалюты"", ""name"": ""Наименование основной валюты"", ""types"": [{""type"": ""String"", ""StringQualifiers"": ""0""}]}, {""id"": ""НаименованиеРазменнойВалюты"", ""name"": ""Наименование разменной валюты"", ""types"": [{""type"": ""String"", ""StringQualifiers"": ""0""}]}]}]}",task_035,server,high,task3_сложн_Куликова_v1.epf,"Функция СформироватьОтчетЗадолженностьКонтрагентов(ДатаНачала, ДатаОкончания, Валюта)
    
    // Создание объекта отчета
    ОтчетОбъект = Отчеты.ОтчетПоВзаиморасчетам.Создать();
    СхемаКомпоновки = ОтчетОбъект.СхемаКомпоновкиДанных;
    Настройки = ОтчетОбъект.КомпоновщикНастроек.Настройки;
    
    // Установка варианта отчета ""Основной""
    Вариант = СхемаКомпоновки.ВариантыНастроек.Найти(""Основной"");
    Если Вариант <> Неопределено Тогда
        Настройки.ВариантНастройки = Вариант;
    КонецЕсли;
    
    // 1. Параметры отчета: Период
    ПараметрПериод = Настройки.ПараметрыДанных.Элементы.Найти(""Период"");
    Если ПараметрПериод <> Неопределено Тогда
        ПараметрПериод.Использование = Истина;
        ПараметрПериод.Значение = Новый СтандартныйПериод(ДатаНачала, ДатаОкончания);
    КонецЕсли;
    
    // 2. Структура отчета: Таблица (строки - Контрагент, столбцы - Валюта)
    Настройки.Структура.Очистить();
    Таблица = Настройки.Структура.Добавить(Тип(""ТаблицаКомпоновкиДанных""));
    
    ПолеСтроки = Таблица.Строки.ПоляГруппировки.Элементы.Добавить(Тип(""ПолеГруппировкиКомпоновкиДанных""));
    ПолеСтроки.Использование = Истина;
    ПолеСтроки.Поле = Новый ПолеКомпоновкиДанных(""Контрагент"");
    
    ПолеКолонки = Таблица.Колонки.ПоляГруппировки.Элементы.Добавить(Тип(""ПолеГруппировкиКомпоновкиДанных""));
    ПолеКолонки.Использование = Истина;
    ПолеКолонки.Поле = Новый ПолеКомпоновкиДанных(""Валюта"");
    
    // 3. Выбранные поля: СуммаКонечныйОстаток, Контрагент
    Настройки.Выбор.Элементы.Очистить();
    
    ВыбранноеПолеСумма = Настройки.Выбор.Элементы.Добавить(Тип(""ВыбранноеПолеКомпоновкиДанных""));
    ВыбранноеПолеСумма.Использование = Истина;
    ВыбранноеПолеСумма.Поле = Новый ПолеКомпоновкиДанных(""СуммаКонечныйОстаток"");
    
    ВыбранноеПолеКонтрагент = Настройки.Выбор.Элементы.Добавить(Тип(""ВыбранноеПолеКомпоновкиДанных""));
    ВыбранноеПолеКонтрагент.Использование = Истина;
    ВыбранноеПолеКонтрагент.Поле = Новый ПолеКомпоновкиДанных(""Контрагент"");
    
    // 4. Отбор: СуммаКонечныйОстаток < 0, Валюта = Валюта
    Настройки.Отбор.Элементы.Очистить();
    
    ЭлементОтбораСумма = Настройки.Отбор.Элементы.Добавить(Тип(""ЭлементОтбораКомпоновкиДанных""));
    ЭлементОтбораСумма.Использование = Истина;
    ЭлементОтбораСумма.ЛевоеЗначение = Новый ПолеКомпоновкиДанных(""СуммаКонечныйОстаток"");
    ЭлементОтбораСумма.ВидСравнения = ВидСравненияКомпоновкиДанных.Меньше;
    ЭлементОтбораСумма.ПравоеЗначение = 0;
    
    ЭлементОтбораВалюта = Настройки.Отбор.Элементы.Добавить(Тип(""ЭлементОтбораКомпоновкиДанных""));
    ЭлементОтбораВалюта.Использование = Истина;
    ЭлементОтбораВалюта.ЛевоеЗначение = Новый ПолеКомпоновкиДанных(""Валюта"");
    ЭлементОтбораВалюта.ВидСравнения = ВидСравненияКомпоновкиДанных.Равно;
    ЭлементОтбораВалюта.ПравоеЗначение = Валюта;
    
    // 5. Параметры вывода
    Настройки.ПараметрыВывода.УстановитьЗначениеПараметра(""ВыводитьПараметрыДанных"", ИспользованиеПараметраКомпоновкиДанных.НеИспользовать);
    Настройки.ПараметрыВывода.УстановитьЗначениеПараметра(""ВыводитьОтбор"", ИспользованиеПараметраКомпоновкиДанных.НеИспользовать);
    
    // 6. Условное оформление
    Настройки.УсловноеОформление.Элементы.Очистить();
    
    ЭлементОформления = Настройки.УсловноеОформление.Элементы.Добавить();
    
    // Оформление - Формат
    ЭлементОформления.Оформление.УстановитьЗначениеПараметра(""Формат"", ""ЧЦ=10; ЧДЦ=2; ЧО=1"");
    
    // Оформляемые поля - СуммаКонечныйОстаток
    ПолеОформления = ЭлементОформления.Поля.Элементы.Добавить(Тип(""ПолеОформленияКомпоновкиДанных""));
    ПолеОформления.Использование = Истина;
    ПолеОформления.Поле = Новый ПолеКомпоновкиДанных(""СуммаКонечныйОстаток"");
    
    // Формирование отчета
    КомпоновщикМакета = Новый КомпоновщикМакетаКомпоновкиДанных;
    Макет = КомпоновщикМакета.Выполнить(СхемаКомпоновки, Настройки);
    
    ПроцессорКомпоновки = Новый ПроцессорКомпоновкиДанных;
    ПроцессорКомпоновки.Инициализировать(Макет);
    
    ТабличныйДокумент = Новый ТабличныйДокумент;
    ПроцессорВывода = Новый ПроцессорВыводаРезультатаКомпоновкиДанныхВТабличныйДокумент;
    ПроцессорВывода.УстановитьДокумент(ТабличныйДокумент);
    ПроцессорВывода.Вывести();
    
    Возврат ТабличныйДокумент;
    
КонецФункции"
"Написать функцию ПолучитьТаблицуНепрочитанныхПисемКонтрагентов(мКонтрагенты), которая формирует таблицу непрочитанных писем от контрагентов за предыдущий месяц.
Предыдущий месяц - это календарный месяц, предшествующий текущей дате. 
 
Таблица должна содержать колонки:
Письмо (тип: СправочникСсылка.ВходящиеПисьма) - письмо.
Тема (тип: Строка) - тема письма.
Контрагента (тип: СправочникСсылка.Контрагенты) - дата письма.
Дата (тип: Дата) - дата письма.

Параметры функции: 
мКонтрагенты (тип: Массив из СправочникСсылка.Контрагенты) - контрагенты для отбора писем.

Данные о состоянии письма берутся из регистра сведений ""СостояниеВходящихПисем"". Данные электронной почты контрагента хранятся в справочнике ""Контрагенты"".","{""InformationRegisters"": [{""id"": ""СостояниеВходящихПисем"", ""name"": ""Состояние входящих писем"", ""InformationRegisterPeriodicity"": ""Nonperiodical"", ""WriteMode"": ""Independent"", ""Dimensions"": [{""id"": ""Письмо"", ""name"": ""Письмо"", ""types"": [{""type"": ""Ref"", ""id"": ""Справочник.ВходящиеПисьма""}]}], ""Resources"": [{""id"": ""Прочитано"", ""name"": ""Прочитано"", ""types"": []}]}], ""Catalogs"": [{""id"": ""ВходящиеПисьма"", ""name"": ""Входящие письма"", ""Attributes"": [{""id"": ""Дата"", ""name"": ""Дата"", ""types"": [{""type"": ""Date""}]}, {""id"": ""Отправитель"", ""name"": ""Отправитель"", ""types"": [{""type"": ""String"", ""StringQualifiers"": ""0""}]}, {""id"": ""Текст"", ""name"": ""Текст"", ""types"": [{""type"": ""String"", ""StringQualifiers"": ""0""}]}, {""id"": ""ВидСодержимого"", ""name"": ""Вид содержимого"", ""types"": []}, {""id"": ""Идентификатор"", ""name"": ""Идентификатор"", ""types"": [{""type"": ""String"", ""StringQualifiers"": ""0""}]}, {""id"": ""ПочтовыйЯщик"", ""name"": ""Почтовый ящик"", ""types"": [{""type"": ""String"", ""StringQualifiers"": ""64""}]}]}, {""id"": ""Контрагенты"", ""name"": ""Контрагенты"", ""Attributes"": [{""id"": ""Регион"", ""name"": ""Регион"", ""types"": [{""type"": ""Ref"", ""id"": ""Справочник.Регионы""}]}, {""id"": ""Индекс"", ""name"": ""Индекс"", ""types"": [{""type"": ""String"", ""StringQualifiers"": ""10""}]}, {""id"": ""Страна"", ""name"": ""Страна"", ""types"": [{""type"": ""String"", ""StringQualifiers"": ""0""}]}, {""id"": ""Город"", ""name"": ""Город"", ""types"": [{""type"": ""String"", ""StringQualifiers"": ""0""}]}, {""id"": ""Улица"", ""name"": ""Улица"", ""types"": [{""type"": ""String"", ""StringQualifiers"": ""0""}]}, {""id"": ""Дом"", ""name"": ""Дом"", ""types"": [{""type"": ""String"", ""StringQualifiers"": ""15""}]}, {""id"": ""Телефон"", ""name"": ""Телефон"", ""types"": [{""type"": ""String"", ""StringQualifiers"": ""16""}]}, {""id"": ""ЭлектроннаяПочта"", ""name"": ""Электронная почта"", ""types"": [{""type"": ""String"", ""StringQualifiers"": ""40""}]}, {""id"": ""Факс"", ""name"": ""Факс"", ""types"": [{""type"": ""String"", ""StringQualifiers"": ""16""}]}, {""id"": ""ВебСайт"", ""name"": ""Веб сайт"", ""types"": [{""type"": ""String"", ""StringQualifiers"": ""40""}]}, {""id"": ""ВидЦен"", ""name"": ""Вид цен"", ""types"": [{""type"": ""Ref"", ""id"": ""Справочник.ВидыЦен""}]}, {""id"": ""ДополнительнаяИнформация"", ""name"": ""Дополнительная информация"", ""types"": [{""type"": ""String"", ""StringQualifiers"": ""0""}]}, {""id"": ""КонтактноеЛицо"", ""name"": ""Контактное лицо"", ""types"": [{""type"": ""String"", ""StringQualifiers"": ""100""}]}, {""id"": ""Широта"", ""name"": ""Широта"", ""types"": [{""type"": ""Number"", ""NumberQualifiers"": ""10.6""}]}, {""id"": ""Долгота"", ""name"": ""Долгота"", ""types"": [{""type"": ""Number"", ""NumberQualifiers"": ""10.6""}]}]}]}",task_036,server,,task4_Куликова_ v1.epf,"Функция ПолучитьТаблицуНепрочитанныхПисемКонтрагентов(мКонтрагенты)
    
    // Если массив контрагентов пуст, возвращаем пустую таблицу
    Если мКонтрагенты.Количество() = 0 Тогда
        ТаблицаРезультат = Новый ТаблицаЗначений;
        ТаблицаРезультат.Колонки.Добавить(""Письмо"", Новый ОписаниеТипов(""СправочникСсылка.ВходящиеПисьма""));
        ТаблицаРезультат.Колонки.Добавить(""Тема"", Новый ОписаниеТипов(""Строка""));
        ТаблицаРезультат.Колонки.Добавить(""Контрагента"", Новый ОписаниеТипов(""СправочникСсылка.Контрагенты""));
        ТаблицаРезультат.Колонки.Добавить(""Дата"", Новый ОписаниеТипов(""Дата""));
        Возврат ТаблицаРезультат;
    КонецЕсли;
    
    // Определяем границы предыдущего месяца
    НачалоТекущегоМесяца = НачалоМесяца(ТекущаяДатаСеанса());
    НачалоПредыдущегоМесяца = ДобавитьМесяц(НачалоТекущегоМесяца, -1);
    КонецПредыдущегоМесяца = КонецМесяца(НачалоПредыдущегоМесяца);
    
    Запрос = Новый Запрос;
    Запрос.Текст = 
    ""ВЫБРАТЬ
    |   ВходящиеПисьма.Ссылка КАК Письмо,
    |   ВходящиеПисьма.Наименование КАК Тема,
    |   Контрагенты.Ссылка КАК Контрагента,
    |   ВходящиеПисьма.Дата КАК Дата
    |ИЗ
    |   Справочник.ВходящиеПисьма КАК ВходящиеПисьма
    |       ВНУТРЕННЕЕ СОЕДИНЕНИЕ Справочник.Контрагенты КАК Контрагенты
    |       ПО ВходящиеПисьма.ПочтовыйЯщик = Контрагенты.ЭлектроннаяПочта
    |       ЛЕВОЕ СОЕДИНЕНИЕ РегистрСведений.СостояниеВходящихПисем КАК СостояниеВходящихПисем
    |       ПО ВходящиеПисьма.Ссылка = СостояниеВходящихПисем.Письмо
    |ГДЕ
    |   ВходящиеПисьма.Дата МЕЖДУ &НачалоПредыдущегоМесяца И &КонецПредыдущегоМесяца
    |   И Контрагенты.Ссылка В(&мКонтрагенты)
    |   И (СостояниеВходящихПисем.Письмо ЕСТЬ NULL
    |       ИЛИ СостояниеВходящихПисем.Прочитано = ЛОЖЬ)"";
    
    Запрос.УстановитьПараметр(""НачалоПредыдущегоМесяца"", НачалоПредыдущегоМесяца);
    Запрос.УстановитьПараметр(""КонецПредыдущегоМесяца"", КонецПредыдущегоМесяца);
    Запрос.УстановитьПараметр(""мКонтрагенты"", мКонтрагенты);
    
    Результат = Запрос.Выполнить();
    
    Возврат Результат.Выгрузить();
    
КонецФункции"
"Написать функцию ВыгрузитьЗаказыВXMLФайл(),     
которая формирует выгрузку заказов в работе в файл формата XML.
Выгрузка должна включать только проведенные документы «Заказ».
Данные выбираются из документа Заказ с отбором по следующим условиям:
признак Проведен = Истина;
состояние заказа равно значению перечисления СостоянияЗаказов.ВРаботе.
Результат формирования должен представлять XML-файл, сохранённый во временный каталог, путь к которому возвращается функцией.
Структура формирования XML выполняется следующим образом:
Создаётся временный XML-файл в кодировке UTF-8.
В файл записывается объявление XML.
Формируется корневой элемент «Заказ» с атрибутом Имя = ""ЗаказТовары"".
Для каждой записи выборки из документа Заказ формируется элемент «Запись», содержащий детальные сведения о заказе.
После завершения записи всех элементов XML-документ корректно закрывается и сохраняется в файл.
Источник данных:
Документ.Заказ (реквизиты: Номер, Дата, Покупатель, Склад, Валюта, ВидЦен, Организация, СостояниеЗаказа);
дополнительные представления ссылочных реквизитов (Покупатель, Склад, Организация) используются для формирования читаемого текста.","{""Documents"": [{""id"": ""Заказ"", ""name"": ""Заказ"", ""Attributes"": [{""id"": ""Покупатель"", ""name"": ""Покупатель"", ""types"": [{""type"": ""Ref"", ""id"": ""Справочник.Контрагенты""}]}, {""id"": ""Склад"", ""name"": ""Склад"", ""types"": [{""type"": ""Ref"", ""id"": ""Справочник.Склады""}]}, {""id"": ""Валюта"", ""name"": ""Валюта взаиморасчетов"", ""types"": [{""type"": ""Ref"", ""id"": ""Справочник.Валюты""}]}, {""id"": ""ВидЦен"", ""name"": ""Вид цен"", ""types"": [{""type"": ""Ref"", ""id"": ""Справочник.ВидыЦен""}]}, {""id"": ""Организация"", ""name"": ""Организация"", ""types"": [{""type"": ""Ref"", ""id"": ""Справочник.Организации""}]}, {""id"": ""СостояниеЗаказа"", ""name"": ""Состояние заказа"", ""types"": [{""type"": ""Ref"", ""id"": ""Перечисление.СостоянияЗаказов""}]}, {""id"": ""Автор"", ""name"": ""Автор"", ""types"": [{""type"": ""Ref"", ""id"": ""Справочник.Пользователи""}]}, {""id"": ""Сумма"", ""name"": ""Сумма"", ""types"": [{""type"": ""Number"", ""NumberQualifiers"": ""10.2""}]}], ""TabularSections"": [{""id"": ""Товары"", ""name"": ""Товары"", ""Attributes"": [{""id"": ""Товар"", ""name"": ""Товар"", ""types"": [{""type"": ""Ref"", ""id"": ""Справочник.Товары""}]}, {""id"": ""Цена"", ""name"": ""Цена"", ""types"": [{""type"": ""Number"", ""NumberQualifiers"": ""10.2""}]}, {""id"": ""Количество"", ""name"": ""Количество"", ""types"": [{""type"": ""Number"", ""NumberQualifiers"": ""10.0""}]}, {""id"": ""Сумма"", ""name"": ""Сумма"", ""types"": [{""type"": ""Number"", ""NumberQualifiers"": ""10.2""}]}]}]}]}",task_037,server,mid,task4_СредняяВыгрузкаЗаказовВФайлXML_v2.epf,"Функция ВыгрузитьЗаказыВXMLФайл()
	
	Запрос = Новый Запрос;
	Запрос.Текст = 
	""ВЫБРАТЬ
	|	Заказ.Номер КАК Номер,
	|	Заказ.Дата КАК Дата,
	|	ПРЕДСТАВЛЕНИЕ(Заказ.Покупатель) КАК ПокупательПредставление,
	|	ПРЕДСТАВЛЕНИЕ(Заказ.Склад) КАК СкладПредставление,
	|	Заказ.Валюта КАК Валюта,
	|	Заказ.ВидЦен КАК ВидЦен,
	|	ПРЕДСТАВЛЕНИЕ(Заказ.Организация) КАК ОрганизацияПредставление,
	|	Заказ.СостояниеЗаказа КАК СостояниеЗаказа
	|ИЗ
	|	Документ.Заказ КАК Заказ
	|ГДЕ
	|	Заказ.Проведен = ИСТИНА
	|	И Заказ.СостояниеЗаказа = &СостояниеЗаказа"";
	
	Запрос.УстановитьПараметр(""СостояниеЗаказа"", Перечисления.СостоянияЗаказов.ВРаботе);
	
	РезультатЗапроса = Запрос.Выполнить().Выбрать();
	
	// Создание временного файла
	ПутьКФайлу = ПолучитьИмяВременногоФайла(""xml"");
	
	ЗаписьXML = Новый ЗаписьXML;
	ЗаписьXML.ОткрытьФайл(ПутьКФайлу, ""UTF-8"");
	ЗаписьXML.ЗаписатьОбъявлениеXML();
	
	// Формирование корневого элемента <Заказ Имя=""ЗаказТовары"">
	ЗаписьXML.ЗаписатьНачалоЭлемента(""Заказ"");
	ЗаписьXML.ЗаписатьАтрибут(""Имя"", ""ЗаказТовары"");
	
	Пока РезультатЗапроса.Следующий() Цикл
		
		// Формирование элемента <Запись> для каждого заказа
		ЗаписьXML.ЗаписатьНачалоЭлемента(""Запись"");
		
		ЗаписьXML.ЗаписатьНачалоЭлемента(""Номер"");
		ЗаписьXML.ЗаписатьТекст(Строка(РезультатЗапроса.Номер));
		ЗаписьXML.ЗаписатьКонецЭлемента();
		
		ЗаписьXML.ЗаписатьНачалоЭлемента(""Дата"");
		ЗаписьXML.ЗаписатьТекст(Строка(РезультатЗапроса.Дата));
		ЗаписьXML.ЗаписатьКонецЭлемента();
		
		// Использование дополнительных представлений для ссылочных реквизитов
		ЗаписьXML.ЗаписатьНачалоЭлемента(""Покупатель"");
		ЗаписьXML.ЗаписатьТекст(РезультатЗапроса.ПокупательПредставление);
		ЗаписьXML.ЗаписатьКонецЭлемента();
		
		ЗаписьXML.ЗаписатьНачалоЭлемента(""Склад"");
		ЗаписьXML.ЗаписатьТекст(РезультатЗапроса.СкладПредставление);
		ЗаписьXML.ЗаписатьКонецЭлемента();
		
		ЗаписьXML.ЗаписатьНачалоЭлемента(""Валюта"");
		ЗаписьXML.ЗаписатьТекст(Строка(РезультатЗапроса.Валюта));
		ЗаписьXML.ЗаписатьКонецЭлемента();
		
		ЗаписьXML.ЗаписатьНачалоЭлемента(""ВидЦен"");
		ЗаписьXML.ЗаписатьТекст(Строка(РезультатЗапроса.ВидЦен));
		ЗаписьXML.ЗаписатьКонецЭлемента();
		
		ЗаписьXML.ЗаписатьНачалоЭлемента(""Организация"");
		ЗаписьXML.ЗаписатьТекст(РезультатЗапроса.ОрганизацияПредставление);
		ЗаписьXML.ЗаписатьКонецЭлемента();
		
		ЗаписьXML.ЗаписатьНачалоЭлемента(""СостояниеЗаказа"");
		ЗаписьXML.ЗаписатьТекст(Строка(РезультатЗапроса.СостояниеЗаказа));
		ЗаписьXML.ЗаписатьКонецЭлемента();
		
		ЗаписьXML.ЗаписатьКонецЭлемента(); // </Запись>
		
	КонецЦикла;
	
	ЗаписьXML.ЗаписатьКонецЭлемента(); // </Заказ>
	ЗаписьXML.ЗакрытьФайл();
	
	Возврат ПутьКФайлу;
	
КонецФункции"
"Создай функцию РазложитьСтрокуВМассивПодстрок(Знач Стр, Разделитель = "",""), которая ""расщепляет"" строку на подстроки, используя заданный разделитель (параметр №2). 
Разделитель может иметь любую длину. Если в качестве разделителя задан пробел, рядом стоящие пробелы считаются одним разделителем, а ведущие и хвостовые пробелы параметра Стр игнорируются.
     Например,
      РазложитьСтрокуВМассивПодстрок("",один,,,два"", "","") возвратит массив значений из пяти элементов,
      три из которых - пустые строки, а
      РазложитьСтрокуВМассивПодстрок("" один   два"", "" "") возвратит массив значений из двух элементов
В качестве первого параметра передается строка, которую необходимо разложить, строка передается по значению, 
в качестве второго параметра ""Разделитель"" используется   строка-разделитель, по умолчанию - запятая.
Возвращает  массив значений, элементы которого - подстроки",{},task_038,server,,task_1_amir_v4.epf,"Функция РазложитьСтрокуВМассивПодстрок(Знач Стр, Разделитель = "","")
    
    Результат = Новый Массив();
    
    // Специальная обработка для пробела как разделителя
    Если Разделитель = "" "" Тогда
        // Игнорируем ведущие и хвостовые пробелы
        Стр = СокрЛП(Стр);
        
        // Заменяем несколько подряд идущих пробелов на один
        Пока СтрНайти(Стр, ""  "") > 0 Цикл
            Стр = СтрЗаменить(Стр, ""  "", "" "");
        КонецЦикл;
        
        // Если после обработки строка пустая, возвращаем пустой массив
        Если Стр = """" Тогда
            Возврат Результат;
        КонецЕсли;
    КонецЕсли;
    
    // Если строка пустая (для не-пробельного разделителя)
    Если Стр = """" Тогда
        Результат.Добавить("""");
        Возврат Результат;
    КонецЕсли;
    
    // Раскладываем строку по разделителю
    ДлинаРазделителя = СтрДлина(Разделитель);
    
    Пока Истина Цикл
        ПозицияРазделителя = СтрНайти(Стр, Разделитель);
        
        Если ПозицияРазделителя = 0 Тогда
            // Разделитель не найден - добавляем остаток строки
            Результат.Добавить(Стр);
            Прервать;
        КонецЕсли;
        
        // Добавляем подстроку до разделителя
        Подстрока = Лев(Стр, ПозицияРазделителя - 1);
        Результат.Добавить(Подстрока);
        
        // Отрезаем обработанную часть строки
        Стр = Сред(Стр, ПозицияРазделителя + ДлинаРазделителя);
    КонецЦикл;
    
    Возврат Результат;
    
КонецФункции"
"Создай функцию ЗарегистрированныеКОбменуБитыеСсылки(Узел, ТипМетаданных), которая вернет таблицу значений с колонками ""МетаИмя"" - Полное имя метаданных,""УИД"" - уникальный идентификатор ссылки и ТипМетаданных - тип значения ссылки,
 где параметр ТипМетаданных является не обязательным и может быть не указан, тогда отбор выполняется по всем ссылочным метаданным из состава плана обмена

Параметры:
 Узел     - ПланОбменаСсылка - узел плана обмена, по которому выполняется поиск
 ТипМетаданных - ОбъектМетаданных - метаданные из состава плана обмена. Значение по умолчанию Неопределено

Возвращает таблицу значений с колонками МетаИмя, ТипМетаданных, УИД содержащей значения из зарегистрированных объектов на узле плана обмена
Результатом решения является проверка на количество элементов в таблице значений",{},task_039,server,,task_3_amir.epf,"Функция ЗарегистрированныеКОбменуБитыеСсылки(Узел, ТипМетаданных = Неопределено)
    
    // Создаем таблицу значений с требуемыми колонками
    Результат = Новый ТаблицаЗначений;
    Результат.Колонки.Добавить(""МетаИмя"", Новый ОписаниеТипов(""Строка""));
    Результат.Колонки.Добавить(""УИД"", Новый ОписаниеТипов(""УникальныйИдентификатор""));
    Результат.Колонки.Добавить(""ТипМетаданных"", Новый ОписаниеТипов(""Тип""));
    
    // Получаем метаданные плана обмена для определения состава
    МетаДанныеПланаОбмена = Узел.Метаданные();
    
    // Формируем список ссылочных метаданных для отбора
    СписокМетаданныхДляОтбора = Новый Массив;
    Если ТипМетаданных <> Неопределено Тогда
        // Если тип метаданных указан, используем только его
        СписокМетаданныхДляОтбора.Добавить(ТипМетаданных);
    Иначе
        // Если тип не указан, получаем все ссылочные метаданные из состава плана обмена
        Для Каждого ЭлементСостава Из МетаДанныеПланаОбмена.Состав Цикл
            Если ЭтоСсылочныйТипМетаданных(ЭлементСостава) Тогда
                СписокМетаданныхДляОтбора.Добавить(ЭлементСостава);
            КонецЕсли;
        КонецЦикла;
    КонецЕсли;
    
    // Если список пуст, возвращаем пустую таблицу
    Если СписокМетаданныхДляОтбора.Количество() = 0 Тогда
        Возврат Результат;
    КонецЕсли;
    
    // Получаем выборку зарегистрированных к обмену изменений
    Выборка = ПланыОбмена.ВыбратьИзменения(Узел, , Истина);
    
    Пока Выборка.Следующий() Цикл
        
        ТекущаяСсылка = Выборка.ПолучитьОбъект();
        
        // Проверяем, что это ссылка (не объект и не набор записей)
        Попытка
            МетаСсылки = ТекущаяСсылка.Метаданные();
        Исключение
            // Это не ссылочный тип, пропускаем
            Продолжить;
        КонецПопытки;
        
        Если МетаСсылки = Неопределено Тогда
            Продолжить;
        КонецЕсли;
        
        // Проверяем, что метаданные входят в список отбора
        МетаДанныеВСписке = Ложь;
        Для Каждого ЭлементОтбора Из СписокМетаданныхДляОтбора Цикл
            Если ЭлементОтбора = МетаСсылки Тогда
                МетаДанныеВСписке = Истина;
                Прервать;
            КонецЕсли;
        КонецЦикла;
        
        Если Не МетаДанныеВСписке Тогда
            Продолжить;
        КонецЕсли;
        
        // Проверяем, что ссылка битая (не пустая и объект не существует)
        Если ЭтоБитаяСсылка(ТекущаяСсылка) Тогда
            НоваяСтрока = Результат.Добавить();
            НоваяСтрока.МетаИмя = МетаСсылки.ПолноеИмя();
            НоваяСтрока.УИД = ТекущаяСсылка.УникальныйИдентификатор();
            НоваяСтрока.ТипМетаданных = ТипЗнч(ТекущаяСсылка);
        КонецЕсли;
        
    КонецЦикла;
    
    Возврат Результат;
    
КонецФункции

Функция ЭтоСсылочныйТипМетаданных(МетаДанные)
    
    // Проверяем, что метаданные являются объектным типом (имеют ссылки)
    ТипМетаданных = МетаДанные.Тип();
    
    Если ТипМетаданных = ""Справочник"" 
        ИЛИ ТипМетаданных = ""Документ"" 
        ИЛИ ТипМетаданных = ""БизнесПроцесс"" 
        ИЛИ ТипМетаданных = ""Задача""
        ИЛИ ТипМетаданных = ""ПланВидовХарактеристик""
        ИЛИ ТипМетаданных = ""ПланСчетов""
        ИЛИ ТипМетаданных = ""ПланВидовРасчета"" Тогда
        Возврат Истина;
    КонецЕсли;
    
    Возврат Ложь;
    
КонецФункции

Функция ЭтоБитаяСсылка(Ссылка)
    
    // Проверяем, что ссылка не пустая
    Если Ссылка.Пустая() Тогда
        Возврат Ложь;
    КонецЕсли;
    
    // Проверяем, что объект по ссылке не существует
    Попытка
        Если Ссылка.ПолучитьОбъект() = Неопределено Тогда
            Возврат Истина;
        КонецЕсли;
    Исключение
        // Если при обращении к ссылке возникает исключение, это битая ссылка
        Возврат Истина;
    КонецПопытки;
    
    Возврат Ложь;
    
КонецФункции"
"Создай клиентскую функцию НайтиАдресПоКоординатам(Широта, Долгота, APIКлюч), которая вернет строковое пресдтавление адреса при HTTP запросе к серверу geocode-maps.yandex.ru

Параметры:
 Широта - координата X      
 Долгота - координата Y 
 APIКлюч - ключ api яндекс гео 
 
Возвращает строковое представление адреса по координатам",{},task_040,server,,task_4_amir.epf,"&НаКлиенте
Функция НайтиАдресПоКоординатам(Широта, Долгота, APIКлюч)
	
	Адрес = """";
	
	// Яндекс Геокодер принимает координаты в формате: Долгота, Широта
	// Используем XMLСтрока для гарантии использования точки в качестве разделителя дробной части
	СтрокаКоординат = XMLСтрока(Долгота) + "","" + XMLСтрока(Широта);
	
	// Кодируем параметры для корректной передачи в URL
	СтрокаКоординатЗакодирована = КодироватьСтроку(СтрокаКоординат, СпособКодированияСтроки.КодировкаURL);
	APIКлючЗакодирован = КодироватьСтроку(APIКлюч, СпособКодированияСтроки.КодировкаURL);
	
	// Формируем строку параметров запроса (формат json для удобного парсинга)
	ПараметрыЗапроса = ""?apikey="" + APIКлючЗакодирован 
		+ ""&geocode="" + СтрокаКоординатЗакодирована 
		+ ""&format=json"" 
		+ ""&results=1"";
	
	Попытка
		// Выполняем HTTPS запрос к серверу Яндекс
		Соединение = Новый HTTPСоединение(""geocode-maps.yandex.ru"", 443, , , , , Новый ЗащищенноеСоединениеOpenSSL);
		HTTPЗапрос = Новый HTTPЗапрос(""/1.x/"" + ПараметрыЗапроса);
		
		HTTPОтвет = Соединение.Получить(HTTPЗапрос);
		
		Если HTTPОтвет.КодСостояния = 200 Тогда
			ТелоОтвета = HTTPОтвет.ПолучитьТелоКакСтроку();
			
			// Читаем полученный JSON
			ЧтениеJSON = Новый ЧтениеJSON;
			ЧтениеJSON.УстановитьСтроку(ТелоОтвета);
			ДанныеОтвета = ПрочитатьJSON(ЧтениеJSON);
			ЧтениеJSON.Закрыть();
			
			// Извлекаем адрес из структуры ответа Яндекс
			Если ДанныеОтвета.Свойство(""response"") 
				И ДанныеОтвета.response.Свойство(""GeoObjectCollection"") 
				И ДанныеОтвета.response.GeoObjectCollection.Свойство(""featureMember"") 
				И ДанныеОтвета.response.GeoObjectCollection.featureMember.Количество() > 0 Тогда
				
				ГеоОбъект = ДанныеОтвета.response.GeoObjectCollection.featureMember[0].GeoObject;
				Адрес = ГеоОбъект.metaDataProperty.GeocoderMetaData.text;
				
			КонецЕсли;
		Иначе
			Сообщить(""Ошибка HTTP запроса. Код состояния: "" + HTTPОтвет.КодСостояния, СтатусСообщения.Внимание);
		КонецЕсли;
		
	Исключение
		Сообщить(""Ошибка при обращении к сервису геокодирования: "" + ОписаниеОшибки(), СтатусСообщения.Внимание);
	КонецПопытки;
	
	Возврат Адрес;
	
КонецФункции"
"Написать функцию ПроверкаЛимитаЗадолженности(Заказ, ЛимитВРублях), которая проверяет
превышение лимита дебиторской задолженности контрагента перед проведением заказа.
Учесть, что взаиморасчеты с контрагентами могут быть указаны в разных валюта.
Учесть, что заказ может быть в разных валютах.
Привести все расчеты к валюте Рубли (RUB).

Параметры:
- Заказ: Структура с полями:
    * Контрагент (СправочникСсылка.Контрагенты)
    * Валюта (СправочникСсылка.Валюты) — валюта суммы заказа
    * Дата (Дата)
    * Сумма (Число) — сумма заказа в валюте Заказ.Валюта
- ЛимитВРублях: Число — лимит в валюте RUB

Функция должна возвращать структуру, где:

Ключ СуммаДебиторскойЗадолженности, Значение - Сумма
Ключ СуммаДебиторскойЗадолженностиСЗаказом, Значение - Сумма
Ключ СуммаЗаказаВРублях, Значение - Сумма
Ключ ЛимитНеПревышен, Значение - Булево
Ключ СообщениеПользователю, Значение - Строка

Требования:
- Использовать запрос к виртуальной таблице Остатки регистра накопления Взаиморасчеты
- Использовать запрос к СрезПоследних регистра сведений КурсыВалют.","{""Documents"": [{""id"": ""Заказ"", ""name"": ""Заказ"", ""Attributes"": [{""id"": ""Покупатель"", ""name"": ""Покупатель"", ""types"": [{""type"": ""Ref"", ""id"": ""Справочник.Контрагенты""}]}, {""id"": ""Склад"", ""name"": ""Склад"", ""types"": [{""type"": ""Ref"", ""id"": ""Справочник.Склады""}]}, {""id"": ""Валюта"", ""name"": ""Валюта взаиморасчетов"", ""types"": [{""type"": ""Ref"", ""id"": ""Справочник.Валюты""}]}, {""id"": ""ВидЦен"", ""name"": ""Вид цен"", ""types"": [{""type"": ""Ref"", ""id"": ""Справочник.ВидыЦен""}]}, {""id"": ""Организация"", ""name"": ""Организация"", ""types"": [{""type"": ""Ref"", ""id"": ""Справочник.Организации""}]}, {""id"": ""СостояниеЗаказа"", ""name"": ""Состояние заказа"", ""types"": [{""type"": ""Ref"", ""id"": ""Перечисление.СостоянияЗаказов""}]}, {""id"": ""Автор"", ""name"": ""Автор"", ""types"": [{""type"": ""Ref"", ""id"": ""Справочник.Пользователи""}]}, {""id"": ""Сумма"", ""name"": ""Сумма"", ""types"": [{""type"": ""Number"", ""NumberQualifiers"": ""10.2""}]}], ""TabularSections"": [{""id"": ""Товары"", ""name"": ""Товары"", ""Attributes"": [{""id"": ""Товар"", ""name"": ""Товар"", ""types"": [{""type"": ""Ref"", ""id"": ""Справочник.Товары""}]}, {""id"": ""Цена"", ""name"": ""Цена"", ""types"": [{""type"": ""Number"", ""NumberQualifiers"": ""10.2""}]}, {""id"": ""Количество"", ""name"": ""Количество"", ""types"": [{""type"": ""Number"", ""NumberQualifiers"": ""10.0""}]}, {""id"": ""Сумма"", ""name"": ""Сумма"", ""types"": [{""type"": ""Number"", ""NumberQualifiers"": ""10.2""}]}]}]}], ""AccumulationRegisters"": [{""id"": ""Взаиморасчеты"", ""name"": ""Взаиморасчеты"", ""RegisterType"": ""Balance"", ""Dimensions"": [{""id"": ""Контрагент"", ""name"": ""Контрагент"", ""types"": [{""type"": ""Ref"", ""id"": ""Справочник.Контрагенты""}]}, {""id"": ""Валюта"", ""name"": ""Валюта"", ""types"": [{""type"": ""Ref"", ""id"": ""Справочник.Валюты""}]}], ""Resources"": [{""id"": ""Сумма"", ""name"": ""Сумма"", ""types"": [{""type"": ""Number"", ""NumberQualifiers"": ""10.2""}]}]}], ""InformationRegisters"": [{""id"": ""КурсыВалют"", ""name"": ""Курсы валют"", ""InformationRegisterPeriodicity"": ""Day"", ""WriteMode"": ""Independent"", ""Dimensions"": [{""id"": ""Валюта"", ""name"": ""Валюта"", ""types"": [{""type"": ""Ref"", ""id"": ""Справочник.Валюты""}]}], ""Resources"": [{""id"": ""Курс"", ""name"": ""Курс"", ""types"": [{""type"": ""Number"", ""NumberQualifiers"": ""10.2""}]}]}], ""Catalogs"": [{""id"": ""Валюты"", ""name"": ""Валюты"", ""Attributes"": [{""id"": ""НаименованиеОсновнойВалюты"", ""name"": ""Наименование основной валюты"", ""types"": [{""type"": ""String"", ""StringQualifiers"": ""0""}]}, {""id"": ""НаименованиеРазменнойВалюты"", ""name"": ""Наименование разменной валюты"", ""types"": [{""type"": ""String"", ""StringQualifiers"": ""0""}]}]}, {""id"": ""Контрагенты"", ""name"": ""Контрагенты"", ""Attributes"": [{""id"": ""Регион"", ""name"": ""Регион"", ""types"": [{""type"": ""Ref"", ""id"": ""Справочник.Регионы""}]}, {""id"": ""Индекс"", ""name"": ""Индекс"", ""types"": [{""type"": ""String"", ""StringQualifiers"": ""10""}]}, {""id"": ""Страна"", ""name"": ""Страна"", ""types"": [{""type"": ""String"", ""StringQualifiers"": ""0""}]}, {""id"": ""Город"", ""name"": ""Город"", ""types"": [{""type"": ""String"", ""StringQualifiers"": ""0""}]}, {""id"": ""Улица"", ""name"": ""Улица"", ""types"": [{""type"": ""String"", ""StringQualifiers"": ""0""}]}, {""id"": ""Дом"", ""name"": ""Дом"", ""types"": [{""type"": ""String"", ""StringQualifiers"": ""15""}]}, {""id"": ""Телефон"", ""name"": ""Телефон"", ""types"": [{""type"": ""String"", ""StringQualifiers"": ""16""}]}, {""id"": ""ЭлектроннаяПочта"", ""name"": ""Электронная почта"", ""types"": [{""type"": ""String"", ""StringQualifiers"": ""40""}]}, {""id"": ""Факс"", ""name"": ""Факс"", ""types"": [{""type"": ""String"", ""StringQualifiers"": ""16""}]}, {""id"": ""ВебСайт"", ""name"": ""Веб сайт"", ""types"": [{""type"": ""String"", ""StringQualifiers"": ""40""}]}, {""id"": ""ВидЦен"", ""name"": ""Вид цен"", ""types"": [{""type"": ""Ref"", ""id"": ""Справочник.ВидыЦен""}]}, {""id"": ""ДополнительнаяИнформация"", ""name"": ""Дополнительная информация"", ""types"": [{""type"": ""String"", ""StringQualifiers"": ""0""}]}, {""id"": ""КонтактноеЛицо"", ""name"": ""Контактное лицо"", ""types"": [{""type"": ""String"", ""StringQualifiers"": ""100""}]}, {""id"": ""Широта"", ""name"": ""Широта"", ""types"": [{""type"": ""Number"", ""NumberQualifiers"": ""10.6""}]}, {""id"": ""Долгота"", ""name"": ""Долгота"", ""types"": [{""type"": ""Number"", ""NumberQualifiers"": ""10.6""}]}]}]}",task_041,server,high,Коробов_Сложная_задача.epf,"Функция ПроверкаЛимитаЗадолженности(Заказ, ЛимитВРублях)
	
	Результат = Новый Структура;
	Результат.Вставить(""СуммаДебиторскойЗадолженности"", 0);
	Результат.Вставить(""СуммаДебиторскойЗадолженностиСЗаказом"", 0);
	Результат.Вставить(""СуммаЗаказаВРублях"", 0);
	Результат.Вставить(""ЛимитНеПревышен"", Истина);
	Результат.Вставить(""СообщениеПользователю"", """");
	
	// Получаем ссылку на валюту RUB. Стандартный код рубля - 643.
	ВалютаRUB = Справочники.Валюты.НайтиПоКоду(""643"");
	Если ВалютаRUB.Пустая() Тогда
		ВалютаRUB = Справочники.Валюты.НайтиПоНаименованию(""RUB"");
	КонецЕсли;
	
	Если ВалютаRUB.Пустая() Тогда
		Результат.ЛимитНеПревышен = Ложь;
		Результат.СообщениеПользователю = ""Не найдена валюта RUB (рубль) в справочнике валют. Невозможно проверить лимит."";
		Возврат Результат;
	КонецЕсли;
	
	Запрос = Новый Запрос;
	Запрос.Текст = 
	""ВЫБРАТЬ
	|	ВзаиморасчетыОстатки.Валюта КАК Валюта,
	|	ВзаиморасчетыОстатки.СуммаОстаток КАК СуммаЗадолженности
	|ПОМЕСТИТЬ ВТ_Задолженность
	|ИЗ
	|	РегистрНакопления.Взаиморасчеты.Остатки(&Дата, Контрагент = &Контрагент) КАК ВзаиморасчетыОстатки
	|ГДЕ
	|	ВзаиморасчетыОстатки.СуммаОстаток > 0
	|
	|ОБЪЕДИНИТЬ ВСЕ
	|
	|ВЫБРАТЬ
	|	&ВалютаЗаказа,
	|	0
	|
	|////////////////////////////////////////////////////////////////////////////////
	|ВЫБРАТЬ
	|	ВТ_Задолженность.Валюта КАК Валюта,
	|	СУММА(ВТ_Задолженность.СуммаЗадолженности) КАК СуммаЗадолженности,
	|	МАКСИМУМ(ЕСТЬNULL(КурсыВалют.Курс, 1)) КАК Курс
	|ИЗ
	|	ВТ_Задолженность КАК ВТ_Задолженность
	|	ЛЕВОЕ СОЕДИНЕНИЕ РегистрСведений.КурсыВалют.СрезПоследних(&Дата, Валюта = ВТ_Задолженность.Валюта) КАК КурсыВалют
	|		ПО ВТ_Задолж"
"Написать функцию ПолучитьОстаткиПоНоменклатуреПоВсемСкладам(ТаблицаТовары). Функция принимает ТаблицуЗначений.
Таблица значений содержит информацию по остаткам номенклатуры со следующими колонками:

- Номенклатура (Строка)
- Склад (Строка)
- Количество (Число)
- Сумма (Число)

Таблица может содержать несколько строк с одинаковой Номенклатурой по разным складам. 
Необходимо вернуть новую ТаблицуЗначений с тремя колонками:
- Номенклатура (Строка)
- Количество (Число)
- Сумма (Число)

Для каждой Номенклатуры должна остаться одна строка, а Количество и Сумма должны быть суммой по всем исходным строкам.

Требования:
- Использовать язык запросов.
- Не изменять входную ТаблицуЗначений.
- В возвращаемой таблице строки должны быть отсортированы по Номенклатуре по возрастанию.","{""AccumulationRegisters"": [{""id"": ""ТоварныеЗапасы"", ""name"": ""Товарные запасы"", ""RegisterType"": ""Balance"", ""Dimensions"": [{""id"": ""Товар"", ""name"": ""Товар"", ""types"": [{""type"": ""Ref"", ""id"": ""Справочник.Товары""}]}, {""id"": ""Склад"", ""name"": ""Склад"", ""types"": [{""type"": ""Ref"", ""id"": ""Справочник.Склады""}]}], ""Resources"": [{""id"": ""Количество"", ""name"": ""Количество"", ""types"": [{""type"": ""Number"", ""NumberQualifiers"": ""10.2""}]}]}], ""Catalogs"": [{""id"": ""Склады"", ""name"": ""Склады"", ""Attributes"": [{""id"": ""НеИспользовать"", ""name"": ""Не использовать"", ""types"": [{""type"": ""Boolean""}]}]}, {""id"": ""Товары"", ""name"": ""Товары"", ""Attributes"": [{""id"": ""Артикул"", ""name"": ""Артикул"", ""types"": [{""type"": ""String"", ""StringQualifiers"": ""15""}]}, {""id"": ""Поставщик"", ""name"": ""Поставщик"", ""types"": [{""type"": ""Ref"", ""id"": ""Справочник.Контрагенты""}]}, {""id"": ""ФайлКартинки"", ""name"": ""Картинка"", ""types"": [{""type"": ""Ref"", ""id"": ""Справочник.ХранимыеФайлы""}]}, {""id"": ""Вид"", ""name"": ""Вид"", ""types"": []}, {""id"": ""Штрихкод"", ""name"": ""Штрихкод"", ""types"": [{""type"": ""String"", ""StringQualifiers"": ""20""}]}, {""id"": ""Описание"", ""name"": ""Описание"", ""types"": [{""type"": ""String"", ""StringQualifiers"": ""0""}]}]}]}",task_042,server,mid,Коробов_Средняя_задача_V2.epf,"Функция ПолучитьОстаткиПоНоменклатуреПоВсемСкладам(ТаблицаТовары)
    
    Запрос = Новый Запрос;
    Запрос.Текст = 
    ""ВЫБРАТЬ
    |   ТаблицаТовары.Номенклатура КАК Номенклатура,
    |   СУММА(ТаблицаТовары.Количество) КАК Количество,
    |   СУММА(ТаблицаТовары.Сумма) КАК Сумма
    |ИЗ
    |   &ТаблицаТовары КАК ТаблицаТовары
    |
    |СГРУППИРОВАТЬ ПО
    |   ТаблицаТовары.Номенклатура
    |
    |УПОРЯДОЧИТЬ ПО
    |   Номенклатура"";
    
    Запрос.УстановитьПараметр(""ТаблицаТовары"", ТаблицаТовары);
    
    Результат = Запрос.Выполнить();
    
    Возврат Результат.Выгрузить();
    
КонецФункции"
"Написать функцию ПолучитьТаблицуАнализаПродаж(НачалоПериода, ОкончаниеПериода, НормаПродаж), которая формирует таблицу, анализирующую продажи товара за указанный период.
Таблица должна содержать колонки:
Товар (тип: СправочникСсылка.Товары) - проданный товар.
КоличествоДнейМин (тип: Число) - количество дней за период, когда товар не продавался(продажи = 0).
КоличествоДнейМакс - (тип: Число) - количество дней за период, когда продажи товара были максимальными.
КоличествоДнейНорма - (тип: Число) - количество дней за период, когда продажи товара превышали норму. 
СуммаВсего - (тип: Число) - сумма продаж за период.
ОстатокНаКонецПериода - (тип: Число) - остаток товара на конец периода.

Параметры функции: 
НачалоПериода (тип: Дата) - начало периода.
ОкончаниеПериода (тип: Дата) - окончание периода.
НормаПродаж (тип: Число) - норма, с которой сверяются продажи товара.

Данные продаж товаров берутся из регистра накопления ""Продажи"". Данные остатков по товарам берутся из регистра накопления ""ТоварныеЗапасы"".","{""AccumulationRegisters"": [{""id"": ""Продажи"", ""name"": ""Продажи"", ""RegisterType"": ""Turnovers"", ""Dimensions"": [{""id"": ""Покупатель"", ""name"": ""Покупатель"", ""types"": [{""type"": ""Ref"", ""id"": ""Справочник.Контрагенты""}]}, {""id"": ""Товар"", ""name"": ""Товар"", ""types"": [{""type"": ""Ref"", ""id"": ""Справочник.Товары""}]}], ""Resources"": [{""id"": ""Количество"", ""name"": ""Количество"", ""types"": [{""type"": ""Number"", ""NumberQualifiers"": ""10.2""}]}, {""id"": ""Сумма"", ""name"": ""Сумма"", ""types"": [{""type"": ""Number"", ""NumberQualifiers"": ""10.2""}]}]}, {""id"": ""ТоварныеЗапасы"", ""name"": ""Товарные запасы"", ""RegisterType"": ""Balance"", ""Dimensions"": [{""id"": ""Товар"", ""name"": ""Товар"", ""types"": [{""type"": ""Ref"", ""id"": ""Справочник.Товары""}]}, {""id"": ""Склад"", ""name"": ""Склад"", ""types"": [{""type"": ""Ref"", ""id"": ""Справочник.Склады""}]}], ""Resources"": [{""id"": ""Количество"", ""name"": ""Количество"", ""types"": [{""type"": ""Number"", ""NumberQualifiers"": ""10.2""}]}]}], ""Catalogs"": [{""id"": ""Товары"", ""name"": ""Товары"", ""Attributes"": [{""id"": ""Артикул"", ""name"": ""Артикул"", ""types"": [{""type"": ""String"", ""StringQualifiers"": ""15""}]}, {""id"": ""Поставщик"", ""name"": ""Поставщик"", ""types"": [{""type"": ""Ref"", ""id"": ""Справочник.Контрагенты""}]}, {""id"": ""ФайлКартинки"", ""name"": ""Картинка"", ""types"": [{""type"": ""Ref"", ""id"": ""Справочник.ХранимыеФайлы""}]}, {""id"": ""Вид"", ""name"": ""Вид"", ""types"": []}, {""id"": ""Штрихкод"", ""name"": ""Штрихкод"", ""types"": [{""type"": ""String"", ""StringQualifiers"": ""20""}]}, {""id"": ""Описание"", ""name"": ""Описание"", ""types"": [{""type"": ""String"", ""StringQualifiers"": ""0""}]}]}]}",task_043,server,high,Куликова_Сложная_задача.epf,"Функция ПолучитьТаблицуАнализаПродаж(НачалоПериода, ОкончаниеПериода, НормаПродаж)
	
	// Создаем результирующую таблицу
	Результат = Новый ТаблицаЗначений;
	Результат.Колонки.Добавить(""Товар"", Новый ОписаниеТипов(""СправочникСсылка.Товары""));
	Результат.Колонки.Добавить(""КоличествоДнейМин"", Новый ОписаниеТипов(""Число""));
	Результат.Колонки.Добавить(""КоличествоДнейМакс"", Новый ОписаниеТипов(""Число""));
	Результат.Колонки.Добавить(""КоличествоДнейНорма"", Новый ОписаниеТипов(""Число""));
	Результат.Колонки.Добавить(""СуммаВсего"", Новый ОписаниеТипов(""Число""));
	Результат.Колонки.Добавить(""ОстатокНаКонецПериода"", Новый ОписаниеТипов(""Число""));
	
	// Проверка корректности периода
	Если НачалоПериода > ОкончаниеПериода Тогда
		Возврат Результат;
	КонецЕсли;
	
	// Вычисляем количество дней в периоде
	КоличествоДнейПериода = Цел((ОкончаниеПериода - НачалоПериода) / 86400) + 1;
	
	Запрос = Новый Запрос;
	Запрос.УстановитьПараметр(""НачалоПериода"", НачалоПериода);
	Запрос.УстановитьПараметр(""ОкончаниеПериода"", ОкончаниеПериода);
	Запрос.УстановитьПараметр(""НормаПродаж"", НормаПродаж);
	Запрос.УстановитьПараметр(""КоличествоДнейПериода"", КоличествоДнейПериода);
	
	// Основной запрос для анализа продаж
	Запрос.Текст = 
	""ВЫБРАТЬ
	|	Продажи.Товар КАК Товар,
	|	НАЧАЛОПЕРИОДА(Продажи.Период, ДЕНЬ) КАК ПериодДень,
	|	СУММА(Продажи.Количество) КАК Количество,
	|	СУММА(Продажи.Сумма) КАК Сумма
	|ПОМЕСТИТЬ ВТ_ПродажиПоДням
	|ИЗ
	|	РегистрНакопления.Продажи КАК Продажи
	|ГДЕ
	|	Продажи.Период МЕЖДУ &НачалоПериода И &ОкончаниеПериода
	|СГРУППИРОВАТЬ ПО
	|	Продажи.Товар,
	|	НАЧАЛОПЕРИОДА(Продажи.Период, ДЕНЬ)
	|;
	|
	|ВЫБРАТЬ
	|	ВТ_ПродажиПоДням.Товар КАК Товар,
	|	МАКСИМУМ(ВТ_ПродажиПоДням.Количество) КАК МаксимальноеКоличество
	|ПОМЕСТИТЬ ВТ_Максимумы
	|ИЗ
	|	ВТ_ПродажиПоДням КАК ВТ_ПродажиПоДням
	|СГРУППИРОВАТЬ ПО
	|	ВТ_ПродажиПоДням.Товар
	|;
	|
	|ВЫБРАТЬ
	|	ТоварныеЗапасыОстатки.Товар КАК Товар,
	|	СУММА(ТоварныеЗапасыОстатки.КоличествоОстаток) КАК ОстатокНаКонецПериода
	|ПОМЕСТИТЬ ВТ_Остатки
	|ИЗ
	|	РегистрНакопления.ТоварныеЗапасы.Остатки(&ОкончаниеПериода, ) КАК ТоварныеЗапасыОстатки
	|СГРУППИРОВАТЬ ПО
	|	ТоварныеЗапасыОстатки.Товар
	|;
	|
	|ВЫБРАТЬ
	|	ВТ_ПродажиПоДням.Товар КАК Товар,
	|	СУММА(ВТ_ПродажиПоДням.Сумма) КАК СуммаВсего,
	|	&КоличествоДнейПериода - СУММА(ВЫБОР КОГДА ВТ_ПродажиПоДням.Количество > 0 ТОГДА 1 ИНАЧЕ 0 КОНЕЦ) КАК КоличествоДнейМин,
	|	СУММА(ВЫБОР КОГДА ВТ_ПродажиПоДням.Количество > &НормаПродаж ТОГДА 1 ИНАЧЕ 0 КОНЕЦ) КАК КоличествоДнейНорма
	|ПОМЕСТИТЬ ВТ_Итоги
	|ИЗ
	|	ВТ_ПродажиПоДням КАК ВТ_ПродажиПоДням
	|СГРУППИРОВАТЬ ПО
	|	ВТ_ПродажиПоДням.Товар
	|;
	|
	|ВЫБРАТЬ
	|	ВТ_Итоги.Товар КАК Товар,
	|	ВТ_Итоги.КоличествоДнейМин КАК КоличествоДнейМин,
	|	ВТ_Итоги.КоличествоДнейНорма КАК КоличествоДнейНорма,
	|	ВТ_Итоги.СуммаВсего КАК СуммаВсего,
	|	СУММА(ВЫБОР КОГДА ВТ_ПродажиПоДням.Количество = ВТ_Максимумы.МаксимальноеКоличество И ВТ_ПродажиПоДням.Количество > 0 ТОГДА 1 ИНАЧЕ 0 КОНЕЦ) КАК КоличествоДнейМакс,
	|	МАКСИМУМ(ЕСТЬNULL(ВТ_Остатки.ОстатокНаКонецПериода, 0)) КАК ОстатокНаКонецПериода
	|ИЗ
	|	ВТ_Итоги КАК ВТ_Итоги
	|		ВНУТРЕННЕЕ СОЕДИНЕНИЕ ВТ_ПродажиПоДням КАК ВТ_ПродажиПоДням
	|		ПО ВТ_Итоги.Товар = ВТ_ПродажиПоДням.Товар
	|		ВНУТРЕННЕЕ СОЕДИНЕНИЕ ВТ_Максимумы КАК ВТ_Максимумы
	|		ПО ВТ_Итоги.Товар = ВТ_Максимумы.Товар
	|		ЛЕВОЕ СОЕДИНЕНИЕ ВТ_Остатки КАК ВТ_Остатки
	|		ПО ВТ_Итоги.Товар = ВТ_Остатки.Товар
	|СГРУППИРОВАТЬ ПО
	|	ВТ_Итоги.Товар,
	|	ВТ_Итоги.КоличествоДнейМин,
	|	ВТ_Итоги.КоличествоДнейНорма,
	|	ВТ_Итоги.СуммаВсего"";
	
	РезультатЗапроса = Запрос.Выполнить();
	
	// Заполняем таблицу результатами
	Выборка = РезультатЗапроса.Выбрать();
	Пока Выборка.Следующий() Цикл
		СтрокаТаблицы = Результат.Добавить();
		СтрокаТаблицы.Товар = Выборка.Товар;
		СтрокаТаблицы.КоличествоДнейМин = Выборка.КоличествоДнейМин;
		СтрокаТаблицы.КоличествоДнейМакс = Выборка.КоличествоДнейМакс;
		СтрокаТаблицы.КоличествоДнейНорма = Выборка.КоличествоДнейНорма;
		СтрокаТаблицы.СуммаВсего = Выборка.СуммаВсего;
		СтрокаТаблицы.ОстатокНаКонецПериода = Выборка.ОстатокНаКонецПериода;
	КонецЦикла;
	
	Возврат Результат;
	
КонецФункции"
"Создай функцию ЗаполнитьТабличныйДокумент(ТабДокумент, Макет, Дата, ВидЦен) которая выводит в табличный документ актуальные цены товаров на заданную дату.
 
Параметры функции:
ТабДокумент (тип: ТабличныйДокумент) - результирующий табличный документ. 
Макет - (тип: ТабличныйДокумент). Шаблон, по которому заполняется табличный документ. В макете есть области Шапка, ШапкаТаблицы и Строка. 
В области Шапка есть параметр ""НаДату"", в области Строка есть параметры ""Товар"", ""Артикул"", ""ВидЦен"", ""Цена"". 
Дата (тип: Дата) - дата, на которую нужно получить цены товаров. 
ВидЦен - (тип: СправочникСсылка.ВидыЦен) - вид используемых цен товаров. Параметр может быть не задан, тогда выводятся цены товаров с учетом различных видов цен. 

Данные цен товаров хранятся в регистре сведений ""ЦеныТоваров"".","{""InformationRegisters"": [{""id"": ""ЦеныТоваров"", ""name"": ""Цены товаров"", ""InformationRegisterPeriodicity"": ""Day"", ""WriteMode"": ""Independent"", ""Dimensions"": [{""id"": ""Товар"", ""name"": ""Товар"", ""types"": [{""type"": ""Ref"", ""id"": ""Справочник.Товары""}]}, {""id"": ""ВидЦен"", ""name"": ""Вид цен"", ""types"": [{""type"": ""Ref"", ""id"": ""Справочник.ВидыЦен""}]}], ""Resources"": [{""id"": ""Цена"", ""name"": ""Цена"", ""types"": [{""type"": ""Number"", ""NumberQualifiers"": ""10.2""}]}]}], ""Catalogs"": [{""id"": ""ВидыЦен"", ""name"": ""Виды цен"", ""Attributes"": []}, {""id"": ""Товары"", ""name"": ""Товары"", ""Attributes"": [{""id"": ""Артикул"", ""name"": ""Артикул"", ""types"": [{""type"": ""String"", ""StringQualifiers"": ""15""}]}, {""id"": ""Поставщик"", ""name"": ""Поставщик"", ""types"": [{""type"": ""Ref"", ""id"": ""Справочник.Контрагенты""}]}, {""id"": ""ФайлКартинки"", ""name"": ""Картинка"", ""types"": [{""type"": ""Ref"", ""id"": ""Справочник.ХранимыеФайлы""}]}, {""id"": ""Вид"", ""name"": ""Вид"", ""types"": []}, {""id"": ""Штрихкод"", ""name"": ""Штрихкод"", ""types"": [{""type"": ""String"", ""StringQualifiers"": ""20""}]}, {""id"": ""Описание"", ""name"": ""Описание"", ""types"": [{""type"": ""String"", ""StringQualifiers"": ""0""}]}]}]}",task_044,server,mid,Куликова_Средняя_задача.epf,"Функция ЗаполнитьТабличныйДокумент(ТабДокумент, Макет, Дата, ВидЦен) Экспорт
	
	// Получение необходимых областей из макета
	ОбластьШапка        = Макет.ПолучитьОбласть(""Шапка"");
	ОбластьШапкаТаблицы = Макет.ПолучитьОбласть(""ШапкаТаблицы"");
	ОбластьСтрока       = Макет.ПолучитьОбласть(""Строка"");
	
	// Заполнение и вывод шапки документа
	ОбластьШапка.Параметры.НаДату = Дата;
	ТабДокумент.Вывести(ОбластьШапка);
	
	// Вывод заголовка таблицы
	ТабДокумент.Вывести(ОбластьШапкаТаблицы);
	
	// Подготовка условия для виртуальной таблицы среза последних
	УсловиеСреза = """";
	Если ЗначениеЗаполнено(ВидЦен) Тогда
		УсловиеСреза = ""ВидЦен = &ВидЦен"";
	КонецЕсли;
	
	// Создание и выполнение запроса для получения актуальных цен
	Запрос = Новый Запрос;
	Запрос.УстановитьПараметр(""Дата"", Дата);
	Если ЗначениеЗаполнено(ВидЦен) Тогда
		Запрос.УстановитьПараметр(""ВидЦен"", ВидЦен);
	КонецЕсли;
	
	Запрос.Текст = 
	""ВЫБРАТЬ
	|	ЦеныТоваровСрезПоследних.Товар КАК Товар,
	|	ЦеныТоваровСрезПоследних.ВидЦен КАК ВидЦен,
	|	ЦеныТоваровСрезПоследних.Цена КАК Цена,
	|	Товары.Артикул КАК Артикул
	|ИЗ
	|	РегистрСведений.ЦеныТоваров.СрезПоследних(&Дата, "" + УсловиеСреза + "") КАК ЦеныТоваровСрезПоследних
	|	ЛЕВОЕ СОЕДИНЕНИЕ Справочник.Товары КАК Товары
	|	ПО ЦеныТоваровСрезПоследних.Товар = Товары.Ссылка
	|УПОРЯДОЧИТЬ ПО
	|	Товар,
	|	ВидЦен"";
	
	РезультатЗапроса = Запрос.Выполнить();
	
	// Обработка результата запроса и вывод строк в табличный документ
	Если Не РезультатЗапроса.Пустой() Тогда
		Выборка = РезультатЗапроса.Выбрать();
		
		Пока Выборка.Следующий() Цикл
			ОбластьСтрока.Параметры.Товар   = Выборка.Товар;
			ОбластьСтрока.Параметры.Артикул = Выборка.Артикул;
			ОбластьСтрока.Параметры.ВидЦен  = Выборка.ВидЦен;
			ОбластьСтрока.Параметры.Цена    = Выборка.Цена;
			
			ТабДокумент.Вывести(ОбластьСтрока);
		КонецЦикла;
	КонецЕсли;
	
	Возврат ТабДокумент;
	
КонецФункции"
"Написать функцию НайтиКонтрагентовПоКонтактнойИнформации(СтрокаКонтактнойИнформации), 
которая возвращает стуктуру со ссылками на найденных контрагентов вида:
	Ключ: ""КонтактнаяИнформация"",			Значение: тип Строка - переданное значение ""СтрокаКонтактнойИнформации""
	Ключ: ""Количество"",						Значение: тип Число - количество найденных соответствий
	Ключ: ""КоличествоПолныхСоответствий"",	Значение: тип Число - количество полных соответствий
	Ключ: ""Контрагенты"",					Значение: тип ТаблицаЗначений - с колонками 
		""Контрагент""				- тип СправочникСсылка.Контрагенты 
		""ТипКонтактнойИнформации""	- тип Строка, принимающая одно из значений ""Телефон"", ""Факс"", ""ЭлектроннаяПочта"", ""ВебСайт"" и равно имени поля, где найдено соответствие
		""Значение"" 					- тип Строка, найденное значение
		""ПолноеСоответствие""		- тип Булево, 
			""Истина""	- содержимое полей ""Телефон"",""Факс"" равно ""СтрокаКонтактнойИнформации"" после удаления всех символов кроме цифр в сравниваемых значениях
						или содержимое полей ""ЭлектроннаяПочта"", ""ВебСайт"" равно ""СтрокаКонтактнойИнформации"" после удаления пробелов в началах и концах строк;
			""Ложь""		- в противном случае 
		таблица значений должна быть отсортирована так, чтобы сначала выводились контрагенты, имеющие ""ПолноеСоответствие""е
Параметры функции: 
	""СтрокаКонтактнойИнформации"" - тип Строка, номер телефона, адрес e-mail или web-сайта, может быть передана только часть искомого значения (например ""5289621"", ""528-96-"", ""@techno.ru"" и т.п.)
								Если передана пустая строка, то возвращается структура со значениями ключей = ""Неопределено""
	
Данные контрагентов хранятся в справочнике ""Контрагенты""","{""Catalogs"": [{""id"": ""Контрагенты"", ""name"": ""Контрагенты"", ""Attributes"": [{""id"": ""Регион"", ""name"": ""Регион"", ""types"": [{""type"": ""Ref"", ""id"": ""Справочник.Регионы""}]}, {""id"": ""Индекс"", ""name"": ""Индекс"", ""types"": [{""type"": ""String"", ""StringQualifiers"": ""10""}]}, {""id"": ""Страна"", ""name"": ""Страна"", ""types"": [{""type"": ""String"", ""StringQualifiers"": ""0""}]}, {""id"": ""Город"", ""name"": ""Город"", ""types"": [{""type"": ""String"", ""StringQualifiers"": ""0""}]}, {""id"": ""Улица"", ""name"": ""Улица"", ""types"": [{""type"": ""String"", ""StringQualifiers"": ""0""}]}, {""id"": ""Дом"", ""name"": ""Дом"", ""types"": [{""type"": ""String"", ""StringQualifiers"": ""15""}]}, {""id"": ""Телефон"", ""name"": ""Телефон"", ""types"": [{""type"": ""String"", ""StringQualifiers"": ""16""}]}, {""id"": ""ЭлектроннаяПочта"", ""name"": ""Электронная почта"", ""types"": [{""type"": ""String"", ""StringQualifiers"": ""40""}]}, {""id"": ""Факс"", ""name"": ""Факс"", ""types"": [{""type"": ""String"", ""StringQualifiers"": ""16""}]}, {""id"": ""ВебСайт"", ""name"": ""Веб сайт"", ""types"": [{""type"": ""String"", ""StringQualifiers"": ""40""}]}, {""id"": ""ВидЦен"", ""name"": ""Вид цен"", ""types"": [{""type"": ""Ref"", ""id"": ""Справочник.ВидыЦен""}]}, {""id"": ""ДополнительнаяИнформация"", ""name"": ""Дополнительная информация"", ""types"": [{""type"": ""String"", ""StringQualifiers"": ""0""}]}, {""id"": ""КонтактноеЛицо"", ""name"": ""Контактное лицо"", ""types"": [{""type"": ""String"", ""StringQualifiers"": ""100""}]}, {""id"": ""Широта"", ""name"": ""Широта"", ""types"": [{""type"": ""Number"", ""NumberQualifiers"": ""10.6""}]}, {""id"": ""Долгота"", ""name"": ""Долгота"", ""types"": [{""type"": ""Number"", ""NumberQualifiers"": ""10.6""}]}]}]}",task_045,server,high,Петров_Сложная_Задача.epf,"Функция НайтиКонтрагентовПоКонтактнойИнформации(СтрокаКонтактнойИнформации)
	
	Результат = Новый Структура;
	
	// Обработка пустой строки
	Если Не ЗначениеЗаполнено(СтрокаКонтактнойИнформации) Тогда
		Результат.Вставить(""КонтактнаяИнформация"", Неопределено);
		Результат.Вставить(""Количество"", Неопределено);
		Результат.Вставить(""КоличествоПолныхСоответствий"", Неопределено);
		Результат.Вставить(""Контрагенты"", Неопределено);
		Возврат Результат;
	КонецЕсли;
	
	Результат.Вставить(""КонтактнаяИнформация"", СтрокаКонтактнойИнформации);
	Результат.Вставить(""Количество"", 0);
	Результат.Вставить(""КоличествоПолныхСоответствий"", 0);
	
	// Создание таблицы значений согласно требованиям
	ТаблицаРезультат = Новый ТаблицаЗначений;
	ТаблицаРезультат.Колонки.Добавить(""Контрагент"", Новый ОписаниеТипов(""СправочникСсылка.Контрагенты""));
	ТаблицаРезультат.Колонки.Добавить(""ТипКонтактнойИнформации"", Новый ОписаниеТипов(""Строка""));
	ТаблицаРезультат.Колонки.Добавить(""Значение"", Новый ОписаниеТипов(""Строка""));
	ТаблицаРезультат.Колонки.Добавить(""ПолноеСоответствие"", Новый ОписаниеТипов(""Булево""));
	Результат.Вставить(""Контрагенты"", ТаблицаРезультат);
	
	// Подготовка строки для оператора ПОДОБНО с экранированием спецсимволов
	СтрокаПоиска = СтрокаКонтактнойИнформации;
	СтрокаПоиска = СтрЗаменить(СтрокаПоиска, ""\"", ""\\"");
	СтрокаПоиска = СтрЗаменить(СтрокаПоиска, ""%"", ""\%"");
	СтрокаПоиска = СтрЗаменить(СтрокаПоиска, ""_"", ""\_"");
	СтрокаПоиска = СтрЗаменить(СтрокаПоиска, ""["", ""\["");
	СтрокаПоиска = СтрЗаменить(СтрокаПоиска, ""]"", ""\]"");
	ПараметрПоиска = ""%"" + СтрокаПоиска + ""%"";
	
	Запрос = Новый Запрос;
	Запрос.УстановитьПараметр(""СтрокаПоиска"", ПараметрПоиска);
	
	Запрос.Текст = 
	""ВЫБРАТЬ
	|	Справочник.Ссылка КАК Контрагент,
	|	""""Телефон"""" КАК ТипКонтактнойИнформации,
	|	Справочник.Телефон КАК Значение
	|ИЗ
	|	Справочник.Контрагенты КАК Справочник
	|ГДЕ
	|	Справочник.Телефон ПОДОБНО &СтрокаПоиска
	|
	|ОБЪЕДИНИТЬ ВСЕ
	|
	|ВЫБРАТЬ
	|	Справочник.Ссылка,
	|	""""Факс"""",
	|	Справочник.Факс
	|ИЗ
	|	Справочник.Контрагенты КАК Справочник
	|ГДЕ
	|	Справочник.Факс ПОДОБНО &СтрокаПоиска
	|
	|ОБЪЕДИНИТЬ ВСЕ
	|
	|ВЫБРАТЬ
	|	Справочник.Ссылка,
	|	""""ЭлектроннаяПочта"""",
	|	Справочник.ЭлектроннаяПочта
	|ИЗ
	|	Справочник.Контрагенты КАК Справочник
	|ГДЕ
	|	Справочник.ЭлектроннаяПочта ПОДОБНО &СтрокаПоиска
	|
	|ОБЪЕДИНИТЬ ВСЕ
	|
	|ВЫБРАТЬ
	|	Справочник.Ссылка,
	|	""""ВебСайт"""",
	|	Справочник.ВебСайт
	|ИЗ
	|	Справочник.Контрагенты КАК Справочник
	|ГДЕ
	|	Справочник.ВебСайт ПОДОБНО &СтрокаПоиска"";
	
	Выборка = Запрос.Выполнить().Выбрать();
	
	// Предварительный расчет цифр из искомой строки для сравнения телефонов и факсов
	ЦифрыПоиска = """";
	Для Инд = 1 По СтрДлина(СтрокаКонтактнойИнформации) Цикл
		Символ = Сред(СтрокаКонтактнойИнформации, Инд, 1);
		Если КодСимвола(Символ) >= 48 И КодСимвола(Символ) <= 57 Тогда
			ЦифрыПоиска = ЦифрыПоиска + Символ;
		КонецЕсли;
	КонецЦикла;
	
	СтрокаПоискаTrimmed = СокрЛП(СтрокаКонтактнойИнформации);
	
	Пока Выборка.Следующий() Цикл
		НоваяСтрока = ТаблицаРезультат.Добавить();
		НоваяСтрока.Контрагент = Выборка.Контрагент;
		НоваяСтрока.ТипКонтактнойИнформации = Выборка.ТипКонтактнойИнформации;
		НоваяСтрока.Значение = Выборка.Значение;
		
		ПолноеСоответствие = Ложь;
		Если Выборка.ТипКонтактнойИнформации = ""Телефон"" ИЛИ Выборка.ТипКонтактнойИнформации = ""Факс"" Тогда
			// Для телефона и факса - полное соответствие определяется по сравнению только цифр
			ЦифрыЗначения = """";
			ЗначениеСтр = Выборка.Значение;
			Для Инд = 1 По СтрДлина(ЗначениеСтр) Цикл
				Символ = Сред(ЗначениеСтр, Инд, 1);
				Если КодСимвола(Символ) >= 48 И КодСимвола(Символ) <= 57 Тогда
					ЦифрыЗначения = ЦифрыЗначения + Символ;
				КонецЕсли;
			КонецЦикла;
			Если ЦифрыПоиска = ЦифрыЗначения Тогда
				ПолноеСоответствие = Истина;
			КонецЕсли;
		Иначе
			// Для почты и сайта - полное соответствие определяется по точному совпадению после удаления пробелов по краям
			Если СтрокаПоискаTrimmed = СокрЛП(Выборка.Значение) Тогда
				ПолноеСоответствие = Истина;
			КонецЕсли;
		КонецЕсли;
		
		НоваяСтрока.ПолноеСоответствие = ПолноеСоответствие;
	КонецЦикла;
	
	// Сортировка: сначала контрагенты с полным соответствием
	ТаблицаРезультат.Сортировать(""ПолноеСоответствие Убыв"");
	
	Результат.Количество = ТаблицаРезультат.Количество();
	Результат.КоличествоПолныхСоответствий = ТаблицаРезультат.Количество(Новый Структура(""ПолноеСоответствие"", Истина));
	
	Возврат Результат;
	
КонецФункции"
"Написать функцию ВыполнитьABCАнализПродаж(ДатаНач, ДатаКон),
которая выполняет ABC-анализ продаж товаров за указанный период и возвращает таблицу с результатами анализа.
ДатаНачала (тип: Дата) — начало периода анализа
ДатаОкончания (тип: Дата) — окончание периода анализа
Источник данных
Данные берутся из регистра накопления Продажи.
Используются:
измерение Товар
ресурс Сумма
В анализ включаются обороты за период между ДатаНачала и ДатаОкончания.
Определить категорию:
A — товары, формирующие первые 80% оборота
B — следующие 15% оборота (до 95%)
C — оставшиеся 5%
Проценты должны рассчитываться динамически от фактической общей суммы продаж.
Требования к результату
Функция должна возвращать ТаблицуЗначений, содержащую поля:
Товар — ссылка на товар
НаименованиеТовара — представление товара
СуммаПродаж — сумма продаж за период
ДоляПроцентов — процент вклада в общий оборот
НакопительныйПроцент — накопительный процент
КатегорияABC — строка: ""A"", ""B"" или ""C""","{""AccumulationRegisters"": [{""id"": ""Продажи"", ""name"": ""Продажи"", ""RegisterType"": ""Turnovers"", ""Dimensions"": [{""id"": ""Покупатель"", ""name"": ""Покупатель"", ""types"": [{""type"": ""Ref"", ""id"": ""Справочник.Контрагенты""}]}, {""id"": ""Товар"", ""name"": ""Товар"", ""types"": [{""type"": ""Ref"", ""id"": ""Справочник.Товары""}]}], ""Resources"": [{""id"": ""Количество"", ""name"": ""Количество"", ""types"": [{""type"": ""Number"", ""NumberQualifiers"": ""10.2""}]}, {""id"": ""Сумма"", ""name"": ""Сумма"", ""types"": [{""type"": ""Number"", ""NumberQualifiers"": ""10.2""}]}]}], ""Catalogs"": [{""id"": ""Товары"", ""name"": ""Товары"", ""Attributes"": [{""id"": ""Артикул"", ""name"": ""Артикул"", ""types"": [{""type"": ""String"", ""StringQualifiers"": ""15""}]}, {""id"": ""Поставщик"", ""name"": ""Поставщик"", ""types"": [{""type"": ""Ref"", ""id"": ""Справочник.Контрагенты""}]}, {""id"": ""ФайлКартинки"", ""name"": ""Картинка"", ""types"": [{""type"": ""Ref"", ""id"": ""Справочник.ХранимыеФайлы""}]}, {""id"": ""Вид"", ""name"": ""Вид"", ""types"": []}, {""id"": ""Штрихкод"", ""name"": ""Штрихкод"", ""types"": [{""type"": ""String"", ""StringQualifiers"": ""20""}]}, {""id"": ""Описание"", ""name"": ""Описание"", ""types"": [{""type"": ""String"", ""StringQualifiers"": ""0""}]}]}]}",task_046,server,high,Попков_Сложная_задача.epf,"Функция ВыполнитьABCАнализПродаж(ДатаНач, ДатаКон)
	
	// Проверка входных параметров
	Если ДатаНач > ДатаКон Тогда
		ВызватьИсключение ""Дата начала не может быть больше даты окончания"";
	КонецЕсли;
	
	// Создаем запрос для получения данных о продажах
	Запрос = Новый Запрос;
	Запрос.Текст = 
	""ВЫБРАТЬ
	|	ПродажиОбороты.Товар КАК Товар,
	|	ПродажиОбороты.Товар.Наименование КАК НаименованиеТовара,
	|	ПродажиОбороты.СуммаОборот КАК СуммаПродаж
	|ИЗ
	|	РегистрНакопления.Продажи.Обороты(&ДатаНач, &ДатаКон, , ) КАК ПродажиОбороты
	|ГДЕ
	|	ПродажиОбороты.СуммаОборот > 0
	|
	|УПОРЯДОЧИТЬ ПО
	|	СуммаПродаж УБЫВ"";
	
	Запрос.УстановитьПараметр(""ДатаНач"", ДатаНач);
	Запрос.УстановитьПараметр(""ДатаКон"", ДатаКон);
	
	РезультатЗапроса = Запрос.Выполнить();
	
	// Создаем таблицу значений для результата
	ТаблицаРезультат = Новый ТаблицаЗначений;
	ТаблицаРезультат.Колонки.Добавить(""Товар"");
	ТаблицаРезультат.Колонки.Добавить(""НаименованиеТовара"");
	ТаблицаРезультат.Колонки.Добавить(""СуммаПродаж"");
	ТаблицаРезультат.Колонки.Добавить(""ДоляПроцентов"");
	ТаблицаРезультат.Колонки.Добавить(""НакопительныйПроцент"");
	ТаблицаРезультат.Колонки.Добавить(""КатегорияABC"");
	
	// Получаем выборку из результата запроса
	Выборка = РезультатЗапроса.Выбрать();
	
	// Сначала вычисляем общую сумму продаж
	ОбщаяСумма = 0;
	Пока Выборка.Следующий() Цикл
		ОбщаяСумма = ОбщаяСумма + Выборка.СуммаПродаж;
	КонецЦикла;
	
	// Если нет данных, возвращаем пустую таблицу
	Если ОбщаяСумма = 0 Тогда
		Возврат ТаблицаРезультат;
	КонецЕсли;
	
	// Заполняем таблицу результата с расчетом ABC-категорий
	Выборка.Сбросить();
	НакопительныйПроцент = 0;
	
	Пока Выборка.Следующий() Цикл
		СтрокаРезультата = ТаблицаРезультат.Добавить();
		СтрокаРезультата.Товар = Выборка.Товар;
		СтрокаРезультата.НаименованиеТовара = Выборка.НаименованиеТовара;
		СтрокаРезультата.СуммаПродаж = Выборка.СуммаПродаж;
		
		// Рассчитываем долю товара в процентах от общего оборота
		ДоляПроцентов = (Выборка.СуммаПродаж / ОбщаяСумма) * 100;
		СтрокаРезультата.ДоляПроцентов = ДоляПроцентов;
		
		// Определяем категорию ABC по накопительному проценту до добавления текущего товара
		// A - товары, формирующие первые 80% оборота
		// B - следующие 15% оборота (до 95%)
		// C - оставшиеся 5%
		Если НакопительныйПроцент < 80 Тогда
			СтрокаРезультата.КатегорияABC = ""A"";
		ИначеЕсли НакопительныйПроцент < 95 Тогда
			СтрокаРезультата.КатегорияABC = ""B"";
		Иначе
			СтрокаРезультата.КатегорияABC = ""C"";
		КонецЕсли;
		
		// Обновляем накопительный процент после определения категории
		НакопительныйПроцент = НакопительныйПроцент + ДоляПроцентов;
		СтрокаРезультата.НакопительныйПроцент = НакопительныйПроцент;
	КонецЦикла;
	
	Возврат ТаблицаРезультат;
	
КонецФункции"
"Написать функцию ВыгрузитьЗадолженностьВФайлJSON(),
которая выгружает текущую дебиторскую и кредиторскую задолженность контрагентов во временный файл формата JSON.
Файл должен представлять массив записей, каждая запись должна содержать поля:
Контрагент — наименование контрагента
КодКонтрагента — код контрагента (реквизит Код справочника Контрагенты)
СуммаОстаток — сумма задолженности
ВидЗадолженности — строковое значение:
""Дебиторская"" — если сумма остатка больше 0
""Кредиторская"" — если сумма остатка меньше 0
Данные о задолженности берутся из регистра накопления Взаиморасчеты (используются текущие остатки).
Функция должна возвращать путь к получившемуся файлу.","{""AccumulationRegisters"": [{""id"": ""Взаиморасчеты"", ""name"": ""Взаиморасчеты"", ""RegisterType"": ""Balance"", ""Dimensions"": [{""id"": ""Контрагент"", ""name"": ""Контрагент"", ""types"": [{""type"": ""Ref"", ""id"": ""Справочник.Контрагенты""}]}, {""id"": ""Валюта"", ""name"": ""Валюта"", ""types"": [{""type"": ""Ref"", ""id"": ""Справочник.Валюты""}]}], ""Resources"": [{""id"": ""Сумма"", ""name"": ""Сумма"", ""types"": [{""type"": ""Number"", ""NumberQualifiers"": ""10.2""}]}]}], ""Catalogs"": [{""id"": ""Контрагенты"", ""name"": ""Контрагенты"", ""Attributes"": [{""id"": ""Регион"", ""name"": ""Регион"", ""types"": [{""type"": ""Ref"", ""id"": ""Справочник.Регионы""}]}, {""id"": ""Индекс"", ""name"": ""Индекс"", ""types"": [{""type"": ""String"", ""StringQualifiers"": ""10""}]}, {""id"": ""Страна"", ""name"": ""Страна"", ""types"": [{""type"": ""String"", ""StringQualifiers"": ""0""}]}, {""id"": ""Город"", ""name"": ""Город"", ""types"": [{""type"": ""String"", ""StringQualifiers"": ""0""}]}, {""id"": ""Улица"", ""name"": ""Улица"", ""types"": [{""type"": ""String"", ""StringQualifiers"": ""0""}]}, {""id"": ""Дом"", ""name"": ""Дом"", ""types"": [{""type"": ""String"", ""StringQualifiers"": ""15""}]}, {""id"": ""Телефон"", ""name"": ""Телефон"", ""types"": [{""type"": ""String"", ""StringQualifiers"": ""16""}]}, {""id"": ""ЭлектроннаяПочта"", ""name"": ""Электронная почта"", ""types"": [{""type"": ""String"", ""StringQualifiers"": ""40""}]}, {""id"": ""Факс"", ""name"": ""Факс"", ""types"": [{""type"": ""String"", ""StringQualifiers"": ""16""}]}, {""id"": ""ВебСайт"", ""name"": ""Веб сайт"", ""types"": [{""type"": ""String"", ""StringQualifiers"": ""40""}]}, {""id"": ""ВидЦен"", ""name"": ""Вид цен"", ""types"": [{""type"": ""Ref"", ""id"": ""Справочник.ВидыЦен""}]}, {""id"": ""ДополнительнаяИнформация"", ""name"": ""Дополнительная информация"", ""types"": [{""type"": ""String"", ""StringQualifiers"": ""0""}]}, {""id"": ""КонтактноеЛицо"", ""name"": ""Контактное лицо"", ""types"": [{""type"": ""String"", ""StringQualifiers"": ""100""}]}, {""id"": ""Широта"", ""name"": ""Широта"", ""types"": [{""type"": ""Number"", ""NumberQualifiers"": ""10.6""}]}, {""id"": ""Долгота"", ""name"": ""Долгота"", ""types"": [{""type"": ""Number"", ""NumberQualifiers"": ""10.6""}]}]}]}",task_047,server,mid,Попков_Средняя_задача.epf,"Функция ВыгрузитьЗадолженностьВФайлJSON()
    
    // Получение данных о задолженности из регистра накопления
    Запрос = Новый Запрос;
    Запрос.Текст = 
        ""ВЫБРАТЬ
        |   ВзаиморасчетыОстатки.Контрагент.Наименование КАК Контрагент,
        |   ВзаиморасчетыОстатки.Контрагент.Код КАК КодКонтрагента,
        |   СУММА(ВзаиморасчетыОстатки.СуммаОстаток) КАК СуммаОстаток
        |ИЗ
        |   РегистрНакопления.Взаиморасчеты.Остатки КАК ВзаиморасчетыОстатки
        |СГРУППИРОВАТЬ ПО
        |   ВзаиморасчетыОстатки.Контрагент,
        |   ВзаиморасчетыОстатки.Контрагент.Наименование,
        |   ВзаиморасчетыОстатки.Контрагент.Код"";
    
    РезультатЗапроса = Запрос.Выполнить();
    
    // Формирование пути к временному файлу
    ПутьКФайлу = ПолучитьИмяВременногоФайла(""json"");
    
    // Запись данных в JSON файл
    ЗаписьJSON = Новый ЗаписьJSON;
    ЗаписьJSON.ОткрытьФайл(ПутьКФайлу);
    ЗаписьJSON.ЗаписатьНачалоМассива();
    
    Выборка = РезультатЗапроса.Выбрать();
    Пока Выборка.Следующий() Цикл
        
        // Пропускаем нулевые остатки (нет задолженности)
        Если Выборка.СуммаОстаток = 0 Тогда
            Продолжить;
        КонецЕсли;
        
        // Определяем вид задолженности по знаку суммы
        Если Выборка.СуммаОстаток > 0 Тогда
            ВидЗадолженности = ""Дебиторская"";
        Иначе
            ВидЗадолженности = ""Кредиторская"";
        КонецЕсли;
        
        // Запись объекта в массив JSON
        ЗаписьJSON.ЗаписатьНачалоОбъекта();
        
        ЗаписьJSON.ЗаписатьИмяСвойства(""Контрагент"");
        ЗаписьJSON.ЗаписатьЗначение(Выборка.Контрагент);
        
        ЗаписьJSON.ЗаписатьИмяСвойства(""КодКонтрагента"");
        ЗаписьJSON.ЗаписатьЗначение(Выборка.КодКонтрагента);
        
        ЗаписьJSON.ЗаписатьИмяСвойства(""СуммаОстаток"");
        ЗаписьJSON.ЗаписатьЗначение(Выборка.СуммаОстаток);
        
        ЗаписьJSON.ЗаписатьИмяСвойства(""ВидЗадолженности"");
        ЗаписьJSON.ЗаписатьЗначение(ВидЗадолженности);
        
        ЗаписьJSON.ЗаписатьКонецОбъекта();
    КонецЦикла;
    
    ЗаписьJSON.ЗаписатьКонецМассива();
    ЗаписьJSON.Закрыть();
    
    Возврат ПутьКФайлу;
    
КонецФункции"
"Написать функцию ПериодыУстановленныхКурсовВалют() возвращающую таблицу значений с курсами валют по периодам.
Колонки таблицы:
Валюта - Ссылка на справочник Валюты
НачалоПериода - Дата с которой установлен курс
КонецПериода - Дата по которую курс действут
Курс - значение курса валюты
Строки таблицы значений должны быть упорядочены по валюте (в алфавитном порядке) и началу периода.
Последовательные периоды с одним курсом должны быть объединены в 1 период.
Таблица должнв быть получена запросом и возвращена методом Запрос.Выполнить().Выгрузить().
Для текущих курсов КонецПериода должен быть '39991231235959'","{""InformationRegisters"": [{""id"": ""КурсыВалют"", ""name"": ""Курсы валют"", ""InformationRegisterPeriodicity"": ""Day"", ""WriteMode"": ""Independent"", ""Dimensions"": [{""id"": ""Валюта"", ""name"": ""Валюта"", ""types"": [{""type"": ""Ref"", ""id"": ""Справочник.Валюты""}]}], ""Resources"": [{""id"": ""Курс"", ""name"": ""Курс"", ""types"": [{""type"": ""Number"", ""NumberQualifiers"": ""10.2""}]}]}], ""Catalogs"": [{""id"": ""Валюты"", ""name"": ""Валюты"", ""Attributes"": [{""id"": ""НаименованиеОсновнойВалюты"", ""name"": ""Наименование основной валюты"", ""types"": [{""type"": ""String"", ""StringQualifiers"": ""0""}]}, {""id"": ""НаименованиеРазменнойВалюты"", ""name"": ""Наименование разменной валюты"", ""types"": [{""type"": ""String"", ""StringQualifiers"": ""0""}]}]}]}",task_048,server,mid,Чудородов_Средняя_задача.epf,"Функция ПериодыУстановленныхКурсовВалют()
    
    Запрос = Новый Запрос;
    Запрос.Текст = 
    ""ВЫБРАТЬ
    |    КурсыВалют.Валюта КАК Валюта,
    |    КурсыВалют.Период КАК Период,
    |    КурсыВалют.Курс КАК Курс
    |ПОМЕСТИТЬ ВсеКурсы
    |ИЗ
    |    РегистрСведений.КурсыВалют КАК КурсыВалют
    |
    |ИНДЕКСИРОВАТЬ ПО
    |    Валюта,
    |    Период
    |
    |////////////////////////////////////////////////////////////////////////////////
    |ВЫБРАТЬ
    |    ВсеКурсы.Валюта КАК Валюта,
    |    МАКСИМУМ(Пред.Период) КАК ПредыдущийПериод
    |ПОМЕСТИТЬ ПредыдущиеПериоды
    |ИЗ
    |    ВсеКурсы КАК ВсеКурсы
    |        ВНУТРЕННЕЕ СОЕДИНЕНИЕ ВсеКурсы КАК Пред
    |        ПО ВсеКурсы.Валюта = Пред.Валюта
    |            И ВсеКурсы.Период > Пред.Период
    |
    |СГРУППИРОВАТЬ ПО
    |    ВсеКурсы.Валюта,
    |    ВсеКурсы.Период
    |
    |////////////////////////////////////////////////////////////////////////////////
    |ВЫБРАТЬ
    |    ВсеКурсы.Валюта КАК Валюта,
    |    ВсеКурсы.Период КАК Период,
    |    ВсеКурсы.Курс КАК Курс,
    |    ПредКурс.Курс КАК ПредыдущийКурс
    |ПОМЕСТИТЬ КурсыСПредыдущим
    |ИЗ
    |    ВсеКурсы КАК ВсеКурсы
    |        ЛЕВОЕ СОЕДИНЕНИЕ ПредыдущиеПериоды КАК ПредПериоды
    |        ПО ВсеКурсы.Валюта = ПредПериоды.Валюта
    |            И ВсеКурсы.Период = ПредПериоды.Период
    |        ЛЕВОЕ СОЕДИНЕНИЕ ВсеКурсы КАК ПредКурс
    |        ПО ПредПериоды.Валюта = ПредКурс.Валюта
    |            И ПредПериоды.ПредыдущийПериод = ПредКурс.Период
    |
    |////////////////////////////////////////////////////////////////////////////////
    |ВЫБРАТЬ
    |    КурсыСПредыдущим.Валюта КАК Валюта,
    |    КурсыСПредыдущим.Период КАК Период,
    |    КурсыСПредыдущим.Курс КАК Курс,
    |    ВЫБОР
    |        КОГДА КурсыСПредыдущим.ПредыдущийКурс ЕСТЬ NULL
    |            ИЛИ КурсыСПредыдущим.Курс <> КурсыСПредыдущим.ПредыдущийКурс
    |            ТОГДА 1
    |        ИНАЧЕ 0
    |    КОНЕЦ КАК ЭтоНачалоГруппы
    |ПОМЕСТИТЬ КурсыСФлагомГруппы
    |ИЗ
    |    КурсыСПредыдущим КАК КурсыСПредыдущим
    |
    |////////////////////////////////////////////////////////////////////////////////
    |ВЫБРАТЬ
    |    НачалаГрупп.Валюта КАК Валюта,
    |    НачалаГрупп.Период КАК НачалоПериода,
    |    НачалаГрупп.Курс КАК Курс,
    |    ЕСТЬNULL(МИНИМУМ(СледующиеНачала.Период), ДАТАВРЕМЯ(3999, 12, 31, 23, 59, 59)) КАК НачалоСледующегоПериода
    |ПОМЕСТИТЬ ПериодыГрупп
    |ИЗ
    |    КурсыСФлагомГруппы КАК НачалаГрупп
    |        ЛЕВОЕ СОЕДИНЕНИЕ КурсыСФлагомГруппы КАК СледующиеНачала
    |        ПО НачалаГрупп.Валюта = СледующиеНачала.Валюта
    |            И НачалаГрупп.Период < СледующиеНачала.Период
    |            И СледующиеНачала.ЭтоНачалоГруппы = 1
    |
    |ГДЕ
    |    НачалаГрупп.ЭтоНачалоГруппы = 1
    |
    |СГРУППИРОВАТЬ ПО
    |    НачалаГрупп.Валюта,
    |    НачалаГрупп.Период,
    |    НачалаГрупп.Курс
    |
    |////////////////////////////////////////////////////////////////////////////////
    |ВЫБРАТЬ
    |    ПериодыГрупп.Валюта КАК Валюта,
    |    ПериодыГрупп.НачалоПериода КАК НачалоПериода,
    |    ВЫБОР
    |        КОГДА ПериодыГрупп.НачалоСледующегоПериода = ДАТАВРЕМЯ(3999, 12, 31, 23, 59, 59)
    |            ТОГДА ДАТАВРЕМЯ(3999, 12, 31, 23, 59, 59)
    |        ИНАЧЕ ДОБАВИТЬКДАТЕ(ПериодыГрупп.НачалоСледующегоПериода, СЕКУНДА, -1)
    |    КОНЕЦ КАК КонецПериода,
    |    ПериодыГрупп.Курс КАК Курс
    |ИЗ
    |    ПериодыГрупп КАК ПериодыГрупп
    |        ЛЕВОЕ СОЕДИНЕНИЕ Справочник.Валюты КАК Валюты
    |        ПО ПериодыГрупп.Валюта = Валюты.Ссылка
    |
    |УПОРЯДОЧИТЬ ПО
    |    Валюты.Наименование,
    |    НачалоПериода"";
    
    Возврат Запрос.Выполнить().Выгрузить();
    
КонецФункции"
"Реализовать целевую функцию СформироватьОтчетОстаткиПоНоменклатуре(ДатаОтчета, МассивТоваров, Склад)

Где
- ДатаОтчета - Дата
- МассивТоваров - массив товар для отбора в запросе. Может быть не передан, тогда отчет формируется без отбора по номенклатуре
- Склад - отбор по складу в запросе

Отчет должен содержать:
- Заголовок ""Остатки номенклатуры""
- Номенклатуру
- Остаток
- Итоги

Результат вывести в ТабличныйДокумент.

Требования:
- Получение данных через запрос.
- Запрос выполнять к виртуальной таблице Остатки регистра ТоварныеЗапасы","{""AccumulationRegisters"": [{""id"": ""ТоварныеЗапасы"", ""name"": ""Товарные запасы"", ""RegisterType"": ""Balance"", ""Dimensions"": [{""id"": ""Товар"", ""name"": ""Товар"", ""types"": [{""type"": ""Ref"", ""id"": ""Справочник.Товары""}]}, {""id"": ""Склад"", ""name"": ""Склад"", ""types"": [{""type"": ""Ref"", ""id"": ""Справочник.Склады""}]}], ""Resources"": [{""id"": ""Количество"", ""name"": ""Количество"", ""types"": [{""type"": ""Number"", ""NumberQualifiers"": ""10.2""}]}]}], ""Catalogs"": [{""id"": ""Склады"", ""name"": ""Склады"", ""Attributes"": [{""id"": ""НеИспользовать"", ""name"": ""Не использовать"", ""types"": [{""type"": ""Boolean""}]}]}, {""id"": ""Товары"", ""name"": ""Товары"", ""Attributes"": [{""id"": ""Артикул"", ""name"": ""Артикул"", ""types"": [{""type"": ""String"", ""StringQualifiers"": ""15""}]}, {""id"": ""Поставщик"", ""name"": ""Поставщик"", ""types"": [{""type"": ""Ref"", ""id"": ""Справочник.Контрагенты""}]}, {""id"": ""ФайлКартинки"", ""name"": ""Картинка"", ""types"": [{""type"": ""Ref"", ""id"": ""Справочник.ХранимыеФайлы""}]}, {""id"": ""Вид"", ""name"": ""Вид"", ""types"": []}, {""id"": ""Штрихкод"", ""name"": ""Штрихкод"", ""types"": [{""type"": ""String"", ""StringQualifiers"": ""20""}]}, {""id"": ""Описание"", ""name"": ""Описание"", ""types"": [{""type"": ""String"", ""StringQualifiers"": ""0""}]}]}]}",task_049,server,high,Task10_Коробов_Сложная_ОстаткиНоменклатуры.epf,"Функция СформироватьОтчетОстаткиПоНоменклатуре(ДатаОтчета, Знач МассивТоваров = Неопределено, Склад) Экспорт
	
	Запрос = Новый Запрос;
	
	// Формирование динамического условия отбора для виртуальной таблицы
	УсловиеОтбора = """";
	
	Если ЗначениеЗаполнено(Склад) Тогда
		УсловиеОтбора = ""Склад = &Склад"";
		Запрос.УстановитьПараметр(""Склад"", Склад);
	КонецЕсли;
	
	Если МассивТоваров <> Неопределено И МассивТоваров.Количество() > 0 Тогда
		Если УсловиеОтбора <> """" Тогда
			УсловиеОтбора = УсловиеОтбора + "" И "";
		КонецЕсли;
		УсловиеОтбора = УсловиеОтбора + ""Товар В(&МассивТоваров)"";
		Запрос.УстановитьПараметр(""МассивТоваров"", МассивТоваров);
	КонецЕсли;
	
	// Для получения остатков на конец дня передаем КонецДня(ДатаОтчета)
	Запрос.УстановитьПараметр(""ДатаОтчета"", КонецДня(ДатаОтчета));
	
	Запрос.Текст = 
	""ВЫБРАТЬ
	|	ТоварныеЗапасыОстатки.Товар КАК Номенклатура,
	|	ТоварныеЗапасыОстатки.КоличествоОстаток КАК Остаток
	|ИЗ
	|	РегистрНакопления.ТоварныеЗапасы.Остатки(&ДатаОтчета, &УсловиеОтбора) КАК ТоварныеЗапасыОстатки
	|ИТОГИ
	|	СУММА(Остаток)
	|ПО
	|	ОБЩИЕ"";
	
	РезультатЗапроса = Запрос.Выполнить();
	
	ТабДок = Новый ТабличныйДокумент;
	
	// Настройка ширины колонок
	ТабДок.Колонки[0].Ширина = 40;
	ТабДок.Колонки[1].Ширина = 15;
	
	// Вывод заголовка
	ОбластьЗаголовок = ТабДок.Область(1, 1, 1, 2);
	ОбластьЗаголовок.Объединить();
	ОбластьЗаголовок.Текст = ""Остатки номенклатуры"";
	ОбластьЗаголовок.ЖирныйШрифт = Истина;
	ОбластьЗаголовок.РазмерШрифта = 12;
	ОбластьЗаголовок.ГоризонтальноеПоложение = ГоризонтальноеПоложение.Центр;
	
	// Вывод шапки таблицы
	ТабДок.Область(2, 1).Текст = ""Номенклатура"";
	ТабДок.Область(2, 1).ЖирныйШрифт = Истина;
	
	ТабДок.Область(2, 2).Текст = ""Остаток"";
	ТабДок.Область(2, 2).ЖирныйШрифт = Истина;
	ТабДок.Область(2, 2).ГоризонтальноеПоложение = ГоризонтальноеПоложение.Право;
	
	НомерСтроки = 3;
	
	ВыборкаИтоги = РезультатЗапроса.Выбрать(ОбходРезультатаЗапроса.ПоГруппировкам);
	Если ВыборкаИтоги.Следующий() Тогда
		
		// Вывод строк с номенклатурой
		ВыборкаДетали = ВыборкаИтоги.Выбрать();
		Пока ВыборкаДетали.Следующий() Цикл
			ТабДок.Область(НомерСтроки, 1).Текст = Строка(ВыборкаДетали.Номенклатура);
			
			ОбластьОстаток = ТабДок.Область(НомерСтроки, 2);
			ОбластьОстаток.Текст = ВыборкаДетали.Остаток;
			ОбластьОстаток.ГоризонтальноеПоложение = ГоризонтальноеПоложение.Право;
			
			НомерСтроки = НомерСтроки + 1;
		КонецЦикла;
		
		// Вывод итогов
		ТабДок.Область(НомерСтроки, 1).Текст = ""Итого:"";
		ТабДок.Область(НомерСтроки, 1).ЖирныйШрифт = Истина;
		ТабДок.Область(НомерСтроки, 1).ГоризонтальноеПоложение = ГоризонтальноеПоложение.Право;
		
		ОбластьИтогОстаток = ТабДок.Область(НомерСтроки, 2);
		ОбластьИтогОстаток.Текст = ВыборкаИтоги.Остаток;
		ОбластьИтогОстаток.ЖирныйШрифт = Истина;
		ОбластьИтогОстаток.ГоризонтальноеПоложение = ГоризонтальноеПоложение.Право;
		
	КонецЕсли;
	
	Возврат ТабДок;
	
КонецФункции"
"Реализовать функцию РассчитатьОборачиваемость(Товар, Склад, ДатаНачала, ДатаОкончания).

Оборачиваемость = Оборот за период / Средний остаток за период.

Необходимо:
1) Получить обороты по товару и складу за период из виртуальной таблицы Обороты.
2) Получить остаток на начало и конец периода из виртуальной таблицы Остатки.
3) Рассчитать средний остаток: (ОстатокНачало + ОстатокКонец) / 2.
4) Рассчитать оборачиваемость. Если средний остаток = 0 — вернуть 0.

Требования:
- Использовать виртуальные таблицы Остатки и Обороты регистра накопления ТоварныеЗапасы.
- Не использовать циклы по дням/периодам.
- Результат — число.","{""AccumulationRegisters"": [{""id"": ""ТоварныеЗапасы"", ""name"": ""Товарные запасы"", ""RegisterType"": ""Balance"", ""Dimensions"": [{""id"": ""Товар"", ""name"": ""Товар"", ""types"": [{""type"": ""Ref"", ""id"": ""Справочник.Товары""}]}, {""id"": ""Склад"", ""name"": ""Склад"", ""types"": [{""type"": ""Ref"", ""id"": ""Справочник.Склады""}]}], ""Resources"": [{""id"": ""Количество"", ""name"": ""Количество"", ""types"": [{""type"": ""Number"", ""NumberQualifiers"": ""10.2""}]}]}]}",task_050,server,high,Task9_Коробов_Сложная_Оборачиваемость.epf,"Функция РассчитатьОборачиваемость(Товар, Склад, ДатаНачала, ДатаОкончания)
    
    Запрос = Новый Запрос;
    Запрос.Текст = 
    ""ВЫБРАТЬ
    |   ЕСТЬNULL(НачОст.КоличествоОстаток, 0) КАК ОстатокНачало,
    |   ЕСТЬNULL(КонОст.КоличествоОстаток, 0) КАК ОстатокКонец,
    |   ЕСТЬNULL(Обор.КоличествоОборот, 0) КАК Оборот
    |ИЗ
    |   (ВЫБРАТЬ 1 КАК ИД) КАК ПустаяТаблица
    |       ЛЕВОЕ СОЕДИНЕНИЕ РегистрНакопления.ТоварныеЗапасы.Остатки(&ДатаНачала, Товар = &Товар И Склад = &Склад) КАК НачОст
    |       ПО 1 = 1
    |       ЛЕВОЕ СОЕДИНЕНИЕ РегистрНакопления.ТоварныеЗапасы.Остатки(&ДатаОкончания, Товар = &Товар И Склад = &Склад) КАК КонОст
    |       ПО 1 = 1
    |       ЛЕВОЕ СОЕДИНЕНИЕ РегистрНакопления.ТоварныеЗапасы.Обороты(&ДатаНачала, &ДатаОкончания, Авто, Товар = &Товар И Склад = &Склад) КАК Обор
    |       ПО 1 = 1"";
    
    Запрос.УстановитьПараметр(""Товар"", Товар);
    Запрос.УстановитьПараметр(""Склад"", Склад);
    Запрос.УстановитьПараметр(""ДатаНачала"", ДатаНачала);
    Запрос.УстановитьПараметр(""ДатаОкончания"", ДатаОкончания);
    
    РезультатЗапроса = Запрос.Выполнить();
    
    // Используем Выбрать() так как запрос через ПустуюТаблицу всегда возвращает ровно 1 строку
    Выборка = РезультатЗапроса.Выбрать();
    Выборка.Следующий();
    
    ОстатокНачало = Выборка.ОстатокНачало;
    ОстатокКонец  = Выборка.ОстатокКонец;
    Оборот        = Выборка.Оборот;
    
    // Рассчитываем средний остаток согласно формуле
    СреднийОстаток = (ОстатокНачало + ОстатокКонец) / 2;
    
    // Если средний остаток равен нулю, возвращаем 0 во избежание деления на ноль
    Если СреднийОстаток = 0 Тогда
        Возврат 0;
    КонецЕсли;
    
    // Рассчитываем и возвращаем оборачиваемость
    Возврат Оборот / СреднийОстаток;
    
КонецФункции"
"Написать функцию СформироватьПрайсТоваровНаСкладе(Дата = Неопределено),
которая формирует прайс товаров, имеющихся в наличии на складе, на указанную дату.
Формирование прайса должно выполняться на основании данных регистра накопления «ТоварныеЗапасы» и регистра сведений «ЦеныТоваров».
Если параметр Дата не передан, в качестве даты формирования прайса используется конец текущего дня (КонецДня(ТекущаяДата())).
Алгоритм формирования данных выполняется следующим образом:
Сначала выполняется запрос к регистру накопления РегистрНакопления.ТоварныеЗапасы.Остатки, где:
отбираются только товары с положительным остатком (КоличествоОстаток > 0);
данные агрегируются по товару;
результат помещается во временную таблицу (ВременнаяТаблица), содержащую:
Товар;
КоличествоОстаток (суммарный остаток по товару).
Далее выполняется основной запрос, в котором:
используются актуальные цены из регистра сведений РегистрСведений.ЦеныТоваров (СрезПоследних);
выполняется внутреннее соединение с временной таблицей остатков по полю Товар;
рассчитываются итоговые показатели:
Цена — актуальная цена товара;
Остаток — количество товара на складе;
СуммаОстатков — произведение остатка на цену (стоимость складского запаса).
Результат запроса выгружается в таблицу значений.
На основании полученных данных формируется итоговая таблица (ТаблицаЗначений) со следующей структурой колонок:
Товар (СправочникСсылка.Товары);
Наименование (строковое представление товара);
Остаток (число);
Цена (число);
СуммаОстатков (число).
Для каждой строки выборки:
создаётся новая строка в таблице значений;
заполняются поля Товар, Остаток, Цена и СуммаОстатков.
После заполнения таблица сортируется по наименованию товара по возрастанию, что обеспечивает удобный вид прайса для анализа и печати.
Функция возвращает таблицу значений, содержащую прайс товаров на складе с актуальными остатками и ценами на указанную дату.
Функция ЗадачаРешена(ТабДок) предназначена для проверки корректности сформированного прайса и выполняет следующие проверки:
результат является типом ТаблицаЗначений;
таблица содержит обязательные колонки: Товар, Цена, Остаток;
таблица не пустая;
у каждой строки заполнен товар;
остаток товара не является отрицательным.
Если все проверки выполняются успешно, функция возвращает Истина, что подтверждает корректное формирование прайса товаров на складе.","{""AccumulationRegisters"": [{""id"": ""ТоварныеЗапасы"", ""name"": ""Товарные запасы"", ""RegisterType"": ""Balance"", ""Dimensions"": [{""id"": ""Товар"", ""name"": ""Товар"", ""types"": [{""type"": ""Ref"", ""id"": ""Справочник.Товары""}]}, {""id"": ""Склад"", ""name"": ""Склад"", ""types"": [{""type"": ""Ref"", ""id"": ""Справочник.Склады""}]}], ""Resources"": [{""id"": ""Количество"", ""name"": ""Количество"", ""types"": [{""type"": ""Number"", ""NumberQualifiers"": ""10.2""}]}]}], ""InformationRegisters"": [{""id"": ""ЦеныТоваров"", ""name"": ""Цены товаров"", ""InformationRegisterPeriodicity"": ""Day"", ""WriteMode"": ""Independent"", ""Dimensions"": [{""id"": ""Товар"", ""name"": ""Товар"", ""types"": [{""type"": ""Ref"", ""id"": ""Справочник.Товары""}]}, {""id"": ""ВидЦен"", ""name"": ""Вид цен"", ""types"": [{""type"": ""Ref"", ""id"": ""Справочник.ВидыЦен""}]}], ""Resources"": [{""id"": ""Цена"", ""name"": ""Цена"", ""types"": [{""type"": ""Number"", ""NumberQualifiers"": ""10.2""}]}]}], ""Catalogs"": [{""id"": ""Товары"", ""name"": ""Товары"", ""Attributes"": [{""id"": ""Артикул"", ""name"": ""Артикул"", ""types"": [{""type"": ""String"", ""StringQualifiers"": ""15""}]}, {""id"": ""Поставщик"", ""name"": ""Поставщик"", ""types"": [{""type"": ""Ref"", ""id"": ""Справочник.Контрагенты""}]}, {""id"": ""ФайлКартинки"", ""name"": ""Картинка"", ""types"": [{""type"": ""Ref"", ""id"": ""Справочник.ХранимыеФайлы""}]}, {""id"": ""Вид"", ""name"": ""Вид"", ""types"": []}, {""id"": ""Штрихкод"", ""name"": ""Штрихкод"", ""types"": [{""type"": ""String"", ""StringQualifiers"": ""20""}]}, {""id"": ""Описание"", ""name"": ""Описание"", ""types"": [{""type"": ""String"", ""StringQualifiers"": ""0""}]}]}]}",task_051,server,mid,task10_СредняяФормированиеПрайсаПоОстаткамТовара_v3.epf,"Функция СформироватьПрайсТоваровНаСкладе(Дата = Неопределено) Экспорт
	
	// Определение даты отбора
	ДатаОтбора = Дата;
	Если ДатаОтбора = Неопределено Тогда
		ДатаОтбора = КонецДня(ТекущаяДата());
	КонецЕсли;
	
	Запрос = Новый Запрос;
	Запрос.Текст = 
	""ВЫБРАТЬ
	|	ТоварныеЗапасыОстатки.Товар КАК Товар,
	|	СУММА(ТоварныеЗапасыОстатки.КоличествоОстаток) КАК КоличествоОстаток
	|ПОМЕСТИТЬ ВременнаяТаблица
	|ИЗ
	|	РегистрНакопления.ТоварныеЗапасы.Остатки(&ДатаОтбора, ) КАК ТоварныеЗапасыОстатки
	|
	|СГРУППИРОВАТЬ ПО
	|	ТоварныеЗапасыОстатки.Товар
	|
	|ИМЕЮЩИЕ
	|	СУММА(ТоварныеЗапасыОстатки.КоличествоОстаток) > 0
	|
	|ИНДЕКСИРОВАТЬ ПО
	|	Товар
	|;
	|
	|ВЫБРАТЬ
	|	ВременнаяТаблица.Товар КАК Товар,
	|	ВременнаяТаблица.КоличествоОстаток КАК Остаток,
	|	ЦеныТоваровСрезПоследних.Цена КАК Цена,
	|	ВременнаяТаблица.КоличествоОстаток * ЦеныТоваровСрезПоследних.Цена КАК СуммаОстатков
	|ИЗ
	|	ВременнаяТаблица КАК ВременнаяТаблица
	|	ВНУТРЕННЕЕ СОЕДИНЕНИЕ РегистрСведений.ЦеныТоваров.СрезПоследних(&ДатаОтбора, ) КАК ЦеныТоваровСрезПоследних
	|		ПО ВременнаяТаблица.Товар = ЦеныТоваровСрезПоследних.Товар"";
	
	Запрос.УстановитьПараметр(""ДатаОтбора"", ДатаОтбора);
	
	РезультатЗапроса = Запрос.Выполнить().Выгрузить();
	
	// Формирование итоговой таблицы значений
	ТаблицаПрайса = Новый ТаблицаЗначений;
	ТаблицаПрайса.Колонки.Добавить(""Товар"", Новый ОписаниеТипов(""СправочникСсылка.Товары""));
	ТаблицаПрайса.Колонки.Добавить(""Наименование"", Новый ОписаниеТипов(""Строка""));
	ТаблицаПрайса.Колонки.Добавить(""Остаток"", Новый ОписаниеТипов(""Число"", , , Новый КвалификаторыЧисла(10, 2)));
	ТаблицаПрайса.Колонки.Добавить(""Цена"", Новый ОписаниеТипов(""Число"", , , Новый КвалификаторыЧисла(10, 2)));
	ТаблицаПрайса.Колонки.Добавить(""СуммаОстатков"", Новый ОписаниеТипов(""Число"", , , Новый КвалификаторыЧисла(15, 2)));
	
	Для Каждого СтрокаЗапроса Из РезультатЗапроса Цикл
		НоваяСтрока = ТаблицаПрайса.Добавить();
		НоваяСтрока.Товар = СтрокаЗапроса.Товар;
		НоваяСтрока.Наименование = СтрокаЗапроса.Товар.Наименование;
		НоваяСтрока.Остаток = СтрокаЗапроса.Остаток;
		НоваяСтрока.Цена = СтрокаЗапроса.Цена;
		НоваяСтрока.СуммаОстатков = СтрокаЗапроса.СуммаОстатков;
	КонецЦикла;
	
	// Сортировка по наименованию товара по возрастанию
	ТаблицаПрайса.Сортировать(""Наименование Возр"");
	
	Возврат ТаблицаПрайса;
	
КонецФункции

Функция ЗадачаРешена(ТабДок) Экспорт
	
	// Проверка типа результата
	Если ТипЗнч(ТабДок) <> Тип(""ТаблицаЗначений"") Тогда
		Возврат Ложь;
	КонецЕсли;
	
	// Проверка наличия обязательных колонок
	Если ТабДок.Колонки.Найти(""Товар"") = Неопределено
		ИЛИ ТабДок.Колонки.Найти(""Цена"") = Неопределено
		ИЛИ ТабДок.Колонки.Найти(""Остаток"") = Неопределено Тогда
		Возврат Ложь;
	КонецЕсли;
	
	// Проверка на пустоту
	Если ТабДок.Количество() = 0 Тогда
		Возврат Ложь;
	КонецЕсли;
	
	// Проверка заполненности товара и неотрицательности остатка
	Для Каждого Строка Из ТабДок Цикл
		Если Не ЗначениеЗаполнено(Строка.Товар) Тогда
			Возврат Ложь;
		КонецЕсли;
		Если Строка.Остаток < 0 Тогда
			Возврат Ложь;
		КонецЕсли;
	КонецЦикла;
	
	Возврат Истина;
	
КонецФункции"
"Написать функцию СформироватьОтчетДинамикаПродажТовара(ДатаНачала, ДатаОкончания, Товар), которая формирует отчет на сервере ""ДинамикаПродаж"" на заданный период с отбором по ""Товар"" 
и подменяет стандартную структуру отчета(диаграмма) на группировку по полю ""Период"".

Функция должна программно сформировать отчет ""ДинамикаПродаж"", вариант отчета ""СуммаИКоличество"". 
Настройки отчета:   
    Структура отчета: Группировка
	                     ""Период"" ТипГруппировки = Элементы, ТипДополнения = БезДополнения.
	    Параметры отчета: Период 
	    Значения параметов: Период.ДатаНачала = ДатаНачала, Период.ДатаОкончания = ДатаОкончания.
	Параметры вывода: ВыводитьПараметрыДанных = Не выводить,
	                  ВыводитьОтбор = Не выводить. 
	Отбор : Товар = Товар.
	                  
Параметры функции:  
ДатаНачала (тип: Дата) - начало периода.
ДатаОкончания (тип: Дата) - окончание периода.
Товар (тип: СправочникСсылка.Товары) - товар.

Возвращаемое значение: ТабличныйДокумент.","{""Catalogs"": [{""id"": ""Товары"", ""name"": ""Товары"", ""Attributes"": [{""id"": ""Артикул"", ""name"": ""Артикул"", ""types"": [{""type"": ""String"", ""StringQualifiers"": ""15""}]}, {""id"": ""Поставщик"", ""name"": ""Поставщик"", ""types"": [{""type"": ""Ref"", ""id"": ""Справочник.Контрагенты""}]}, {""id"": ""ФайлКартинки"", ""name"": ""Картинка"", ""types"": [{""type"": ""Ref"", ""id"": ""Справочник.ХранимыеФайлы""}]}, {""id"": ""Вид"", ""name"": ""Вид"", ""types"": []}, {""id"": ""Штрихкод"", ""name"": ""Штрихкод"", ""types"": [{""type"": ""String"", ""StringQualifiers"": ""20""}]}, {""id"": ""Описание"", ""name"": ""Описание"", ""types"": [{""type"": ""String"", ""StringQualifiers"": ""0""}]}]}]}",task_052,server,high,task10_сложн_Куликова_v1.epf,"Функция СформироватьОтчетДинамикаПродажТовара(ДатаНачала, ДатаОкончания, Товар)
	
	// Получаем схему компоновки данных отчета
	СхемаКомпоновкиДанных = Отчеты.ДинамикаПродаж.ПолучитьМакет(""ОсновнаяСхемаКомпоновкиДанных"");
	
	// Создаем компоновщик настроек и инициализируем его схемой
	КомпоновщикНастроек = Новый КомпоновщикНастроекКомпоновкиДанных;
	КомпоновщикНастроек.Инициализировать(Новый ИсточникДоступныхНастроекКомпоновкиДанных(СхемаКомпоновкиДанных));
	
	// Находим и устанавливаем вариант отчета ""СуммаИКоличество""
	Для Каждого Вариант Из СхемаКомпоновкиДанных.ВариантыНастроек Цикл
		Если Вариант.Представление = ""СуммаИКоличество"" ИЛИ Вариант.Идентификатор = ""СуммаИКоличество"" Тогда
			КомпоновщикНастроек.ЗагрузитьНастройки(Вариант.Настройки);
			Прервать;
		КонецЕсли;
	КонецЦикла;
	
	// Получаем текущие настройки для изменения
	Настройки = КомпоновщикНастроек.Настройки;
	
	// Очищаем структуру отчета (убираем стандартную диаграмму)
	Настройки.Структура.Очистить();
	
	// Добавляем группировку по полю ""Период""
	ГруппировкаПериод = Настройки.Структура.Добавить(Тип(""ГруппировкаКомпоновкиДанных""));
	ПолеПериод = Новый ПолеКомпоновкиДанных(""Период"");
	ГруппировкаПериод.Использование = Истина;
	ГруппировкаПериод.ПоляГруппировки.Элементы.Добавить(ПолеПериод);
	
	// Устанавливаем тип группировки и тип дополнения для поля ""Период""
	Для Каждого ЭлементОтбора Из ГруппировкаПериод.ПоляГруппировки.Элементы Цикл
		ЭлементОтбора.ТипГруппировки = ТипГруппировкиКомпоновкиДанных.Элементы;
		ЭлементОтбора.ТипДополнения = ТипДополненияПериодаКомпоновкиДанных.БезДополнения;
	КонецЦикл;
	
	// Устанавливаем параметры отчета (Период)
	ПериодПараметр = Настройки.ПараметрыДанных.Элементы.Найти(""Период"");
	Если ПериодПараметр <> Неопределено Тогда
		ПериодПараметр.Использование = Истина;
		ПериодПараметр.Значение = Новый СтандартныйПериод(ДатаНачала, ДатаОкончания);
	КонецЕсли;
	
	// Устанавливаем параметры вывода
	Настройки.ПараметрыВывода.УстановитьЗначениеПараметра(""ВыводитьПараметрыДанных"", ТипВыводаТекстаКомпоновкиДанных.НеВыводить);
	Настройки.ПараметрыВывода.УстановитьЗначениеПараметра(""ВыводитьОтбор"", ТипВыводаТекстаКомпоновкиДанных.НеВыводить);
	
	// Устанавливаем отбор по полю ""Товар""
	ЭлементОтбораТовар = Настройки.Отбор.Элементы.Добавить(Тип(""ЭлементОтбораКомпоновкиДанных""));
	ЭлементОтбораТовар.Использование = Истина;
	ЭлементОтбораТовар.ЛевоеЗначение = Новый ПолеКомпоновкиДанных(""Товар"");
	ЭлементОтбораТовар.ВидСравнения = ВидСравненияКомпоновкиДанных.Равно;
	ЭлементОтбораТовар.ПравоеЗначение = Товар;
	
	// Формируем отчет с помощью процессора компоновки данных
	КомпоновщикМакета = Новый КомпоновщикМакетаКомпоновкиДанных;
	МакетКомпоновки = КомпоновщикМакета.Выполнить(СхемаКомпоновкиДанных, Настройки);
	
	ПроцессорКомпоновки = Новый ПроцессорКомпоновкиДанных;
	ПроцессорКомпоновки.Инициализировать(МакетКомпоновки);
	
	// Создаем табличный документ для вывода результата
	ТабличныйДокумент = Новый ТабличныйДокумент;
	
	ПроцессорВывода = Новый ПроцессорВыводаРезультатаКомпоновкиДанныхВТабличныйДокумент;
	ПроцессорВывода.УстановитьДокумент(ТабличныйДокумент);
	ПроцессорВывода.Вывести(ПроцессорКомпоновки);
	
	Возврат ТабличныйДокумент;
	
КонецФункции"
"Написать функцию СформироватьПереоценкуТоваровНаСкладе(Дата, ПроцентПереоценки),
которая формирует расчет переоценки товаров на складе и выводит прайс с учетом увеличения цены на заданный процент (по умолчанию 10%).
Расчет должен выполняться на основании остатков товаров на складе и актуальных цен номенклатуры.
В обработку должны попадать только те товары, по которым есть положительные остатки на складе.
Если параметр Дата не задан, используется текущая дата (конец дня).
Если процент переоценки не задан, используется значение 10%.
Источник данных:
Регистр накопления ТоварныеЗапасы (остатки товаров на складе);
Регистр сведений ЦеныТоваров (актуальные цены товаров, срез последних на дату).
Логика формирования данных:
Из регистра накопления ТоварныеЗапасы.Остатки выбираются товары с положительным количеством остатка на указанную дату.
Данные агрегируются по измерению Товар с расчетом:
Остаток — суммарное количество товара на складе.
К полученным остаткам выполняется присоединение регистра сведений ЦеныТоваров.СрезПоследних на ту же дату для получения актуальной цены.
Рассчитываются показатели переоценки:
СтараяЦена — текущая цена из регистра цен;
НоваяЦена — цена с учетом переоценки (СтараяЦена * (1 + ПроцентПереоценки / 100));
СуммаПереоценки — общий эффект переоценки по складу (разница цены * остаток товара).
Результат формирования должен представлять таблицу значений (ТаблицаЗначений), содержащую следующие колонки:
Товар (СправочникСсылка.Товары);
Наименование (представление товара);
Остаток (число);
СтараяЦена (число);
НоваяЦена (число);
СуммаПереоценки (число).
В итоговую таблицу включаются только товары, имеющие цену и положительные остатки.
Наименование товара заполняется через представление ссылочного поля номенклатуры для удобства анализа.
После заполнения данных выполняется сортировка таблицы по убыванию суммы переоценки, что позволяет в первую очередь анализировать товары с наибольшим финансовым эффектом от изменения цены.
Функция должна возвращать сформированную таблицу значений, пригодную для:
анализа розничной переоценки;
формирования прайса после изменения цен;
оценки влияния переоценки на стоимость складских остатков;
использования в управленческих отчетах по складу и рознице.","{""AccumulationRegisters"": [{""id"": ""ТоварныеЗапасы"", ""name"": ""Товарные запасы"", ""RegisterType"": ""Balance"", ""Dimensions"": [{""id"": ""Товар"", ""name"": ""Товар"", ""types"": [{""type"": ""Ref"", ""id"": ""Справочник.Товары""}]}, {""id"": ""Склад"", ""name"": ""Склад"", ""types"": [{""type"": ""Ref"", ""id"": ""Справочник.Склады""}]}], ""Resources"": [{""id"": ""Количество"", ""name"": ""Количество"", ""types"": [{""type"": ""Number"", ""NumberQualifiers"": ""10.2""}]}]}], ""InformationRegisters"": [{""id"": ""ЦеныТоваров"", ""name"": ""Цены товаров"", ""InformationRegisterPeriodicity"": ""Day"", ""WriteMode"": ""Independent"", ""Dimensions"": [{""id"": ""Товар"", ""name"": ""Товар"", ""types"": [{""type"": ""Ref"", ""id"": ""Справочник.Товары""}]}, {""id"": ""ВидЦен"", ""name"": ""Вид цен"", ""types"": [{""type"": ""Ref"", ""id"": ""Справочник.ВидыЦен""}]}], ""Resources"": [{""id"": ""Цена"", ""name"": ""Цена"", ""types"": [{""type"": ""Number"", ""NumberQualifiers"": ""10.2""}]}]}], ""Catalogs"": [{""id"": ""Товары"", ""name"": ""Товары"", ""Attributes"": [{""id"": ""Артикул"", ""name"": ""Артикул"", ""types"": [{""type"": ""String"", ""StringQualifiers"": ""15""}]}, {""id"": ""Поставщик"", ""name"": ""Поставщик"", ""types"": [{""type"": ""Ref"", ""id"": ""Справочник.Контрагенты""}]}, {""id"": ""ФайлКартинки"", ""name"": ""Картинка"", ""types"": [{""type"": ""Ref"", ""id"": ""Справочник.ХранимыеФайлы""}]}, {""id"": ""Вид"", ""name"": ""Вид"", ""types"": []}, {""id"": ""Штрихкод"", ""name"": ""Штрихкод"", ""types"": [{""type"": ""String"", ""StringQualifiers"": ""20""}]}, {""id"": ""Описание"", ""name"": ""Описание"", ""types"": [{""type"": ""String"", ""StringQualifiers"": ""0""}]}]}]}",task_053,server,mid,task11_СредняяСформироватьПереоценкуТоваровНаСкладе_v3.epf,"Функция СформироватьПереоценкуТоваровНаСкладе(Знач Дата = Неопределено, Знач ПроцентПереоценки = 10) Экспорт
	
	// Если дата не задана, используем текущую дату (конец дня)
	Если Дата = Неопределено Или Дата = '00010101' Тогда
		Дата = КонецДня(ТекущаяДата());
	КонецЕсли;
	
	Запрос = Новый Запрос;
	Запрос.Текст = 
	""ВЫБРАТЬ
	|	ТоварныеЗапасыОстатки.Товар КАК Товар,
	|	СУММА(ТоварныеЗапасыОстатки.КоличествоОстаток) КАК Остаток
	|ПОМЕСТИТЬ ВтОстатки
	|ИЗ
	|	РегистрНакопления.ТоварныеЗапасы.Остатки(&Дата, ) КАК ТоварныеЗапасыОстатки
	|
	|СГРУППИРОВАТЬ ПО
	|	ТоварныеЗапасыОстатки.Товар
	|
	|ИМЕЮЩИЕ
	|	СУММА(ТоварныеЗапасыОстатки.КоличествоОстаток) > 0
	|;
	|
	|////////////////////////////////////////////////////////////////////////////////
	|ВЫБРАТЬ
	|	ЦеныТоваровСрезПоследних.Товар КАК Товар,
	|	МАКСИМУМ(ЦеныТоваровСрезПоследних.Цена) КАК Цена
	|ПОМЕСТИТЬ ВтЦены
	|ИЗ
	|	РегистрСведений.ЦеныТоваров.СрезПоследних(&Дата, ) КАК ЦеныТоваровСрезПоследних
	|
	|СГРУППИРОВАТЬ ПО
	|	ЦеныТоваровСрезПоследних.Товар
	|;
	|
	|////////////////////////////////////////////////////////////////////////////////
	|ВЫБРАТЬ
	|	ВтОстатки.Товар КАК Товар,
	|	ПРЕДСТАВЛЕНИЕ(ВтОстатки.Товар) КАК Наименование,
	|	ВтОстатки.Остаток КАК Остаток,
	|	ВтЦены.Цена КАК СтараяЦена,
	|	ВтЦены.Цена * (1 + &ПроцентПереоценки / 100) КАК НоваяЦена,
	|	(ВтЦены.Цена * (1 + &ПроцентПереоценки / 100) - ВтЦены.Цена) * ВтОстатки.Остаток КАК СуммаПереоценки
	|ИЗ
	|	ВтОстатки КАК ВтОстатки
	|		ВНУТРЕННЕЕ СОЕДИНЕНИЕ ВтЦены КАК ВтЦены
	|		ПО ВтОстатки.Товар = ВтЦены.Товар
	|ГДЕ
	|	ВтЦены.Цена > 0
	|
	|УПОРЯДОЧИТЬ ПО
	|	СуммаПереоценки УБЫВ"";
	
	Запрос.УстановитьПараметр(""Дата"", Дата);
	Запрос.УстановитьПараметр(""ПроцентПереоценки"", ПроцентПереоценки);
	
	РезультатЗапроса = Запрос.Выполнить();
	
	Возврат РезультатЗапроса.Выгрузить();

КонецФункции"
"Написать функцию СформироватьОтчетДинамикаПродажКонтрольВТаблице(ДатаНачала, ДатаОкончания, СуммаКонтроль, ТипКонтроля), которая формирует отчет на сервере ""ДинамикаПродаж"" на заданный период с отбором по ""СуммаОборот"" 
и подменяет стандартную структуру отчета(диаграмма) на группировку по полю ""Период"".

Функция должна программно сформировать отчет ""ДинамикаПродаж"", вариант отчета ""ДиаграммаПоПериодам"". 
Настройки отчета:   
    Структура отчета: Группировка
	                     ""Период"" ТипГруппировки = Элементы, ТипДополнения = БезДополнения.
	Параметры отчета: Период 
	    Значения параметов: Период.ДатаНачала = ДатаНачала, Период.ДатаОкончания = ДатаОкончания.    
	Параметры вывода: ВыводитьПараметрыДанных = Не выводить,
	                  ВыводитьОтбор = Не выводить. 
	Отбор : В зависимости от параметра ТипКонтроля, применятется отбор к полю Сумма.
	Если ТипКонтроля = Равно, тогда отбор:  СуммаОборот = СуммаКонтроль.
	Если ТипКонтроля = БольшеИлиРавно, тогда отбор:  ССуммаОборот >= СуммаКонтроль.
	Если ТипКонтроля = МеньшеИлиРавно, тогда отбор:  СуммаОборот <= СуммаКонтроль.
	Если ТипКонтроля = Больше, тогда отбор:  СуммаОборот > СуммаКонтроль.
	Если ТипКонтроля = Меньше, тогда отбор:  СуммаОборот < СуммаКонтроль. 
    Для других значений ТипКонтроля формирование отчета не поддерживается.
	                 
Параметры функции:  
ДатаНачала (тип: Дата) - начало периода.
ДатаОкончания (тип: Дата) - окончание периода.
СуммаКонтроль (тип: Число) - значение для отбора по СуммаОборот.
ТипКонтроля (тип: ВидСравненияКомпоновкиДанных) - вид сравнения для отбора по СуммаОборот.

Возвращаемое значение: ТабличныйДокумент.",{},task_054,server,high,task11_сложн_Куликова_v1.epf,"Функция СформироватьОтчетДинамикаПродажКонтрольВТаблице(ДатаНачала, ДатаОкончания, СуммаКонтроль, ТипКонтроля)
    
    // Проверка допустимости типа контроля
    ДопустимыеВидыСравнения = Новый Массив;
    ДопустимыеВидыСравнения.Добавить(ВидСравненияКомпоновкиДанных.Равно);
    ДопустимыеВидыСравнения.Добавить(ВидСравненияКомпоновкиДанных.БольшеИлиРавно);
    ДопустимыеВидыСравнения.Добавить(ВидСравненияКомпоновкиДанных.МеньшеИлиРавно);
    ДопустимыеВидыСравнения.Добавить(ВидСравненияКомпоновкиДанных.Больше);
    ДопустимыеВидыСравнения.Добавить(ВидСравненияКомпоновкиДанных.Меньше);
    
    Если ДопустимыеВидыСравнения.Найти(ТипКонтроля) = Неопределено Тогда
        ВызватьИсключение ""Для указанного значения ТипКонтроля формирование отчета не поддерживается."";
    КонецЕсли;
    
    // Создание объекта отчета и получение схемы компоновки данных
    ОтчетОбъект = Отчеты.ДинамикаПродаж.Создать();
    СхемаКомпоновкиДанных = ОтчетОбъект.ПолучитьМакет(""ОсновнаяСхемаКомпоновкиДанных"");
    
    // Поиск и загрузка варианта отчета ""ДиаграммаПоПериодам""
    ВариантНастройки = СхемаКомпоновкиДанных.ВариантыНастроек.Найти(""ДиаграммаПоПериодам"");
    Если ВариантНастройки <> Неопределено Тогда
        ОтчетОбъект.КомпоновщикНастроек.ЗагрузитьНастройки(ВариантНастройки.Настройки);
    КонецЕсли;
    
    Настройки = ОтчетОбъект.КомпоновщикНастроек.Настройки;
    
    // Настройка структуры отчета: очистка текущей структуры (диаграммы) и добавление группировки по ""Период""
    Настройки.Структура.Очистить();
    
    ГруппировкаПериод = Настройки.Структура.Добавить(Тип(""ГруппировкаКомпоновкиДанных""));
    ПолеПериод = ГруппировкаПериод.ПоляГруппировки.Элементы.Добавить(Тип(""ПолеГруппировкиКомпоновкиДанных""));
    ПолеПериод.Использование = Истина;
    ПолеПериод.Поле = Новый ПолеКомпоновкиДанных(""Период"");
    ПолеПериод.ТипГруппировки = ТипГруппировкиКомпоновкиДанных.Элементы;
    ПолеПериод.ТипДополнения = ТипДополненияПериодаКомпоновкиДанных.БезДополнения;
    
    // Настройка параметров отчета: Период
    ПериодНачало = Настройки.ПараметрыДанных.Элементы.Найти(""Период.ДатаНачала"");
    Если ПериодНачало <> Неопределено Тогда
        ПериодНачало.Использование = Истина;
        ПериодНачало.Значение = ДатаНачала;
    КонецЕсли;
    
    ПериодКонец = Настройки.ПараметрыДанных.Элементы.Найти(""Период.ДатаОкончания"");
    Если ПериодКонец <> Неопределено Тогда
        ПериодКонец.Использование = Истина;
        ПериодКонец.Значение = ДатаОкончания;
    КонецЕсли;
    
    // Настройка параметров вывода
    ПараметрВыводаПараметры = Настройки.ПараметрыВывода.НайтиЗначениеПараметра(Новый ПараметрКомпоновкиДанных(""ВыводитьПараметрыДанных""));
    Если ПараметрВыводаПараметры <> Неопределено Тогда
        ПараметрВыводаПараметры.Использование = Истина;
        ПараметрВыводаПараметры.Значение = Ложь;
    КонецЕсли;
    
    ПараметрВыводаОтбор = Настройки.ПараметрыВывода.НайтиЗначениеПараметра(Новый ПараметрКомпоновкиДанных(""ВыводитьОтбор""));
    Если ПараметрВыводаОтбор <> Неопределено Тогда
        ПараметрВыводаОтбор.Использование = Истина;
        ПараметрВыводаОтбор.Значение = Ложь;
    КонецЕсли;
    
    // Настройка отбора по полю СуммаОборот
    ЭлементОтбора = Настройки.Отбор.Элементы.Добавить(Тип(""ЭлементОтбораКомпоновкиДанных""));
    ЭлементОтбора.Использование = Истина;
    ЭлементОтбора.ЛевоеЗначение = Новый ПолеКомпоновкиДанных(""СуммаОборот"");
    ЭлементОтбора.ВидСравнения = ТипКонтроля;
    ЭлементОтбора.ПравоеЗначение = СуммаКонтроль;
    
    // Формирование отчета в табличный документ
    ТабличныйДокумент = Новый ТабличныйДокумент;
    ОтчетОбъект.СкомпоноватьРезультат(ТабличныйДокумент);
    
    Возврат ТабличныйДокумент;
    
КонецФункции"
"Написать функцию СформироватьРезервированиеТоваровПодЗаказы(Дата = Неопределено),
которая формирует отчет по резервированию товаров на складе под заказы клиентов в виде таблицы значений.
Отчет должен показывать, какое количество товара уже заказано клиентами, какой остаток есть на складе и хватает ли его для обеспечения заказов.
Если дата не передана в параметрах, расчет должен выполняться на конец текущего дня (КонецДня(ТекущаяДата())).
Данные для формирования отчета выбираются из следующих источников метаданных:
Документ.Заказ (табличная часть Товары);
РегистрНакопления.ТоварныеЗапасы.Остатки.
Отбор заказов выполняется по следующим условиям:
документ Заказ проведен (Проведен = Истина);
состояние заказа равно значению перечисления СостоянияЗаказов.ВРаботе.
Алгоритм формирования отчета выполняется следующим образом:
Выполняется запрос к табличной части Документ.Заказ.Товары, где:
данные агрегируются по номенклатуре (Товар);
рассчитывается суммарное количество товара в активных заказах клиентов (КоличествоВЗаказах).
Полученные данные помещаются во временную таблицу.
Далее выполняется запрос к регистру накопления ТоварныеЗапасы.Остатки на указанную дату:
определяется остаток товара на складе (КоличествоОстаток);
выполняется левое соединение с временной таблицей заказов.
Рассчитываются итоговые показатели:
ОстатокНаСкладе — текущий складской остаток товара;
КоличествоВЗаказах — общее количество товара в заказах клиентов;
ДоступныйОстаток — разница между остатком и количеством в заказах;
РезервКОбеспечению — дефицит товара (если заказов больше, чем остатка).
Результат работы функции должен представлять ТаблицаЗначений, где каждая строка соответствует одному товару.
Таблица должна содержать следующие колонки:
Товар — ссылка на элемент справочника Товары;
Наименование — наименование номенклатуры;
ОстатокНаСкладе — текущий остаток товара на складе;
КоличествоВЗаказах — суммарное количество товара в активных заказах клиентов;
ДоступныйОстаток — доступный остаток с учетом резервирования;
РезервКОбеспечению — количество товара, которого не хватает для обеспечения заказов.
В итоговую таблицу включаются только товары, по которым есть остатки или заказы клиентов.
После формирования данных таблица сортируется по полю РезервКОбеспечению в порядке убывания, что позволяет в первую очередь видеть наиболее дефицитные позиции.
Функция ЗадачаРешена(ТабДок) должна выполнять проверку корректности результата:
результат должен быть типа ТаблицаЗначений;
таблица должна содержать обязательные колонки (Товар, ОстатокНаСкладе, КоличествоВЗаказах, РезервКОбеспечению);
у всех строк должен быть заполнен товар;
значение резерва не должно быть отрицательным.
Если структура данных корректна, функция возвращает Истина, в противном случае — Ложь.","{""Documents"": [{""id"": ""Заказ"", ""name"": ""Заказ"", ""Attributes"": [{""id"": ""Покупатель"", ""name"": ""Покупатель"", ""types"": [{""type"": ""Ref"", ""id"": ""Справочник.Контрагенты""}]}, {""id"": ""Склад"", ""name"": ""Склад"", ""types"": [{""type"": ""Ref"", ""id"": ""Справочник.Склады""}]}, {""id"": ""Валюта"", ""name"": ""Валюта взаиморасчетов"", ""types"": [{""type"": ""Ref"", ""id"": ""Справочник.Валюты""}]}, {""id"": ""ВидЦен"", ""name"": ""Вид цен"", ""types"": [{""type"": ""Ref"", ""id"": ""Справочник.ВидыЦен""}]}, {""id"": ""Организация"", ""name"": ""Организация"", ""types"": [{""type"": ""Ref"", ""id"": ""Справочник.Организации""}]}, {""id"": ""СостояниеЗаказа"", ""name"": ""Состояние заказа"", ""types"": [{""type"": ""Ref"", ""id"": ""Перечисление.СостоянияЗаказов""}]}, {""id"": ""Автор"", ""name"": ""Автор"", ""types"": [{""type"": ""Ref"", ""id"": ""Справочник.Пользователи""}]}, {""id"": ""Сумма"", ""name"": ""Сумма"", ""types"": [{""type"": ""Number"", ""NumberQualifiers"": ""10.2""}]}], ""TabularSections"": [{""id"": ""Товары"", ""name"": ""Товары"", ""Attributes"": [{""id"": ""Товар"", ""name"": ""Товар"", ""types"": [{""type"": ""Ref"", ""id"": ""Справочник.Товары""}]}, {""id"": ""Цена"", ""name"": ""Цена"", ""types"": [{""type"": ""Number"", ""NumberQualifiers"": ""10.2""}]}, {""id"": ""Количество"", ""name"": ""Количество"", ""types"": [{""type"": ""Number"", ""NumberQualifiers"": ""10.0""}]}, {""id"": ""Сумма"", ""name"": ""Сумма"", ""types"": [{""type"": ""Number"", ""NumberQualifiers"": ""10.2""}]}]}]}], ""AccumulationRegisters"": [{""id"": ""ТоварныеЗапасы"", ""name"": ""Товарные запасы"", ""RegisterType"": ""Balance"", ""Dimensions"": [{""id"": ""Товар"", ""name"": ""Товар"", ""types"": [{""type"": ""Ref"", ""id"": ""Справочник.Товары""}]}, {""id"": ""Склад"", ""name"": ""Склад"", ""types"": [{""type"": ""Ref"", ""id"": ""Справочник.Склады""}]}], ""Resources"": [{""id"": ""Количество"", ""name"": ""Количество"", ""types"": [{""type"": ""Number"", ""NumberQualifiers"": ""10.2""}]}]}], ""Catalogs"": [{""id"": ""Товары"", ""name"": ""Товары"", ""Attributes"": [{""id"": ""Артикул"", ""name"": ""Артикул"", ""types"": [{""type"": ""String"", ""StringQualifiers"": ""15""}]}, {""id"": ""Поставщик"", ""name"": ""Поставщик"", ""types"": [{""type"": ""Ref"", ""id"": ""Справочник.Контрагенты""}]}, {""id"": ""ФайлКартинки"", ""name"": ""Картинка"", ""types"": [{""type"": ""Ref"", ""id"": ""Справочник.ХранимыеФайлы""}]}, {""id"": ""Вид"", ""name"": ""Вид"", ""types"": []}, {""id"": ""Штрихкод"", ""name"": ""Штрихкод"", ""types"": [{""type"": ""String"", ""StringQualifiers"": ""20""}]}, {""id"": ""Описание"", ""name"": ""Описание"", ""types"": [{""type"": ""String"", ""StringQualifiers"": ""0""}]}]}]}",task_055,server,mid,task12_СредняяРезервированиеТоваровПодЗаказыКлиентов_v3.epf,"Функция СформироватьРезервированиеТоваровПодЗаказы(Дата = Неопределено)
    
    // Если дата не передана, расчет выполняется на конец текущего дня
    Если Дата = Неопределено Тогда
        Дата = КонецДня(ТекущаяДата());
    КонецЕсли;
    
    Запрос = Новый Запрос;
    Запрос.Текст = 
    ""В"
"Написать функцию СформироватьОтчетДниПродажВышеНормы(ДатаНачала, ДатаОкончания, КоличествоНорма), которая формирует отчет на сервере ""ДинамикаПродаж"" на заданный период с отбором по ""КоличествоОборот"" 
и подменяет стандартную структуру отчета(диаграмма) на группировку по полю ""Период"".

Функция должна программно сформировать отчет ""ДинамикаПродаж"", вариант отчета ""СуммаИКоличество"". 
Настройки отчета:   
    Структура отчета: Группировка
	                     ""Период"" ТипГруппировки = Элементы, ТипДополнения = БезДополнения.
	    Параметры отчета: Период 
	    Значения параметов: Период.ДатаНачала = ДатаНачала, Период.ДатаОкончания = ДатаОкончания.
	Параметры вывода: ВыводитьПараметрыДанных = Не выводить,
	                  ВыводитьОтбор = Не выводить. 
	Отбор : КоличествоОборот >= КоличествоНорма.
	                  
Параметры функции:  
ДатаНачала (тип: Дата) - начало периода.
ДатаОкончания (тип: Дата) - окончание периода.
КоличествоНорма (тип: Число) - норма количества продаж.

Возвращаемое значение: ТабличныйДокумент.",{},task_056,server,high,task12_сложн_Куликова_v1.epf,"Функция СформироватьОтчетДниПродажВышеНормы(ДатаНачала, ДатаОкончания, КоличествоНорма)
    
    // Создание объекта отчета
    ОтчетОбъект = Отчеты.ДинамикаПродаж.Создать();
    
    // Получение макета схемы компоновки данных и установка варианта отчета ""СуммаИКоличество""
    СхемаКомпоновкиДанных = ОтчетОбъект.ПолучитьМакет(""СхемаКомпоновкиДанных"");
    ВариантНастройки = СхемаКомпоновкиДанных.ВариантыНастроек.Найти(""СуммаИКоличество"");
    Если ВариантНастройки <> Неопределено Тогда
        ОтчетОбъект.КомпоновщикНастроек.ЗагрузитьНастройки(ВариантНастройки.Настройки);
    КонецЕсли;
    
    Настройки = ОтчетОбъект.КомпоновщикНастроек.Настройки;
    
    // Настройка структуры отчета: очистка текущей и добавление группировки ""Период""
    Настройки.Структура.Очистить();
    ГруппировкаПериод = Настройки.Структура.Добавить(Тип(""ГруппировкаКомпоновкиДанных""));
    ГруппировкаПериод.Использование = Истина;
    ГруппировкаПериод.Поле = Новый ПолеКомпоновкиДанных(""Период"");
    ГруппировкаПериод.ТипГруппировки = ТипГруппировкиКомпоновкиДанных.Элементы;
    ГруппировкаПериод.ТипДополнения = ТипДополненияПериодаКомпоновкиДанных.БезДополнения;
    
    // Настройка параметров данных: Период
    ПараметрПериод = Настройки.ПараметрыДанных.Элементы.Найти(""Период"");
    Если ПараметрПериод <> Неопределено Тогда
        ПараметрПериод.Использование = Истина;
        ПараметрПериод.Значение = Новый СтандартныйПериод(ДатаНачала, ДатаОкончания);
    КонецЕсли;
    
    // Настройка отбора: КоличествоОборот >= КоличествоНорма
    ЭлементОтбора = Настройки.Отбор.Элементы.Добавить(Тип(""ЭлементОтбораКомпоновкиДанных""));
    ЭлементОтбора.Использование = Истина;
    ЭлементОтбора.ЛевоеЗначение = Новый ПолеКомпоновкиДанных(""КоличествоОборот"");
    ЭлементОтбора.ВидСравнения = ВидСравненияКомпоновкиДанных.БольшеИлиРавно;
    ЭлементОтбора.ПравоеЗначение = КоличествоНорма;
    
    // Настройка параметров вывода
    ПараметрВыводитьПараметрыДанных = Настройки.ПараметрыВывода.Элементы.Найти(""ВыводитьПараметрыДанных"");
    Если ПараметрВыводитьПараметрыДанных <> Неопределено Тогда
        ПараметрВыводитьПараметрыДанных.Использование = Истина;
        ПараметрВыводитьПараметрыДанных.Значение = ИспользованиеПараметраКомпоновкиДанных.НеИспользовать;
    КонецЕсли;
    
    ПараметрВыводитьОтбор = Настройки.ПараметрыВывода.Элементы.Найти(""ВыводитьОтбор"");
    Если ПараметрВыводитьОтбор <> Неопределено Тогда
        ПараметрВыводитьОтбор.Использование = Истина;
        ПараметрВыводитьОтбор.Значение = ИспользованиеПараметраКомпоновкиДанных.НеИспользовать;
    КонецЕсли;
    
    // Формирование отчета
    ДанныеРасшифровки = Неопределено;
    ТабличныйДокумент = Новый ТабличныйДокумент;
    ОтчетОбъект.СкомпоноватьРезультат(ТабличныйДокумент, ДанныеРасшифровки);
    
    Возврат ТабличныйДокумент;
    
КонецФункции"
"Написать функцию СформироватьАнализТоваровВПутиНаличие(Дата),
которая формирует анализ наличия товаров с учетом заказов клиентов в работе в виде таблицы значений.
Анализ должен выполняться на основании данных:
регистра накопления «ТоварныеЗапасы» (остатки товаров на складе);
документа «Заказ» (табличная часть «Товары»), находящегося в состоянии ВРаботе.
Если параметр Дата не задан, в качестве даты анализа используется текущая дата (КонецДня(ТекущаяДата())).
Формирование анализа выполняется в два этапа:
На первом этапе формируется временная таблица, содержащая суммарное количество товаров по заказам клиентов, находящимся в работе.
Данные выбираются из табличной части Документ.Заказ.Товары с отбором по условию:
состояние заказа равно значению перечисления СостоянияЗаказов.ВРаботе.
Данные группируются по полю Товар, рассчитывается суммарное количество заказанного товара (Количество).
На втором этапе выполняется объединение остатков товаров на складе с временной таблицей заказов:
остатки берутся из регистра накопления РегистрНакопления.ТоварныеЗапасы.Остатки на указанную дату;
соединение выполняется по полю Товар;
рассчитываются итоговые показатели:
ОстатокНаСкладе — суммарный остаток товара на складе;
КоличествоВПути — суммарное количество товара в заказах (резерв под заказы клиентов);
НаличиеДляЗаказа — доступное количество товара с учетом заказов, вычисляемое как:
ОстатокНаСкладе − КоличествоВПути.
Результат должен представлять таблицу значений (ТаблицаЗначений), где каждая строка соответствует одному товару, участвующему в заказах клиентов.
Таблица должна содержать следующие поля:
Товар — ссылка на элемент справочника Товары;
ОстатокНаСкладе — текущий остаток товара на складе на дату анализа;
КоличествоВПути — суммарное количество товара в активных заказах клиентов (в работе);
НаличиеДляЗаказа — доступное количество товара после учета заказов;
НедостачаТовара — булево значение, принимающее Истина, если доступное наличие меньше нуля (дефицит товара), и Ложь в противном случае.
В процессе формирования результата:
для каждой строки выборки создается новая строка таблицы значений;
заполняются поля Товар, ОстатокНаСкладе, КоличествоВПути и НаличиеДляЗаказа;
признак НедостачаТовара устанавливается в Истина, если НаличиеДляЗаказа < 0, что позволяет выявить товары с недостатком запасов под текущие заказы клиентов.
После формирования всех строк функция возвращает заполненную таблицу значений, предназначенную для анализа обеспеченности заказов и выявления дефицита товаров на складе","{""Documents"": [{""id"": ""Заказ"", ""name"": ""Заказ"", ""Attributes"": [{""id"": ""Покупатель"", ""name"": ""Покупатель"", ""types"": [{""type"": ""Ref"", ""id"": ""Справочник.Контрагенты""}]}, {""id"": ""Склад"", ""name"": ""Склад"", ""types"": [{""type"": ""Ref"", ""id"": ""Справочник.Склады""}]}, {""id"": ""Валюта"", ""name"": ""Валюта взаиморасчетов"", ""types"": [{""type"": ""Ref"", ""id"": ""Справочник.Валюты""}]}, {""id"": ""ВидЦен"", ""name"": ""Вид цен"", ""types"": [{""type"": ""Ref"", ""id"": ""Справочник.ВидыЦен""}]}, {""id"": ""Организация"", ""name"": ""Организация"", ""types"": [{""type"": ""Ref"", ""id"": ""Справочник.Организации""}]}, {""id"": ""СостояниеЗаказа"", ""name"": ""Состояние заказа"", ""types"": [{""type"": ""Ref"", ""id"": ""Перечисление.СостоянияЗаказов""}]}, {""id"": ""Автор"", ""name"": ""Автор"", ""types"": [{""type"": ""Ref"", ""id"": ""Справочник.Пользователи""}]}, {""id"": ""Сумма"", ""name"": ""Сумма"", ""types"": [{""type"": ""Number"", ""NumberQualifiers"": ""10.2""}]}], ""TabularSections"": [{""id"": ""Товары"", ""name"": ""Товары"", ""Attributes"": [{""id"": ""Товар"", ""name"": ""Товар"", ""types"": [{""type"": ""Ref"", ""id"": ""Справочник.Товары""}]}, {""id"": ""Цена"", ""name"": ""Цена"", ""types"": [{""type"": ""Number"", ""NumberQualifiers"": ""10.2""}]}, {""id"": ""Количество"", ""name"": ""Количество"", ""types"": [{""type"": ""Number"", ""NumberQualifiers"": ""10.0""}]}, {""id"": ""Сумма"", ""name"": ""Сумма"", ""types"": [{""type"": ""Number"", ""NumberQualifiers"": ""10.2""}]}]}]}], ""AccumulationRegisters"": [{""id"": ""ТоварныеЗапасы"", ""name"": ""Товарные запасы"", ""RegisterType"": ""Balance"", ""Dimensions"": [{""id"": ""Товар"", ""name"": ""Товар"", ""types"": [{""type"": ""Ref"", ""id"": ""Справочник.Товары""}]}, {""id"": ""Склад"", ""name"": ""Склад"", ""types"": [{""type"": ""Ref"", ""id"": ""Справочник.Склады""}]}], ""Resources"": [{""id"": ""Количество"", ""name"": ""Количество"", ""types"": [{""type"": ""Number"", ""NumberQualifiers"": ""10.2""}]}]}], ""Catalogs"": [{""id"": ""Товары"", ""name"": ""Товары"", ""Attributes"": [{""id"": ""Артикул"", ""name"": ""Артикул"", ""types"": [{""type"": ""String"", ""StringQualifiers"": ""15""}]}, {""id"": ""Поставщик"", ""name"": ""Поставщик"", ""types"": [{""type"": ""Ref"", ""id"": ""Справочник.Контрагенты""}]}, {""id"": ""ФайлКартинки"", ""name"": ""Картинка"", ""types"": [{""type"": ""Ref"", ""id"": ""Справочник.ХранимыеФайлы""}]}, {""id"": ""Вид"", ""name"": ""Вид"", ""types"": []}, {""id"": ""Штрихкод"", ""name"": ""Штрихкод"", ""types"": [{""type"": ""String"", ""StringQualifiers"": ""20""}]}, {""id"": ""Описание"", ""name"": ""Описание"", ""types"": [{""type"": ""String"", ""StringQualifiers"": ""0""}]}]}]}",task_057,server,mid,task13_СредняяАнализНаличияТоваровВпути_v3.epf,"Функция СформироватьАнализТоваровВПутиНаличие(Дата = '00010101') Экспорт
	
	// Если параметр Дата не задан, используем текущую дату (конец дня)
	Если Не ЗначениеЗаполнено(Дата) Тогда
		Дата = КонецДня(ТекущаяДата());
	КонецЕсли;
	
	Запрос = Новый Запрос;
	Запрос.Текст = 
	""ВЫБРАТЬ
	|	ЗаказТовары.Товар КАК Товар,
	|	СУММА(ЗаказТовары.Количество) КАК КоличествоВПути
	|ПОМЕСТИТЬ ВТЗаказыВРаботе
	|ИЗ
	|	Документ.Заказ.Товары КАК ЗаказТовары
	|		ВНУТРЕННЕЕ СОЕДИНЕНИЕ Документ.Заказ КАК Заказ
	|		ПО ЗаказТовары.Ссылка = Заказ.Ссылка
	|ГДЕ
	|	Заказ.СостояниеЗаказа = ЗНАЧЕНИЕ(Перечисление.СостоянияЗаказов.ВРаботе)
	|
	|СГРУППИРОВАТЬ ПО
	|	ЗаказТовары.Товар
	|
	|////////////////////////////////////////////////////////////////////////////////
	|ВЫБРАТЬ
	|	ВТЗаказыВРаботе.Товар КАК Товар,
	|	ЕСТЬNULL(ТоварныеЗапасыОстатки.КоличествоОстаток, 0) КАК ОстатокНаСкладе,
	|	ВТЗаказыВРаботе.КоличествоВПути КАК КоличествоВПути,
	|	ЕСТЬNULL(ТоварныеЗапасыОстатки.КоличествоОстаток, 0) - ВТЗаказыВРаботе.КоличествоВПути КАК НаличиеДляЗаказа
	|ИЗ
	|	ВТЗаказыВРаботе КАК ВТЗаказыВРаботе
	|		ЛЕВОЕ СОЕДИНЕНИЕ РегистрНакопления.ТоварныеЗапасы.Остатки(
	|			&Дата,
	|			Товар В
	|				(ВЫБРАТЬ
	|					ВТЗаказыВРаботе.Товар
	|				ИЗ
	|					ВТЗаказыВРаботе)
	|		) КАК ТоварныеЗапасыОстатки
	|		ПО ВТЗаказыВРаботе.Товар = ТоварныеЗапасыОстатки.Товар"";
	
	Запрос.УстановитьПараметр(""Дата"", Дата);
	
	РезультатЗапроса = Запрос.Выполнить();
	
	// Создание и инициализация результирующей таблицы значений
	ТаблицаРезультат = Новый ТаблицаЗначений;
	ТаблицаРезультат.Колонки.Добавить(""Товар"", Новый ОписаниеТипов(""СправочникСсылка.Товары""));
	ТаблицаРезультат.Колонки.Добавить(""ОстатокНаСкладе"", Новый ОписаниеТипов(""Число"", , , Новый КвалификаторыЧисла(15, 2)));
	ТаблицаРезультат.Колонки.Добавить(""КоличествоВПути"", Новый ОписаниеТипов(""Число"", , , Новый КвалификаторыЧисла(15, 2)));
	ТаблицаРезультат.Колонки.Добавить(""НаличиеДляЗаказа"", Новый ОписаниеТипов(""Число"", , , Новый КвалификаторыЧисла(15, 2)));
	ТаблицаРезультат.Колонки.Добавить(""НедостачаТовара"", Новый ОписаниеТипов(""Булево""));
	
	Выборка = РезультатЗапроса.Выбрать();
	Пока Выборка.Следующий() Цикл
		НоваяСтрока = ТаблицаРезультат.Добавить();
		НоваяСтрока.Товар = Выборка.Товар;
		НоваяСтрока.ОстатокНаСкладе = Выборка.ОстатокНаСкладе;
		НоваяСтрока.КоличествоВПути = Выборка.КоличествоВПути;
		НоваяСтрока.НаличиеДляЗаказа = Выборка.НаличиеДляЗаказа;
		НоваяСтрока.НедостачаТовара = (Выборка.НаличиеДляЗаказа < 0);
	КонецЦикла;
	
	Возврат ТаблицаРезультат;
	
КонецФункции"
"Написать функцию СформироватьОтчетПродажиПоПокупателям(ДатаНачала, ДатаОкончания), которая формирует отчет на сервере ""ДинамикаПродаж"" на заданный период.
Функция должна программно сформировать отчет ""ДинамикаПродаж"", вариант отчета ""ПродажиТоваровПоПокупателям"". Стандартную группировку (Товар, Покупатель) подменить на новую группировку (Покупатель, Товар).
Настройки отчета: 
   Структура отчета: Группировка:
	                     ""Покупатель"": ТипГруппировки = Элементы, ТипДополнения = БезДополнения.
	                         ""Товар"":  ТипГруппировки = Элементы, ТипДополнения = БезДополнения.
	Параметры отчета: Период 
	    Значения параметов: Период.ДатаНачала = ДатаНачала, Период.ДатаОкончания = ДатаОкончания.
	Параметры вывода: ВыводитьПараметрыДанных = Не выводить,
	                  ВыводитьОтбор = Не выводить.
	                  
Параметры функции:  
ДатаНачала (тип: Дата) - начало периода.
ДатаОкончания (тип: Дата) - окончание периода.

Возвращаемое значение: ТабличныйДокумент.",{},task_058,server,high,task13_сложн_Куликова_v1.epf,"Функция СформироватьОтчетПродажиПоПокупателям(ДатаНачала, ДатаОкончания)
	
	// Создаем экземпляр отчета и получаем схему компоновки данных
	ОтчетОбъект = Отчеты.ДинамикаПродаж.Создать();
	СхемаКомпоновкиДанных = ОтчетОбъект.ПолучитьМакет(""ОсновнаяСхемаКомпоновкиДанных"");
	
	// Получаем настройки варианта отчета ""ПродажиТоваровПоПокупателям""
	ВариантНастройки = СхемаКомпоновкиДанных.ВариантыНастроек.Найти(""ПродажиТоваровПоПокупателям"");
	Если ВариантНастройки <> Неопределено Тогда
		НастройкиКомпоновки = ВариантНастройки.Настройки;
	Иначе
		НастройкиКомпоновки = СхемаКомпоновкиДанных.НастройкиПоУмолчанию;
	КонецЕсли;
	
	// Очищаем стандартную структуру отчета
	НастройкиКомпоновки.Структура.Очистить();
	
	// Добавляем группировку ""Покупатель""
	ГруппировкаПокупатель = НастройкиКомпоновки.Структура.Добавить(Тип(""ГруппировкаКомпоновкиДанных""));
	ГруппировкаПокупатель.Использование = Истина;
	
	ПолеПокупатель = ГруппировкаПокупатель.ПоляГруппировки.Элементы.Добавить(Тип(""ПолеГруппировкиКомпоновкиДанных""));
	ПолеПокупатель.Использование = Истина;
	ПолеПокупатель.Поле = Новый ПолеКомпоновкиДанных(""Покупатель"");
	ПолеПокупатель.ТипГруппировки = ТипГруппировкиКомпоновкиДанных.Элементы;
	ПолеПокупатель.ТипДополнения = ТипДополненияПериодаКомпоновкиДанных.БезДополнения;
	
	// Добавляем вложенную группировку ""Товар"" внутри ""Покупатель""
	ГруппировкаТовар = ГруппировкаПокупатель.Структура.Добавить(Тип(""ГруппировкаКомпоновкиДанных""));
	ГруппировкаТовар.Использование = Истина;
	
	ПолеТовар = ГруппировкаТовар.ПоляГруппировки.Элементы.Добавить(Тип(""ПолеГруппировкиКомпоновкиДанных""));
	ПолеТовар.Использование = Истина;
	ПолеТовар.Поле = Новый ПолеКомпоновкиДанных(""Товар"");
	ПолеТовар.ТипГруппировки = ТипГруппировкиКомпоновкиДанных.Элементы;
	ПолеТовар.ТипДополнения = ТипДополненияПериодаКомпоновкиДанных.БезДополнения;
	
	// Устанавливаем параметры данных (Период)
	Период = НастройкиКомпоновки.ПараметрыДанных.Элементы.Найти(""Период"");
	Если Период = Неопределено Тогда
		Период = НастройкиКомпоновки.ПараметрыДанных.Элементы.Добавить();
		Период.Параметр = Новый ПараметрКомпоновкиДанных(""Период"");
	КонецЕсли;
	Период.Использование = Истина;
	Период.Значение = Новый СтандартныйПериод(ДатаНачала, ДатаОкончания);
	
	// Устанавливаем параметры вывода
	НастройкиКомпоновки.ПараметрыВывода.УстановитьЗначениеПараметра(""ВыводитьПараметрыДанных"", Ложь);
	НастройкиКомпоновки.ПараметрыВывода.УстановитьЗначениеПараметра(""ВыводитьОтбор"", Ложь);
	
	// Формируем отчет
	КомпоновщикМакета = Новый КомпоновщикМакетаКомпоновкиДанных;
	МакетКомпоновки = КомпоновщикМакета.Выполнить(СхемаКомпоновкиДанных, НастройкиКомпоновки);
	
	ПроцессорКомпоновки = Новый ПроцессорКомпоновкиДанных;
	ПроцессорКомпоновки.Инициализировать(МакетКомпоновки);
	
	ДокументРезультат = Новый ТабличныйДокумент;
	ПроцессорВывода = Новый ПроцессорВыводаРезультатаКомпоновкиДанныхВТабличныйДокумент;
	ПроцессорВывода.УстановитьДокумент(ДокументРезультат);
	ПроцессорВывода.Вывести(ПроцессорКомпоновки);
	
	Возврат ДокументРезультат;
	
КонецФункции"
"Написать функцию СформироватьОтчетПоОплатамПоставшика(ПоставщикФильтр, ВидСравненияКД), которая формирует отчет на сервере ""ДокументыОплата"" с отбором по поставщику.
Функция должна программно сформировать отчет ""ДокументыОплата"", вариант отчета ""Основной"".
Настройки отчета: 
	Параметры вывода: ВыводитьПараметрыДанных = Не выводить,
	                  ВыводитьОтбор = Не выводить.
	Отбор : добавляется отбор по полю ""Поставщик"", где ПравоеЗначение = ПоставщикФильтр, ВидСравнения = ВидСравненияКД.                
Параметры функции:  
ПоставщикФильтр (тип: СправочникСсылка.Контрагенты, Массив, СписокЗначений) - фильтр по поставшику.
ВидСравненияКД (тип: ВидСравненияКомпоновкиДанных) - вид сравнения для отбора по Поставщик.
Допускаются значения: ВидСравненияКомпоновкиДанных.Равно, ВидСравненияКомпоновкиДанных.НеРавно, ВидСравненияКомпоновкиДанных.Заполнено, ВидСравненияКомпоновкиДанных.НеЗаполнено,
                      ВидСравненияКомпоновкиДанных.ВГруппе, ВидСравненияКомпоновкиДанных.ВСписке, ВидСравненияКомпоновкиДанных.НеВГруппе, ВидСравненияКомпоновкиДанных.НеВСписке,
                      ВидСравненияКомпоновкиДанных.ВИерархии, ВидСравненияКомпоновкиДанных.НеВИерархии, ВидСравненияКомпоновкиДанных.ВСпискеПоИерархии, ВидСравнения = ВидСравненияКомпоновкиДанных.НеВСпискеПоИерархии.
Возвращаемое значение: ТабличныйДокумент.","{""Catalogs"": [{""id"": ""Контрагенты"", ""name"": ""Контрагенты"", ""Attributes"": [{""id"": ""Регион"", ""name"": ""Регион"", ""types"": [{""type"": ""Ref"", ""id"": ""Справочник.Регионы""}]}, {""id"": ""Индекс"", ""name"": ""Индекс"", ""types"": [{""type"": ""String"", ""StringQualifiers"": ""10""}]}, {""id"": ""Страна"", ""name"": ""Страна"", ""types"": [{""type"": ""String"", ""StringQualifiers"": ""0""}]}, {""id"": ""Город"", ""name"": ""Город"", ""types"": [{""type"": ""String"", ""StringQualifiers"": ""0""}]}, {""id"": ""Улица"", ""name"": ""Улица"", ""types"": [{""type"": ""String"", ""StringQualifiers"": ""0""}]}, {""id"": ""Дом"", ""name"": ""Дом"", ""types"": [{""type"": ""String"", ""StringQualifiers"": ""15""}]}, {""id"": ""Телефон"", ""name"": ""Телефон"", ""types"": [{""type"": ""String"", ""StringQualifiers"": ""16""}]}, {""id"": ""ЭлектроннаяПочта"", ""name"": ""Электронная почта"", ""types"": [{""type"": ""String"", ""StringQualifiers"": ""40""}]}, {""id"": ""Факс"", ""name"": ""Факс"", ""types"": [{""type"": ""String"", ""StringQualifiers"": ""16""}]}, {""id"": ""ВебСайт"", ""name"": ""Веб сайт"", ""types"": [{""type"": ""String"", ""StringQualifiers"": ""40""}]}, {""id"": ""ВидЦен"", ""name"": ""Вид цен"", ""types"": [{""type"": ""Ref"", ""id"": ""Справочник.ВидыЦен""}]}, {""id"": ""ДополнительнаяИнформация"", ""name"": ""Дополнительная информация"", ""types"": [{""type"": ""String"", ""StringQualifiers"": ""0""}]}, {""id"": ""КонтактноеЛицо"", ""name"": ""Контактное лицо"", ""types"": [{""type"": ""String"", ""StringQualifiers"": ""100""}]}, {""id"": ""Широта"", ""name"": ""Широта"", ""types"": [{""type"": ""Number"", ""NumberQualifiers"": ""10.6""}]}, {""id"": ""Долгота"", ""name"": ""Долгота"", ""types"": [{""type"": ""Number"", ""NumberQualifiers"": ""10.6""}]}]}]}",task_059,server,high,task14_сложн_Куликова_v1.epf,"Функция СформироватьОтчетПоОплатамПоставшика(ПоставщикФильтр, ВидСравненияКД)
    
    // Создание объекта отчета
    ОтчетОбъект = Отчеты.ДокументыОплата.СоздатьОтчет();
    
    // Получение схемы компоновки данных для поиска варианта отчета
    СхемаКД = ОтчетОбъект.ПолучитьСхемуКомпоновкиДанных();
    
    // Поиск варианта отчета ""Основной""
    ВариантНастройки = Неопределено;
    Для Каждого ТекущийВариант Из СхемаКД.ВариантыНастроек Цикл
        Если ТекущийВариант.Имя = ""Основной"" ИЛИ ТекущийВариант.Представление = ""Основной"" Тогда
            ВариантНастройки = ТекущийВариант;
            Прервать;
        КонецЕсли;
    КонецЦикла;
    
    // Если вариант не найден, используем первый доступный (хотя по заданию ""Основной"" должен быть)
    Если ВариантНастройки = Неопределено И СхемаКД.ВариантыНастроек.Количество() > 0 Тогда
        ВариантНастройки = СхемаКД.ВариантыНастроек[0];
    КонецЕсли;
    
    // Получение настроек варианта
    Настройки = ВариантНастройки.Настройки;
    
    // Настройка параметров вывода
    Настройки.ПараметрыВывода.УстановитьЗначениеПараметра(""ВыводитьПараметрыДанных"", ВариантИспользованияПараметраВыводаКомпоновкиДанных.НеВыводить);
    Настройки.ПараметрыВывода.УстановитьЗначениеПараметра(""ВыводитьОтбор"", ВариантИспользованияПараметраВыводаКомпоновкиДанных.НеВыводить);
    
    // Настройка отбора по поставщику
    ЭлементОтбора = Настройки.Отбор.Элементы.Добавить(Тип(""ЭлементОтбораКомпоновкиДанных""));
    ЭлементОтбора.ЛевоеЗначение = Новый ПолеКомпоновкиДанных(""Поставщик"");
    ЭлементОтбора.ВидСравнения = ВидСравненияКД;
    
    // Установка правого значения, если вид сравнения его допускает
    Если ВидСравненияКД <> ВидСравненияКомпоновкиДанных.Заполнено 
       И ВидСравненияКД <> ВидСравненияКомпоновкиДанных.НеЗаполнено Тогда
       
        // В зависимости от типа переданного фильтра устанавливаем правое значение
        Если ТипЗнч(ПоставщикФильтр) = Тип(""СправочникСсылка.Контрагенты"") 
           ИЛИ ТипЗнч(ПоставщикФильтр) = Тип(""Массив"") 
           ИЛИ ТипЗнч(ПоставщикФильтр) = Тип(""СписокЗначений"") Тогда
            ЭлементОтбора.ПравоеЗначение = ПоставщикФильтр;
        КонецЕсли;
    КонецЕсли;
    
    // Загрузка измененных настроек в компоновщик
    ОтчетОбъект.КомпоновщикНастроек.ЗагрузитьНастройки(Настройки);
    
    // Формирование табличного документа
    ДокументРезультат = Новый ТабличныйДокумент;
    ОтчетОбъект.СкомпоноватьРезультат(ДокументРезультат);
    
    Возврат ДокументРезультат;
    
КонецФункции"
"Написать функцию СформироватьАнализНеликвидныхТоваров(ДатаНач, ДатаКон),
которая формирует аналитический отчет по неликвидным товарам на складе за указанный период.
Отчет предназначен для выявления товаров, имеющих остатки на складе, но не имеющих продаж в выбранном периоде, на основании данных регистров накопления «Продажи» и «ТоварныеЗапасы».
Если параметры периода не заданы, функция должна автоматически:
устанавливать ДатаНач = текущая дата минус 30 дней (с начала дня);
устанавливать ДатаКон = текущая дата (конец дня).
Перед выполнением расчета должна выполняться проверка корректности периода:
если ДатаКон меньше ДатаНач — вызывается исключение.
Формирование отчета выполняется следующим образом:
Выполняется запрос к регистру накопления РегистрНакопления.Продажи:
данные отбираются по периоду между ДатаНач и ДатаКон (по дате регистратора);
выполняется группировка по полю Товар;
рассчитывается агрегированный показатель:
КоличествоПродаж — суммарное количество продаж товара за период;
результат помещается во временную таблицу ВТ_Продажи.
Далее выполняется основной запрос к регистру накопления
РегистрНакопления.ТоварныеЗапасы.Остатки на дату ДатаКон:
выбираются товары с положительными остатками на складе;
выполняется левое соединение с временной таблицей продаж;
дополнительно выполняется соединение со справочником Товары для получения наименования;
рассчитываются итоговые показатели:
ОстатокНаСкладе — суммарный остаток товара;
КоличествоПродаж — количество продаж за период (с использованием ЕСТЬNULL = 0 при отсутствии продаж).
На основании полученных данных формируется итоговая таблица значений (ТаблицаЗначений) со следующей структурой:
Товар (СправочникСсылка.Товары);
Наименование (Строка);
ОстатокНаСкладе (Число);
КоличествоПродаж (Число);
Неликвид (Булево).
Заполнение итоговой таблицы выполняется построчно:
в таблицу включаются только товары, у которых:
ОстатокНаСкладе > 0;
КоличествоПродаж = 0;
такие товары помечаются признаком Неликвид = Истина.
После формирования данных выполняется сортировка результата:
по полю ОстатокНаСкладе по убыванию,
что позволяет вывести наиболее критичные неликвидные остатки в верхней части отчета.
Функция должна возвращать объект типа ТаблицаЗначений, содержащий список неликвидных товаров с остатками на складе.
Дополнительно реализуется функция ЗадачаРешена(ТабДок), которая проверяет корректность результата:
тип возвращаемого значения — ТаблицаЗначений;
наличие обязательных колонок (Товар, ОстатокНаСкладе, КоличествоПродаж, Неликвид);
отсутствие отрицательных остатков и продаж;
заполненность ссылки на товар в каждой строке.
В случае отсутствия неликвидных товаров таблица может быть пустой, что считается корректным результатом выполнения задачи анализа.","{""AccumulationRegisters"": [{""id"": ""Продажи"", ""name"": ""Продажи"", ""RegisterType"": ""Turnovers"", ""Dimensions"": [{""id"": ""Покупатель"", ""name"": ""Покупатель"", ""types"": [{""type"": ""Ref"", ""id"": ""Справочник.Контрагенты""}]}, {""id"": ""Товар"", ""name"": ""Товар"", ""types"": [{""type"": ""Ref"", ""id"": ""Справочник.Товары""}]}], ""Resources"": [{""id"": ""Количество"", ""name"": ""Количество"", ""types"": [{""type"": ""Number"", ""NumberQualifiers"": ""10.2""}]}, {""id"": ""Сумма"", ""name"": ""Сумма"", ""types"": [{""type"": ""Number"", ""NumberQualifiers"": ""10.2""}]}]}, {""id"": ""ТоварныеЗапасы"", ""name"": ""Товарные запасы"", ""RegisterType"": ""Balance"", ""Dimensions"": [{""id"": ""Товар"", ""name"": ""Товар"", ""types"": [{""type"": ""Ref"", ""id"": ""Справочник.Товары""}]}, {""id"": ""Склад"", ""name"": ""Склад"", ""types"": [{""type"": ""Ref"", ""id"": ""Справочник.Склады""}]}], ""Resources"": [{""id"": ""Количество"", ""name"": ""Количество"", ""types"": [{""type"": ""Number"", ""NumberQualifiers"": ""10.2""}]}]}], ""Catalogs"": [{""id"": ""Товары"", ""name"": ""Товары"", ""Attributes"": [{""id"": ""Артикул"", ""name"": ""Артикул"", ""types"": [{""type"": ""String"", ""StringQualifiers"": ""15""}]}, {""id"": ""Поставщик"", ""name"": ""Поставщик"", ""types"": [{""type"": ""Ref"", ""id"": ""Справочник.Контрагенты""}]}, {""id"": ""ФайлКартинки"", ""name"": ""Картинка"", ""types"": [{""type"": ""Ref"", ""id"": ""Справочник.ХранимыеФайлы""}]}, {""id"": ""Вид"", ""name"": ""Вид"", ""types"": []}, {""id"": ""Штрихкод"", ""name"": ""Штрихкод"", ""types"": [{""type"": ""String"", ""StringQualifiers"": ""20""}]}, {""id"": ""Описание"", ""name"": ""Описание"", ""types"": [{""type"": ""String"", ""StringQualifiers"": ""0""}]}]}]}",task_060,server,mid,task15_СредняяАнализНеликвидныхТоваров_v3.epf,"Функция СформироватьАнализНеликвидныхТоваров(ДатаНач = Неопределено, ДатаКон = Неопределено)
	
	// Установка значений периода по умолчанию
	Если ДатаНач = Неопределено Или Не ЗначениеЗаполнено(ДатаНач) Тогда
		ДатаНач = НачалоДня(ТекущаяДата()) - 30 * 86400; // минус 30 дней
	КонецЕсли;
	
	Если ДатаКон = Неопределено Или Не ЗначениеЗаполнено(ДатаКон) Тогда
		ДатаКон = КонецДня(ТекущаяДата());
	КонецЕсли;
	
	// Проверка корректности периода
	Если ДатаКон < ДатаНач Тогда
		ВызватьИсключение ""Дата окончания меньше даты начала!"";
	КонецЕсли;
	
	Запрос = Новый Запрос;
	Запрос.Текст = 
	""ВЫБРАТЬ
	|	Продажи.Товар КАК Товар,
	|	СУММА(Продажи.Количество) КАК КоличествоПродаж
	|ПОМЕСТИТЬ ВТ_Продажи
	|ИЗ
	|	РегистрНакопления.Продажи КАК Продажи
	|ГДЕ
	|	Продажи.Период МЕЖДУ &ДатаНач И &ДатаКон
	|
	|СГРУППИРОВАТЬ ПО
	|	Продажи.Товар
	|
	|ИНДЕКСИРОВАТЬ ПО
	|	Товар
	|;
	|
	|////////////////////////////////////////////////////////////////////////////////
	|ВЫБРАТЬ
	|	ТоварныеЗапасыОстатки.Товар КАК Товар,
	|	Товары.Наименование КАК Наименование,
	|	СУММА(ТоварныеЗапасыОстатки.КоличествоОстаток) КАК ОстатокНаСкладе,
	|	МАКСИМУМ(ЕСТЬNULL(ВТ_Продажи.КоличествоПродаж, 0)) КАК КоличествоПродаж
	|ИЗ
	|	РегистрНакопления.ТоварныеЗапасы.Остатки(
	|			&ДатаКон,
	|			) КАК ТоварныеЗапасыОстатки
	|		ЛЕВОЕ СОЕДИНЕНИЕ ВТ_Продажи КАК ВТ_Продажи
	|		ПО ТоварныеЗапасыОстатки.Товар = ВТ_Продажи.Товар
	|		ЛЕВОЕ СОЕДИНЕНИЕ Справочник.Товары КАК Товары
	|		ПО ТоварныеЗапасыОстатки.Товар = Товары.Ссылка
	|
	|СГРУППИРОВАТЬ ПО
	|	ТоварныеЗапасыОстатки.Товар,
	|	Товары.Наименование
	|
	|ИМЕЮЩИЕ
	|	СУММА(ТоварныеЗапасыОстатки.КоличествоОстаток) > 0
	|	И МАКСИМУМ(ЕСТЬNULL(ВТ_Продажи.КоличествоПродаж, 0)) = 0
	|
	|УПОРЯДОЧИТЬ ПО
	|	ОстатокНаСкладе УБЫВ"";
	
	Запрос.УстановитьПараметр(""ДатаНач"", ДатаНач);
	Запрос.УстановитьПараметр(""ДатаКон"", ДатаКон);
	
	РезультатЗапроса = Запрос.Выполнить();
	
	// Формирование итоговой таблицы значений
	ТаблицаРезультат = Новый ТаблицаЗначений;
	ТаблицаРезультат.Колонки.Добавить(""Товар"", Новый ОписаниеТипов(""СправочникСсылка.Товары""));
	ТаблицаРезультат.Колонки.Добавить(""Наименование"", Новый ОписаниеТипов(""Строка""));
	ТаблицаРезультат.Колонки.Добавить(""ОстатокНаСкладе"", Новый ОписаниеТипов(""Число"", , , Новый КвалификаторыЧисла(10, 2)));
	ТаблицаРезультат.Колонки.Добавить(""КоличествоПродаж"", Новый ОписаниеТипов(""Число"", , , Новый КвалификаторыЧисла(10, 2)));
	ТаблицаРезультат.Колонки.Добавить(""Неликвид"", Новый ОписаниеТипов(""Булево""));
	
	Выборка = РезультатЗапроса.Выбрать();
	Пока Выборка.Следующий() Цикл
		НоваяСтрока = ТаблицаРезультат.Добавить();
		НоваяСтрока.Товар = Выборка.Товар;
		НоваяСтрока.Наименование = Выборка.Наименование;
		НоваяСтрока.ОстатокНаСкладе = Выборка.ОстатокНаСкладе;
		НоваяСтрока.КоличествоПродаж = Выборка.КоличествоПродаж;
		НоваяСтрока.Неликвид = Истина;
	КонецЦикла;
	
	Возврат ТаблицаРезультат;
	
КонецФункции

Функция ЗадачаРешена(ТабДок)
	
	// Проверка типа возвращаемого значения
	Если ТипЗнч(ТабДок) <> Тип(""ТаблицаЗначений"") Тогда
		Возврат Ложь;
	КонецЕсли;
	
	// Проверка наличия обязательных колонок
	МассивОбязательныхКолонок = Новый Массив;
	МассивОбязательныхКолонок.Добавить(""Товар"");
	МассивОбязательныхКолонок.Добавить(""ОстатокНаСкладе"");
	МассивОбязательныхКолонок.Добавить(""КоличествоПродаж"");
	МассивОбязательныхКолонок.Добавить(""Неликвид"");
	
	Для Каждого ИмяКолонки Из МассивОбязательныхКолонок Цикл
		Если ТабДок.Колонки.Найти(ИмяКолонки) = Неопределено Тогда
			Возврат Ложь;
		КонецЕсли;
	КонецЦикла;
	
	// Построчная проверка данных
	Для Каждого СтрокаТаблицы Из ТабДок Цикл
		// Отсутствие отрицательных остатков и продаж
		Если СтрокаТаблицы.ОстатокНаСкладе < 0 Или СтрокаТаблицы.КоличествоПродаж < 0 Тогда
			Возврат Ложь;
		КонецЕсли;
		
		// Заполненность ссылки на товар
		Если ТипЗнч(СтрокаТаблицы.Товар) <> Тип(""СправочникСсылка.Товары"") Или Не ЗначениеЗаполнено(СтрокаТаблицы.Товар) Тогда
			Возврат Ложь;
		КонецЕсли;
	КонецЦикла;
	
	Возврат Истина;
	
КонецФункции"
"Написать функцию СформироватьОтчетПоОплатамСГруппировкойПоПоставщикам(), которая формирует отчет на сервере ""ДокументыОплата"" с добавлением группировки по полю Поставщик.
Функция должна программно сформировать отчет ""ДокументыОплата"", вариант отчета ""Основной"". Стандартную структуру отчета подменить на структуру вида группировка(Поставщик, ДетальныеЗаписи). 
Настройки отчета:  
    Структура отчета: Группировка:
                         Поставщик : ТипГруппировки = Элементы, ТипДополнения = БезДополнения. 
                           ДетальныеЗаписи.
	Параметры вывода: ВыводитьПараметрыДанных = Не выводить,
	                  ВыводитьОтбор = Не выводить.                
Возвращаемое значение: ТабличныйДокумент.",{},task_061,server,high,task15_сложн_Куликова_v1.epf,"Функция СформироватьОтчетПоОплатамСГруппировкойПоПоставщикам()
    
    ОтчетОбъект = Отчеты.ДокументыОплата.СоздатьОтчет();
    
    // Получаем схему компоновки данных
    СхемаКомпоновкиДанных = ОтчетОбъект.ПолучитьМакет(""ОсновнаяСхемаКомпоновкиДанных"");
    
    // Создаем компоновщик настроек и инициализируем схемой
    КомпоновщикНастроек = Новый КомпоновщикНастроекКомпоновкиДанных;
    КомпоновщикНастроек.Инициализировать(СхемаКомпоновкиДанных);
    
    // Загружаем настройки варианта отчета ""Основной""
    Для Каждого Вариант Из СхемаКомпоновкиДанных.ВариантыНастроек Цикл
        Если Вариант.Имя = ""Основной"" Тогда
            КомпоновщикНастроек.ЗагрузитьНастройки(Вариант.Настройки);
            Прервать;
        КонецЕсли;
    КонецЦикла;
    
    // Получаем текущие настройки компоновки
    Настройки = КомпоновщикНастроек.Настройки;
    
    // Подменяем стандартную структуру отчета
    Настройки.Структура.Очистить();
    
    // Добавляем группировку по полю Поставщик
    ГруппировкаПоставщик = Настройки.Структура.Добавить(Тип(""ГруппировкаКомпоновкиДанных""));
    ГруппировкаПоставщик.Использование = Истина;
    ГруппировкаПоставщик.Поле = Новый ПолеКомпоновкиДанных(""Поставщик"");
    ГруппировкаПоставщик.ТипГруппировки = ТипГруппировкиКомпоновкиДанных.Элементы;
    ГруппировкаПоставщик.ТипДополнения = ТипДополненияКомпоновкиДанных.БезДополнения;
    
    // Добавляем детальные записи внутрь группировки
    ДетальныеЗаписи = ГруппировкаПоставщик.Структура.Добавить(Тип(""ГруппировкаКомпоновкиДанных""));
    ДетальныеЗаписи.Использование = Истина;
    
    // Устанавливаем параметры вывода
    Настройки.ПараметрыВывода.УстановитьЗначениеПараметра(""ВыводитьПараметрыДанных"", ТипВыводаТекстаКомпоновкиДанных.НеВыводить);
    Настройки.ПараметрыВывода.УстановитьЗначениеПараметра(""ВыводитьОтбор"", ТипВыводаТекстаКомпоновкиДанных.НеВыводить);
    
    // Формируем макет компоновки
    КомпоновщикМакета = Новый КомпоновщикМакетаКомпоновкиДанных;
    МакетКомпоновки = КомпоновщикМакета.Выполнить(СхемаКомпоновкиДанных, Настройки);
    
    // Выполняем компоновку данных
    ПроцессорКомпоновки = Новый ПроцессорКомпоновкиДанных;
    ПроцессорКомпоновки.Инициализировать(МакетКомпоновки);
    
    // Выводим результат в табличный документ
    ТабличныйДокумент = Новый ТабличныйДокумент;
    ПроцессорВывода = Новый ПроцессорВыводаРезультатаКомпоновкиДанныхВТабличныйДокумент;
    ПроцессорВывода.УстановитьДокумент(ТабличныйДокумент);
    ПроцессорВывода.Вывести(ПроцессорКомпоновки);
    
    Возврат ТабличныйДокумент;
    
КонецФункции"
"Написать функцию ПолучитьПродажиСклада(ДатаНачала, ДатаОкончания),
которая формирует аналитический отчет по эффективности продаж склада за указанный период.

Отчет предназначен для анализа объема реализации товаров в разрезе складов на основании данных регистра накопления РегистрНакопления.
Продажи и позволяет оценить товарооборот, структуру продаж и эффективность складской реализации. 

Параметры функции
Функция принимает два параметра:
ДатаНачала — дата начала периода анализа;
ДатаОкончания — дата окончания периода анализа.


Значения по умолчанию
Если параметры периода не заданы, функция должна автоматически установить:
ДатаНачала = начало текущего месяца (с начала дня);
ДатаОкончания = текущая дата (конец дня).

Проверка параметров
Перед выполнением расчета необходимо выполнить проверку:
если ДатаОкончания < ДатаНачала — должно быть сгенерировано исключение.  

Источники данных
Расчет выполняется на основании регистра накопления:
РегистрНакопления.Продажи
Используются:
измерение: Регистратор.Склад;
измерение: Товар;
ресурсы: Количество, Сумма. 

Результат функции
Функция должна возвращать объект типа ТаблицаЗначений, содержащий:
РегистраторСклад — склад;
Товар — товар;
Количество — количество продаж;
Сумма — сумма продаж;
СредняяЦена — средняя цена. 

Позволяет анализировать эффективность продаж по складам и товарам, выявлять наиболее прибыльные направления и принимать управленческие решения на основе данных учета.","{""AccumulationRegisters"": [{""id"": ""Продажи"", ""name"": ""Продажи"", ""RegisterType"": ""Turnovers"", ""Dimensions"": [{""id"": ""Покупатель"", ""name"": ""Покупатель"", ""types"": [{""type"": ""Ref"", ""id"": ""Справочник.Контрагенты""}]}, {""id"": ""Товар"", ""name"": ""Товар"", ""types"": [{""type"": ""Ref"", ""id"": ""Справочник.Товары""}]}], ""Resources"": [{""id"": ""Количество"", ""name"": ""Количество"", ""types"": [{""type"": ""Number"", ""NumberQualifiers"": ""10.2""}]}, {""id"": ""Сумма"", ""name"": ""Сумма"", ""types"": [{""type"": ""Number"", ""NumberQualifiers"": ""10.2""}]}]}], ""Catalogs"": [{""id"": ""Склады"", ""name"": ""Склады"", ""Attributes"": [{""id"": ""НеИспользовать"", ""name"": ""Не использовать"", ""types"": [{""type"": ""Boolean""}]}]}, {""id"": ""Товары"", ""name"": ""Товары"", ""Attributes"": [{""id"": ""Артикул"", ""name"": ""Артикул"", ""types"": [{""type"": ""String"", ""StringQualifiers"": ""15""}]}, {""id"": ""Поставщик"", ""name"": ""Поставщик"", ""types"": [{""type"": ""Ref"", ""id"": ""Справочник.Контрагенты""}]}, {""id"": ""ФайлКартинки"", ""name"": ""Картинка"", ""types"": [{""type"": ""Ref"", ""id"": ""Справочник.ХранимыеФайлы""}]}, {""id"": ""Вид"", ""name"": ""Вид"", ""types"": []}, {""id"": ""Штрихкод"", ""name"": ""Штрихкод"", ""types"": [{""type"": ""String"", ""StringQualifiers"": ""20""}]}, {""id"": ""Описание"", ""name"": ""Описание"", ""types"": [{""type"": ""String"", ""StringQualifiers"": ""0""}]}]}]}",task_062,server,mid,task16_СредняяОтчетПоэффективностиРаботыСклада_v4.epf,"Функция ПолучитьПродажиСклада(ДатаНачала = Неопределено, ДатаОкончания = Неопределено)
    
    // Установка значений по умолчанию, если параметры не заданы
    Если ДатаНачала = Неопределено Или Не ЗначениеЗаполнено(ДатаНачала) Тогда
        ДатаНачала = НачалоМесяца(ТекущаяДата());
    КонецЕсли;
    
    Если ДатаОкончания = Неопределено Или Не ЗначениеЗаполнено(ДатаОкончания) Тогда
        ДатаОкончания = КонецДня(ТекущаяДата());
    КонецЕсли;
    
    // Проверка корректности переданного периода
    Если ДатаОкончания < ДатаНачала Тогда
        ВызватьИсключение ""Дата окончания периода меньше даты начала!"";
    КонецЕсли;
    
    Запрос = Новый Запрос;
    Запрос.Текст = 
    ""ВЫБРАТЬ
    |	Продажи.Регистратор.Склад КАК РегистраторСклад,
    |	Продажи.Товар КАК Товар,
    |	СУММА(Продажи.Количество) КАК Количество,
    |	СУММА(Продажи.Сумма) КАК Сумма,
    |	ВЫБОР
    |		КОГДА СУММА(Продажи.Количество) = 0
    |			ТОГДА 0
    |		ИНАЧЕ СУММА(Продажи.Сумма) / СУММА(Продажи.Количество)
    |	КОНЕЦ КАК СредняяЦена
    |ИЗ
    |	РегистрНакопления.Продажи КАК Продажи
    |ГДЕ
    |	Продажи.Период МЕЖДУ &ДатаНачала И &ДатаОкончания
    |
    |СГРУППИРОВАТЬ ПО
    |	Продажи.Регистратор.Склад,
    |	Продажи.Товар"";
    
    Запрос.УстановитьПараметр(""ДатаНачала"", ДатаНачала);
    Запрос.УстановитьПараметр(""ДатаОкончания"", ДатаОкончания);
    
    РезультатЗапроса = Запрос.Выполнить();
    
    Возврат РезультатЗапроса.Выгрузить();

КонецФункции"
"Написать функцию СформироватьОтчетПоНеПроведеннымОплатамПоставщиков(), которая формирует отчет на сервере ""ДокументыОплата"" с отбором по непроведенным документам оплат.
Функция должна программно сформировать отчет ""ДокументыОплата"", вариант отчета ""Основной"".               
Поле компоновки данных называется ""Проведен""
Настройки отчета:  
   	Параметры вывода: ВыводитьПараметрыДанных = Не выводить,
	                  ВыводитьОтбор = Не выводить.                
Возвращаемое значение: ТабличныйДокумент.","{""Catalogs"": [{""id"": ""ХранилищеВариантовОтчетов"", ""name"": ""Варианты отчетов"", ""Attributes"": [{""id"": ""ВариантОтчета"", ""name"": ""Вариант отчета"", ""types"": []}, {""id"": ""КлючОбъекта"", ""name"": ""Ключ объекта"", ""types"": [{""type"": ""String"", ""StringQualifiers"": ""255""}]}]}]}",task_063,server,high,task16_сложн_Куликова_v1 .epf,"// Функция формирует отчет ""ДокументыОплата"" с отбором по непроведенным документам оплат
// Возвращает ТабличныйДокумент с результатом отчета
Функция СформироватьОтчетПоНеПровеннымОплатамПоставщиков()
    
    // Создаем объект отчета
    ОтчетОбъект = Отчеты.ДокументыОплата.СоздатьОбъект();
    
    // Получаем схему компоновки данных из макета отчета
    СхемаКомпоновкиДанных = ОтчетОбъект.ПолучитьМакет(""ОсновнаяСхемаКомпоновкиДанных"");
    
    // Получаем настройки варианта ""Основной""
    ВариантНастройки = СхемаКомпоновкиДанных.ВариантыНастроек.Найти(""Основной"");
    Если ВариантНастройки <> Неопределено Тогда
        Настройки = ВариантНастройки.Настройки;
    Иначе
        // Если вариант не найден, используем настройки по умолчанию
        Настройки = СхемаКомпоновкиДанных.Настройки.Копировать();
    КонецЕсли;
    
    // Копируем настройки для модификации
    НастройкиКопия = Настройки.Копировать();
    
    // Добавляем отбор по непроведенным документам
    ЭлементОтбора = НастройкиКопия.Отбор.Элементы.Добавить(Тип(""ЭлементОтбораКомпоновкиДанных""));
    ЭлементОтбора.ЛевоеЗначение = Новый ПолеКомпоновкиДанных(""Проведен"");
    ЭлементОтбора.ПравоеЗначение = Ложь;
    ЭлементОтбора.ВидСравнения = ВидСравненияКомпоновкиДанных.Равно;
    ЭлементОтбора.Использование = Истина;
    
    // Настройки параметров вывода: не выводить параметры данных и отбор
    ПараметрВыводитьПараметрыДанных = НастройкиКопия.ПараметрыВывода.НайтиЗначениеПараметра(Новый ПараметрКомпоновкиДанных(""ВыводитьПараметрыДанных""));
    ПараметрВыводитьПараметрыДанных.Значение = ИспользованиеПараметровВыводаКомпоновкиДанных.НеВыводить;
    ПараметрВыводитьПараметрыДанных.Использование = Истина;
    
    ПараметрВыводитьОтбор = НастройкиКопия.ПараметрыВывода.НайтиЗначениеПараметра(Новый ПараметрКомпоновкиДанных(""ВыводитьОтбор""));
    ПараметрВыводитьОтбор.Значение = ИспользованиеПараметровВыводаКомпоновкиДанных.НеВыводить;
    ПараметрВыводитьОтбор.Использование = Истина;
    
    // Компоновщик макета - формирует макет компоновки
    КомпоновщикМакета = Новый КомпоновщикМакетаКомпоновкиДанных;
    МакетКомпоновки = КомпоновщикМакета.Выполнить(СхемаКомпоновкиДанных, НастройкиКопия);
    
    // Процессор компоновки данных - выполняет компоновку
    ПроцессорКомпоновки = Новый ПроцессорКомпоновкиДанных;
    ПроцессорКомпоновки.Инициализировать(МакетКомпоновки);
    
    // Процессор вывода - выводит результат в табличный документ
    ПроцессорВывода = Новый ПроцессорВыводаРезультатаКомпоновкиДанныхВТабличныйДокумент;
    ТабличныйДокумент = Новый ТабличныйДокумент;
    ПроцессорВывода.УстановитьДокумент(ТабличныйДокумент);
    ПроцессорВывода.Вывести(ПроцессорКомпоновки);
    
    Возврат ТабличныйДокумент;
    
КонецФункции"
"Написать функцию СформироватьОтчетТоварыБезЦены(ВидЦен), которая формирует отчет на сервере ""ПрайсЛист"" по заданному виду цен и раскрашивает строки отечта, где цена не установлена.
Функция должна программно сформировать отчет ""ПрайсЛист"", вариант отчета ""Основной"".  
Настройки отчета:  
    Параметры отчета: ВидЦен 
	    Значения параметов: ВидЦен = ВидЦен.  
   	Параметры вывода: ВыводитьПараметрыДанных = Не выводить,
	                  ВыводитьОтбор = Не выводить. 
	УсловноеОформление: 
       Оформление: ЦветФона = Цвет(255, 236, 239);
       Условие: Цена НеЗаполнено                          
Возвращаемое значение: ТабличныйДокумент.","{""InformationRegisters"": [{""id"": ""ЦеныТоваров"", ""name"": ""Цены товаров"", ""InformationRegisterPeriodicity"": ""Day"", ""WriteMode"": ""Independent"", ""Dimensions"": [{""id"": ""Товар"", ""name"": ""Товар"", ""types"": [{""type"": ""Ref"", ""id"": ""Справочник.Товары""}]}, {""id"": ""ВидЦен"", ""name"": ""Вид цен"", ""types"": [{""type"": ""Ref"", ""id"": ""Справочник.ВидыЦен""}]}], ""Resources"": [{""id"": ""Цена"", ""name"": ""Цена"", ""types"": [{""type"": ""Number"", ""NumberQualifiers"": ""10.2""}]}]}], ""Catalogs"": [{""id"": ""ВидыЦен"", ""name"": ""Виды цен"", ""Attributes"": []}]}",task_064,server,high,task18_сложн_Куликова_v1.epf,"Функция СформироватьОтчетТоварыБезЦены(ВидЦен)
    
    // Получаем схему компоновки данных отчета
    СхемаКомпоновкиДанных = Отчеты.ПрайсЛист.ПолучитьМакет(""ОсновнаяСхемаКомпоновкиДанных"");
    
    // Создаем компоновщик настроек
    КомпоновщикНастроек = Новый КомпоновщикНастроекКомпоновкиДанных;
    КомпоновщикНастроек.Инициализировать(СхемаКомпоновкиДанных);
    
    // Загружаем вариант отчета ""Основной""
    Для Каждого ВариантНастройки Из СхемаКомпоновкиДанных.ВариантыНастроек Цикл
        Если ВариантНастройки.Представление = ""Основной"" Тогда
            КомпоновщикНастроек.ЗагрузитьНастройки(ВариантНастройки.Настройки);
            Прервать;
        КонецЕсли;
    КонецЦикла;
    
    // Получаем текущие настройки
    Настройки = КомпоновщикНастроек.Настройки;
    
    // Устанавливаем параметр ВидЦен
    ПараметрВидЦен = Настройки.ПараметрыДанных.Элементы.Найти(""ВидЦен"");
    Если ПараметрВидЦен <> Неопределено Тогда
        ПараметрВидЦен.Использование = Истина;
        ПараметрВидЦен.Значение = ВидЦен;
    КонецЕсли;
    
    // Устанавливаем параметры вывода
    Настройки.ПараметрыВывода.УстановитьЗначениеПараметра(""ВыводитьПараметрыДанных"", ТипДанныхВывод.НеВыводить);
    Настройки.ПараметрыВывода.УстановитьЗначениеПараметра(""ВыводитьОтбор"", ТипДанныхВывод.НеВыводить);
    
    // Настраиваем условное оформление
    ЭлементУО = Настройки.УсловноеОформление.Элементы.Добавить();
    
    // Устанавливаем оформление - цвет фона
    ЭлементУО.Оформление.УстановитьЗначениеПараметра(""ЦветФона"", Новый Цвет(255, 236, 239));
    
    // Устанавливаем условие - Цена не заполнена
    ЭлементУсловия = ЭлементУО.Отбор.Элементы.Добавить(Тип(""ЭлементОтбораКомпоновкиДанных""));
    ЭлементУсловия.ЛевоеЗначение = Новый ПолеКомпоновкиДанных(""Цена"");
    ЭлементУсловия.ВидСравнения = ВидСравненияКомпоновкиДанных.НеЗаполнено;
    ЭлементУсловия.Использование = Истина;
    
    // Оформляемые поля - все поля
    ПолеОформления = ЭлементУО.Поля.Элементы.Добавить();
    ПолеОформления.Поле = Новый ПолеКомпоновкиДанных(""*"");
    ПолеОформления.Использование = Истина;
    
    // Выполняем компоновку
    КомпоновщикМакета = Новый КомпоновщикМакетаКомпоновкиДанных;
    МакетКомпоновки = КомпоновщикМакета.Выполнить(СхемаКомпоновкиДанных, Настройки);
    
    // Создаем процессор компоновки
    ПроцессорКомпоновки = Новый ПроцессорКомпоновкиДанных;
    ПроцессорКомпоновки.Инициализировать(МакетКомпоновки);
    
    // Создаем результат
    Результат = Новый ТабличныйДокумент;
    
    // Создаем процессор вывода
    ПроцессорВывода = Новый ПроцессорВыводаРезультатаКомпоновкиДанныхВТабличныйДокумент;
    ПроцессорВывода.УстановитьДокумент(Результат);
    
    // Выводим результат
    ПроцессорВывода.Вывести(ПроцессорКомпоновки);
    
    Возврат Результат;
    
КонецФункции"
"Написать функцию СформироватьРеестрПродажПоПокупателям(ДатаНач, ДатаКон),
которая формирует реестр продаж товаров по покупателям за указанный период в виде таблицы значений.
Реестр должен включать только проведенные документы «РасходТовара».
Данные выбираются из документа РасходТовара с отбором по следующим условиям:
признак Проведен = Истина;
дата документа находится в диапазоне между параметрами ДатаНач и ДатаКон (включительно).
Формирование реестра выполняется в два этапа:
Временная таблица содержит ссылки на документы РасходТовара и соответствующих покупателей за заданный период.
На основании временной таблицы выполняется соединение с табличной частью «Товары» документа РасходТовара для получения агрегированных данных о продажах.
Результат должен представлять таблицу значений (ТаблицаЗначений), где каждая строка соответствует сочетанию:
Покупатель + Товар.
Таблица должна содержать следующие поля:
Покупатель — ссылка на контрагента (реквизит Покупатель документа РасходТовара);
Товар — номенклатура из табличной части «Товары» документа РасходТовара;
Количество — суммарное количество проданных товаров по покупателю за период;
Сумма — суммарная сумма продаж по покупателю и товару за период.","{""Documents"": [{""id"": ""РасходТовара"", ""name"": ""Расход товара"", ""Attributes"": [{""id"": ""Покупатель"", ""name"": ""Покупатель"", ""types"": [{""type"": ""Ref"", ""id"": ""Справочник.Контрагенты""}]}, {""id"": ""Склад"", ""name"": ""Склад"", ""types"": [{""type"": ""Ref"", ""id"": ""Справочник.Склады""}]}, {""id"": ""Валюта"", ""name"": ""Валюта взиморасчетов"", ""types"": [{""type"": ""Ref"", ""id"": ""Справочник.Валюты""}]}, {""id"": ""ВидЦен"", ""name"": ""Вид цен"", ""types"": [{""type"": ""Ref"", ""id"": ""Справочник.ВидыЦен""}]}, {""id"": ""ОбоснованиеОтгрузки"", ""name"": ""Обоснование отгрузки"", ""types"": [{""type"": ""String"", ""StringQualifiers"": ""0""}]}, {""id"": ""Организация"", ""name"": ""Организация"", ""types"": [{""type"": ""Ref"", ""id"": ""Справочник.Организации""}]}], ""TabularSections"": [{""id"": ""Товары"", ""name"": ""Товары"", ""Attributes"": [{""id"": ""Товар"", ""name"": ""Товар"", ""types"": [{""type"": ""Ref"", ""id"": ""Справочник.Товары""}]}, {""id"": ""Цена"", ""name"": ""Цена"", ""types"": [{""type"": ""Number"", ""NumberQualifiers"": ""10.2""}]}, {""id"": ""Количество"", ""name"": ""Количество"", ""types"": [{""type"": ""Number"", ""NumberQualifiers"": ""10.2""}]}, {""id"": ""Сумма"", ""name"": ""Сумма"", ""types"": [{""type"": ""Number"", ""NumberQualifiers"": ""10.2""}]}]}]}], ""Catalogs"": [{""id"": ""Контрагенты"", ""name"": ""Контрагенты"", ""Attributes"": [{""id"": ""Регион"", ""name"": ""Регион"", ""types"": [{""type"": ""Ref"", ""id"": ""Справочник.Регионы""}]}, {""id"": ""Индекс"", ""name"": ""Индекс"", ""types"": [{""type"": ""String"", ""StringQualifiers"": ""10""}]}, {""id"": ""Страна"", ""name"": ""Страна"", ""types"": [{""type"": ""String"", ""StringQualifiers"": ""0""}]}, {""id"": ""Город"", ""name"": ""Город"", ""types"": [{""type"": ""String"", ""StringQualifiers"": ""0""}]}, {""id"": ""Улица"", ""name"": ""Улица"", ""types"": [{""type"": ""String"", ""StringQualifiers"": ""0""}]}, {""id"": ""Дом"", ""name"": ""Дом"", ""types"": [{""type"": ""String"", ""StringQualifiers"": ""15""}]}, {""id"": ""Телефон"", ""name"": ""Телефон"", ""types"": [{""type"": ""String"", ""StringQualifiers"": ""16""}]}, {""id"": ""ЭлектроннаяПочта"", ""name"": ""Электронная почта"", ""types"": [{""type"": ""String"", ""StringQualifiers"": ""40""}]}, {""id"": ""Факс"", ""name"": ""Факс"", ""types"": [{""type"": ""String"", ""StringQualifiers"": ""16""}]}, {""id"": ""ВебСайт"", ""name"": ""Веб сайт"", ""types"": [{""type"": ""String"", ""StringQualifiers"": ""40""}]}, {""id"": ""ВидЦен"", ""name"": ""Вид цен"", ""types"": [{""type"": ""Ref"", ""id"": ""Справочник.ВидыЦен""}]}, {""id"": ""ДополнительнаяИнформация"", ""name"": ""Дополнительная информация"", ""types"": [{""type"": ""String"", ""StringQualifiers"": ""0""}]}, {""id"": ""КонтактноеЛицо"", ""name"": ""Контактное лицо"", ""types"": [{""type"": ""String"", ""StringQualifiers"": ""100""}]}, {""id"": ""Широта"", ""name"": ""Широта"", ""types"": [{""type"": ""Number"", ""NumberQualifiers"": ""10.6""}]}, {""id"": ""Долгота"", ""name"": ""Долгота"", ""types"": [{""type"": ""Number"", ""NumberQualifiers"": ""10.6""}]}]}, {""id"": ""Товары"", ""name"": ""Товары"", ""Attributes"": [{""id"": ""Артикул"", ""name"": ""Артикул"", ""types"": [{""type"": ""String"", ""StringQualifiers"": ""15""}]}, {""id"": ""Поставщик"", ""name"": ""Поставщик"", ""types"": [{""type"": ""Ref"", ""id"": ""Справочник.Контрагенты""}]}, {""id"": ""ФайлКартинки"", ""name"": ""Картинка"", ""types"": [{""type"": ""Ref"", ""id"": ""Справочник.ХранимыеФайлы""}]}, {""id"": ""Вид"", ""name"": ""Вид"", ""types"": []}, {""id"": ""Штрихкод"", ""name"": ""Штрихкод"", ""types"": [{""type"": ""String"", ""StringQualifiers"": ""20""}]}, {""id"": ""Описание"", ""name"": ""Описание"", ""types"": [{""type"": ""String"", ""StringQualifiers"": ""0""}]}]}]}",task_065,server,high,task1_Сложная_СформироватьТаблицуПродажСгруппированнуюПоПокупателям_v3.epf,"Функция СформироватьРеестрПродажПоПокупателям(ДатаНач, ДатаКон)
	
	Запрос = Новый Запрос;
	Запрос.Текст = 
	""ВЫБРАТЬ
	|	РасходТовара.Ссылка КАК Ссылка,
	|	РасходТовара.Покупатель КАК Покупатель
	|ПОМЕСТИТЬ ВТ_Документы
	|ИЗ
	|	Документ.РасходТовара КАК РасходТовара
	|ГДЕ
	|	РасходТовара.Проведен = ИСТИНА
	|	И РасходТовара.Дата МЕЖДУ &ДатаНач И &ДатаКон
	|;
	|
	|////////////////////////////////////////////////////////////////////////////////
	|ВЫБРАТЬ
	|	ВТ_Документы.Покупатель КАК Покупатель,
	|	РасходТовараТовары.Товар КАК Товар,
	|	СУММА(РасходТовараТовары.Количество) КАК Количество,
	|	СУММА(РасходТовараТовары.Сумма) КАК Сумма
	|ИЗ
	|	ВТ_Документы КАК ВТ_Документы
	|		ВНУТРЕННЕЕ СОЕДИНЕНИЕ Документ.РасходТовара.Товары КАК РасходТовараТовары
	|		ПО ВТ_Документы.Ссылка = РасходТовараТовары.Ссылка
	|
	|СГРУППИРОВАТЬ ПО
	|	ВТ_Документы.Покупатель,
	|	РасходТовараТовары.Товар"";
	
	Запрос.УстановитьПараметр(""ДатаНач"", ДатаНач);
	Запрос.УстановитьПараметр(""ДатаКон"", ДатаКон);
	
	Результат = Запрос.Выполнить();
	
	Возврат Результат.Выгрузить();
	
КонецФункции"
"Написать функцию СформироватьАнализКурсовойРазницыПоОплатам(ДатаНач, ДатаКон),
которая анализирует документы Оплата и рассчитывает курсовую прибыль или убыток по платежам поставщикам, если расчеты выполнялись в иностранной валюте.
Задача предназначена для анализа влияния изменения курса валют на финансовые расчеты предприятия и может использоваться в финансовой аналитике и управленческой отчетности.
Если параметры периода не заданы, функция должна автоматически:
ДатаНач = начало дня 30 дней назад;
ДатаКон = конец текущего дня.
Перед выполнением расчета выполняется проверка параметров:
если ДатаКон < ДатаНач, генерируется исключение;
если даты не заданы — используются значения по умолчанию.
Расчет выполняется на основании следующих объектов конфигурации:
Документ.Оплата
Реквизиты:
Поставщик
Валюта
Сумма
Организация
Дата
РегистрСведений.КурсыВалют
Измерение:
Валюта
Ресурс:
Курс
На первом этапе выполняется запрос к документу Оплата:
выбираются проведенные документы;
выполняется отбор по дате;
извлекаются данные поставщика, валюты и суммы оплаты.
На втором этапе выполняется получение курса валюты:
курс выбирается из регистра КурсыВалют;
курс определяется на дату документа оплаты.
На третьем этапе выполняется расчет суммы оплаты в базовой валюте и расчет курсовой разницы.
Формулы расчета:
СуммаВБазовойВалюте = Сумма * Курс
КурсоваяРазница = СуммаВБазовойВалюте - Сумма
Если значение положительное — это курсовая прибыль,
если отрицательное — курсовый убыток.
Результат формируется в таблицу значений со следующими колонками:
Документ
Дата
Поставщик
Валюта
СуммаВВалюте
Курс
СуммаВБазовойВалюте
КурсоваяРазница
Далее выполняется сортировка по убыванию абсолютного значения курсовой разницы.","{""Documents"": [{""id"": ""Оплата"", ""name"": ""Оплата"", ""Attributes"": [{""id"": ""Поставщик"", ""name"": ""Поставщик"", ""types"": [{""type"": ""Ref"", ""id"": ""Справочник.Контрагенты""}]}, {""id"": ""РасчетныйСчетПоставщика"", ""name"": ""Расчетный счет поставщика"", ""types"": [{""type"": ""Ref"", ""id"": ""Справочник.РасчетныеСчетаКонтрагентов""}]}, {""id"": ""РасчетныйСчет"", ""name"": ""Расчетный счет"", ""types"": [{""type"": ""Ref"", ""id"": ""Справочник.РасчетныеСчета""}]}, {""id"": ""Валюта"", ""name"": ""Валюта"", ""types"": [{""type"": ""Ref"", ""id"": ""Справочник.Валюты""}]}, {""id"": ""Сумма"", ""name"": ""Сумма"", ""types"": [{""type"": ""Number"", ""NumberQualifiers"": ""10.2""}]}, {""id"": ""Организация"", ""name"": ""Организация"", ""types"": [{""type"": ""Ref"", ""id"": ""Справочник.Организации""}]}]}], ""InformationRegisters"": [{""id"": ""КурсыВалют"", ""name"": ""Курсы валют"", ""InformationRegisterPeriodicity"": ""Day"", ""WriteMode"": ""Independent"", ""Dimensions"": [{""id"": ""Валюта"", ""name"": ""Валюта"", ""types"": [{""type"": ""Ref"", ""id"": ""Справочник.Валюты""}]}], ""Resources"": [{""id"": ""Курс"", ""name"": ""Курс"", ""types"": [{""type"": ""Number"", ""NumberQualifiers"": ""10.2""}]}]}]}",task_066,server,,task22_СрВывестиКурсовуюРаздницуТовара_v2.epf,"Функция СформироватьАнализКурсовойРазницыПоОплатам(ДатаНач = Неопределено, ДатаКон = Неопределено)
	
	// Обработка параметров по умолчанию
	Если ЗначениеНеЗаполнено(ДатаНач) Тогда
		ДатаНач = НачалоДня(ДобавитьКДате(ТекущаяДата(), ""День"", -30));
	КонецЕсли;
	
	Если ЗначениеНеЗаполнено(ДатаКон) Тогда
		ДатаКон = КонецДня(ТекущаяДата());
	КонецЕсли;
	
	// Проверка корректности периода
	Если ДатаКон < ДатаНач Тогда
		ВызватьИсключение(""Дата окончания периода меньше даты начала."");
	КонецЕсли;
	
	Запрос = Новый Запрос;
	Запрос.Текст = 
	""ВЫБРАТЬ
	|	Оплата.Ссылка КАК Документ,
	|	Оплата.Дата КАК Дата,
	|	Оплата.Поставщик КАК Поставщик,
	|	Оплата.Валюта КАК Валюта,
	|	Оплата.Сумма КАК СуммаВВалюте,
	|	МАКСИМУМ(КурсыВалют.Период) КАК ПериодКурса
	|ПОМЕСТИТЬ ВремДокументыСПериодамиКурсов
	|ИЗ
	|	Документ.Оплата КА"
"Написать функцию СформироватьСреднийЧекПродаж(ДатаНач, ДатаКон),
которая рассчитывает средний чек продаж предприятия за выбранный период.Задача предназначена для анализа эффективности продаж и позволяет определить среднюю сумму одного чека.
Отчет может использоваться для оценки покупательской активности, анализа работы кассиров и планирования маркетинговых мероприятий, направленных на увеличение среднего чека.
Если параметры периода не заданы, функция должна автоматически установить значения:
ДатаНач = начало дня 30 дней назад
ДатаКон = конец текущего дня
Перед выполнением расчета выполняется проверка параметров:
если ДатаКон < ДатаНач, генерируется исключение;
если даты не заданы — используются значения по умолчанию.
Расчет выполняется на основании следующих объектов конфигурации.
Документ.РасходТовара
Реквизиты:
Дата
Покупатель
Склад
Валюта
Табличная часть Документ.РасходТовара.Товары
Поля:
Товар
Количество
Сумма
Данные объекты используются как основной источник информации о фактических продажах товаров и суммах чеков.
1.Выполняется запрос к документу РасходТовара и его табличной части Товары.
Запрос выполняет:
отбор только проведенных документов продаж;
отбор записей по периоду ДатаНач – ДатаКон;
группировку по документу продажи;
расчет суммы каждого чека как суммы строк табличной части.
В результате формируется агрегированный набор данных, содержащий сумму каждого чека продаж.
2.Полученные данные выгружаются в таблицу значений, в которой выполняется расчет итоговых показателей.
На этом этапе определяется:
КоличествоЧеков — количество документов продаж;
ОбщаяСуммаПродаж — сумма всех чеков за выбранный период.
3.После определения количества чеков и общей суммы продаж выполняется расчет среднего чека.
Формула расчета:
СреднийЧек = ОбщаяСуммаПродаж / КоличествоЧеков
Если количество чеков равно нулю, значение среднего чека устанавливается равным 0.
Формирование результата
Результат работы функции возвращается в виде таблицы значений со следующими колонками:
КоличествоЧеков
ОбщаяСуммаПродаж
СреднийЧек","{""Documents"": [{""id"": ""РасходТовара"", ""name"": ""Расход товара"", ""Attributes"": [{""id"": ""Покупатель"", ""name"": ""Покупатель"", ""types"": [{""type"": ""Ref"", ""id"": ""Справочник.Контрагенты""}]}, {""id"": ""Склад"", ""name"": ""Склад"", ""types"": [{""type"": ""Ref"", ""id"": ""Справочник.Склады""}]}, {""id"": ""Валюта"", ""name"": ""Валюта взиморасчетов"", ""types"": [{""type"": ""Ref"", ""id"": ""Справочник.Валюты""}]}, {""id"": ""ВидЦен"", ""name"": ""Вид цен"", ""types"": [{""type"": ""Ref"", ""id"": ""Справочник.ВидыЦен""}]}, {""id"": ""ОбоснованиеОтгрузки"", ""name"": ""Обоснование отгрузки"", ""types"": [{""type"": ""String"", ""StringQualifiers"": ""0""}]}, {""id"": ""Организация"", ""name"": ""Организация"", ""types"": [{""type"": ""Ref"", ""id"": ""Справочник.Организации""}]}], ""TabularSections"": [{""id"": ""Товары"", ""name"": ""Товары"", ""Attributes"": [{""id"": ""Товар"", ""name"": ""Товар"", ""types"": [{""type"": ""Ref"", ""id"": ""Справочник.Товары""}]}, {""id"": ""Цена"", ""name"": ""Цена"", ""types"": [{""type"": ""Number"", ""NumberQualifiers"": ""10.2""}]}, {""id"": ""Количество"", ""name"": ""Количество"", ""types"": [{""type"": ""Number"", ""NumberQualifiers"": ""10.2""}]}, {""id"": ""Сумма"", ""name"": ""Сумма"", ""types"": [{""type"": ""Number"", ""NumberQualifiers"": ""10.2""}]}]}]}]}",task_067,server,mid,task24_СредняяСреднийЧекПродаж_v1.epf,"Функция СформироватьСреднийЧекПродаж(ДатаНач = Неопределено, ДатаКон = Неопределено)
    
    // Установка значений по умолчанию для периода
    Если ДатаНач = Неопределено Тогда
        ДатаНач = НачалоДня(ТекущаяДата() - 30 * 86400);
    КонецЕсли;
    
    Если ДатаКон = Неопределено Тогда
        ДатаКон = КонецДня(ТекущаяДата());
    КонецЕсли;
    
    // Проверка корректности периода
    Если ДатаКон < ДатаНач Тогда
        ВызватьИсключение ""Дата окончания периода не может быть меньше даты начала"";
    КонецЕсли;
    
    // Создание запроса для получения данных о продажах
    Запрос = Новый Запрос;
    Запрос.Текст = 
    ""ВЫБРАТЬ
    |   РасходТовараТовары.Ссылка КАК Документ,
    |   СУММА(РасходТовараТовары.Сумма) КАК СуммаЧека
    |ИЗ
    |   Документ.РасходТовара.Товары КАК РасходТовараТовары
    |ГДЕ
    |   РасходТовараТовары.Ссылка.Проведен = ИСТИНА
    |   И РасходТовараТовары.Ссылка.Дата МЕЖДУ &ДатаНач И &ДатаКон
    |
    |СГРУППИРОВАТЬ ПО
    |   РасходТовараТовары.Ссылка"";
    
    Запрос.УстановитьПараметр(""ДатаНач"", ДатаНач);
    Запрос.УстановитьПараметр(""ДатаКон"", ДатаКон);
    
    // Выполнение запроса и выгрузка результатов в таблицу значений
    РезультатЗапроса = Запрос.Выполнить();
    ТаблицаЧеков = РезультатЗапроса.Выгрузить();
    
    // Инициализация итоговых показателей
    КоличествоЧеков = ТаблицаЧеков.Количество();
    ОбщаяСуммаПродаж = 0;
    СреднийЧек = 0;
    
    // Расчет общей суммы продаж
    Для Каждого СтрокаЧека Из ТаблицаЧеков Цикл
        ОбщаяСуммаПродаж = ОбщаяСуммаПродаж + СтрокаЧека.СуммаЧека;
    КонецЦикла;
    
    // Расчет среднего чека
    Если КоличествоЧеков > 0 Тогда
        СреднийЧек = ОбщаяСуммаПродаж / КоличествоЧеков;
    КонецЕсли;
    
    // Формирование результирующей таблицы значений
    Результат = Новый ТаблицаЗначений;
    Результат.Колонки.Добавить(""КоличествоЧеков"", Новый ОписаниеТипов(""Число""));
    Результат.Колонки.Добавить(""ОбщаяСуммаПродаж"", Новый ОписаниеТипов(""Число""));
    Результат.Колонки.Добавить(""СреднийЧек"", Новый ОписаниеТипов(""Число""));
    
    СтрокаРезультата = Результат.Добавить();
    СтрокаРезультата.КоличествоЧеков = КоличествоЧеков;
    СтрокаРезультата.ОбщаяСуммаПродаж = ОбщаяСуммаПродаж;
    СтрокаРезультата.СреднийЧек = СреднийЧек;
    
    Возврат Результат;
    
КонецФункции"
"Написать функцию СформироватьПродажиПоДням(ДатаНач, ДатаКон),
которая формирует отчет о продажах предприятия по дням за выбранный период.
Задача предназначена для анализа динамики продаж и позволяет определить объем продаж товаров по каждому дню.
Отчет может использоваться для анализа сезонности продаж, определения наиболее прибыльных дней, планирования загрузки персонала и оценки эффективности маркетинговых мероприятий.
Если параметры периода не заданы, функция должна автоматически установить значения:
ДатаНач = начало дня 30 дней назад
ДатаКон = конец текущего дня
Перед выполнением расчета выполняется проверка параметров:
если ДатаКон < ДатаНач, генерируется исключение;
если даты не заданы — используются значения по умолчанию.
Расчет выполняется на основании следующих объектов конфигурации.
Документ.РасходТовара
Реквизиты:
Дата
Покупатель
Склад
Валюта
Табличная часть Документ.РасходТовара.Товары
Поля:
Товар
Количество
Сумма
Данные объекты используются как основной источник информации о фактических продажах товаров и суммах продаж.
1. Выполняется запрос к документу РасходТовара и его табличной части Товары.
Запрос выполняет:
отбор только проведенных документов продаж;
отбор записей по периоду ДатаНач – ДатаКон;
группировку данных по дате документа;
расчет общего количества проданных товаров за день;
расчет общей суммы продаж за день.
В результате формируется агрегированный набор данных, содержащий суммарные продажи предприятия по каждому дню.
2. Полученные данные выгружаются в таблицу значений.
На этом этапе формируется структура таблицы результата со следующими полями:
Дата — дата продаж;
КоличествоПродаж — общее количество проданных товаров за день;
СуммаПродаж — общая сумма продаж за день.
Если дата не определена, такая строка исключается из результата.
3. После формирования таблицы выполняется аналитическая обработка данных.
Данные сортируются по дате в порядке возрастания, что позволяет получить последовательную динамику продаж предприятия.
Каждая строка таблицы отражает суммарные продажи предприятия за конкретный день.
Формирование результата
Результат работы функции возвращается в виде таблицы значений со следующими колонками:
Дата
КоличествоПродаж
СуммаПродаж
Такая структура позволяет использовать результат функции для построения отчетов, графиков продаж и аналитики динамики продаж предприятия.","{""Documents"": [{""id"": ""РасходТовара"", ""name"": ""Расход товара"", ""Attributes"": [{""id"": ""Покупатель"", ""name"": ""Покупатель"", ""types"": [{""type"": ""Ref"", ""id"": ""Справочник.Контрагенты""}]}, {""id"": ""Склад"", ""name"": ""Склад"", ""types"": [{""type"": ""Ref"", ""id"": ""Справочник.Склады""}]}, {""id"": ""Валюта"", ""name"": ""Валюта взиморасчетов"", ""types"": [{""type"": ""Ref"", ""id"": ""Справочник.Валюты""}]}, {""id"": ""ВидЦен"", ""name"": ""Вид цен"", ""types"": [{""type"": ""Ref"", ""id"": ""Справочник.ВидыЦен""}]}, {""id"": ""ОбоснованиеОтгрузки"", ""name"": ""Обоснование отгрузки"", ""types"": [{""type"": ""String"", ""StringQualifiers"": ""0""}]}, {""id"": ""Организация"", ""name"": ""Организация"", ""types"": [{""type"": ""Ref"", ""id"": ""Справочник.Организации""}]}], ""TabularSections"": [{""id"": ""Товары"", ""name"": ""Товары"", ""Attributes"": [{""id"": ""Товар"", ""name"": ""Товар"", ""types"": [{""type"": ""Ref"", ""id"": ""Справочник.Товары""}]}, {""id"": ""Цена"", ""name"": ""Цена"", ""types"": [{""type"": ""Number"", ""NumberQualifiers"": ""10.2""}]}, {""id"": ""Количество"", ""name"": ""Количество"", ""types"": [{""type"": ""Number"", ""NumberQualifiers"": ""10.2""}]}, {""id"": ""Сумма"", ""name"": ""Сумма"", ""types"": [{""type"": ""Number"", ""NumberQualifiers"": ""10.2""}]}]}]}]}",task_068,server,mid,task25_СредняяСформироватьПродажиПоДням_v1.epf,"Функция СформироватьПродажиПоДням(ДатаНач = Неопределено, ДатаКон = Неопределено)
    
    // Установка значений по умолчанию для периода
    Если ДатаНач = Неопределено Тогда
        ДатаНач = НачалоДня(ТекущаяДата() - 30 * 86400);
    КонецЕсли;
    
    Если ДатаКон = Неопределено Тогда
        ДатаКон = КонецДня(ТекущаяДата());
    КонецЕсли;
    
    // Проверка корректности периода
    Если ДатаКон < ДатаНач Тогда
        ВызватьИсключение(""Дата окончания периода не может быть меньше даты начала периода"");
    КонецЕсли;
    
    // Создание и выполнение запроса
    Запрос = Новый Запрос;
    Запрос.Текст = 
        ""ВЫБРАТЬ
        |   НАЧАЛОПЕРИОДА(РасходТовараТовары.Ссылка.Дата, ДЕНЬ) КАК Дата,
        |   СУММА(РасходТовараТовары.Количество) КАК КоличествоПродаж,
        |   СУММА(РасходТовараТовары.Сумма) КАК СуммаПродаж
        |ИЗ
        |   Документ.РасходТовара.Товары КАК РасходТовараТовары
        |ГДЕ
        |   РасходТовараТовары.Ссылка.Проведен = ИСТИНА
        |   И РасходТовараТовары.Ссылка.Дата МЕЖДУ &ДатаНач И &ДатаКон
        |СГРУППИРОВАТЬ ПО
        |   НАЧАЛОПЕРИОДА(РасходТовараТовары.Ссылка.Дата, ДЕНЬ)"";
    
    Запрос.УстановитьПараметр(""ДатаНач"", ДатаНач);
    Запрос.УстановитьПараметр(""ДатаКон"", ДатаКон);
    
    Результат = Запрос.Выполнить();
    ТаблицаПродаж = Результат.Выгрузить();
    
    // Исключение строк с неопределенной датой
    Индекс = ТаблицаПродаж.Количество() - 1;
    Пока Индекс >= 0 Цикл
        СтрокаТаблицы = ТаблицаПродаж[Индекс];
        Если Не ЗначениеЗаполнено(СтрокаТаблицы.Дата) Тогда
            ТаблицаПродаж.Удалить(Индекс);
        КонецЕсли;
        Индекс = Индекс - 1;
    КонецЦикл;
    
    // Сортировка по дате в порядке возрастания
    ТаблицаПродаж.Сортировать(""Дата Возр"");
    
    Возврат ТаблицаПродаж;
    
КонецФункции"
"Написать функцию СформироватьТоварыСОтрицательнымиОстатками(ДатаОстатков),
которая формирует отчет о товарах предприятия с отрицательными остатками на указанную дату.
Задача предназначена для контроля корректности учета товаров и позволяет выявить товары, по которым количество на складе стало отрицательным.
Отчет может использоваться для анализа ошибок учета, контроля корректности проведения документов движения товаров, выявления проблемных операций списания и предотвращения дальнейших ошибок складского учета.
Если параметр даты не задан, функция должна автоматически установить значение:
ДатаОстатков = конец текущего дня
Перед выполнением расчета выполняется проверка параметров:
если дата не задана — используется значение по умолчанию.
Расчет выполняется на основании следующих объектов конфигурации
Регистр накопления ТоварныеЗапасы
Измерения:
Товар
Склад
Ресурсы:
Количество
Данный регистр используется как основной источник информации о фактических остатках товаров на складах предприятия.
1. Выполняется запрос к регистру накопления ТоварныеЗапасы
Запрос выполняет:
получение остатков товаров на дату ДатаОстатков;
отбор товаров, у которых количество остатка меньше нуля;
упорядочивание данных по товару.
В результате формируется набор данных, содержащий список товаров, у которых остаток на складе стал отрицательным.
2. Полученные данные выгружаются в таблицу значений
На этом этапе формируется структура таблицы результата со следующими полями:
Товар — наименование товара;
КоличествоОстаток — количество товара на складе на выбранную дату.
Если товар не определен, такая строка исключается из результата.
3. После формирования таблицы выполняется аналитическая обработка данных
Данные сортируются по товару в порядке возрастания, что позволяет получить упорядоченный список товаров с отрицательными остатками.
Каждая строка таблицы отражает конкретный товар предприятия, по которому зафиксирован отрицательный остаток на выбранную дату.
Формирование результата
Результат работы функции возвращается в виде таблицы значений со следующими колонками:
Товар
КоличествоОстаток
Такая структура позволяет использовать результат функции для контроля складских остатков, анализа ошибок учета товаров, а также оперативного выявления проблемных позиций в системе учета предприятия.","{""AccumulationRegisters"": [{""id"": ""ТоварныеЗапасы"", ""name"": ""Товарные запасы"", ""RegisterType"": ""Balance"", ""Dimensions"": [{""id"": ""Товар"", ""name"": ""Товар"", ""types"": [{""type"": ""Ref"", ""id"": ""Справочник.Товары""}]}, {""id"": ""Склад"", ""name"": ""Склад"", ""types"": [{""type"": ""Ref"", ""id"": ""Справочник.Склады""}]}], ""Resources"": [{""id"": ""Количество"", ""name"": ""Количество"", ""types"": [{""type"": ""Number"", ""NumberQualifiers"": ""10.2""}]}]}], ""Catalogs"": [{""id"": ""Склады"", ""name"": ""Склады"", ""Attributes"": [{""id"": ""НеИспользовать"", ""name"": ""Не использовать"", ""types"": [{""type"": ""Boolean""}]}]}, {""id"": ""Товары"", ""name"": ""Товары"", ""Attributes"": [{""id"": ""Артикул"", ""name"": ""Артикул"", ""types"": [{""type"": ""String"", ""StringQualifiers"": ""15""}]}, {""id"": ""Поставщик"", ""name"": ""Поставщик"", ""types"": [{""type"": ""Ref"", ""id"": ""Справочник.Контрагенты""}]}, {""id"": ""ФайлКартинки"", ""name"": ""Картинка"", ""types"": [{""type"": ""Ref"", ""id"": ""Справочник.ХранимыеФайлы""}]}, {""id"": ""Вид"", ""name"": ""Вид"", ""types"": []}, {""id"": ""Штрихкод"", ""name"": ""Штрихкод"", ""types"": [{""type"": ""String"", ""StringQualifiers"": ""20""}]}, {""id"": ""Описание"", ""name"": ""Описание"", ""types"": [{""type"": ""String"", ""StringQualifiers"": ""0""}]}]}]}",task_069,server,mid,task27_СредняяТоварыСОтрицательнымиОстатками_v1.epf,"Функция СформироватьТоварыСОтрицательнымиОстатками(ДатаОстатков = Неопределено)
    
    // Проверка параметра: если дата не задана, устанавливаем конец текущего дня
    Если ДатаОстатков = Неопределено Или Не ЗначениеЗаполнено(ДатаОстатков) Тогда
        ДатаОстатков = КонецДня(ТекущаяДата());
    КонецЕсли;
    
    Запрос = Новый Запрос;
    Запрос.Текст = 
        ""ВЫБРАТЬ
        |   ТоварныеЗапасыОстатки.Товар КАК Товар,
        |   ТоварныеЗапасыОстатки.КоличествоОстаток КАК КоличествоОстаток
        |ИЗ
        |   РегистрНакопления.ТоварныеЗапасы.Остатки(&ДатаОстатков, ) КАК ТоварныеЗапасыОстатки
        |ГДЕ
        |   ТоварныеЗапасыОстатки.КоличествоОстаток < 0
        |   И ТоварныеЗапасыОстатки.Товар <> ЗНАЧЕНИЕ(Справочник.Товары.ПустаяСсылка)
        |
        |УПОРЯДОЧИТЬ ПО
        |   Товар"";
        
    Запрос.УстановитьПараметр(""ДатаОстатков"", ДатаОстатков);
    
    РезультатЗапроса = Запрос.Выполнить();
    
    // Выгружаем полученные данные в таблицу значений
    ТаблицаРезультат = РезультатЗапроса.Выгрузить();
    
    // Данные уже отсортированы по товару (в запросе УПОРЯДОЧИТЬ ПО Товар)
    // и уже очищены от строк с неопределенным товаром (условие в ГДЕ),
    // что соответствует требованиям аналитической обработки.
    
    Возврат ТаблицаРезультат;
    
КонецФункции"
"Написать функцию СформироватьТоварыБезЦены(ДатаЦен),
которая формирует отчет о товарах предприятия, для которых на указанную дату не установлена цена.
Задача предназначена для контроля корректности настройки цен номенклатуры и позволяет выявить товары, по которым отсутствуют записи о цене в системе учета.
Отчет может использоваться для анализа полноты заполнения справочников цен, подготовки прайс-листов, контроля корректности продаж и предотвращения ситуаций, когда товар продается без установленной цены.
Если параметр даты не задан, функция должна автоматически установить значение:
ДатаЦен = конец текущего дня
Перед выполнением расчета выполняется проверка параметров:
если дата не задана — используется значение по умолчанию.
Расчет выполняется на основании следующих объектов конфигурации.
Справочник Товары
Реквизиты:
Ссылка
Наименование
Данный справочник используется как основной источник информации о номенклатуре товаров предприятия.
Регистр сведений ЦеныТоваров
Измерения:
Товар
ВидЦен
Ресурсы:
Цена
Данный регистр используется как основной источник информации о текущих ценах товаров предприятия.
1. Выполняется запрос к справочнику Товары и регистру сведений ЦеныТоваров.
Запрос выполняет:
выбор всех товаров из справочника Товары;
левое соединение с регистром сведений ЦеныТоваров.СрезПоследних, которое позволяет получить актуальные цены товаров на указанную дату;
отбор товаров, для которых цена отсутствует (Цена ЕСТЬ NULL);
упорядочивание данных по товару.
В результате формируется набор данных, содержащий список товаров, для которых на выбранную дату не установлена цена.
2. Полученные данные выгружаются в таблицу значений.
На этом этапе формируется структура таблицы результата со следующим полем:
Товар — ссылка на номенклатуру товара.
Если товар не определен, такая строка исключается из результата.
3. После формирования таблицы выполняется аналитическая обработка данных.
Данные сортируются по товару в порядке возрастания, что позволяет получить упорядоченный список товаров, для которых отсутствует установленная цена.
Каждая строка таблицы отражает конкретный товар предприятия, для которого в системе учета отсутствует запись о цене на выбранную дату.
Формирование результата
Результат работы функции возвращается в виде таблицы значений со следующей колонкой:
Товар
Такая структура позволяет использовать результат функции для контроля заполнения цен номенклатуры, формирования отчетов о корректности настройки системы учета и своевременного выявления товаров, по которым отсутствуют установленные цены.","{""InformationRegisters"": [{""id"": ""ЦеныТоваров"", ""name"": ""Цены товаров"", ""InformationRegisterPeriodicity"": ""Day"", ""WriteMode"": ""Independent"", ""Dimensions"": [{""id"": ""Товар"", ""name"": ""Товар"", ""types"": [{""type"": ""Ref"", ""id"": ""Справочник.Товары""}]}, {""id"": ""ВидЦен"", ""name"": ""Вид цен"", ""types"": [{""type"": ""Ref"", ""id"": ""Справочник.ВидыЦен""}]}], ""Resources"": [{""id"": ""Цена"", ""name"": ""Цена"", ""types"": [{""type"": ""Number"", ""NumberQualifiers"": ""10.2""}]}]}], ""Catalogs"": [{""id"": ""Товары"", ""name"": ""Товары"", ""Attributes"": [{""id"": ""Артикул"", ""name"": ""Артикул"", ""types"": [{""type"": ""String"", ""StringQualifiers"": ""15""}]}, {""id"": ""Поставщик"", ""name"": ""Поставщик"", ""types"": [{""type"": ""Ref"", ""id"": ""Справочник.Контрагенты""}]}, {""id"": ""ФайлКартинки"", ""name"": ""Картинка"", ""types"": [{""type"": ""Ref"", ""id"": ""Справочник.ХранимыеФайлы""}]}, {""id"": ""Вид"", ""name"": ""Вид"", ""types"": []}, {""id"": ""Штрихкод"", ""name"": ""Штрихкод"", ""types"": [{""type"": ""String"", ""StringQualifiers"": ""20""}]}, {""id"": ""Описание"", ""name"": ""Описание"", ""types"": [{""type"": ""String"", ""StringQualifiers"": ""0""}]}]}]}",task_070,server,mid,task28_СредняяСформироватьТоварыБезЦены_v1.epf,"Функция СформироватьТоварыБезЦены(ДатаЦен)
    
    // Проверка параметра: если дата не задана, используется значение по умолчанию - конец текущего дня
    Если ДатаЦен = '00010101' Или ДатаЦен = Неопределено Тогда
        ДатаЦен = КонецДня(ТекущаяДата());
    КонецЕсли;
    
    // Выполнение запроса к справочнику Товары и регистру сведений ЦеныТоваров
    Запрос = Новый Запрос;
    Запрос.Текст = 
    ""ВЫБРАТЬ
    |	Товары.Ссылка КАК Товар
    |ИЗ
    |	Справочник.Товары КАК Товары
    |	ЛЕВОЕ СОЕДИНЕНИЕ РегистрСведений.ЦеныТоваров.СрезПоследних(&ДатаЦен, ) КАК ЦеныТоваровСрезПоследних
    |		ПО Товары.Ссылка = ЦеныТоваровСрезПоследних.Товар
    |ГДЕ
    |	ЦеныТоваровСрезПоследних.Цена ЕСТЬ NULL
    |УПОРЯДОЧИТЬ ПО
    |	Товар"";
    
    Запрос.УстановитьПараметр(""ДатаЦен"", ДатаЦен);
    
    РезультатЗапроса = Запрос.Выполнить();
    
    // Выгрузка полученных данных в таблицу значений
    ТаблицаТоваров = РезультатЗапроса.Выгрузить();
    
    // Исключение строк, где товар не определен (пустая ссылка)
    ПустаяСсылка = Справочники.Товары.ПустаяСсылка();
    СтрокиДляУдаления = ТаблицаТоваров.НайтиСтроки(Новый Структура(""Товар"", ПустаяСсылка));
    Для Каждого СтрокаУдаления Из СтрокиДляУдаления Цикл
        ТаблицаТоваров.Удалить(СтрокаУдаления);
    КонецЦикла;
    
    // Аналитическая обработка данных: сортировка по товару в порядке возрастания
    ТаблицаТоваров.Сортировать(""Товар Возр"");
    
    // Возврат результата в виде таблицы значений с колонкой Товар
    Возврат ТаблицаТоваров;
    
КонецФункции"
"Написать функцию СформироватьСебестоимостьТоваровСредневзвеш(), 
которая формирует таблицу себестоимости остатков товаров на текущую дату в виде таблицы значений.
Расчет выполняется на основании:
регистра накопления «ТоварныеЗапасы» (текущие остатки товаров);
документов «ПриходТовара» (источник закупочной стоимости).
В выборку должны включаться только товары, имеющие положительный остаток на дату формирования отчета.
Дата расчета передается в запрос через параметр &Дата и устанавливается равной текущей дате.
Формирование себестоимости выполняется в один этап с использованием соединения:
Из регистра накопления ТоварныеЗапасы.Остатки выбираются остатки товаров (КоличествоОстаток) на заданную дату.
Выполняется левое соединение с подзапросом по табличной части документов ПриходТовара.Товары.
В подзапросе рассчитывается себестоимость единицы товара как отношение:
СУММА(Сумма) / СУММА(Количество),
с защитой от деления на ноль через конструкцию ВЫБОР.
В расчет включаются только проведенные документы «ПриходТовара» (Проведен = Истина).
Результат должен представлять таблицу значений (ТаблицаЗначений), где каждая строка соответствует одному товару с остатком на складе.
Таблица должна содержать следующие поля:
Товар — ссылка на номенклатуру (измерение регистра ТоварныеЗапасы);
КоличествоОстаток — текущий остаток товара на дату отчета;
СебестоимостьЕд — расчетная себестоимость единицы товара на основе суммарных приходов;
СебестоимостьОстатка — общая себестоимость остатка, рассчитываемая как произведение количества остатка на себестоимость единицы.","{""Documents"": [{""id"": ""ПриходТовара"", ""name"": ""Приход товара"", ""Attributes"": [{""id"": ""Поставщик"", ""name"": ""Поставщик"", ""types"": [{""type"": ""Ref"", ""id"": ""Справочник.Контрагенты""}]}, {""id"": ""Склад"", ""name"": ""Склад"", ""types"": [{""type"": ""Ref"", ""id"": ""Справочник.Склады""}]}, {""id"": ""Валюта"", ""name"": ""Валюта взаиморасчетов"", ""types"": [{""type"": ""Ref"", ""id"": ""Справочник.Валюты""}]}, {""id"": ""Организация"", ""name"": ""Организация"", ""types"": [{""type"": ""Ref"", ""id"": ""Справочник.Организации""}]}], ""TabularSections"": [{""id"": ""Товары"", ""name"": ""Товары"", ""Attributes"": [{""id"": ""Товар"", ""name"": ""Товар"", ""types"": [{""type"": ""Ref"", ""id"": ""Справочник.Товары""}]}, {""id"": ""Цена"", ""name"": ""Цена"", ""types"": [{""type"": ""Number"", ""NumberQualifiers"": ""10.2""}]}, {""id"": ""Количество"", ""name"": ""Количество"", ""types"": [{""type"": ""Number"", ""NumberQualifiers"": ""10.2""}]}, {""id"": ""Сумма"", ""name"": ""Сумма"", ""types"": [{""type"": ""Number"", ""NumberQualifiers"": ""10.2""}]}]}]}], ""AccumulationRegisters"": [{""id"": ""ТоварныеЗапасы"", ""name"": ""Товарные запасы"", ""RegisterType"": ""Balance"", ""Dimensions"": [{""id"": ""Товар"", ""name"": ""Товар"", ""types"": [{""type"": ""Ref"", ""id"": ""Справочник.Товары""}]}, {""id"": ""Склад"", ""name"": ""Склад"", ""types"": [{""type"": ""Ref"", ""id"": ""Справочник.Склады""}]}], ""Resources"": [{""id"": ""Количество"", ""name"": ""Количество"", ""types"": [{""type"": ""Number"", ""NumberQualifiers"": ""10.2""}]}]}], ""Catalogs"": [{""id"": ""Товары"", ""name"": ""Товары"", ""Attributes"": [{""id"": ""Артикул"", ""name"": ""Артикул"", ""types"": [{""type"": ""String"", ""StringQualifiers"": ""15""}]}, {""id"": ""Поставщик"", ""name"": ""Поставщик"", ""types"": [{""type"": ""Ref"", ""id"": ""Справочник.Контрагенты""}]}, {""id"": ""ФайлКартинки"", ""name"": ""Картинка"", ""types"": [{""type"": ""Ref"", ""id"": ""Справочник.ХранимыеФайлы""}]}, {""id"": ""Вид"", ""name"": ""Вид"", ""types"": []}, {""id"": ""Штрихкод"", ""name"": ""Штрихкод"", ""types"": [{""type"": ""String"", ""StringQualifiers"": ""20""}]}, {""id"": ""Описание"", ""name"": ""Описание"", ""types"": [{""type"": ""String"", ""StringQualifiers"": ""0""}]}]}]}",task_071,server,high,task3_СложнаяСформироватьСебестоимостьТоваров_v3.epf,"Функция СформироватьСебестоимостьТоваровСредневзвеш()
	
	Запрос = Новый Запрос;
	Запрос.Текст = ""ВЫБРАТЬ
	|	ТоварныеЗапасыОстатки.Товар КАК Товар,
	|	ТоварныеЗапасыОстатки.КоличествоОстаток КАК КоличествоОстаток,
	|	ЕСТЬNULL(ПриходТовараПодзапрос.СебестоимостьЕд, 0) КАК СебестоимостьЕд,
	|	ТоварныеЗапасыОстатки.КоличествоОстаток * ЕСТЬNULL(ПриходТовараПодзапрос.СебестоимостьЕд, 0) КАК СебестоимостьОстатка
	|ИЗ
	|	РегистрНакопления.ТоварныеЗапасы.Остатки(&Дата, Товар) КАК ТоварныеЗапасыОстатки
	|		ЛЕВОЕ СОЕДИНЕНИЕ (ВЫБРАТЬ
	|			ПриходТовараТовары.Товар КАК Товар,
	|			ВЫБОР
	|				КОГДА СУММА(ПриходТовараТовары.Количество) = 0
	|					ТОГДА 0
	|				ИНАЧЕ СУММА(ПриходТовараТовары.Сумма) / СУММА(ПриходТовараТовары.Количество)
	|			КОНЕЦ КАК СебестоимостьЕд
	|		ИЗ
	|			Документ.ПриходТовара.Товары КАК ПриходТовараТовары
	|				ВНУТРЕННЕЕ СОЕДИНЕНИЕ Документ.ПриходТовара КАК ПриходТовара
	|				ПО ПриходТовараТовары.Ссылка = ПриходТовара.Ссылка
	|		ГДЕ
	|			ПриходТовара.Проведен = ИСТИНА
	|		СГРУППИРОВАТЬ ПО
	|			ПриходТовараТовары.Товар) КАК ПриходТовараПодзапрос
	|		ПО ТоварныеЗапасыОстатки.Товар = ПриходТовараПодзапрос.Товар
	|ГДЕ
	|	ТоварныеЗапасыОстатки.КоличествоОстаток > 0"";
	
	Запрос.УстановитьПараметр(""Дата"", ТекущаяДата());
	
	РезультатЗапроса = Запрос.Выполнить();
	
	Возврат РезультатЗапроса.Выгрузить();
	
КонецФункции"
"Написать функцию ВыгрузитьПродажиВXMLФайл(ДатаНач, ДатаКон),
которая формирует выгрузку данных о продажах по покупателям и товарам за указанный период в файл формата XML.
Выгрузка должна формироваться на основании регистра накопления «Продажи».
Данные выбираются из регистра РегистрНакопления.Продажи с отбором по периоду дат:
дата регистратора (Продажи.Регистратор.Дата) находится в диапазоне между параметрами ДатаНач и ДатаКон (включительно).
Результат формирования должен представлять XML-файл, сохранённый во временный каталог; функция должна возвращать строку — путь к сформированному файлу.
Структура формирования XML выполняется следующим образом:
Создаётся временный XML-файл в кодировке UTF-8.
В файл записывается объявление XML.
Формируется корневой элемент «Продажи» с атрибутами:
Имя = ""ПродажиПоПокупателямИТоварам"";
ДатаНач — дата начала периода (в формате yyyy-MM-dd);
ДатаКон — дата окончания периода (в формате yyyy-MM-dd).
Выполняется запрос к регистру накопления Продажи:
данные группируются по Покупателю и Товару;
рассчитываются итоговые показатели:
Количество — суммарное количество продаж;
Сумма — суммарная сумма продаж.
Для каждой строки выборки формируется элемент «Запись», содержащий данные по сочетанию Покупатель + Товар.
После завершения записи всех элементов XML-документ корректно закрывается и сохраняется в файл.","{""AccumulationRegisters"": [{""id"": ""Продажи"", ""name"": ""Продажи"", ""RegisterType"": ""Turnovers"", ""Dimensions"": [{""id"": ""Покупатель"", ""name"": ""Покупатель"", ""types"": [{""type"": ""Ref"", ""id"": ""Справочник.Контрагенты""}]}, {""id"": ""Товар"", ""name"": ""Товар"", ""types"": [{""type"": ""Ref"", ""id"": ""Справочник.Товары""}]}], ""Resources"": [{""id"": ""Количество"", ""name"": ""Количество"", ""types"": [{""type"": ""Number"", ""NumberQualifiers"": ""10.2""}]}, {""id"": ""Сумма"", ""name"": ""Сумма"", ""types"": [{""type"": ""Number"", ""NumberQualifiers"": ""10.2""}]}]}]}",task_072,server,mid,task5_СредняяВыгрузитьПродажиВФайлXML_v3.epf,"Функция ВыгрузитьПродажиВXMLФайл(ДатаНач, ДатаКон)
	
	// Получение пути к временному файлу
	ИмяФайла = ПолучитьИмяВременногоФайла(""xml"");
	
	// Инициализация объекта записи XML
	ЗаписьXML = Новый ЗаписьXML;
	ЗаписьXML.ОткрытьФайл(ИмяФайла, ""UTF-8"");
	ЗаписьXML.ЗаписатьОбъявлениеXML();
	
	// Запись корневого элемента и его атрибутов
	ЗаписьXML.ЗаписатьНачалоЭлемента(""Продажи"");
	ЗаписьXML.ЗаписатьАтрибут(""Имя"", ""ПродажиПоПокупателямИТоварам"");
	ЗаписьXML.ЗаписатьАтрибут(""ДатаНач"", Формат(ДатаНач, ""ДФ=yyyy-MM-dd""));
	ЗаписьXML.ЗаписатьАтрибут(""ДатаКон"", Формат(ДатаКон, ""ДФ=yyyy-MM-dd""));
	
	// Выполнение запроса к регистру накопления
	Запрос = Новый Запрос;
	Запрос.Текст = 
	""ВЫБРАТЬ
	|	Продажи.Покупатель КАК Покупатель,
	|	Продажи.Товар КАК Товар,
	|	СУММА(Продажи.Количество) КАК Количество,
	|	СУММА(Продажи.Сумма) КАК Сумма
	|ИЗ
	|	РегистрНакопления.Продажи КАК Продажи
	|ГДЕ
	|	Продажи.Регистратор.Дата МЕЖДУ &ДатаНач И &ДатаКон
	|
	|СГРУППИРОВАТЬ ПО
	|	Продажи.Покупатель,
	|	Продажи.Товар"";
	
	Запрос.УстановитьПараметр(""ДатаНач"", ДатаНач);
	Запрос.УстановитьПараметр(""ДатаКон"", ДатаКон);
	
	Результат = Запрос.Выполнить();
	
	// Обработка результата запроса и формирование элементов XML
	Если Не Результат.Пустой() Тогда
		Выборка = Результат.Выбрать();
		Пока Выборка.Следующий() Цикл
			ЗаписьXML.ЗаписатьНачалоЭлемента(""Запись"");
			ЗаписьXML.ЗаписатьЭлемент(""Покупатель"", Строка(Выборка.Покупатель));
			ЗаписьXML.ЗаписатьЭлемент(""Товар"", Строка(Выборка.Товар));
			ЗаписьXML.ЗаписатьЭлемент(""Количество"", XMLСтрока(Выборка.Количество));
			ЗаписьXML.ЗаписатьЭлемент(""Сумма"", XMLСтрока(Выборка.Сумма));
			ЗаписьXML.ЗаписатьКонецЭлемента(); // Запись
		КонецЦикла;
	КонецЕсли;
	
	// Закрытие корневого элемента и файла
	ЗаписьXML.ЗаписатьКонецЭлемента(); // Продажи
	ЗаписьXML.Закрыть();
	
	Возврат ИмяФайла;
	
КонецФункции"
"Написать функцию ПолучитьДанныеФайла(ФайлСсылка), которая получает структуру с сведениями о переданном файле.
Параметры функции:
ФайлСсылка (тип: СправочникСсылка.ХранимыеФайлы) - ссылка на файл.

Возвращаемое значение:
Структура - данные о файле:
    * Ссылка (тип СправочникСсылка.ХранимыеФайлы) - ссылка на файл;
    * СсылкаНаДвоичныеДанныеФайла (тип Строка) - адрес во временном хранилище, по которому помещены данные файла.
    * Владелец (тип СправочникСсылка.Товары, СправочникСсылка.Контрагенты) - ссылка на объект-владелец файла;
    * ИмяФайла (тип Строка) - имя файла;
    * Наименование (тип Строка) наименование файла (в справочнике ХранимыеФайлы);   
    * Расширение (тип Строка) - расширение файла без точки;  
    * Подписан (тип Булево) - признак того, что файл подписан;
    * Зашифрован (тип Булево) - признак того, что файл зашифрован; 
    * Ширина (тип Число) - ширина файла, только для .png;
    * Высота (тип Число) - высота файла, только для .png;
    * Размер (тип Число) - размер файла в кб.","{""Catalogs"": [{""id"": ""Контрагенты"", ""name"": ""Контрагенты"", ""Attributes"": [{""id"": ""Регион"", ""name"": ""Регион"", ""types"": [{""type"": ""Ref"", ""id"": ""Справочник.Регионы""}]}, {""id"": ""Индекс"", ""name"": ""Индекс"", ""types"": [{""type"": ""String"", ""StringQualifiers"": ""10""}]}, {""id"": ""Страна"", ""name"": ""Страна"", ""types"": [{""type"": ""String"", ""StringQualifiers"": ""0""}]}, {""id"": ""Город"", ""name"": ""Город"", ""types"": [{""type"": ""String"", ""StringQualifiers"": ""0""}]}, {""id"": ""Улица"", ""name"": ""Улица"", ""types"": [{""type"": ""String"", ""StringQualifiers"": ""0""}]}, {""id"": ""Дом"", ""name"": ""Дом"", ""types"": [{""type"": ""String"", ""StringQualifiers"": ""15""}]}, {""id"": ""Телефон"", ""name"": ""Телефон"", ""types"": [{""type"": ""String"", ""StringQualifiers"": ""16""}]}, {""id"": ""ЭлектроннаяПочта"", ""name"": ""Электронная почта"", ""types"": [{""type"": ""String"", ""StringQualifiers"": ""40""}]}, {""id"": ""Факс"", ""name"": ""Факс"", ""types"": [{""type"": ""String"", ""StringQualifiers"": ""16""}]}, {""id"": ""ВебСайт"", ""name"": ""Веб сайт"", ""types"": [{""type"": ""String"", ""StringQualifiers"": ""40""}]}, {""id"": ""ВидЦен"", ""name"": ""Вид цен"", ""types"": [{""type"": ""Ref"", ""id"": ""Справочник.ВидыЦен""}]}, {""id"": ""ДополнительнаяИнформация"", ""name"": ""Дополнительная информация"", ""types"": [{""type"": ""String"", ""StringQualifiers"": ""0""}]}, {""id"": ""КонтактноеЛицо"", ""name"": ""Контактное лицо"", ""types"": [{""type"": ""String"", ""StringQualifiers"": ""100""}]}, {""id"": ""Широта"", ""name"": ""Широта"", ""types"": [{""type"": ""Number"", ""NumberQualifiers"": ""10.6""}]}, {""id"": ""Долгота"", ""name"": ""Долгота"", ""types"": [{""type"": ""Number"", ""NumberQualifiers"": ""10.6""}]}]}, {""id"": ""Товары"", ""name"": ""Товары"", ""Attributes"": [{""id"": ""Артикул"", ""name"": ""Артикул"", ""types"": [{""type"": ""String"", ""StringQualifiers"": ""15""}]}, {""id"": ""Поставщик"", ""name"": ""Поставщик"", ""types"": [{""type"": ""Ref"", ""id"": ""Справочник.Контрагенты""}]}, {""id"": ""ФайлКартинки"", ""name"": ""Картинка"", ""types"": [{""type"": ""Ref"", ""id"": ""Справочник.ХранимыеФайлы""}]}, {""id"": ""Вид"", ""name"": ""Вид"", ""types"": []}, {""id"": ""Штрихкод"", ""name"": ""Штрихкод"", ""types"": [{""type"": ""String"", ""StringQualifiers"": ""20""}]}, {""id"": ""Описание"", ""name"": ""Описание"", ""types"": [{""type"": ""String"", ""StringQualifiers"": ""0""}]}]}, {""id"": ""ХранимыеФайлы"", ""name"": ""Хранимые файлы"", ""Attributes"": [{""id"": ""ДанныеФайла"", ""name"": ""Данные файла"", ""types"": []}, {""id"": ""ИмяФайла"", ""name"": ""Имя файла"", ""types"": [{""type"": ""String"", ""StringQualifiers"": ""0""}]}, {""id"": ""Подпись"", ""name"": ""Подпись"", ""types"": []}, {""id"": ""Подписан"", ""name"": ""Подписан"", ""types"": [{""type"": ""Boolean""}]}, {""id"": ""Зашифрован"", ""name"": ""Зашифрован"", ""types"": [{""type"": ""Boolean""}]}, {""id"": ""ДляОписания"", ""name"": ""Для описания"", ""types"": [{""type"": ""Boolean""}]}]}]}",task_073,server,high,task5_сложн_Куликова_v1.epf,"Функция ПолучитьДанныеФайла(ФайлСсылка)
    
    // Инициализация структуры результата с пустыми значениями
    Результат = Новый Структура;
    Результат.Вставить(""Ссылка"", ФайлСсылка);
    Результат.Вставить(""СсылкаНаДвоичныеДанныеФайла"", """");
    Результат.Вставить(""Владелец"", Неопределено);
    Результат.Вставить(""ИмяФайла"", """");
    Результат.Вставить(""Наименование"", """");
    Результат.Вставить(""Расширение"", """");
    Результат.Вставить(""Подписан"", Ложь);
    Результат.Вставить(""Зашифрован"", Ложь);
    Результат.Вставить(""Ширина"", 0);
    Результат.Вставить(""Высота"", 0);
    Результат.Вставить(""Размер"", 0);
    
    // Если передана пустая ссылка, возвращаем структуру с пустыми значениями
    Если ФайлСсылка.Пустая() Тогда
        Возврат Результат;
    КонецЕсли;
    
    // Получение данных файла через запрос
    Запрос = Новый Запрос;
    Запрос.Текст = 
    ""ВЫБРАТЬ
    |   ХранимыеФайлы.Ссылка КАК Ссылка,
    |   ХранимыеФайлы.Владелец КАК Владелец,
    |   ХранимыеФайлы.ИмяФайла КАК ИмяФайла,
    |   ХранимыеФайлы.Наименование КАК Наименование,
    |   ХранимыеФайлы.Подписан КАК Подписан,
    |   ХранимыеФайлы.Зашифрован КАК Зашифрован,
    |   ХранимыеФайлы.ДанныеФайла КАК ДанныеФайла
    |ИЗ
    |   Справочник.ХранимыеФайлы КАК ХранимыеФайлы
    |ГДЕ
    |   ХранимыеФайлы.Ссылка = &ФайлСсылка"";
    
    Запрос.УстановитьПараметр(""ФайлСсылка"", ФайлСсылка);
    
    Выборка = Запрос.Выполнить().Выбрать();
    
    Если Выборка.Следующий() Тогда
        
        Результат.Ссылка = Выборка.Ссылка;
        Результат.Владелец = Выборка.Владелец;
        Результат.ИмяФайла = Выборка.ИмяФайла;
        Результат.Наименование = Выборка.Наименование;
        Результат.Подписан = Выборка.Подписан;
        Результат.Зашифрован = Выборка.Зашифрован;
        
        // Определение расширения файла (без точки)
        ПозицияТочки = СтрНайти(Результат.ИмяФайла, ""."", НаправлениеПоиска.СКонца);
        Если ПозицияТочки > 0 Тогда
            Результат.Расширение = Сред(Результат.ИмяФайла, ПозицияТочки + 1);
        КонецЕсли;
        
        // Извлечение двоичных данных из хранилища значения
        ДвоичныеДанные = Выборка.ДанныеФайла.Получить();
        
        Если ДвоичныеДанные <> Неопределено Тогда
            
            // Помещение двоичных данных во временное хранилище для передачи на клиент
            УникальныйИдентификатор = Новый УникальныйИдентификатор;
            Результат.СсылкаНаДвоичныеДанныеФайла = ПоместитьВоВременноеХранилище(ДвоичныеДанные, УникальныйИдентификатор);
            
            // Расчет размера файла в килобайтах (с округлением до 2 знаков)
            Результат.Размер = Окр(ДвоичныеДанные.Размер() / 1024, 2);
            
            // Определение ширины и высоты для PNG файлов
            Если НРег(Результат.Расширение) = ""png"" Тогда
                РазмерыКартинки = ПолучитьРазмерыPNG(ДвоичныеДанные);
                Результат.Ширина = РазмерыКартинки.Ширина;
                Результат.Высота = РазмерыКартинки.Высота;
            КонецЕсли;
            
        КонецЕсли;
        
    КонецЕсли;
    
    Возврат Результат;
    
КонецФункции

// Вспомогательная функция для безопасного получения размеров PNG из двоичных данных 
// без использования объекта Картинка, который может вызвать исключение на некорректных данных
Функция ПолучитьРазмерыPNG(ДвоичныеДанные)
    
    Ширина = 0;
    Высота = 0;
    
    // Минимальный размер корректного PNG файла - 24 байта (сигнатура + IHDR chunk)
    Если ДвоичныеДанные <> Неопределено И ДвоичныеДанные.Размер() >= 24 Тогда
        
        Буфер = ДвоичныеДанные.ПрочитатьВБуферДвоичныхДанных();
        
        // Проверка 8-байтной сигнатуры PNG: 89 50 4E 47 0D 0A 1A 0A
        Если Буфер[0] = 137 И Буфер[1] = 80 И Буфер[2] = 78 И Буфер[3] = 71
            И Буфер[4] = 13 И Буфер[5] = 10 И Буфер[6] = 26 И Буфер[7] = 10 Тогда
            
            // Ширина и высота хранятся в IHDR чанке начиная с 16 байта в формате Big-Endian (4 байта на значение)
            Ширина = Буфер[16] * 16777216 + Буфер[17] * 65536 + Буфер[18] * 256 + Буфер[19];
            Высота = Буфер[20] * 16777216 + Буфер[21] * 65536 + Буфер[22] * 256 + Буфер[23];
            
        КонецЕсли;
        
    КонецЕсли;
    
    Возврат Новый Структура(""Ширина, Высота"", Ширина, Высота);
    
КонецФункции"
"Написать функцию ЗагрузитьДанныеТоваровИзJSON(СтрокаJSON), которая загружает данные товара в справочник ""Товары"" из строки JSON.  
Функция должна:
  1) преобразовать строку в формате JSON в массив структур или структуру, содержащие свойства товара.
  2) найти существующий элемент справочника ""Товары"" по обязательным свойствам ""article"" и ""description""(получены из строки JSON). Если товар не найден, создать новый элемент.
  3) заполнить свойства элемента по данным преобразованной строки, сохранить запись в справочник.

Параметр функции:
    СтрокаJSON (тип Строка) - строка в формате JSON, которая содержит данные загружаемого товара.  
    Обязательными являются свойства: 
        ""article"": артикул товара. Тип значения свойства: Строка(15). Соответствует реквизиту ""Артикул"" справочника ""Товары"". 
        ""description: наименование товара. Тип значения свойства: Строка(50). Соответствует реквизиту ""Наименование"" справочника ""Товары"".
    Необязательные свойства:
        ""counterparty_code"": код поставщика товара. Тип значения свойства: Строка(9). Соответствует реквизиту ""Код"" справочника ""Контрагенты"". 
        ""barcode"": штрихкод товара. Тип значения свойства: Строка(20). Соответствует реквизиту ""Штрихкод"" справочника ""Товары"". 
        ""type"": вид товара. Тип значения свойства: Строка. Соответствует значению перечисления ""ВидыТоваров"". 
	Пример строки JSON:   
	[
		{
		 ""article"": ""56568758746"",
		 ""description"": ""Шапка зимняя"",
		 ""counterparty_code"": ""0000001"",
		 ""type"": ""Товар"",
		 ""barcode"": ""677865456789765"" 
		 },
		 
		{
		 ""article"": ""56568758740"",
		 ""description"": ""Шапка летняя"",
		 ""counterparty_code"": ""0000001"",
		 ""type"": ""Товар"",
		 ""barcode"": ""654567893543500"" 
		 }  
    ]","{""Catalogs"": [{""id"": ""Контрагенты"", ""name"": ""Контрагенты"", ""Attributes"": [{""id"": ""Регион"", ""name"": ""Регион"", ""types"": [{""type"": ""Ref"", ""id"": ""Справочник.Регионы""}]}, {""id"": ""Индекс"", ""name"": ""Индекс"", ""types"": [{""type"": ""String"", ""StringQualifiers"": ""10""}]}, {""id"": ""Страна"", ""name"": ""Страна"", ""types"": [{""type"": ""String"", ""StringQualifiers"": ""0""}]}, {""id"": ""Город"", ""name"": ""Город"", ""types"": [{""type"": ""String"", ""StringQualifiers"": ""0""}]}, {""id"": ""Улица"", ""name"": ""Улица"", ""types"": [{""type"": ""String"", ""StringQualifiers"": ""0""}]}, {""id"": ""Дом"", ""name"": ""Дом"", ""types"": [{""type"": ""String"", ""StringQualifiers"": ""15""}]}, {""id"": ""Телефон"", ""name"": ""Телефон"", ""types"": [{""type"": ""String"", ""StringQualifiers"": ""16""}]}, {""id"": ""ЭлектроннаяПочта"", ""name"": ""Электронная почта"", ""types"": [{""type"": ""String"", ""StringQualifiers"": ""40""}]}, {""id"": ""Факс"", ""name"": ""Факс"", ""types"": [{""type"": ""String"", ""StringQualifiers"": ""16""}]}, {""id"": ""ВебСайт"", ""name"": ""Веб сайт"", ""types"": [{""type"": ""String"", ""StringQualifiers"": ""40""}]}, {""id"": ""ВидЦен"", ""name"": ""Вид цен"", ""types"": [{""type"": ""Ref"", ""id"": ""Справочник.ВидыЦен""}]}, {""id"": ""ДополнительнаяИнформация"", ""name"": ""Дополнительная информация"", ""types"": [{""type"": ""String"", ""StringQualifiers"": ""0""}]}, {""id"": ""КонтактноеЛицо"", ""name"": ""Контактное лицо"", ""types"": [{""type"": ""String"", ""StringQualifiers"": ""100""}]}, {""id"": ""Широта"", ""name"": ""Широта"", ""types"": [{""type"": ""Number"", ""NumberQualifiers"": ""10.6""}]}, {""id"": ""Долгота"", ""name"": ""Долгота"", ""types"": [{""type"": ""Number"", ""NumberQualifiers"": ""10.6""}]}]}, {""id"": ""Товары"", ""name"": ""Товары"", ""Attributes"": [{""id"": ""Артикул"", ""name"": ""Артикул"", ""types"": [{""type"": ""String"", ""StringQualifiers"": ""15""}]}, {""id"": ""Поставщик"", ""name"": ""Поставщик"", ""types"": [{""type"": ""Ref"", ""id"": ""Справочник.Контрагенты""}]}, {""id"": ""ФайлКартинки"", ""name"": ""Картинка"", ""types"": [{""type"": ""Ref"", ""id"": ""Справочник.ХранимыеФайлы""}]}, {""id"": ""Вид"", ""name"": ""Вид"", ""types"": []}, {""id"": ""Штрихкод"", ""name"": ""Штрихкод"", ""types"": [{""type"": ""String"", ""StringQualifiers"": ""20""}]}, {""id"": ""Описание"", ""name"": ""Описание"", ""types"": [{""type"": ""String"", ""StringQualifiers"": ""0""}]}]}]}",task_074,server,,task6_Куликова_v1.epf,"Функция ЗагрузитьДанныеТоваровИзJSON(СтрокаJSON)
    
    // 1. Преобразование строки JSON в массив структур
    ЧтениеJSON = Новый ЧтениеJSON;
    ЧтениеJSON.УстановитьСтроку(СтрокаJSON);
    
    МассивДанных = ПрочитатьJSON(ЧтениеJSON);
    ЧтениеJSON.Закрыть();
    
    // Если передана одна структура (не массив), помещаем в массив для унификации обработки
    Если ТипЗнч(МассивДанных) = Тип(""Структура"") Тогда
        МассивДляОбработки = Новый Массив;
        МассивДляОбработки.Добавить(МассивДанных);
    Иначе
        МассивДляОбработки = МассивДанных;
    КонецЕсли;
    
    // 2-3. Обработка каждого элемента: поиск/создание и заполнение
    Для Каждого ДанныеТовара Из МассивДляОбработки Цикл
        
        // Проверка обязательных полей
        Если Не ДанныеТовара.Свойство(""article"") Или Не ДанныеТовара.Свойство(""description"") Тогда
            Продолжить;
        КонецЕсли;
        
        АртикулТовара = ДанныеТовара.article;
        НаименованиеТовара = ДанныеТовара.description;
        
        // Поиск существующего товара по артикулу и наименованию
        Запрос = Новый Запрос;
        Запрос.Текст = 
        ""ВЫБРАТЬ 
        |	Товары.Ссылка КАК ТоварСсылка
        |ИЗ
        |	Справочник.Товары КАК Товары
        |ГДЕ
        |	Товары.Артикул = &Артикул
        |	И Товары.Наименование = &Наименование
        |	И Товары.ПометкаУдаления = ЛОЖЬ"";
        
        Запрос.УстановитьПараметр(""Артикул"", АртикулТовара);
        Запрос.УстановитьПараметр(""Наименование"", НаименованиеТовара);
        
        РезультатЗапроса = Запрос.Выполнить();
        
        Если РезультатЗапроса.Пустой() Тогда
            // Товар не найден - создаем новый элемент
            ТоварОбъект = Справочники.Товары.СоздатьЭлемент();
        Иначе
            // Товар найден - получаем объект для редактирования
            Выборка = РезультатЗапроса.Выбрать();
            Выборка.Следующий();
            ТоварОбъект = Выборка.ТоварСсылка.ПолучитьОбъект();
        КонецЕсли;
        
        // Заполнение обязательных реквизитов
        ТоварОбъект.Артикул = АртикулТовара;
        ТоварОбъект.Наименование = НаименованиеТовара;
        
        // Заполнение необязательного реквизита: штрихкод
        Если ДанныеТовара.Свойство(""barcode"") Тогда
            ТоварОбъект.Штрихкод = ДанныеТовара.barcode;
        КонецЕсли;
        
        // Заполнение необязательного реквизита: поставщик (поиск по коду контрагента)
        Если ДанныеТовара.Свойство(""counterparty_code"") И ЗначениеЗаполнено(ДанныеТовара.counterparty_code) Тогда
            ПоставщикСсылка = Справочники.Контрагенты.НайтиПоКоду(ДанныеТовара.counterparty_code);
            Если ЗначениеЗаполнено(ПоставщикСсылка) Тогда
                ТоварОбъект.Поставщик = ПоставщикСсылка;
            КонецЕсли;
        КонецЕсли;
        
        // Заполнение необязательного реквизита: вид товара (перечисление)
        Если ДанныеТовара.Свойство(""type"") И ЗначениеЗаполнено(ДанныеТовара.type) Тогда
            Попытка
                ТоварОбъект.Вид = Перечисления.ВидыТоваров[ДанныеТовара.type];
            Исключение
                // Если значение перечисления не найдено, пропускаем
            КонецПопытки;
        КонецЕсли;
        
        // Сохранение записи в справочник
        Попытка
            ТоварОбъект.Записать();
        Исключение
            // Логирование ошибки при необходимости
            // Сообщить(""Ошибка при записи товара: "" + ОписаниеОшибки());
        КонецПопытки;
        
    КонецЦикла;
    
КонецФункции"
"Написать функцию СформироватьРасчетЗаказа(ДатаНач, ДатаКон),
которая формирует расчет необходимого заказа поставщику на основе статистики продаж и текущих остатков товаров за указанный период.
Расчет должен выполняться на основании данных регистра накопления «Продажи» и регистра накопления «ТоварныеЗапасы».
Если параметры периода не переданы, функция должна автоматически устанавливать:
ДатаНач — за 30 дней до текущей даты;
ДатаКон — текущая дата (конец дня).
При этом выполняется проверка корректности периода: дата окончания не может быть меньше даты начала.
Данные выбираются из регистра РегистрНакопления.Продажи с отбором по периоду дат:
дата регистратора (Продажи.Регистратор.Дата) должна находиться в диапазоне между параметрами ДатаНач и ДатаКон (включительно).
На основании выборки рассчитывается суммарное количество продаж по каждому товару.
Далее выполняется получение остатков товаров на дату окончания периода из регистра:
РегистрНакопления.ТоварныеЗапасы.Остатки(&ДатаКон).
Результат расчета должен представлять таблицу значений (ТаблицаЗначений), где каждая строка соответствует одному товару и содержит расчет потребности в закупке.
Логика формирования расчета выполняется следующим образом:
Сначала формируется временная таблица продаж (ВТ), содержащая:
Товар — ссылка на номенклатуру;
Количество — суммарное количество продаж за период.
После этого временная таблица продаж объединяется с остатками товаров по полю Товар (левое соединение), что позволяет учитывать товары даже при отсутствии продаж.
Для каждого товара рассчитываются итоговые показатели:
КоличествоПродаж — суммарное количество продаж за период;
ОстаткиТовара — текущие остатки товара на складе на дату ДатаКон;
РекомендуемыйЗаказ — расчетное количество к закупке, определяемое по формуле:
(КоличествоПродаж − ОстаткиТовара), но не менее 0.
В итоговую таблицу включаются только те товары, у которых РекомендуемыйЗаказ больше нуля, то есть существует фактическая потребность в пополнении запасов.
Таблица значений должна содержать следующие колонки:
Товар — ссылка на справочник Товары;
КоличествоПродаж — суммарное количество продаж за анализируемый период;
ОстаткиТовара — остатки товара на дату окончания периода;
РекомендуемыйЗаказ — рекомендуемое количество к заказу поставщику.","{""AccumulationRegisters"": [{""id"": ""Продажи"", ""name"": ""Продажи"", ""RegisterType"": ""Turnovers"", ""Dimensions"": [{""id"": ""Покупатель"", ""name"": ""Покупатель"", ""types"": [{""type"": ""Ref"", ""id"": ""Справочник.Контрагенты""}]}, {""id"": ""Товар"", ""name"": ""Товар"", ""types"": [{""type"": ""Ref"", ""id"": ""Справочник.Товары""}]}], ""Resources"": [{""id"": ""Количество"", ""name"": ""Количество"", ""types"": [{""type"": ""Number"", ""NumberQualifiers"": ""10.2""}]}, {""id"": ""Сумма"", ""name"": ""Сумма"", ""types"": [{""type"": ""Number"", ""NumberQualifiers"": ""10.2""}]}]}, {""id"": ""ТоварныеЗапасы"", ""name"": ""Товарные запасы"", ""RegisterType"": ""Balance"", ""Dimensions"": [{""id"": ""Товар"", ""name"": ""Товар"", ""types"": [{""type"": ""Ref"", ""id"": ""Справочник.Товары""}]}, {""id"": ""Склад"", ""name"": ""Склад"", ""types"": [{""type"": ""Ref"", ""id"": ""Справочник.Склады""}]}], ""Resources"": [{""id"": ""Количество"", ""name"": ""Количество"", ""types"": [{""type"": ""Number"", ""NumberQualifiers"": ""10.2""}]}]}], ""Catalogs"": [{""id"": ""Товары"", ""name"": ""Товары"", ""Attributes"": [{""id"": ""Артикул"", ""name"": ""Артикул"", ""types"": [{""type"": ""String"", ""StringQualifiers"": ""15""}]}, {""id"": ""Поставщик"", ""name"": ""Поставщик"", ""types"": [{""type"": ""Ref"", ""id"": ""Справочник.Контрагенты""}]}, {""id"": ""ФайлКартинки"", ""name"": ""Картинка"", ""types"": [{""type"": ""Ref"", ""id"": ""Справочник.ХранимыеФайлы""}]}, {""id"": ""Вид"", ""name"": ""Вид"", ""types"": []}, {""id"": ""Штрихкод"", ""name"": ""Штрихкод"", ""types"": [{""type"": ""String"", ""StringQualifiers"": ""20""}]}, {""id"": ""Описание"", ""name"": ""Описание"", ""types"": [{""type"": ""String"", ""StringQualifiers"": ""0""}]}]}]}",task_075,server,mid,task6_СредняяРасчетНеобходимогоЗаказаПоставщикуПостатистикиПродаж_v3.epf,"Функция СформироватьРасчетЗаказа(ДатаНач = Неопределено, ДатаКон = Неопределено)
	
	// Установка значений по умолчанию, если параметры не переданы
	Если ДатаНач = Неопределено Тогда
		ДатаНач = НачалоДня(ТекущаяДата() - 30 * 86400);
	КонецЕсли;
	
	Если ДатаКон = Неопределено Тогда
		ДатаКон = КонецДня(ТекущаяДата());
	КонецЕсли;
	
	// Проверка корректности периода
	Если ДатаКон < ДатаНач Тогда
		ВызватьИсключение ""Дата окончания не может быть меньше даты начала"";
	КонецЕсли;
	
	Запрос = Новый Запрос;
	Запрос.Текст = 
	""ВЫБРАТЬ
	|	Продажи.Товар КАК Товар,
	|	СУММА(Продажи.Количество) КАК КоличествоПродаж
	|ПОМЕСТИТЬ ВТПродажи
	|ИЗ
	|	РегистрНакопления.Продажи КАК Продажи
	|ГДЕ
	|	Продажи.Регистратор.Дата МЕЖДУ &ДатаНач И &ДатаКон
	|
	|СГРУППИРОВАТЬ ПО
	|	Продажи.Товар
	|
	|////////////////////////////////////////////////////////////////////////////////
	|ВЫБРАТЬ
	|	ТоварныеЗапасыОстатки.Товар КАК Товар,
	|	ЕСТЬNULL(ТоварныеЗапасыОстатки.КоличествоОстаток, 0) КАК ОстаткиТовара
	|ПОМЕСТИТЬ ВТОстатки
	|ИЗ
	|	РегистрНакопления.ТоварныеЗапасы.Остатки(&ДатаКон, ) КАК ТоварныеЗапасыОстатки
	|
	|////////////////////////////////////////////////////////////////////////////////
	|ВЫБРАТЬ
	|	ВТПродажи.Товар КАК Товар,
	|	ВТПродажи.КоличествоПродаж КАК КоличествоПродаж,
	|	ЕСТЬNULL(ВТОстатки.ОстаткиТовара, 0) КАК ОстаткиТовара,
	|	ВЫБОР
	|		КОГДА ВТПродажи.КоличествоПродаж - ЕСТЬNULL(ВТОстатки.ОстаткиТовара, 0) > 0
	|			ТОГДА ВТПродажи.КоличествоПродаж - ЕСТЬNULL(ВТОстатки.ОстаткиТовара, 0)
	|		ИНАЧЕ 0
	|	КОНЕЦ КАК РекомендуемыйЗаказ
	|ИЗ
	|	ВТПродажи КАК ВТПродажи
	|		ЛЕВОЕ СОЕДИНЕНИЕ ВТОстатки КАК ВТОстатки
	|		ПО ВТПродажи.Товар = ВТОстатки.Товар
	|ГДЕ
	|	ВЫБОР
	|		КОГДА ВТПродажи.КоличествоПродаж - ЕСТЬNULL(ВТОстатки.ОстаткиТовара, 0) > 0
	|			ТОГДА ВТПродажи.КоличествоПродаж - ЕСТЬNULL(ВТОстатки.ОстаткиТовара, 0)
	|		ИНАЧЕ 0
	|	КОНЕЦ > 0"";
	
	Запрос.УстановитьПараметр(""ДатаНач"", ДатаНач);
	Запрос.УстановитьПараметр(""ДатаКон"", ДатаКон);
	
	РезультатЗапроса = Запрос.Выполнить();
	
	Возврат РезультатЗапроса.Выгрузить();

КонецФункции"
"Написать функцию УчетТоваровПоИнвентаризации(ДатаНачала, ДатаОкончания), которая формирует таблицу остатков товаров за заданный период, скорректированных по результатам инвентаризации.
Данные остатков товаров брать из регистра накопления ""ТоварныеЗапасы"".
Инвентаризаций считать документы ""ОперацияПоУчетуТоваров"", в которых реквизит ""СодержаниеОперации"" содержит одну из возможных вариаций подстрок:
   ""инвентаризация"", ""в результате инвентаризации"", ""по инвентаризации"", ""инвентар."".
     
Параметры функции:
ДатаНачала (тип: Дата) - начало периода.
ДатаОкончания (тип: Дата) - окончание периода.
   
Функция должна вернуть таблицу значений с колонками:
* Товар (тип: СправочникСсылка.Товар) - товар.
* Склад (тип: СправочникСсылка.Склады) - склад.
* Корректировка (тип : ДокументСсылка.ОперацияПоУчетуТоваров) - документ корректировки по результатам инвентаризации. 
* ЗначениеКорректировки - (тип: Число) - значение корректровки остатка товара.  
* ОстатокНаКонецПериода - (тип: Число) - остаток товара на дату окончания периода.","{""Documents"": [{""id"": ""ОперацияПоУчетуТоваров"", ""name"": ""Операция по учету товаров"", ""Attributes"": [{""id"": ""СодержаниеОперации"", ""name"": ""Содержание операции"", ""types"": [{""type"": ""String"", ""StringQualifiers"": ""0""}]}, {""id"": ""Организация"", ""name"": ""Организация"", ""types"": [{""type"": ""Ref"", ""id"": ""Справочник.Организации""}]}]}], ""AccumulationRegisters"": [{""id"": ""ТоварныеЗапасы"", ""name"": ""Товарные запасы"", ""RegisterType"": ""Balance"", ""Dimensions"": [{""id"": ""Товар"", ""name"": ""Товар"", ""types"": [{""type"": ""Ref"", ""id"": ""Справочник.Товары""}]}, {""id"": ""Склад"", ""name"": ""Склад"", ""types"": [{""type"": ""Ref"", ""id"": ""Справочник.Склады""}]}], ""Resources"": [{""id"": ""Количество"", ""name"": ""Количество"", ""types"": [{""type"": ""Number"", ""NumberQualifiers"": ""10.2""}]}]}], ""Catalogs"": [{""id"": ""Склады"", ""name"": ""Склады"", ""Attributes"": [{""id"": ""НеИспользовать"", ""name"": ""Не использовать"", ""types"": [{""type"": ""Boolean""}]}]}, {""id"": ""Товары"", ""name"": ""Товары"", ""Attributes"": [{""id"": ""Артикул"", ""name"": ""Артикул"", ""types"": [{""type"": ""String"", ""StringQualifiers"": ""15""}]}, {""id"": ""Поставщик"", ""name"": ""Поставщик"", ""types"": [{""type"": ""Ref"", ""id"": ""Справочник.Контрагенты""}]}, {""id"": ""ФайлКартинки"", ""name"": ""Картинка"", ""types"": [{""type"": ""Ref"", ""id"": ""Справочник.ХранимыеФайлы""}]}, {""id"": ""Вид"", ""name"": ""Вид"", ""types"": []}, {""id"": ""Штрихкод"", ""name"": ""Штрихкод"", ""types"": [{""type"": ""String"", ""StringQualifiers"": ""20""}]}, {""id"": ""Описание"", ""name"": ""Описание"", ""types"": [{""type"": ""String"", ""StringQualifiers"": ""0""}]}]}]}",task_076,server,high,task6_сложн_Куликова_v1.epf,"Функция УчетТоваровПоИнвентаризации(ДатаНачала, ДатаОкончания)
	
	// Создаем таблицу значений для результата
	Результат = Новая ТаблицаЗначений;
	Результат.Колонки.Добавить(""Товар"", Новый ОписаниеТипов(""СправочникСсылка.Товары""));
	Результат.Колонки.Добавить(""Склад"", Новый ОписаниеТипов(""СправочникСсылка.Склады""));
	Результат.Колонки.Добавить(""Корректировка"", Новый ОписаниеТипов(""ДокументСсылка.ОперацияПоУчетуТоваров""));
	Результат.Колонки.Добавить(""ЗначениеКорректировки"", Новый ОписаниеТипов(""Число"", , , Новый КвалификаторыЧисла(10, 2)));
	Результат.Колонки.Добавить(""ОстатокНаКонецПериода"", Новый ОписаниеТипов(""Число"", , , Новый КвалификаторыЧисла(10, 2)));
	
	Запрос = Новый Запрос;
	Запрос.Текст = 
	""ВЫБРАТЬ
	|	Остатки.Товар КАК Товар,
	|	Остатки.Склад КАК Склад,
	|	Остатки.КоличествоОстаток КАК ОстатокНаКонецПериода,
	|	ЕСТЬNULL(Корректировки.Корректировка, ДОКУМЕНТ.ОперацияПоУчетуТоваров.ПустаяСсылка()) КАК Корректировка,
	|	ЕСТЬNULL(Корректировки.ЗначениеКорректировки, 0) КАК ЗначениеКорректировки
	|ИЗ
	|	РегистрНакопления.ТоварныеЗапасы.Остатки(
	|			&ДатаОкончания,
	|			Товар В
	|				(ВЫБРАТЬ
	|					Корр.Товар КАК Товар
	|				ИЗ
	|					РегистрНакопления.ТоварныеЗапасы КАК Корр
	|				ГДЕ
	|					Корр.Регистратор ССЫЛКА Документ.ОперацияПоУчетуТоваров
	|					И Корр.Период МЕЖДУ &ДатаНачала И КОНЕЦПЕРИОДА(&ДатаОкончания, ДЕНЬ)
	|					И ВЫРАЗИТЬ(Корр.Регистратор КАК Документ.ОперацияПоУчетуТоваров).СодержаниеОперации ПОДОБНО """"%инвентар%%""""
	|					ИЛИ ВЫРАЗИТЬ(Корр.Регистратор КАК Документ.ОперацияПоУчетуТоваров).СодержаниеОперации ПОДОБНО """"%инвентар.%%"""")
	|			И Склад В
	|				(ВЫБРАТЬ
	|					Корр2.Склад КАК Склад
	|				ИЗ
	|					РегистрНакопления.ТоварныеЗапасы КАК Корр2
	|				ГДЕ
	|					Корр2.Регистратор ССЫЛКА Документ.ОперацияПоУчетуТоваров
	|					И Корр2.Период МЕЖДУ &ДатаНачала И КОНЕЦПЕРИОДА(&ДатаОкончания, ДЕНЬ)
	|					И (ВЫРАЗИТЬ(Корр2.Регистратор КАК Документ.ОперацияПоУчетуТоваров).СодержаниеОперации ПОДОБНО """"%инвентар%%""""
	|						ИЛИ ВЫРАЗИТЬ(Корр2.Регистратор КАК Документ.ОперацияПоУчетуТоваров).СодержаниеОперации ПОДОБНО """"%инвентар.%%""""))
	|	) КАК Остатки
	|
	|ЛЕВОЕ СОЕДИНЕНИЕ
	|	(ВЫБРАТЬ
	|		Движения.Товар КАК Товар,
	|		Движения.Склад КАК Склад,
	|		Движения.Регистратор КАК Корректировка,
	|		СУММА(Движения.Количество) КАК ЗначениеКорректировки
	|	ИЗ
	|		РегистрНакопления.ТоварныеЗапасы КАК Движения
	|	ГДЕ
	|		Движения.Регистратор ССЫЛКА Документ.ОперацияПоУчетуТоваров
	|		И Движения.Период МЕЖДУ &ДатаНачала И КОНЕЦПЕРИОДА(&ДатаОкончания, ДЕНЬ)
	|		И (ВЫРАЗИТЬ(Движения.Регистратор КАК Документ.ОперацияПоУчетуТоваров).СодержаниеОперации ПОДОБНО """"%инвентар%%""""
	|			ИЛИ ВЫРАЗИТЬ(Движения.Регистратор КАК Документ.ОперацияПоУчетуТоваров).СодержаниеОперации ПОДОБНО """"%инвентар.%%"""")
	|	СГРУППИРОВАТЬ ПО
	|		Движения.Товар,
	|		Движения.Склад,
	|		Движения.Регистратор) КАК Корректировки
	|ПО
	|	Остатки.Товар = Корректировки.Товар
	|	И Остатки.Склад = Корректировки.Склад"";
	
	Запрос.УстановитьПараметр(""ДатаНачала"", ДатаНачала);
	Запрос.УстановитьПараметр(""ДатаОкончания"", ДатаОкончания);
	
	Результат = Запрос.Выполнить().Выгрузить();
	
	Возврат Результат;
	
КонецФункции"
"Написать функцию ЗагрузитьЦеныТоваровJSON(СтрокаJSON), которая загружает цены товаров в регистр сведений ""ЦеныТоваров"" из строки JSON.  
Функция должна:
  1) преобразовать строку в формате JSON в массив структур или структуру. 
  2) по свойствам ""article"" и ""description"" найти элемент справочника ""Товары"". Если товар не найден, тогда цену по нему не загружать. 
  3) по свойству найти ""type_of_price"" найти элемент справочника ""ВидыЦен"". Если вид цен не найден, тогда цену не загружать. 
  4) свойство ""price"" проверить на отрицательные значения. Если цена < 0, тогда цену не загружать.
  5) создать запись в регистр сведений ""ЦеныТоваров"" с флагом Замещать = Истина.
  
Параметр функции:
    СтрокаJSON (тип Строка) - строка в формате JSON, которая содержит данные о цене товара на период.  
    Обязательными являются свойства: 
        ""article"": артикул товара. Тип значения свойства: Строка(15). Соответствует реквизиту ""Артикул"" справочника ""Товары"". 
        ""description"": наименование товара. Тип значения свойства: Строка(50). Соответствует реквизиту ""Наименование"" справочника ""Товары"".
        ""date"": период. Тип значения свойства: Дата. Соответствует полю ""Период"" регистра сведений ""ЦеныТоваров"".     
        ""type_of_price"": вид цен. Тип значения свойства: Строка(25). Соответствует реквизиту ""Наименование"" справочника ""ВидыЦен"".
        ""price"": цена. Тип значения свойства: Число(10,2). Соответствует полю ""Цена"" регистра сведений ""ЦеныТоваров"".
	Пример строки JSON:   
	{
		{
		 ""article"": ""Kol67"",
		 ""description"": ""Колбаса"",
		 ""date"": ""2024-09-01T00:00:00"",
		 ""type_of_price"": ""Оптовая"",
		 ""price"": 90 
		 },
		 
		{
		 ""article"": ""Bos0009"",
		 ""description"": ""Босоножки"",
		 ""date"": ""2024-09-01T00:00:00"",
		 ""type_of_price"": ""Розничная"",
		 ""price"": 1000 
		 }  
    }","{""InformationRegisters"": [{""id"": ""ЦеныТоваров"", ""name"": ""Цены товаров"", ""InformationRegisterPeriodicity"": ""Day"", ""WriteMode"": ""Independent"", ""Dimensions"": [{""id"": ""Товар"", ""name"": ""Товар"", ""types"": [{""type"": ""Ref"", ""id"": ""Справочник.Товары""}]}, {""id"": ""ВидЦен"", ""name"": ""Вид цен"", ""types"": [{""type"": ""Ref"", ""id"": ""Справочник.ВидыЦен""}]}], ""Resources"": [{""id"": ""Цена"", ""name"": ""Цена"", ""types"": [{""type"": ""Number"", ""NumberQualifiers"": ""10.2""}]}]}], ""Catalogs"": [{""id"": ""ВидыЦен"", ""name"": ""Виды цен"", ""Attributes"": []}, {""id"": ""Товары"", ""name"": ""Товары"", ""Attributes"": [{""id"": ""Артикул"", ""name"": ""Артикул"", ""types"": [{""type"": ""String"", ""StringQualifiers"": ""15""}]}, {""id"": ""Поставщик"", ""name"": ""Поставщик"", ""types"": [{""type"": ""Ref"", ""id"": ""Справочник.Контрагенты""}]}, {""id"": ""ФайлКартинки"", ""name"": ""Картинка"", ""types"": [{""type"": ""Ref"", ""id"": ""Справочник.ХранимыеФайлы""}]}, {""id"": ""Вид"", ""name"": ""Вид"", ""types"": []}, {""id"": ""Штрихкод"", ""name"": ""Штрихкод"", ""types"": [{""type"": ""String"", ""StringQualifiers"": ""20""}]}, {""id"": ""Описание"", ""name"": ""Описание"", ""types"": [{""type"": ""String"", ""StringQualifiers"": ""0""}]}]}]}",task_077,server,,task7_Куликова_v1.epf,"Функция ЗагрузитьЦеныТоваровJSON(СтрокаJSON)
    
    // Чтение JSON
    ЧтениеJSON = Новый ЧтениеJSON;
    ЧтениеJSON.УстановитьСтроку(СтрокаJSON);
    
    МассивДанных = ПрочитатьJSON(ЧтениеJSON);
    
    ЧтениеJSON.Закрыть();
    
    // Если пришел один объект, а не массив, преобразуем в массив
    Если ТипЗнч(МассивДанных) = Тип(""Структура"") Тогда
        ВременныйМассив = Новый Массив;
        ВременныйМассив.Добавить(МассивДанных);
        МассивДанных = ВременныйМассив;
    КонецЕсли;
    
    // Обработка каждого элемента
    Для Каждого ЭлементДанных Из МассивДанных Цикл
        
        // Проверка обязательных полей
        Если Не ЭлементДанных.Свойство(""article"") 
            ИЛИ Не ЭлементДанных.Свойство(""description"")
            ИЛИ Не ЭлементДанных.Свойство(""date"")
            ИЛИ Не ЭлементДанных.Свойство(""type_of_price"")
            ИЛИ Не ЭлементДанных.Свойство(""price"") Тогда
            Продолжить;
        КонецЕсли;
        
        // Поиск товара по артикулу и наименованию
        Запрос = Новый Запрос;
        Запрос.Текст = 
        ""ВЫБРАТЬ РАЗРЕШЕННЫЕ ПЕРВЫЕ 1
        |   Товары.Ссылка КАК Товар
        |ИЗ
        |   Справочник.Товары КАК Товары
        |ГДЕ
        |   Товары.Артикул = &Артикул
        |   И Товары.Наименование = &Наименование"";
        
        Запрос.УстановитьПараметр(""Артикул"", ЭлементДанных.article);
        Запрос.УстановитьПараметр(""Наименование"", ЭлементДанных.description);
        
        Результат = Запрос.Выполнить();
        
        Если Результат.Пустой() Тогда
            Продолжить;
        КонецЕсли;
        
        Выборка = Результат.Выбрать();
        Выборка.Следующий();
        Товар = Выборка.Товар;
        
        // Поиск вида цен по наименованию
        ВидЦен = Справочники.ВидыЦен.НайтиПоНаименованию(ЭлементДанных.type_of_price);
        Если ВидЦен = Справочники.ВидыЦен.ПустаяСсылка() Тогда
            Продолжить;
        КонецЕсли;
        
        // Проверка цены на отрицательные значения
        Цена = ЭлементДанных.price;
        Если Цена < 0 Тогда
            Продолжить;
        КонецЕсли;
        
        // Преобразование даты
        Период = ЭлементДанных.date;
        Если ТипЗнч(Период) = Тип(""Строка"") Тогда
            Период = XMLЗначение(Тип(""Дата""), Период);
        КонецЕсли;
        
        // Запись в регистр сведений
        НаборЗаписей = РегистрыСведений.ЦеныТоваров.СоздатьНаборЗаписей();
        НаборЗаписей.Отбор.Период.Установить(Период);
        НаборЗаписей.Отбор.Товар.Установить(Товар);
        НаборЗаписей.Отбор.ВидЦен.Установить(ВидЦен);
        
        Запись = НаборЗаписей.Добавить();
        Запись.Период = Период;
        Запись.Товар = Товар;
        Запись.ВидЦен = ВидЦен;
        Запись.Цена = Цена;
        
        НаборЗаписей.Записать(Истина);
        
    КонецЦикл;
    
КонецФункции"
"Написать функцию СформироватьИнвентаризациюТоваров(Склад = Неопределено, ДатаИнв = Неопределено),
которая формирует инвентаризацию товаров на складе в виде таблицы значений на указанную дату.
Инвентаризация должна формироваться на основании данных регистра накопления «ТоварныеЗапасы».
Данные выбираются из регистра РегистрНакопления.ТоварныеЗапасы.Остатки с учетом следующих условий:
остатки рассчитываются на дату, переданную в параметре ДатаИнв (на конец дня);
если склад не указан, формируется инвентаризация по всем складам;
если склад указан, выполняется отбор по конкретному складу.
Перед выполнением запроса выполняется проверка входных параметров:
если дата инвентаризации не задана, используется текущая дата;
если тип даты некорректен, формируется исключение.
Формирование инвентаризации выполняется следующим образом:
выполняется запрос к регистру накопления «ТоварныеЗапасы.Остатки» на дату инвентаризации;
данные группируются по складу и товару;
рассчитывается фактическое количество остатка товара на складе;
из результирующей выборки отбираются только позиции с ненулевыми остатками.
Результат должен представлять таблицу значений (ТаблицаЗначений), где каждая строка соответствует сочетанию:
Склад + Товар.
Таблица должна содержать следующие поля:
Склад — ссылка на склад хранения товаров (измерение регистра ТоварныеЗапасы);
Товар — номенклатура (измерение регистра ТоварныеЗапасы);
КоличествоФактическое — фактический остаток товара на складе на дату инвентаризации (ресурс регистра).
После формирования таблицы выполняется сортировка данных по складу и товару для удобства анализа инвентаризационных остатков.","{""AccumulationRegisters"": [{""id"": ""ТоварныеЗапасы"", ""name"": ""Товарные запасы"", ""RegisterType"": ""Balance"", ""Dimensions"": [{""id"": ""Товар"", ""name"": ""Товар"", ""types"": [{""type"": ""Ref"", ""id"": ""Справочник.Товары""}]}, {""id"": ""Склад"", ""name"": ""Склад"", ""types"": [{""type"": ""Ref"", ""id"": ""Справочник.Склады""}]}], ""Resources"": [{""id"": ""Количество"", ""name"": ""Количество"", ""types"": [{""type"": ""Number"", ""NumberQualifiers"": ""10.2""}]}]}], ""Catalogs"": [{""id"": ""Склады"", ""name"": ""Склады"", ""Attributes"": [{""id"": ""НеИспользовать"", ""name"": ""Не использовать"", ""types"": [{""type"": ""Boolean""}]}]}, {""id"": ""Товары"", ""name"": ""Товары"", ""Attributes"": [{""id"": ""Артикул"", ""name"": ""Артикул"", ""types"": [{""type"": ""String"", ""StringQualifiers"": ""15""}]}, {""id"": ""Поставщик"", ""name"": ""Поставщик"", ""types"": [{""type"": ""Ref"", ""id"": ""Справочник.Контрагенты""}]}, {""id"": ""ФайлКартинки"", ""name"": ""Картинка"", ""types"": [{""type"": ""Ref"", ""id"": ""Справочник.ХранимыеФайлы""}]}, {""id"": ""Вид"", ""name"": ""Вид"", ""types"": []}, {""id"": ""Штрихкод"", ""name"": ""Штрихкод"", ""types"": [{""type"": ""String"", ""StringQualifiers"": ""20""}]}, {""id"": ""Описание"", ""name"": ""Описание"", ""types"": [{""type"": ""String"", ""StringQualifiers"": ""0""}]}]}]}",task_078,server,mid,task7_СредняяИнвентаризацияТоваровСкладеа_v3.epf,"Функция СформироватьИнвентаризациюТоваров(Склад = Неопределено, ДатаИнв = Неопределено)
	
	// Проверка и обработка параметра ДатаИнв
	Если ДатаИнв = Неопределено Тогда
		ДатаИнв = ТекущаяДата();
	ИначеЕсли ТипЗнч(ДатаИнв) <> Тип(""Дата"") Тогда
		ВызватьИсключение ""Некорректный тип даты инвентаризации"";
	КонецЕсли;
	
	// Формирование условия отбора для виртуальной таблицы остатков
	УсловиеОтбора = """";
	Если Склад <> Неопределено Тогда
		УсловиеОтбора = ""Склад = &Склад"";
	КонецЕсли;
	
	// Формирование запроса к регистру накопления
	Запрос = Новый Запрос;
	Запрос.Текст = 
	""ВЫБРАТЬ
	|	ТоварныеЗапасыОстатки.Склад КАК Склад,
	|	ТоварныеЗапасыОстатки.Товар КАК Товар,
	|	ТоварныеЗапасыОстатки.КоличествоОстаток КАК КоличествоФактическое
	|ИЗ
	|	РегистрНакопления.ТоварныеЗапасы.Остатки(&Период, "" + УсловиеОтбора + "") КАК ТоварныеЗапасыОстатки
	|ГДЕ
	|	ТоварныеЗапасыОстатки.КоличествоОстаток <> 0"";
	
	// Установка параметров запроса
	Запрос.УстановитьПараметр(""Период"", КонецДня(ДатаИнв));
	Запрос.УстановитьПараметр(""Склад"", Склад);
	
	// Выполнение запроса и выгрузка результата в таблицу значений
	РезультатЗапроса = Запрос.Выполнить();
	ТаблицаРезультат = РезультатЗапроса.Выгрузить();
	
	// Сортировка данных после формирования таблицы
	ТаблицаРезультат.Сортировать(""Склад, Товар"");
	
	Возврат ТаблицаРезультат;
	
КонецФункции"
"Написать функцию ПроверитьСтрокуНаСоответствие(ИсходнаяСтрока, Фильтр), проверяет строку на соответствие заданным условиям.

Параметры:
ИсходнаяСтрока (тип: Строка) - строка для проверки.
Фильтр (тип: Структура) - структура условий отбора. 
Ключи структуры:
    * ИспользоватьТолькоКириллицу (тип: Булево) - Если значение = Истина, тогда исходная строка не должна содержать буквы латиницы.
    * ИспользоватьТолькоЦифры (тип: Булево) - Если значение = Истина, тогда исходная строка должна содержать только числа.
    * НачинаетсяС (тип: Строка) - Исходная строка должна начинаться с заданного символа или сочетания символов.
    * Подстрока (тип: Строка) - Исходная строка должна содержать заданную подстроку.   
    * ЭтоФорматДата(тип: Булево) - Если значение = Истина, исходная строка должна быть в формате дд.мм.гггг.  
    * ЭтоФорматТелефон(тип: Булево) - Если значение = Истина, исходная строка должна быть в формате +7(8) XXX-XXX-XX-XX или +7(8)(XXX)XXXXXXX или +7(8)XXXXXXXXXX.
    * ЭтоФорматEmail(тип: Булево) - Если значение = Истина, исходная строка должна быть в формате <локальная_часть>@<доменное_имя>.
    
 Функция должна вернуть Истину, если переданная строка удовлетворяет заданым условиям, иначе Ложь.",{},task_079,server,high,task7_сложн_Куликова_v1.epf,"Функция ПроверитьСтрокуНаСоответствие(ИсходнаяСтрока, Фильтр)
    
    Результат = Истина;
    
    // Проверка: ИспользоватьТолькоКириллицу
    Если Фильтр.Свойство(""ИспользоватьТолькоКириллицу"") И Фильтр.ИспользоватьТолькоКириллицу Тогда
        Для Инд = 1 По СтрДлина(ИсходнаяСтрока) Цикл
            КодСимв = КодСимвола(ИсходнаяСтрока, Инд);
            // Диапазоны кодов латинских букв: A-Z (65-90), a-z (97-122)
            Если (КодСимв >= 65 И КодСимв <= 90) ИЛИ (КодСимв >= 97 И КодСимв <= 122) Тогда
                Возврат Ложь;
            КонецЕсли;
        КонецЦикла;
    КонецЕсли;
    
    // Проверка: ИспользоватьТолькоЦифры
    Если Фильтр.Свойство(""ИспользоватьТолькоЦифры"") И Фильтр.ИспользоватьТолькоЦифры Тогда
        Если ПустаяСтрока(ИсходнаяСтрока) Тогда
            Возврат Ложь;
        КонецЕсли;
        Для Инд = 1 По СтрДлина(ИсходнаяСтрока) Цикл
            КодСимв = КодСимвола(ИсходнаяСтрока, Инд);
            // Диапазон кодов цифр: 0-9 (48-57)
            Если КодСимв < 48 ИЛИ КодСимв > 57 Тогда
                Возврат Ложь;
            КонецЕсли;
        КонецЦикла;
    КонецЕсли;
    
    // Проверка: НачинаетсяС
    Если Фильтр.Свойство(""НачинаетсяС"") И Не ПустаяСтрока(Фильтр.НачинаетсяС) Тогда
        Если Не СтрНачинаетсяС(ИсходнаяСтрока, Фильтр.НачинаетсяС) Тогда
            Возврат Ложь;
        КонецЕсли;
    КонецЕсли;
    
    // Проверка: Подстрока
    Если Фильтр.Свойство(""Подстрока"") И Не ПустаяСтрока(Фильтр.Подстрока) Тогда
        Если СтрНайти(ИсходнаяСтрока, Фильтр.Подстрока) = 0 Тогда
            Возврат Ложь;
        КонецЕсли;
    КонецЕсли;
    
    // Проверка: ЭтоФорматДата (дд.мм.гггг)
    Если Фильтр.Свойство(""ЭтоФорматДата"") И Фильтр.ЭтоФорматДата Тогда
        Если СтрДлина(ИсходнаяСтрока) <> 10 
            ИЛИ Сред(ИсходнаяСтрока, 3, 1) <> ""."" 
            ИЛИ Сред(ИсходнаяСтрока, 6, 1) <> ""."" Тогда
            Возврат Ложь;
        КонецЕсли;
        
        Попытка
            ДатаПроверки = Дата(ИсходнаяСтрока);
        Исключение
            Возврат Ложь;
        КонецПопытки;
    КонецЕсли;
    
    // Проверка: ЭтоФорматТелефон
    Если Фильтр.Свойство(""ЭтоФорматТелефон"") И Фильтр.ЭтоФорматТелефон Тогда
        // Проверяем, что строка начинается с +7 или +8
        Если Не (СтрНачинаетсяС(ИсходнаяСтрока, ""+7"") ИЛИ СтрНачинаетсяС(ИсходнаяСтрока, ""+8"")) Тогда
            Возврат Ложь;
        КонецЕсли;
        
        // Извлекаем только цифры для проверки длины и формата
        ТолькоЦифры = """";
        Для Инд = 1 По СтрДлина(ИсходнаяСтрока) Цикл
            КодСимв = КодСимвола(ИсходнаяСтрока, Инд);
            Если КодСимв >= 48 И КодСимв <= 57 Тогда
                ТолькоЦифры = ТолькоЦифры + Сред(ИсходнаяСтрока, Инд, 1);
            КонецЕсли;
        КонецЦикла;
        
        // В российских номерах должно быть 11 цифр (с учетом кода страны 7 или 8)
        Если СтрДлина(ТолькоЦифры) <> 11 Тогда
            Возврат Ложь;
        КонецЕсли;
    КонецЕсли;
    
    // Проверка: ЭтоФорматEmail
    Если Фильтр.Свойство(""ЭтоФорматEmail"") И Фильтр.ЭтоФорматEmail Тогда
        ПозСобаки = СтрНайти(ИсходнаяСтрока, ""@"");
        
        // Собаки нет, либо она стоит в начале, либо в конце
        Если ПозСобаки <= 1 ИЛИ ПозСобары = СтрДлина(ИсходнаяСтрока) Тогда
            Возврат Ложь;
        КонецЕсли;
        
        // Проверяем доменную часть: должна содержать точку и иметь длину хотя бы 3 символа (например a.b)
        ДоменнаяЧасть = Сред(ИсходнаяСтрока, ПозСобаки + 1);
        Если СтрНайти(ДоменнаяЧасть, ""."") = 0 ИЛИ СтрДлина(ДоменнаяЧасть) < 3 Тогда
            Возврат Ложь;
        КонецЕсли;
    КонецЕсли;
    
    Возврат Результат;
    
КонецФункции"
"Написать функцию ЗагрузитьРасчетныеСчетаКонтрагентовJSON(СтрокаJSON), которая загружает расчетные счета в справочник ""РасчетныеСчетаКонтрагентов"".  
Функция должна:
  1) преобразовать строку в формате JSON в массив структур или структуру. 
  2) по свойству ""bank_description"" найти элемент справочника ""Банки"". Если элемент не найден или помечен на удаление, загрузку не проводить.
  3) по свойству ""counterparty_code"" найти элемент справочника ""Контрагенты"". Если элемент не найден или помечен на удаление, загрузку не проводить.
  4) создать новый элемент справочника ""РасчетныеСчетаКонтрагентов"". Если элемент не уникален, элемент не записывать. 
  
Параметр функции:
    СтрокаJSON (тип Строка) - строка в формате JSON, которая содержит данные о цене товара на период.  
    Обязательными являются свойства: 
        ""bank_description"": наименование банка. Тип значения свойства: Строка(25). Соответствует реквизиту ""Наименование"" справочника ""Банки"". 
        ""counterparty_code"": код контрагента. Тип значения свойства: Строка(9). Соответствует реквизиту ""Код"" справочника ""Контрагенты"".
        ""number"": номер счета. Тип значения свойства: Строка(20). Соответствует реквизиту ""Номер"" справочника ""РасчетныеСчетаКонтрагентов"".     
   	Пример строки JSON:   
	{
		{
		 ""bank_description"": ""РемКом Банк"",
		 ""counterparty_code"": ""Мосхлеб ОАО"",
		 ""number"": ""19634532354341"" 
		 },
		 
		{
		 ""bank_description"": ""Первый Московский Банк"",
		 ""counterparty_code"": ""Магазин """"Обувь"""""",
		 ""number"": ""94639532354001""
		 }  
    }","{""Catalogs"": [{""id"": ""Банки"", ""name"": ""Банки"", ""Attributes"": []}, {""id"": ""Контрагенты"", ""name"": ""Контрагенты"", ""Attributes"": [{""id"": ""Регион"", ""name"": ""Регион"", ""types"": [{""type"": ""Ref"", ""id"": ""Справочник.Регионы""}]}, {""id"": ""Индекс"", ""name"": ""Индекс"", ""types"": [{""type"": ""String"", ""StringQualifiers"": ""10""}]}, {""id"": ""Страна"", ""name"": ""Страна"", ""types"": [{""type"": ""String"", ""StringQualifiers"": ""0""}]}, {""id"": ""Город"", ""name"": ""Город"", ""types"": [{""type"": ""String"", ""StringQualifiers"": ""0""}]}, {""id"": ""Улица"", ""name"": ""Улица"", ""types"": [{""type"": ""String"", ""StringQualifiers"": ""0""}]}, {""id"": ""Дом"", ""name"": ""Дом"", ""types"": [{""type"": ""String"", ""StringQualifiers"": ""15""}]}, {""id"": ""Телефон"", ""name"": ""Телефон"", ""types"": [{""type"": ""String"", ""StringQualifiers"": ""16""}]}, {""id"": ""ЭлектроннаяПочта"", ""name"": ""Электронная почта"", ""types"": [{""type"": ""String"", ""StringQualifiers"": ""40""}]}, {""id"": ""Факс"", ""name"": ""Факс"", ""types"": [{""type"": ""String"", ""StringQualifiers"": ""16""}]}, {""id"": ""ВебСайт"", ""name"": ""Веб сайт"", ""types"": [{""type"": ""String"", ""StringQualifiers"": ""40""}]}, {""id"": ""ВидЦен"", ""name"": ""Вид цен"", ""types"": [{""type"": ""Ref"", ""id"": ""Справочник.ВидыЦен""}]}, {""id"": ""ДополнительнаяИнформация"", ""name"": ""Дополнительная информация"", ""types"": [{""type"": ""String"", ""StringQualifiers"": ""0""}]}, {""id"": ""КонтактноеЛицо"", ""name"": ""Контактное лицо"", ""types"": [{""type"": ""String"", ""StringQualifiers"": ""100""}]}, {""id"": ""Широта"", ""name"": ""Широта"", ""types"": [{""type"": ""Number"", ""NumberQualifiers"": ""10.6""}]}, {""id"": ""Долгота"", ""name"": ""Долгота"", ""types"": [{""type"": ""Number"", ""NumberQualifiers"": ""10.6""}]}]}, {""id"": ""РасчетныеСчетаКонтрагентов"", ""name"": ""Расчетные счета контрагентов"", ""Attributes"": [{""id"": ""Номер"", ""name"": ""Номер"", ""types"": [{""type"": ""String"", ""StringQualifiers"": ""20""}]}, {""id"": ""Банк"", ""name"": ""Банк"", ""types"": [{""type"": ""Ref"", ""id"": ""Справочник.Банки""}]}]}]}",task_080,server,,task8_Куликова_v1.epf,"Функция ЗагрузитьРасчетныеСчетаКонтрагентовJSON(СтрокаJSON)
    
    КоличествоЗагруженных = 0;
    
    // 1) Преобразование строки JSON в массив структур
    Попытка
        ЧтениеJSON = Новый ЧтениеJSON;
        ЧтениеJSON.УстановитьСтроку(СтрокаJSON);
        МассивДанных = ПрочитатьJSON(ЧтениеJSON);
        ЧтениеJSON.Закрыть();
    Исключение
        Возврат КоличествоЗагруженных;
    КонецПопытки;
    
    Если ТипЗнч(МассивДанных) <> Тип(""Массив"") Тогда
        Возврат КоличествоЗагруженных;
    КонецЕсли;
    
    Для Каждого ЭлементДанных Из МассивДанных Цикл
        
        // Проверка наличия обязательных свойств
        Если НЕ (ЭлементДанных.Свойство(""bank_description"") И ЭлементДанных.Свойство(""counterparty_code"") И ЭлементДанных.Свойство(""number"")) Тогда
            Продолжить;
        КонецЕсли;
        
        // 2) Поиск банка по свойству ""bank_description""
        ЗапросБанк = Новый Запрос;
        ЗапросБанк.Текст = 
        ""ВЫБРАТЬ ПЕРВЫЕ 1
        |	Банки.Ссылка КАК БанкСсылка
        |ИЗ
        |	Справочник.Банки КАК Банки
        |ГДЕ
        |	Банки.Наименование = &Наименование
        |	И Банки.ПометкаУдаления = ЛОЖЬ"";
        
        ЗапросБанк.УстановитьПараметр(""Наименование"", ЭлементДанных.bank_description);
        РезультатБанк = ЗапросБанк.Выполнить();
        
        Если РезультатБанк.Пустой() Тогда
            Продолжить; // Банк не найден или помечен на удаление
        КонецЕсли;
        
        ВыборкаБанк = РезультатБанк.Выбрать();
        ВыборкаБанк.Следующий();
        БанкСсылка = ВыборкаБанк.БанкСсылка;
        
        // 3) Поиск контрагента по свойству ""counterparty_code""
        ЗапросКонтрагент = Новый Запрос;
        ЗапросКонтрагент.Текст = 
        ""ВЫБРАТЬ ПЕРВЫЕ 1
        |	Контрагенты.Ссылка КАК КонтрагентСсылка
        |ИЗ
        |	Справочник.Контрагенты КАК Контрагенты
        |ГДЕ
        |	Контрагенты.Код = &Код
        |	И Контрагенты.ПометкаУдаления = ЛОЖЬ"";
        
        ЗапросКонтрагент.УстановитьПараметр(""Код"", ЭлементДанных.counterparty_code);
        РезультатКонтрагент = ЗапросКонтрагент.Выполнить();
        
        Если РезультатКонтрагент.Пустой() Тогда
            Продолжить; // Контрагент не найден или помечен на удаление
        КонецЕсли;
        
        ВыборкаКонтрагент = РезультатКонтрагент.Выбрать();
        ВыборкаКонтрагент.Следующий();
        КонтрагентСсылка = ВыборкаКонтрагент.КонтрагентСсылка;
        
        // 4) Проверка уникальности и создание нового элемента
        // Проверяем уникальность по сочетанию Владелец, Банк и Номер
        ЗапросУникальность = Новый Запрос;
        ЗапросУникальность.Текст = 
        ""ВЫБРАТЬ ПЕРВЫЕ 1
        |	РасчетныеСчетаКонтрагентов.Ссылка КАК СчетСсылка
        |ИЗ
        |	Справочник.РасчетныеСчетаКонтрагентов КАК РасчетныеСчетаКонтрагентов
        |ГДЕ
        |	РасчетныеСчетаКонтрагентов.Владелец = &Владелец
        |	И РасчетныеСчетаКонтрагентов.Банк = &Банк
        |	И РасчетныеСчетаКонтрагентов.Номер = &Номер"";
        
        ЗапросУникальность.УстановитьПараметр(""Владелец"", КонтрагентСсылка);
        ЗапросУникальность.УстановитьПараметр(""Банк"", БанкСсылка);
        ЗапросУникальность.УстановитьПараметр(""Номер"", ЭлементДанных.number);
        
        Если НЕ ЗапросУникальность.Выполнить().Пустой() Тогда
            Продолжить; // Элемент не уникален, пропускаем загрузку
        КонецЕсли;
        
        // Создание и заполнение нового элемента справочника
        НовыйСчет = Справочники.РасчетныеСчетаКонтрагентов.СоздатьЭлемент();
        НовыйСчет.Владелец = КонтрагентСсылка;
        НовыйСчет.Банк = БанкСсылка;
        НовыйСчет.Номер = ЭлементДанных.number;
        
        Попытка
            НовыйСчет.Записать();
            КоличествоЗагруженных = КоличествоЗагруженных + 1;
        Исключение
            // Обработка возможных ошибок записи (например, нарушение уникальности на уровне БД)
            ЗаписьЖурналаРегистрации(НСтр(""ru = 'Загрузка расчетных счетов контрагентов'""), УровеньЖурналаРегистрации.Ошибка, , , ОписаниеОшибки());
        КонецПопытки;
        
    КонецЦикла;
    
    Возврат КоличествоЗагруженных;
    
КонецФункции"
"Написать функцию ПроверкаКорректностиЗаполненияНоменклатуры(),
которая выполняет проверку корректности заполнения карточек номенклатуры (товаров) в справочнике «Товары» и формирует таблицу с перечнем некорректно заполненных позиций.
Проверка должна выполняться на основании данных справочника Справочник.Товары.
В процессе обработки анализируются основные обязательные реквизиты номенклатуры:
Наименование;
Штрихкод;
Описание;
Ссылка на элемент номенклатуры.
Функция должна выполнять выборку всех элементов справочника «Товары» без ограничения по периоду и без дополнительных отборов, так как задача направлена на контроль качества заполнения нормативно-справочной информации.
Алгоритм работы функции следующий:
Сначала формируется запрос к справочнику Товары, в котором выбираются поля:
Ссылка, Наименование, Штрихкод, Описание.
После выполнения запроса результат выгружается в таблицу значений для последующей программной обработки.
Далее создаётся результирующая таблица значений со следующей структурой колонок:
Товар (СправочникСсылка.Товары);
Наименование (Строка);
Штрихкод (Строка);
Описание (Строка);
КорректноЗаполнено (Булево).
Затем выполняется цикл по всем строкам выборки.
Для каждой позиции номенклатуры производится логическая проверка заполненности обязательных реквизитов с использованием функций ЗначениеЗаполнено и ПустаяСтрока.
Элемент номенклатуры считается заполненным некорректно, если:
отсутствует наименование;
не заполнен штрихкод;
отсутствует описание товара.
В случае выявления некорректно заполненных данных в результирующую таблицу добавляется новая строка, в которой фиксируются:
ссылка на товар, его наименование, штрихкод, описание и признак КорректноЗаполнено = Ложь.
Если все обязательные реквизиты заполнены корректно, запись в результирующую таблицу не добавляется, что позволяет формировать список только проблемных позиций номенклатуры.
После завершения обработки всех элементов справочника результирующая таблица сортируется по колонке «Наименование» в возрастающем порядке для удобства анализа пользователем.
Функция должна возвращать объект типа ТаблицаЗначений, содержащий перечень номенклатуры с ошибками заполнения.
Пустая таблица значений считается корректным результатом и означает, что все карточки номенклатуры заполнены правильно и не требуют дополнительной проверки или корректировки.","{""Catalogs"": [{""id"": ""Товары"", ""name"": ""Товары"", ""Attributes"": [{""id"": ""Артикул"", ""name"": ""Артикул"", ""types"": [{""type"": ""String"", ""StringQualifiers"": ""15""}]}, {""id"": ""Поставщик"", ""name"": ""Поставщик"", ""types"": [{""type"": ""Ref"", ""id"": ""Справочник.Контрагенты""}]}, {""id"": ""ФайлКартинки"", ""name"": ""Картинка"", ""types"": [{""type"": ""Ref"", ""id"": ""Справочник.ХранимыеФайлы""}]}, {""id"": ""Вид"", ""name"": ""Вид"", ""types"": []}, {""id"": ""Штрихкод"", ""name"": ""Штрихкод"", ""types"": [{""type"": ""String"", ""StringQualifiers"": ""20""}]}, {""id"": ""Описание"", ""name"": ""Описание"", ""types"": [{""type"": ""String"", ""StringQualifiers"": ""0""}]}]}]}",task_081,server,mid,task8_СредняяПроверкаКорректностиЗаполненияХарактеристикНоменклатуры_v3.epf,"Функция ПроверкаКорректностиЗаполненияНоменклатуры()
	
	Запрос = Новый Запрос;
	Запрос.Текст = 
	""ВЫБРАТЬ
	|	Товары.Ссылка КАК Ссылка,
	|	Товары.Наименование КАК Наименование,
	|	Товары.Штрихкод КАК Штрихкод,
	|	Товары.Описание КАК Описание
	|ИЗ
	|	Справочник.Товары КАК Товары"";
	
	РезультатЗапроса = Запрос.Выполнить();
	ТаблицаДанных = РезультатЗапроса.Выгрузить();
	
	// Создание результирующей таблицы
	Результат = Новый ТаблицаЗначений;
	Результат.Колонки.Добавить(""Товар"", Новый ОписаниеТипов(""СправочникСсылка.Товары""));
	Результат.Колонки.Добавить(""Наименование"", Новый ОписаниеТипов(""Строка""));
	Результат.Колонки.Добавить(""Штрихкод"", Новый ОписаниеТипов(""Строка""));
	Результат.Колонки.Добавить(""Описание"", Новый ОписаниеТипов(""Строка""));
	Результат.Колонки.Добавить(""КорректноЗаполнено"", Новый ОписаниеТипов(""Булево""));
	
	// Обработка данных
	Для Каждого СтрокаДанных Из ТаблицаДанных Цикл
		
		Некорректно = Ложь;
		
		// Проверка наименования
		Если Не ЗначениеЗаполнено(СтрокаДанных.Наименование) Или ПустаяСтрока(СтрокаДанных.Наименование) Тогда
			Некорректно = Истина;
		КонецЕсли;
		
		// Проверка штрихкода
		Если Не ЗначениеЗаполнено(СтрокаДанных.Штрихкод) Или ПустаяСтрока(СтрокаДанных.Штрихкод) Тогда
			Некорректно = Истина;
		КонецЕсли;
		
		// Проверка описания
		Если Не ЗначениеЗаполнено(СтрокаДанных.Описание) Или ПустаяСтрока(СтрокаДанных.Описание) Тогда
			Некорректно = Истина;
		КонецЕсли;
		
		Если Некорректно Тогда
			НоваяСтрока = Результат.Добавить();
			НоваяСтрока.Товар = СтрокаДанных.Ссылка;
			НоваяСтрока.Наименование = СтрокаДанных.Наименование;
			НоваяСтрока.Штрихкод = СтрокаДанных.Штрихкод;
			НоваяСтрока.Описание = СтрокаДанных.Описание;
			НоваяСтрока.КорректноЗаполнено = Ложь;
		КонецЕсли;
		
	КонецЦикла;
	
	// Сортировка по наименованию в возрастающем порядке
	Результат.Сортировать(""Наименование Возр"");
	
	Возврат Результат;
	
КонецФункции"
"Написать функцию СформироватьОтчетВзаимосвязьПродажТоваровВариантТаблица(ДатаНачала, ДатаОкончания, СравниваемыйТовар), которая формирует отчет на сервере ""ВзаимосвязьПродажТоваров"" на заданный период 
и подменят стандартную структуру отчета(диаграмма) на таблицу. 
 
Функция должна программно сформировать отчет ""ВзаимосвязьПродажТоваров"", вариант отчета ""Основной"". 
Настройки отчета:
	Параметры отчета: НачалоПериода, КонецПериода, СравниваемыйТовар. 
	    Значения параметов: НачалоПериода = ДатаНачала, КонецПериода = ДатаОкончания, СравниваемыйТовар = СравниваемыйТовар(брать из параметров функции)
	Структура отчета: Таблица
	                     *cтроки: Товар. ТипГруппировки = Элементы, ТипДополнения = БезДополнения.    
	                     *столбцы: Период. ТипГруппировки = Элементы, ТипДополнения = БезДополнения.
	Параметры вывода: ВыводитьПараметрыДанных = Не выводить,
	                  ВыводитьОтбор = Не выводить. 
	                  ВертикальноеРасположениеОбщихИтогов = Нет.
Параметры функции:  
ДатаНачала (тип: Дата) - начало периода.
ДатаОкончания (тип: Дата) - окончание периода.
СравниваемыйТовар (тип: СправочникСсылка.Товары) - товар.

Возвращаемое значение: ТабличныйДокумент.","{""Catalogs"": [{""id"": ""Товары"", ""name"": ""Товары"", ""Attributes"": [{""id"": ""Артикул"", ""name"": ""Артикул"", ""types"": [{""type"": ""String"", ""StringQualifiers"": ""15""}]}, {""id"": ""Поставщик"", ""name"": ""Поставщик"", ""types"": [{""type"": ""Ref"", ""id"": ""Справочник.Контрагенты""}]}, {""id"": ""ФайлКартинки"", ""name"": ""Картинка"", ""types"": [{""type"": ""Ref"", ""id"": ""Справочник.ХранимыеФайлы""}]}, {""id"": ""Вид"", ""name"": ""Вид"", ""types"": []}, {""id"": ""Штрихкод"", ""name"": ""Штрихкод"", ""types"": [{""type"": ""String"", ""StringQualifiers"": ""20""}]}, {""id"": ""Описание"", ""name"": ""Описание"", ""types"": [{""type"": ""String"", ""StringQualifiers"": ""0""}]}]}]}",task_082,server,high,task8_сложн_Куликова_v1.epf,"Функция СформироватьОтчетВзаимосвязьПродажТоваровВариантТаблица(ДатаНачала, ДатаОкончания, СравниваемыйТовар) Экспорт
    
    ОтчетОбъект = Отчеты.ВзаимосвязьПродажТоваров.Создать();
    
    // Загрузка варианта отчета ""Основной""
    Схема = ОтчетОбъект.КомпоновщикНастроек.СхемаКомпоновкиДанных;
    Вариант = Схема.Варианты.Найти(""Основной"");
    Если Вариант <> Неопределено Тогда
        ОтчетОбъект.КомпоновщикНастроек.ЗагрузитьНастройки(Вариант.Настройки);
    КонецЕсли;
    
    Настройки = ОтчетОбъект.КомпоновщикНастроек.Настройки;
    
    // Установка параметров отчета
    УстановитьПараметрОтчета(Настройки, ""НачалоПериода"", ДатаНачала);
    УстановитьПараметрОтчета(Настройки, ""КонецПериода"", ДатаОкончания);
    УстановитьПараметрОтчета(Настройки, ""СравниваемыйТовар"", СравниваемыйТовар);
    
    // Настройка структуры отчета (замена диаграммы на таблицу)
    Настройки.Структура.Очистить();
    
    ТаблицаГруппировка = Настройки.Структура.Добавить(Тип(""ГруппировкаКомпоновкиДанных""));
    ТаблицаГруппировка.ТипГруппировки = ТипГруппировкиКомпоновкиДанных.Таблица;
    
    // Строки: Товар
    ГруппировкаСтрок = ТаблицаГруппировка.Структура.Добавить(Тип(""ГруппировкаКомпоновкиДанных""));
    ПолеТовар = Новый ПолеКомпоновкиДанных(""Товар"");
    ЭлементГруппировкиСтрок = ГруппировкаСтрок.ПоляГруппировки.Элементы.Добавить(ПолеТовар);
    ЭлементГруппировкиСтрок.ТипГруппировки = ТипГруппировкиЭлементаКомпоновкиДанных.Элементы;
    ЭлементГруппировкиСтрок.ТипДополнения = ТипДополненияЭлементаКомпоновкиДанных.БезДополнения;
    
    // Столбцы: Период
    ГруппировкаСтолбцов = ТаблицаГруппировка.Структура.Добавить(Тип(""ГруппировкаКомпоновкиДанных""));
    ПолеПериод = Новый ПолеКомпоновкиДанных(""Период"");
    ЭлементГруппировкиСтолбцов = ГруппировкаСтолбцов.ПоляГруппировки.Элементы.Добавить(ПолеПериод);
    ЭлементГруппировкиСтолбцов.ТипГруппировки = ТипГруппировкиЭлементаКомпоновкиДанных.Элементы;
    ЭлементГруппировкиСтолбцов.ТипДополнения = ТипДополненияЭлементаКомпоновкиДанных.БезДополнения;
    
    // Установка параметров вывода
    УстановитьПараметрВывода(Настройки, ""ВыводитьПараметрыДанных"", ТипВыводаПараметровКомпоновкиДанных.НеВыводить);
    УстановитьПараметрВывода(Настройки, ""ВыводитьОтбор"", ТипВыводаОтбораКомпоновкиДанных.НеВыводить);
    УстановитьПараметрВывода(Настройки, ""ВертикальноеРасположениеОбщихИтогов"", РасположениеИтоговКомпоновкиДанных.Нет);
    
    // Формирование результата
    ДокументРезультат = Новый ТабличныйДокумент;
    ОтчетОбъект.СкомпоноватьРезультат(ДокументРезультат, Настройки);
    
    Возврат ДокументРезультат;
    
КонецФункции

// Вспомогательная процедура для установки параметров данных отчета
Процедура УстановитьПараметрОтчета(Настройки, ИмяПараметра, ЗначениеПараметра)
    
    Параметр = Настройки.ПараметрыДанных.Элементы.НайтиЗначениеПараметра(Новый ПараметрКомпоновкиДанных(ИмяПараметра));
    Если Параметр <> Неопределено Тогда
        Параметр.Использование = Истина;
        Параметр.Значение = ЗначениеПараметра;
    КонецЕсли;
    
КонецПроцедуры

// Вспомогательная процедура для установки параметров вывода отчета
Процедура УстановитьПараметрВывода(Настройки, ИмяПараметра, ЗначениеПараметра)
    
    Параметр = Настройки.ПараметрыВывода.Элементы.НайтиЗначениеПараметра(Новый ПараметрКомпоновкиДанных(ИмяПараметра));
    Если Параметр = Неопределено Тогда
        Параметр = Настройки.ПараметрыВывода.Элементы.Добавить();
        Параметр.Параметр = Новый ПараметрКомпоновкиДанных(ИмяПараметра);
    КонецЕсли;
    Параметр.Использование = Истина;
    Параметр.Значение = ЗначениеПараметра;
    
КонецПроцедуры"
"Написать функцию ВыгрузитьЗадолженностьКонтрагентовВJSON(), которая выгружает данные о задолженности контрагентов в файл JSON.   
Данные о задолженности брать из регистра накопления ""Взаиморасчеты"". Отбирать записи актуальные на текущую дату и для которых Сумма < 0. 

Файл должен представлять массив записей, каждая запись должна содержать поля: 

Валюта - наименование валюты. (реквизит ""Наименование"" cправочника ""Валюты"").
Контрагенты - массив записей: каждая запись должна содержать поля:
     Контрагент - наименование контрагента (реквизит ""Наименование"" cправочника ""Контрагенты""). 
     Сумма - сумма задолженности. (поле ""Сумма"" регистра накопления ""Взаиморасчеты"").     
    
Функция должна возвращать путь к получившемуся файлу.","{""AccumulationRegisters"": [{""id"": ""Взаиморасчеты"", ""name"": ""Взаиморасчеты"", ""RegisterType"": ""Balance"", ""Dimensions"": [{""id"": ""Контрагент"", ""name"": ""Контрагент"", ""types"": [{""type"": ""Ref"", ""id"": ""Справочник.Контрагенты""}]}, {""id"": ""Валюта"", ""name"": ""Валюта"", ""types"": [{""type"": ""Ref"", ""id"": ""Справочник.Валюты""}]}], ""Resources"": [{""id"": ""Сумма"", ""name"": ""Сумма"", ""types"": [{""type"": ""Number"", ""NumberQualifiers"": ""10.2""}]}]}], ""Catalogs"": [{""id"": ""Валюты"", ""name"": ""Валюты"", ""Attributes"": [{""id"": ""НаименованиеОсновнойВалюты"", ""name"": ""Наименование основной валюты"", ""types"": [{""type"": ""String"", ""StringQualifiers"": ""0""}]}, {""id"": ""НаименованиеРазменнойВалюты"", ""name"": ""Наименование разменной валюты"", ""types"": [{""type"": ""String"", ""StringQualifiers"": ""0""}]}]}, {""id"": ""Контрагенты"", ""name"": ""Контрагенты"", ""Attributes"": [{""id"": ""Регион"", ""name"": ""Регион"", ""types"": [{""type"": ""Ref"", ""id"": ""Справочник.Регионы""}]}, {""id"": ""Индекс"", ""name"": ""Индекс"", ""types"": [{""type"": ""String"", ""StringQualifiers"": ""10""}]}, {""id"": ""Страна"", ""name"": ""Страна"", ""types"": [{""type"": ""String"", ""StringQualifiers"": ""0""}]}, {""id"": ""Город"", ""name"": ""Город"", ""types"": [{""type"": ""String"", ""StringQualifiers"": ""0""}]}, {""id"": ""Улица"", ""name"": ""Улица"", ""types"": [{""type"": ""String"", ""StringQualifiers"": ""0""}]}, {""id"": ""Дом"", ""name"": ""Дом"", ""types"": [{""type"": ""String"", ""StringQualifiers"": ""15""}]}, {""id"": ""Телефон"", ""name"": ""Телефон"", ""types"": [{""type"": ""String"", ""StringQualifiers"": ""16""}]}, {""id"": ""ЭлектроннаяПочта"", ""name"": ""Электронная почта"", ""types"": [{""type"": ""String"", ""StringQualifiers"": ""40""}]}, {""id"": ""Факс"", ""name"": ""Факс"", ""types"": [{""type"": ""String"", ""StringQualifiers"": ""16""}]}, {""id"": ""ВебСайт"", ""name"": ""Веб сайт"", ""types"": [{""type"": ""String"", ""StringQualifiers"": ""40""}]}, {""id"": ""ВидЦен"", ""name"": ""Вид цен"", ""types"": [{""type"": ""Ref"", ""id"": ""Справочник.ВидыЦен""}]}, {""id"": ""ДополнительнаяИнформация"", ""name"": ""Дополнительная информация"", ""types"": [{""type"": ""String"", ""StringQualifiers"": ""0""}]}, {""id"": ""КонтактноеЛицо"", ""name"": ""Контактное лицо"", ""types"": [{""type"": ""String"", ""StringQualifiers"": ""100""}]}, {""id"": ""Широта"", ""name"": ""Широта"", ""types"": [{""type"": ""Number"", ""NumberQualifiers"": ""10.6""}]}, {""id"": ""Долгота"", ""name"": ""Долгота"", ""types"": [{""type"": ""Number"", ""NumberQualifiers"": ""10.6""}]}]}]}",task_083,server,,task9_Куликова_v1.epf,"Функция ВыгрузитьЗадолженностьКонтрагентовВJSON()
	
	Запрос = Новый Запрос;
	Запрос.Текст = 
	""ВЫБРАТЬ
	|	ВзаиморасчетыОстатки.Валюта КАК Валюта,
	|	ВзаиморасчетыОстатки.Контрагент КАК Контрагент,
	|	ВзаиморасчетыОстатки.Сумма КАК Сумма
	|ИЗ
	|	РегистрНакопления.Взаиморасчеты.Остатки(&Период) КАК ВзаиморасчетыОстатки
	|ГДЕ
	|	ВзаиморасчетыОстатки.Сумма < 0"";
	
	Запрос.Установить(""Период"", ТекущаяДата());
	
	РезультатЗапроса = Запрос.Выполнить();
	
	// Подготовка структуры для группировки данных по валютам
	ДанныеПоВалютам = Новый Соответствие;
	
	Если Не РезультатЗапроса.Пустой() Тогда
		Выборка = РезультатЗапроса.Выбрать();
		
		Пока Выборка.Следующий() Цикл
			МассивКонтрагентов = ДанныеПоВалютам.Получить(Выборка.Валюта);
			
			Если МассивКонтрагентов = Неопределено Тогда
				МассивКонтрагентов = Новый Массив;
				ДанныеПоВалютам.Вставить(Выборка.Валюта, МассивКонтрагентов);
			КонецЕсли;
			
			ЗаписьКонтрагента = Новый Структура;
			ЗаписьКонтрагента.Вставить(""Контрагент"", Выборка.Контрагент.Наименование);
			ЗаписьКонтрагента.Вставить(""Сумма"", Выборка.Сумма);
			
			МассивКонтрагентов.Добавить(ЗаписьКонтрагента);
		КонецЦикла;
	КонецЕсли;
	
	// Формирование итогового массива для выгрузки в JSON
	МассивРезультат = Новый Массив;
	Для Каждого Элемент Из ДанныеПоВалютам Цикл
		ЗаписьВалюты = Новый Структура;
		ЗаписьВалюты.Вставить(""Валюта"", Элемент.Ключ.Наименование);
		ЗаписьВалюты.Вставить(""Контрагенты"", Элемент.Значение);
		
		МассивРезультат.Добавить(ЗаписьВалюты);
	КонецЦикла;
	
	// Запись в файл JSON
	ПутьКФайлу = ПолучитьИмяВременногоФайла(""json"");
	
	ЗаписьJSON = Новый ЗаписьJSON;
	ЗаписьJSON.ОткрытьФайл(ПутьКФайлу);
	ЗаписатьJSON(ЗаписьJSON, МассивРезультат);
	ЗаписьJSON.Закрыть();
	
	Возврат ПутьКФайлу;
	
КонецФункции"
"Написать функцию СформироватьОтчетОборачиваемости(ДатаНач, ДатаКон),
которая формирует отчет по оборачиваемости товаров (товарный запас в днях) на основании данных системы учета запасов и продаж.
Отчет должен формироваться на основании регистров накопления «Продажи» и «ТоварныеЗапасы».
Данные о продажах выбираются из регистра РегистрНакопления.Продажи с отбором по периоду дат, где дата регистратора (Продажи.Регистратор.Дата) находится в диапазоне между параметрами ДатаНач и ДатаКон (включительно).
Остатки товаров определяются по регистру РегистрНакопления.ТоварныеЗапасы.Остатки на дату окончания периода.
Если параметры периода не заданы, функция автоматически устанавливает период анализа равный последним 30 календарным дням от текущей даты.
Также выполняется проверка корректности периода: дата окончания не может быть меньше даты начала.
Структура формирования отчета выполняется следующим образом:
Сначала формируется временная таблица продаж, в которой данные группируются по товару и рассчитывается суммарное количество продаж за указанный период.
Далее выполняется запрос к регистру остатков товаров, после чего данные об остатках объединяются с данными о продажах по номенклатуре (товару) с использованием левого соединения.
На основании полученных данных рассчитываются аналитические показатели:
Остаток товара на складе;
Количество продаж за период;
Среднедневные продажи (отношение количества продаж к количеству дней в периоде);
Оборачиваемость товара в днях (отношение текущего остатка к среднедневным продажам).
В случае отсутствия продаж по товару среднедневные продажи принимаются равными нулю, а оборачиваемость рассчитывается как условно высокая величина, что позволяет выявлять медленно оборачиваемые и неликвидные запасы.
Результат работы функции представляет собой ТаблицуЗначений, содержащую колонки:
Товар, Остаток, КоличествоПродаж, СреднедневныеПродажи, ОборачиваемостьВДнях.
После заполнения таблица сортируется по показателю оборачиваемости в днях в порядке убывания для удобства анализа товарных запасов и принятия управленческих решений по закупкам, списанию или перераспределению товаров.","{""AccumulationRegisters"": [{""id"": ""Продажи"", ""name"": ""Продажи"", ""RegisterType"": ""Turnovers"", ""Dimensions"": [{""id"": ""Покупатель"", ""name"": ""Покупатель"", ""types"": [{""type"": ""Ref"", ""id"": ""Справочник.Контрагенты""}]}, {""id"": ""Товар"", ""name"": ""Товар"", ""types"": [{""type"": ""Ref"", ""id"": ""Справочник.Товары""}]}], ""Resources"": [{""id"": ""Количество"", ""name"": ""Количество"", ""types"": [{""type"": ""Number"", ""NumberQualifiers"": ""10.2""}]}, {""id"": ""Сумма"", ""name"": ""Сумма"", ""types"": [{""type"": ""Number"", ""NumberQualifiers"": ""10.2""}]}]}, {""id"": ""ТоварныеЗапасы"", ""name"": ""Товарные запасы"", ""RegisterType"": ""Balance"", ""Dimensions"": [{""id"": ""Товар"", ""name"": ""Товар"", ""types"": [{""type"": ""Ref"", ""id"": ""Справочник.Товары""}]}, {""id"": ""Склад"", ""name"": ""Склад"", ""types"": [{""type"": ""Ref"", ""id"": ""Справочник.Склады""}]}], ""Resources"": [{""id"": ""Количество"", ""name"": ""Количество"", ""types"": [{""type"": ""Number"", ""NumberQualifiers"": ""10.2""}]}]}]}",task_084,server,mid,task9_СредняяОтчетПоОборачиваемостиТоваров_v3.epf,"Функция СформироватьОтчетОборачиваемости(ДатаНач, ДатаКон)
	
	// Проверка и установка периода по умолчанию (последние 30 дней)
	Если Не ЗначениеЗаполнено(ДатаНач) Или Не ЗначениеЗаполнено(ДатаКон) Тогда
		ДатаКон = КонецДня(ТекущаяДатаСеанса());
		ДатаНач = НачалоДня(ДобавитьКДате(ДатаКон, ""День"", -30));
	Иначе
		ДатаНач = НачалоДня(ДатаНач);
		ДатаКон = КонецДня(ДатаКон);
	КонецЕсли;
	
	// Проверка корректности периода
	Если ДатаКон < ДатаНач Тогда
		ВызватьИсключение(""Дата окончания не может быть меньше даты начала."");
	КонецЕсли;
	
	// Расчет количества дней в периоде (с учетом включения границ)
	// Разница в секундах + 1 секунда, чтобы включить последний день полностью
	КоличествоДней = Цел((ДатаКон - ДатаНач + 1) / 86400);
	
	Запрос = Новый Запрос;
	Запрос.Текст = ""ВЫБРАТЬ
	|	Продажи.Товар КАК Товар,
	|	СУММА(Продажи.Количество) КАК КоличествоПродаж
	|ПОМЕСТИТЬ ВТПродажи
	|ИЗ
	|	РегистрНакопления.Продажи КАК Продажи
	|ГДЕ
	|	Продажи.Регистратор.Дата МЕЖДУ &ДатаНач И &ДатаКон
	|
	|СГРУППИРОВАТЬ ПО
	|	Продажи.Товар
	|
	|ИНДЕКСИРОВАТЬ ПО
	|	Товар
	|;
	|
	|////////////////////////////////////////////////////////////////////////////////
	|ВЫБРАТЬ
	|	ТоварныеЗапасыОстатки.Товар КАК Товар,
	|	ТоварныеЗапасыОстатки.КоличествоОстаток КАК Остаток
	|ПОМЕСТИТЬ ВТООстатки
	|ИЗ
	|	РегистрНакопления.ТоварныеЗапасы.Остатки(
	|		&МоментВремени,
	|		,
	|		""Товар"",
	|		""Количество""
	|		) КАК ТоварныеЗапасыОстатки
	|
	|ИНДЕКСИРОВАТЬ ПО
	|	Товар
	|;
	|
	|////////////////////////////////////////////////////////////////////////////////
	|ВЫБРАТЬ
	|	ВТООстатки.Товар КАК Товар,
	|	ВТООстатки.Остаток КАК Остаток,
	|	ЕСТЬNULL(ВТПродажи.КоличествоПродаж, 0) КАК КоличествоПродаж,
	|	ВЫБОР
	|		КОГДА ЕСТЬNULL(ВТПродажи.КоличествоПродаж, 0) = 0
	|		ТОГДА 0
	|		ИНАЧЕ ВТПродажи.КоличествоПродаж / &КоличествоДней
	|	КОНЕЦ КАК СреднедневныеПродажи,
	|	ВЫБОР
	|		КОГДА ЕСТЬNULL(ВТПродажи.КоличествоПродаж, 0) = 0
	|		ТОГДА 999999
	|		ИНАЧЕ ВТООстатки.Остаток / (ВТПродажи.КоличествоПродаж / &КоличествоДней)
	|	КОНЕЦ КАК ОборачиваемостьВДнях
	|ИЗ
	|	ВТООстатки КАК ВТООстатки
	|		ЛЕВОЕ СОЕДИНЕНИЕ ВТПродажи КАК ВТПродажи
	|		ПО ВТООстатки.Товар = ВТПродажи.Товар
	|
	|УПОРЯДОЧИТЬ ПО
	|	ОборачиваемостьВДнях УБЫВ"";
	
	Запрос.УстановитьПараметр(""ДатаНач"", ДатаНач);
	Запрос.УстановитьПараметр(""ДатаКон"", ДатаКон);
	Запрос.УстановитьПараметр(""МоментВремени"", ДатаКон);
	Запрос.УстановитьПараметр(""КоличествоДней"", КоличествоДней);
	
	РезультатЗапроса = Запрос.Выполнить();
	
	Если РезультатЗапроса.Пустой() Тогда
		Возврат Новый ТаблицаЗначений;
	КонецЕсли;
	
	Возврат РезультатЗапроса.Выгрузить();
	
КонецФункции"
"Написать функцию СформироватьОтчетДинамикаПродажТовара(ДатаНачала, ДатаОкончания, Товар), которая формирует отчет на сервере ""ДинамикаПродаж"" на заданный период и с отбором по ""Товар"". 
Функция должна программно сформировать отчет ""ДинамикаПродаж"", вариант отчета ""ПродажиТоваровПоПокупателям"". 
Настройки отчета:
	Параметры отчета: Период 
	    Значения параметов: Период.ДатаНачала = ДатаНачала, Период.ДатаОкончания = ДатаОкончания.
	Параметры вывода: ВыводитьПараметрыДанных = Не выводить,
	                  ВыводитьОтбор = Не выводить. 
	Отбор : Товар = Товар.
	                  
Параметры функции:  
ДатаНачала (тип: Дата) - начало периода.
ДатаОкончания (тип: Дата) - окончание периода.
Товар (тип: СправочникСсылка.Товары) - товар.

Возвращаемое значение: ТабличныйДокумент.","{""Catalogs"": [{""id"": ""Товары"", ""name"": ""Товары"", ""Attributes"": [{""id"": ""Артикул"", ""name"": ""Артикул"", ""types"": [{""type"": ""String"", ""StringQualifiers"": ""15""}]}, {""id"": ""Поставщик"", ""name"": ""Поставщик"", ""types"": [{""type"": ""Ref"", ""id"": ""Справочник.Контрагенты""}]}, {""id"": ""ФайлКартинки"", ""name"": ""Картинка"", ""types"": [{""type"": ""Ref"", ""id"": ""Справочник.ХранимыеФайлы""}]}, {""id"": ""Вид"", ""name"": ""Вид"", ""types"": []}, {""id"": ""Штрихкод"", ""name"": ""Штрихкод"", ""types"": [{""type"": ""String"", ""StringQualifiers"": ""20""}]}, {""id"": ""Описание"", ""name"": ""Описание"", ""types"": [{""type"": ""String"", ""StringQualifiers"": ""0""}]}]}]}",task_085,server,high,task9_сложн_Куликова_v1.epf,"Функция СформироватьОтчетДинамикаПродажТовара(ДатаНачала, ДатаОкончания, Товар)
    
    // Создание объекта отчета и получение макета СКД
    ОтчетОбъект = Отчеты.ДинамикаПродаж.Создать();
    СхемаКомпоновкиДанных = ОтчетОбъект.ПолучитьМакет(""ОсновнаяСхемаКомпоновкиДанных"");
    
    // Установка варианта отчета ""ПродажиТоваровПоПокупателям""
    Вариант = СхемаКомпоновкиДанных.Варианты.Найти(""ПродажиТоваровПоПокупателям"");
    Если Вариант <> Неопределено Тогда
        ОтчетОбъект.КомпоновщикНастроек.ИмяВарианта = Вариант.Имя;
    КонецЕсли;
    
    // Получение текущих настроек для указанного варианта
    Настройки = ОтчетОбъект.КомпоновщикНастроек.Настройки;
    
    // Настройка периода
    ПериодОтчета = Новый СтандартныйПериод;
    ПериодОтчета.ДатаНачала = ДатаНачала;
    ПериодОтчета.ДатаОкончания = ДатаОкончания;
    Настройки.ПараметрыДанных.УстановитьЗначениеПараметра(""Период"", ПериодОтчета);
    
    // Настройка параметров вывода
    Настройки.ПараметрыВывода.УстановитьЗначениеПараметра(""ВыводитьПараметрыДанных"", ""Не выводить"");
    Настройки.ПараметрыВывода.УстановитьЗначениеПараметра(""ВыводитьОтбор"", ""Не выводить"");
    
    // Настройка отбора по товару
    ЭлементОтбора = Настройки.Отбор.Элементы.Добавить(Тип(""ЭлементОтбораКомпоновкиДанных""));
    ЭлементОтбора.ЛевоеЗначение = Новый ПолеКомпоновкиДанных(""Товар"");
    ЭлементОтбора.ВидСравнения = ВидСравненияКомпоновкиДанных.Равно;
    ЭлементОтбора.ПравоеЗначение = Товар;
    ЭлементОтбора.Использование = Истина;
    
    // Инициализация и формирование отчета
    ДанныеРасшифровки = Новый ДанныеРасшифровкиКомпоновкиДанных;
    КомпоновщикМакета = Новый КомпоновщикМакетаКомпоновкиДанных;
    МакетКомпоновки = КомпоновщикМакета.Выполнить(СхемаКомпоновкиДанных, Настройки, ДанныеРасшифровки);
    
    ПроцессорКомпоновки = Новый ПроцессорКомпоновкиДанных;
    ПроцессорКомпоновки.Инициализировать(МакетКомпоновки, , ДанныеРасшифровки);
    
    ТабличныйДокумент = Новый ТабличныйДокумент;
    ПроцессорВывода = Новый ПроцессорВыводаРезультатаКомпоновкиДанныхВТабличныйДокумент;
    ПроцессорВывода.УстановитьДокумент(ТабличныйДокумент);
    ПроцессорВывода.Вывести(ПроцессорКомпоновки);
    
    Возврат ТабличныйДокумент;

КонецФункции"
"Написать функцию ПолучитьОстаткиПоНоменклатуреПоВсемСкладам(ТаблицаТовары). Функция принимает ТаблицуЗначений.
Таблица значений содержит информацию по остаткам номенклатуры со следующими колонками:

- Номенклатура (Строка)
- Склад (Строка)
- Количество (Число)
- Сумма (Число)

Таблица может содержать несколько строк с одинаковой Номенклатурой по разным складам. 
Необходимо вернуть новую ТаблицуЗначений с тремя колонками:
- Номенклатура (Строка)
- Количество (Число)
- Сумма (Число)

Для каждой Номенклатуры должна остаться одна строка, а Количество и Сумма должны быть суммой по всем исходным строкам.

Требования:
- Использовать язык запросов.
- Не изменять входную ТаблицуЗначений.
- В возвращаемой таблице строки должны быть отсортированы по Номенклатуре по возрастанию.","{""Catalogs"": [{""id"": ""Склады"", ""name"": ""Склады"", ""Attributes"": [{""id"": ""НеИспользовать"", ""name"": ""Не использовать"", ""types"": [{""type"": ""Boolean""}]}]}, {""id"": ""Товары"", ""name"": ""Товары"", ""Attributes"": [{""id"": ""Артикул"", ""name"": ""Артикул"", ""types"": [{""type"": ""String"", ""StringQualifiers"": ""15""}]}, {""id"": ""Поставщик"", ""name"": ""Поставщик"", ""types"": [{""type"": ""Ref"", ""id"": ""Справочник.Контрагенты""}]}, {""id"": ""ФайлКартинки"", ""name"": ""Картинка"", ""types"": [{""type"": ""Ref"", ""id"": ""Справочник.ХранимыеФайлы""}]}, {""id"": ""Вид"", ""name"": ""Вид"", ""types"": []}, {""id"": ""Штрихкод"", ""name"": ""Штрихкод"", ""types"": [{""type"": ""String"", ""StringQualifiers"": ""20""}]}, {""id"": ""Описание"", ""name"": ""Описание"", ""types"": [{""type"": ""String"", ""StringQualifiers"": ""0""}]}]}]}",task_086,server,mid,Коробов_Средняя_задача.epf,"Функция ПолучитьОстаткиПоНоменклатуреПоВсемСкладам(ТаблицаТовары)
	
	Запрос = Новый Запрос;
	Запрос.Текст = 
	""ВЫБРАТЬ
	|	ВходнаяТаблица.Номенклатура КАК Номенклатура,
	|	ВходнаяТаблица.Склад КАК Склад,
	|	ВходнаяТаблица.Количество КАК Количество,
	|	ВходнаяТаблица.Сумма КАК Сумма
	|ПОМЕСТИТЬ ВременнаяТаблица
	|ИЗ
	|	&ТаблицаТовары КАК ВходнаяТаблица
	|
	|ИНДЕКСИРОВАТЬ ПО
	|	Номенклатура
	|;
	|
	|////////////////////////////////////////////////////////////////////////////////
	|ВЫБРАТЬ
	|	ВременнаяТаблица.Номенклатура КАК Номенклатура,
	|	СУММА(ВременнаяТаблица.Количество) КАК Количество,
	|	СУММА(ВременнаяТаблица.Сумма) КАК Сумма
	|ИЗ
	|	ВременнаяТаблица КАК ВременнаяТаблица
	|
	|СГРУППИРОВАТЬ ПО
	|	ВременнаяТаблица.Номенклатура
	|
	|УПОРЯДОЧИТЬ ПО
	|	Номенклатура"";
	
	Запрос.УстановитьПараметр(""ТаблицаТовары"", ТаблицаТовары);
	
	РезультатЗапроса = Запрос.Выполнить();
	
	Возврат РезультатЗапроса.Выгрузить();
	
КонецФункции"
"Реализовать функцию НайтиМаксимальноеЗначениеВКолонке(Таблица, Колонка).

Необходимо:
1) Определить максимальное значение в указанной колонке.
2) Вернуть найденное значение.

Требования:
- Использовать коллекции.
- Не изменять входную таблицу.",{},task_087,server,mid,Task11_Коробов_Средняя_НайтиМаксимальноеЗначение.epf,"// Функция находит максимальное значение в указанной колонке таблицы значений.
// Не изменяет исходную таблицу, использует механизм запросов для эффективного поиска.
//
// Параметры:
//  Таблица  - ТаблицаЗначений - исходная таблица, в которой осуществляется поиск.
//  Колонка - Строка - имя колонки, в которой нужно найти максимальное значение.
//
// Возвращаемое значение:
//  Произвольный - найденное максимальное значение. 
//  Если таблица пустая, возвращает Неопределено.
Функция НайтиМаксимальноеЗначениеВКолонке(Таблица, Колонка)
    
    // Проверка наличия колонки в таблице (защита от опечаток и ошибок)
    Если Таблица.Колонки.Найти(Колонка) = Неопределено Тогда
        ВызватьИсключение ""Колонка """""" + Колонка + """""" не найдена в переданной таблице."";
    КонецЕсли;
    
    // Если таблица пустая, максимального значения не существует
    Если Таблица.Количество() = 0 Тогда
        Возврат Неопределено;
    КонецЕсли;
    
    Запрос = Новый Запрос;
    Запрос.Текст = 
    ""ВЫБРАТЬ 
    |	МАКСИМУМ(Таблица."" + Колонка + "") КАК МаксимальноеЗначение
    |ИЗ
    |	&Таблица КАК Таблица"";
    
    Запрос.УстановитьПараметр(""Таблица"", Таблица);
    
    РезультатЗапроса = Запрос.Выполнить();
    
    // Получение значения из результата запроса
    Выборка = РезультатЗапроса.Выбрать();
    Если Выборка.Следующий() Тогда
        Возврат Выборка.МаксимальноеЗначение;
    Иначе
        Возврат Неопределено;
    КонецЕсли;
    
КонецФункции"
"Реализовать функцию НайтиДублиТоваров(Товар)

1) Проверить наличие других таких же элементов с таким же Артикулом.
2) Вернуть таблицу с перечнем найденных дублей с колонками
- Товар
- Артикул

Требования:
- Использовать запрос.
- Игнорировать текущий элемент.","{""Catalogs"": [{""id"": ""Товары"", ""name"": ""Товары"", ""Attributes"": [{""id"": ""Артикул"", ""name"": ""Артикул"", ""types"": [{""type"": ""String"", ""StringQualifiers"": ""15""}]}, {""id"": ""Поставщик"", ""name"": ""Поставщик"", ""types"": [{""type"": ""Ref"", ""id"": ""Справочник.Контрагенты""}]}, {""id"": ""ФайлКартинки"", ""name"": ""Картинка"", ""types"": [{""type"": ""Ref"", ""id"": ""Справочник.ХранимыеФайлы""}]}, {""id"": ""Вид"", ""name"": ""Вид"", ""types"": []}, {""id"": ""Штрихкод"", ""name"": ""Штрихкод"", ""types"": [{""type"": ""String"", ""StringQualifiers"": ""20""}]}, {""id"": ""Описание"", ""name"": ""Описание"", ""types"": [{""type"": ""String"", ""StringQualifiers"": ""0""}]}]}]}",task_088,server,mid,Task14_Коробов_Средняя_ДублиНоменклатуры.epf,"Функция НайтиДублиТоваров(Товар)
    
    // Проверка заполненности переданного товара
    Если Товар.Пустая() Тогда
        Возврат Новый ТаблицаЗначений;
    КонецЕсли;
    
    // Получаем артикул текущего товара
    АртикулТовара = Товар.Артикул;
    
    // Если артикул не заполнен, искать дубли нет смысла
    Если Не ЗначениеЗаполнено(АртикулТовара) Тогда
        Возврат Новый ТаблицаЗначений;
    КонецЕсли;
    
    Запрос = Новый Запрос;
    Запрос.Текст = 
    ""ВЫБРАТЬ
    |   Товары.Ссылка КАК Товар,
    |   Товары.Артикул КАК Артикул
    |ИЗ
    |   Справочник.Товары КАК Товары
    |ГДЕ
    |   Товары.Артикул = &Артикул
    |   И Товары.Ссылка <> &ТекущийТовар"";
    
    Запрос.УстановитьПараметр(""Артикул"", АртикулТовара);
    Запрос.УстановитьПараметр(""ТекущийТовар"", Товар);
    
    Результат = Запрос.Выполнить();
    
    Возврат Результат.Выгрузить();
    
КонецФункции"
"Реализовать функцию РассчитатьИтогПоКолонке(ТаблицаДанных, ИмяКолонки).

Необходимо:
1) Просуммировать значения указанной колонки.
2) Вернуть число — итоговое значение.

Требования:
- Использовать перебор коллекции.
- Не изменять входную таблицу.",{},task_089,server,mid,Task15_Коробов_Средняя_РассчитатьИтогПоКолонке.epf,"Функция РассчитатьИтогПоКолонке(ТаблицаДанных, ИмяКолонки)
    
    Итог = 0;
    
    Для Каждого СтрокаТаблицы Из ТаблицаДанных Цикл
        ЗначениеЯчейки = СтрокаТаблицы[ИмяКолонки];
        Если ЗначениеЯчейки <> Null Тогда
            Итог = Итог + ЗначениеЯчейки;
        КонецЕсли;
    КонецЦикла;
    
    Возврат Итог;
    
КонецФункции"
"Реализовать функцию ПолучитьКонтрагентовПоЧастиНаименования(СтрокаПоиска).

Необходимо:
1) Найти контрагентов по части наименования.
2) Вернуть ТаблицуЗначений:
- Ссылка
- Наименование

Требования:
- Использовать запрос.
- Выполнять поиск через ПОДОБНО.","{""Catalogs"": [{""id"": ""Контрагенты"", ""name"": ""Контрагенты"", ""Attributes"": [{""id"": ""Регион"", ""name"": ""Регион"", ""types"": [{""type"": ""Ref"", ""id"": ""Справочник.Регионы""}]}, {""id"": ""Индекс"", ""name"": ""Индекс"", ""types"": [{""type"": ""String"", ""StringQualifiers"": ""10""}]}, {""id"": ""Страна"", ""name"": ""Страна"", ""types"": [{""type"": ""String"", ""StringQualifiers"": ""0""}]}, {""id"": ""Город"", ""name"": ""Город"", ""types"": [{""type"": ""String"", ""StringQualifiers"": ""0""}]}, {""id"": ""Улица"", ""name"": ""Улица"", ""types"": [{""type"": ""String"", ""StringQualifiers"": ""0""}]}, {""id"": ""Дом"", ""name"": ""Дом"", ""types"": [{""type"": ""String"", ""StringQualifiers"": ""15""}]}, {""id"": ""Телефон"", ""name"": ""Телефон"", ""types"": [{""type"": ""String"", ""StringQualifiers"": ""16""}]}, {""id"": ""ЭлектроннаяПочта"", ""name"": ""Электронная почта"", ""types"": [{""type"": ""String"", ""StringQualifiers"": ""40""}]}, {""id"": ""Факс"", ""name"": ""Факс"", ""types"": [{""type"": ""String"", ""StringQualifiers"": ""16""}]}, {""id"": ""ВебСайт"", ""name"": ""Веб сайт"", ""types"": [{""type"": ""String"", ""StringQualifiers"": ""40""}]}, {""id"": ""ВидЦен"", ""name"": ""Вид цен"", ""types"": [{""type"": ""Ref"", ""id"": ""Справочник.ВидыЦен""}]}, {""id"": ""ДополнительнаяИнформация"", ""name"": ""Дополнительная информация"", ""types"": [{""type"": ""String"", ""StringQualifiers"": ""0""}]}, {""id"": ""КонтактноеЛицо"", ""name"": ""Контактное лицо"", ""types"": [{""type"": ""String"", ""StringQualifiers"": ""100""}]}, {""id"": ""Широта"", ""name"": ""Широта"", ""types"": [{""type"": ""Number"", ""NumberQualifiers"": ""10.6""}]}, {""id"": ""Долгота"", ""name"": ""Долгота"", ""types"": [{""type"": ""Number"", ""NumberQualifiers"": ""10.6""}]}]}]}",task_090,server,mid,Task16_Коробов_Средняя_НайтиКонтрагентов.epf,"Функция ПолучитьКонтрагентовПоЧастиНаименования(СтрокаПоиска)
    
    // Если строка поиска пустая, возвращаем пустую таблицу с требуемой структурой
    Если ПустаяСтрока(СтрокаПоиска) Тогда
        ТаблицаРезультат = Новый ТаблицаЗначений;
        ТаблицаРезультат.Колонки.Добавить(""Ссылка"");
        ТаблицаРезультат.Колонки.Добавить(""Наименование"");
        Возврат ТаблицаРезультат;
    КонецЕсли;
    
    // Экранируем спецсимволы для оператора ПОДОБНО, чтобы они не работали как маски
    СтрокаПоиска = СтрЗаменить(СтрокаПоиска, ""\"", ""\\"");
    СтрокаПоиска = СтрЗаменить(СтрокаПоиска, ""%"", ""\%"");
    СтрокаПоиска = СтрЗаменить(СтрокаПоиска, ""_"", ""\_"");
    
    Запрос = Новый Запрос;
    Запрос.Текст = 
    ""ВЫБРАТЬ
    |   Контрагенты.Ссылка,
    |   Контрагенты.Наименование
    |ИЗ
    |   Справочник.Контрагенты КАК Контрагенты
    |ГДЕ
    |   Контрагенты.Наименование ПОДОБНО ""%"" + &СтрокаПоиска + ""%"" ESCAPE ""\""
    |   И Контрагенты.ПометкаУдаления = Ложь"";
    
    Запрос.УстановитьПараметр(""СтрокаПоиска"", СтрокаПоиска);
    
    РезультатЗапроса = Запрос.Выполнить();
    
    // Выгрузка результата запроса в таблицу значений автоматически создаст колонки ""Ссылка"" и ""Наименование""
    Возврат РезультатЗапроса.Выгрузить();
    
КонецФункции"
"Реализовать функцию ПолучитьОборотыПоПокупателю(Покупатель, ДатаНачала, ДатаОкончания).

Необходимо:
1) Получить обороты по регистру Продажи
2) Вернуть структуру с ключами КоличествоОборот, СуммаОборот","{""AccumulationRegisters"": [{""id"": ""Продажи"", ""name"": ""Продажи"", ""RegisterType"": ""Turnovers"", ""Dimensions"": [{""id"": ""Покупатель"", ""name"": ""Покупатель"", ""types"": [{""type"": ""Ref"", ""id"": ""Справочник.Контрагенты""}]}, {""id"": ""Товар"", ""name"": ""Товар"", ""types"": [{""type"": ""Ref"", ""id"": ""Справочник.Товары""}]}], ""Resources"": [{""id"": ""Количество"", ""name"": ""Количество"", ""types"": [{""type"": ""Number"", ""NumberQualifiers"": ""10.2""}]}, {""id"": ""Сумма"", ""name"": ""Сумма"", ""types"": [{""type"": ""Number"", ""NumberQualifiers"": ""10.2""}]}]}]}",task_091,server,mid,Task17_Коробов_Средняя_ПолучитьОборотыПоКонтрагенту.epf,"Функция ПолучитьОборотыПоПокупателю(Покупатель, ДатаНачала, ДатаОкончания)
	
	Запрос = Новый Запрос;
	Запрос.Текст = 
	""ВЫБРАТЬ 
	|	ПродажиОбороты.КоличествоОборот КАК КоличествоОборот,
	|	ПродажиОбороты.СуммаОборот КАК СуммаОборот
	|ИЗ
	|	РегистрНакопления.Продажи.Обороты(&ДатаНачала, &ДатаОкончания, , Покупатель = &Покупатель) КАК ПродажиОбороты"";
	
	Запрос.УстановитьПараметр(""Покупатель"", Покупатель);
	Запрос.УстановитьПараметр(""ДатаНачала"", ДатаНачала);
	Запрос.УстановитьПараметр(""ДатаОкончания"", ДатаОкончания);
	
	Результат = Запрос.Выполнить();
	
	СтруктураРезультата = Новый Структура(""КоличествоОборот, СуммаОборот"", 0, 0);
	
	Выборка = Результат.Выбрать();
	Если Выборка.Следующий() Тогда
		СтруктураРезультата.КоличествоОборот = Выборка.КоличествоОборот;
		СтруктураРезультата.СуммаОборот = Выборка.СуммаОборот;
	КонецЕсли;
	
	Возврат СтруктураРезультата;
	
КонецФункции"
"Реализовать функцию НайтиМинимальноеЗначениеВКолонке(Таблица, Колонка).

ТаблицаЗначений содержит данные произвольной структуры.
Параметр Колонка содержит имя числовой колонки.

Необходимо:
1) Проверить наличие колонки в таблице.
2) Определить минимальное значение по всем строкам таблицы.
3) Вернуть найденное значение.
4) Если таблица пустая — вернуть 0.

Требования:
- Использовать перебор коллекции.
- Не изменять входную таблицу.
- Не использовать язык запросов.",{},task_092,server,mid,Task18_Коробов_Средняя_НайтиМинимальноеЗначение.epf,"Функция НайтиМинимальноеЗначениеВКолонке(Таблица, Колонка)
    
    // Проверяем наличие колонки в таблице
    Если Таблица.Колонки.Найти(Колонка) = Неопределено Тогда
        Возврат 0;
    КонецЕсли;
    
    // Если таблица пустая - возвращаем 0
    Если Таблица.Количество() = 0 Тогда
        Возврат 0;
    КонецЕсли;
    
    // Перебираем строки и находим минимальное значение
    МинимальноеЗначение = Неопределено;
    
    Для Каждого СтрокаТаблицы Из Таблица Цикл
        ЗначениеВЯчейке = СтрокаТаблицы[Колонка];
        
        // Пропускаем NULL значения
        Если ЗначениеВЯчейке = Null Тогда
            Продолжить;
        КонецЕсли;
        
        Если МинимальноеЗначение = Неопределено Тогда
            МинимальноеЗначение = ЗначениеВЯчейке;
        ИначеЕсли ЗначениеВЯчейке < МинимальноеЗначение Тогда
            МинимальноеЗначение = ЗначениеВЯчейке;
        КонецЕсли;
    КонектЦикла;
    
    // Если все значения были NULL, возвращаем 0
    Если МинимальноеЗначение = Неопределено Тогда
        Возврат 0;
    КонецЕсли;
    
    Возврат МинимальноеЗначение;
    
КонецФункции"
"Реализовать функцию ПолучитьСписокНоменклатурыПоГруппе(Группа).

Необходимо:
1) Получить элементы справочника Номенклатура, входящие в указанную группу.
2) Вернуть ТаблицуЗначений с колонками:
- Ссылка
- Код
- Наименование

Требования:
- Использовать запрос.
- Результат отсортировать по Наименованию.",{},task_093,server,mid,Task19_Коробов_Средняя_ПолучитьНоменклатуруПоГруппе.epf,"Функция ПолучитьСписокНоменклатурыПоГруппе(Группа)
	
	Запрос = Новый Запрос;
	Запрос.Текст = 
	""ВЫБРАТЬ
	|	Номенклатура.Ссылка,
	|	Номенклатура.Код,
	|	Номенклатура.Наименование
	|ИЗ
	|	Справочник.Номенклатура КАК Номенклатура
	|ГДЕ
	|	Номенклатура.Родитель В ИЕРАРХИИ (&Группа)
	|	И Номенклатура.ЭтоГруппа = ЛОЖЬ
	|УПОРЯДОЧИТЬ ПО
	|	Номенклатура.Наименование"";
	
	Запрос.УстановитьПараметр(""Группа"", Группа);
	
	РезультатЗапроса = Запрос.Выполнить();
	
	Возврат РезультатЗапроса.Выгрузить();
	
КонецФункции"
"Реализовать функцию НайтиЭлементПоРеквизиту(ИмяСправочника, ИмяРеквизита, ЗначениеРеквизита).

Необходимо:
1) Выполнить поиск элемента указанного справочника по значению реквизита.
2) Если элемент найден — вернуть ссылку, если найдено несколько - вернуть массив ссылок.
3) Если элемент не найден — вернуть Неопределено.

Требования:
- Использовать запрос.",{},task_094,server,mid,Task20_Коробов_Средняя_НайтиПоРеквизиту.epf,"Функция НайтиЭлементПоРеквизиту(ИмяСправочника, ИмяРеквизита, ЗначениеРеквизита)
    
    Запрос = Новый Запрос;
    Запрос.Текст = 
    ""ВЫБРАТЬ
    |   Ссылка
    |ИЗ
    |   Справочник.ИМЯ_СПРАВОЧНИКА
    |ГДЕ
    |   ИМЯ_РЕКВИЗИТА = &ЗначениеРеквизита"";
    
    // Подстановка имени справочника и реквизита в текст запроса
    Запрос.Текст = СтрЗаменить(Запрос.Текст, ""ИМЯ_СПРАВОЧНИКА"", ИмяСправочника);
    Запрос.Текст = СтрЗаменить(Запрос.Текст, ""ИМЯ_РЕКВИЗИТА"", ИмяРеквизита);
    
    Запрос.УстановитьПараметр(""ЗначениеРеквизита"", ЗначениеРеквизита);
    
    Результат = Запрос.Выполнить();
    
    // Если результат пустой - элемент не найден
    Если Результат.Пустой() Тогда
        Возврат Неопределено;
    КонецЕсли;
    
    ТаблицаРезультата = Результат.Выгрузить();
    КоличествоНайденных = ТаблицаРезультата.Количество();
    
    // Если найден один элемент - возвращаем ссылку
    Если КоличествоНайденных = 1 Тогда
        Возврат ТаблицаРезультата[0].Ссылка;
    КонецЕсли;
    
    // Если найдено несколько элементов - возвращаем массив ссылок
    МассивСсылок = Новый Массив;
    Для Каждого СтрокаТаблицы Из ТаблицаРезультата Цикл
        МассивСсылок.Добавить(СтрокаТаблицы.Ссылка);
    КонецЦикла;
    
    Возврат МассивСсылок;
    
КонецФункции"
"Реализовать функцию ПодготовитьМассивСтруктурДляИнтеграции(Таблица).

Таблица содержит 4 колонки

- Товар - Строка
- Количество - Число
- Цена - Число
- Сумма - Число 

Необходимо:
1) Преобразовать ТаблицаЗначений в массив структур.
2) Каждая структура должна соответствовать одной строке таблицы.
3) Вернуть полученный массив.

Требования:
- Не выполнять реальные внешние вызовы.
- Не изменять входную таблицу.",{},task_095,server,mid,Task21_Коробов_Средняя_ПолучитьМассивСтруктур.epf,"// Преобразует таблицу значений в массив структур для дальнейшей интеграции.
// Каждая структура соответствует одной строке таблицы и содержит поля: Товар, Количество, Цена, Сумма.
//
// Параметры:
//  Таблица - ТаблицаЗначений - исходная таблица с колонками Товар, Количество, Цена, Сумма.
//
// Возвращаемое значение:
//  Массив - массив структур, готовых к интеграции.
Функция ПодготовитьМассивСтруктурДляИнтеграции(Таблица)
    
    МассивСтруктур = Новый Массив;
    
    Для Каждого СтрокаТаблицы Из Таблица Цикл
        
        // Создаем структуру с ключами, соответствующими колонкам таблицы.
        // Использование конструктора структуры с перечислением ключей и значений 
        // делает код лаконичным и эффективным.
        СтруктураСтроки = Новый Структура(""Товар, Количество, Цена, Сумма"", 
            СтрокаТаблицы.Товар, 
            СтрокаТаблицы.Количество, 
            СтрокаТаблицы.Цена, 
            СтрокаТаблицы.Сумма);
            
        МассивСтруктур.Добавить(СтруктураСтроки);
        
    КонецЦикла;
    
    Возврат МассивСтруктур;
    
КонецФункции"
"Реализовать функцию ДобавитьСтрокуВТабличнуюЧастьДокумента(ДокументОбъект, СтруктураСтроки).

Где:

- ДокументОбъект - ДокументОбъект.Заказ
- СтруктураСтроки - Тип Структура. 
Структура может содержать ключи, соответствующие колонкам табличной части, а может не содержать. Заполнить только соответствующие ключам колонки ТЧ из структуры 

Необходимо:
1) Добавить новую строку в табличную часть документа.
2) Заполнить колонки строки из структуры СтруктураСтроки.
3) Вернуть НомерСтроки добавленной строки.","{""Documents"": [{""id"": ""Заказ"", ""name"": ""Заказ"", ""Attributes"": [{""id"": ""Покупатель"", ""name"": ""Покупатель"", ""types"": [{""type"": ""Ref"", ""id"": ""Справочник.Контрагенты""}]}, {""id"": ""Склад"", ""name"": ""Склад"", ""types"": [{""type"": ""Ref"", ""id"": ""Справочник.Склады""}]}, {""id"": ""Валюта"", ""name"": ""Валюта взаиморасчетов"", ""types"": [{""type"": ""Ref"", ""id"": ""Справочник.Валюты""}]}, {""id"": ""ВидЦен"", ""name"": ""Вид цен"", ""types"": [{""type"": ""Ref"", ""id"": ""Справочник.ВидыЦен""}]}, {""id"": ""Организация"", ""name"": ""Организация"", ""types"": [{""type"": ""Ref"", ""id"": ""Справочник.Организации""}]}, {""id"": ""СостояниеЗаказа"", ""name"": ""Состояние заказа"", ""types"": [{""type"": ""Ref"", ""id"": ""Перечисление.СостоянияЗаказов""}]}, {""id"": ""Автор"", ""name"": ""Автор"", ""types"": [{""type"": ""Ref"", ""id"": ""Справочник.Пользователи""}]}, {""id"": ""Сумма"", ""name"": ""Сумма"", ""types"": [{""type"": ""Number"", ""NumberQualifiers"": ""10.2""}]}], ""TabularSections"": [{""id"": ""Товары"", ""name"": ""Товары"", ""Attributes"": [{""id"": ""Товар"", ""name"": ""Товар"", ""types"": [{""type"": ""Ref"", ""id"": ""Справочник.Товары""}]}, {""id"": ""Цена"", ""name"": ""Цена"", ""types"": [{""type"": ""Number"", ""NumberQualifiers"": ""10.2""}]}, {""id"": ""Количество"", ""name"": ""Количество"", ""types"": [{""type"": ""Number"", ""NumberQualifiers"": ""10.0""}]}, {""id"": ""Сумма"", ""name"": ""Сумма"", ""types"": [{""type"": ""Number"", ""NumberQualifiers"": ""10.2""}]}]}]}]}",task_096,server,mid,Task22_Коробов_Средняя_ДобавитьСтрокуВТабличнуюЧасть.epf,"Функция ДобавитьСтрокуВТабличнуюЧастьДокумента(ДокументОбъект, СтруктураСтроки)
    
    // Добавляем новую строку в табличную часть ""Товары""
    НоваяСтрока = ДокументОбъект.Товары.Добавить();
    
    // Получаем коллекцию колонок табличной части для проверки существования
    КолонкиТЧ = ДокументОбъект.Товары.Колонки;
    
    // Заполняем строку значениями из структуры
    // Заполняем только те колонки, которые существуют в ТЧ и есть в структуре
    Для Каждого КлючИЗначение Из СтруктураСтроки Цикл
        
        ИмяКолонки = КлючИЗначение.Ключ;
        ЗначениеКолонки = КлючИЗначение.Значение;
        
        // Проверяем, существует ли колонка с таким именем в табличной части
        Если КолонкиТЧ.Найти(ИмяКолонки) <> Неопределено Тогда
            НоваяСтрока[ИмяКолонки] = ЗначениеКолонки;
        КонецЕсли;
        
    КонецЦикла;
    
    // Возвращаем номер добавленной строки
    Возврат НоваяСтрока.НомерСтроки;
    
КонецФункции"
"Реализовать функцию ПолучитьВсеЦеныТоваровНаДату(Номенклатура, Дата).

Необходимо:
1) Получить записи регистра сведений ЦеныТоваров по указанной номенклатуре.
2) Отобрать записи, действующие на дату.
3) Вернуть ТаблицуЗначений с колонками:
- ВидЦен
- Цена

Требования:
- Использовать язык запросов.","{""InformationRegisters"": [{""id"": ""ЦеныТоваров"", ""name"": ""Цены товаров"", ""InformationRegisterPeriodicity"": ""Day"", ""WriteMode"": ""Independent"", ""Dimensions"": [{""id"": ""Товар"", ""name"": ""Товар"", ""types"": [{""type"": ""Ref"", ""id"": ""Справочник.Товары""}]}, {""id"": ""ВидЦен"", ""name"": ""Вид цен"", ""types"": [{""type"": ""Ref"", ""id"": ""Справочник.ВидыЦен""}]}], ""Resources"": [{""id"": ""Цена"", ""name"": ""Цена"", ""types"": [{""type"": ""Number"", ""NumberQualifiers"": ""10.2""}]}]}], ""Catalogs"": [{""id"": ""ВидыЦен"", ""name"": ""Виды цен"", ""Attributes"": []}]}",task_097,server,mid,Task9_Коробов_Средняя_ЦеныНаДату.epf,"Функция ПолучитьВсеЦеныТоваровНаДату(Номенклатура, Дата)
	
	Запрос = Новый Запрос;
	Запрос.Текст = 
	""ВЫБРАТЬ 
	|	ЦеныТоваровСрезПоследних.ВидЦен КАК ВидЦен,
	|	ЦеныТоваровСрезПоследних.Цена КАК Цена
	|ИЗ
	|	РегистрСведений.ЦеныТоваров.СрезПоследних(&Дата, Товар = &Номенклатура) КАК ЦеныТоваровСрезПоследних"";
	
	Запрос.УстановитьПараметр(""Дата"", Дата);
	Запрос.УстановитьПараметр(""Номенклатура"", Номенклатура);
	
	Результат = Запрос.Выполнить();
	
	Возврат Результат.Выгрузить();
	
КонецФункции"
"Написать функцию СкопироватьПараметрСхемыКомпоновкиДанных(СхемаКомпоновкиДанных, Приемник, Источник, ЗначениеПриемника), которая копирует настройки параметра Источник схемы компоновки данных отчета
и возвращает их на новый параметр Приемник, устанавливая новое значение ЗначениеПриемника.
Если новый параметр Приемник не найден, тогда создать его. 
Если ЗначениеПриемника = Неопределено, тогда значение нового парметра не устанавливать. 

Параметры функции:
	СхемаКомпоновкиДанных - СхемаКомпоновкиДанных - Схема отчета.
	Приемник - Строка - Имя параметра, в который необходимо скопировать настройки.
	Источник - Строка - Имя параметра, из которого настройки копируются.
	ЗначениеПриемника - Произвольный - Значение параметра приемника, которое необходимо установить.",{},task_098,server,,task10_Куликова_v1.epf,"Функция СкопироватьПараметрСхемыКомпоновкиДанных(СхемаКомпоновкиДанных, Приемник, Источник, ЗначениеПриемника)
    
    // Найти параметр-источник в схеме компоновки данных
    ПараметрИсточник = СхемаКомпоновкиДанных.Параметры.Найти(Источник);
    Если ПараметрИсточник = Неопределено Тогда
        Возврат Неопределено;
    КонецЕсли;
    
    // Найти или создать параметр-приемник
    ПараметрПриемник = СхемаКомпоновкиДанных.Параметры.Найти(Приемник);
    Если ПараметрПриемник = Неопределено Тогда
        ПараметрПриемник = СхемаКомпоновкиДанных.Параметры.Добавить(Приемник);
    КонецЕсли;
    
    // Копировать настройки из источника в приемник
    ПараметрПриемник.Заголовок = ПараметрИсточник.Заголовок;
    ПараметрПриемник.Использование = ПараметрИсточник.Использование;
    ПараметрПриемник.Обязательное = ПараметрИсточник.Обязательное;
    ПараметрПриемник.ДоступныйСписокЗначений = ПараметрИсточник.ДоступныйСписокЗначений;
    ПараметрПриемник.ТипЗначения = ПараметрИсточник.ТипЗначения;
    ПараметрПриемник.ДоступныеЗначения = ПараметрИсточник.ДоступныеЗначения;
    ПараметрПриемник.ОграничениеТипа = ПараметрИсточник.ОграничениеТипа;
    ПараметрПриемник.ОграничениеИспользования = ПараметрИсточник.ОграничениеИспользования;
    ПараметрПриемник.Выражение = ПараметрИсточник.Выражение;
    
    // Копировать значение из источника
    ПараметрПриемник.Значение = ПараметрИсточник.Значение;
    
    // Установить новое значение, если оно передано (не равно Неопределено)
    Если ЗначениеПриемника <> Неопределено Тогда
        ПараметрПриемник.Значение = ЗначениеПриемника;
    КонецЕсли;
    
    Возврат ПараметрПриемник;
    
КонецФункции"
"Написать функцию ПараметрыИзСтроки(СтрокаПараметров, Разделитель), которая получает значения параметров из строки(СтрокаПараметров). 

Параметры функции:
СтрокаПараметров (тип: Строка) - строка, содержащая параметры, каждый из которых представляет собой
                              фрагмент вида <Имя параметра>=<Значение>, где:
                                Имя параметра - имя параметра; 
                                Значение - его значение. 
                              Фрагменты отделяются друг от друга разделительными символами(Разделитель). Например ';'.
                              Если значение содержит пробельные символы, то оно должно быть заключено в двойные
                              кавычки ("").   
                              Пример: ""Фамилия=""""Иванов"""";Имя=""""Иван""""""

 Разделитель (тип: Строка) - символ, которым фрагменты отделяются друг от друга. 
 
 Возвращаемое значение:
    Структура - значения параметров, где ключ - имя параметра, значение - значение параметра. 
 
 Пример: 
  СтрокаПараметров = ""Фамилия=""""Иванов"""";Имя=""""Иван""""""
  Разделитель = "";""
 Результат функции: Cтруктура:
        ключ ""Фамилия"", значение ""Иванов""
        ключ ""Имя"", значение ""Иван"".",{},task_099,server,,task11_Куликова_v1.epf,"// Функция разбирает строку параметров и возвращает структуру.
// Параметры:
//  СтрокаПараметров - Строка - строка вида ""Имя1=Значение1;Имя2=Значение2""
//  Разделитель - Строка - символ-разделитель фрагментов
// Возвращаемое значение:
//  Структура - ключи - имена параметров, значения - значения параметров
Функция ПараметрыИзСтроки(СтрокаПараметров, Разделитель)
	
	Результат = Новый Структура;
	
	Если ПустаяСтрока(СтрокаПараметров) Тогда
		Возврат Результат;
	КонецЕсли;
	
	// Разбираем строку на фрагменты, учитывая кавычки
	Фрагменты = РазбитьСтрокуСУчетомКавычек(СтрокаПараметров, Разделитель);
	
	// Обрабатываем каждый фрагмент
	Для Каждого Фрагмент Из Фрагменты Цикл
		Если ПустаяСтрока(СокрЛП(Фрагмент)) Тогда
			Продолжить;
		КонецЕсли;
		
		// Находим позицию первого ""=""
		ПозицияРавно = Найти(Фрагмент, ""="");
		Если ПозицияРавно = 0 Тогда
			Продолжить; // Некорректный формат, пропускаем
		КонецЕсли;
		
		ИмяПараметра = СокрЛП(Лев(Фрагмент, ПозицияРавно - 1));
		ЗначениеПараметра = Сред(Фрагмент, ПозицияРавно + 1);
		
		// Обрабатываем значение - убираем кавычки и раскрываем экранирование
		ЗначениеПараметра = ОбработатьЗначениеПараметра(ЗначениеПараметра);
		
		Результат.Вставить(ИмяПараметра, ЗначениеПараметра);
	КонецЦикла;
	
	Возврат Результат;
	
КонецФункции

// Функция разбивает строку по разделителю, игнорируя разделители внутри кавычек.
// Параметры:
//  Строка - Строка - исходная строка
//  Разделитель - Строка - разделитель
// Возвращаемое значение:
//  Массив - массив фрагментов
Функция РазбитьСтрокуСУчетомКавычек(Строка, Разделитель)
	
	Результат = Новый Массив;
	ТекущийФрагмент = """";
	ВнутриКавычек = Ложь;
	i = 1;
	ДлинаРазделителя = СтрДлина(Разделитель);
	ДлинаСтроки = СтрДлина(Строка);
	
	Пока i <= ДлинаСтроки Цикл
		Символ = Сред(Строка, i, 1);
		
		Если Символ = """""""" Тогда
			ВнутриКавычек = Не ВнутриКавычек;
			ТекущийФрагмент = ТекущийФрагмент + Символ;
			i = i + 1;
		ИначеЕсли Не ВнутриКавычек И Сред(Строка, i, ДлинаРазделителя) = Разделитель Тогда
			Результат.Добавить(ТекущийФрагмент);
			ТекущийФрагмент = """";
			i = i + ДлинаРазделителя;
		Иначе
			ТекущийФрагмент = ТекущийФрагмент + Символ;
			i = i + 1;
		КонецЕсли;
	КонецЦикла;
	
	// Добавляем последний фрагмент
	Результат.Добавить(ТекущийФрагмент);
	
	Возврат Результат;
	
КонецФункции

// Функция обрабатывает значение параметра: убирает внешние кавычки и раскрывает экранирование.
// Параметры:
//  Значение - Строка - исходное значение
// Возвращаемое значение:
//  Строка - обработанное значение
Функция ОбработатьЗначениеПараметра(Значение)
	
	Значение = СокрЛП(Значение);
	
	// Если значение начинается и заканчивается кавычками
	Если СтрДлина(Значение) >= 2 И Лев(Значение, 1) = """""""" И Прав(Значение, 1) = """""""" Тогда
		// Убираем внешние кавычки
		Значение = Сред(Значение, 2, СтрДлина(Значение) - 2);
		// Заменяем двойные кавычки на одинарные (раскрываем экранирование)
		Значение = СтрЗаменить(Значение, """""""""""", """""""");
	КонецЕсли;
	
	Возврат Значение;
	
КонецФункции"
"Написать функцию ПроверитьПроведенностьДокументов(мДокументы), которая проверяет проведенность переданных документов(мДокументы) и возвращает те, которые не проведены.
Для переданных документов проверить выполнение условия реквизита Проведен = Истина. 

Параметры:
мДокументы (тип: Массив из ДокументСсылка) - документы, статус проведения которых необходимо проверить.

Возвращаемое значение:
  Массив из ДокументСсылка - непроведенные документы.",{},task_100,server,,task12_Куликова_v1.epf,"Функция ПроверитьПроведенностьДокументов(мДокументы)
    
    НепроведенныеДокументы = Новый Массив;
    
    Для Каждого ТекущийДокумент Из мДокументы Цикл
        Если Не ТекущийДокумент.Проведен Тогда
            НепроведенныеДокументы.Добавить(ТекущийДокумент);
        КонецЕсли;
    КонецЦикл;
    
    Возврат НепроведенныеДокументы;
    
КонецФункции"
"Написать функцию ПровестиДокументы(мДокументы), которая выполняет попытку проведения документов(мДокументы) и возвращает информацию о документах, которые не удалось провести. 
Вернуть ссылки на документы, которые не удалось провести и текст ошибки, которая возникла при проведении.

Параметры:
мДокументы (тип: Массив из ДокументСсылка) - документы, которые необходимо провести.

Возвращаемое значение:
  Массив из Структура:
   * Ссылка         - ДокументСсылка - документ, который не удалось провести,
   * ОписаниеОшибки - Строка         - текст описания ошибки при проведении.",{},task_101,server,,task13_Куликова_v1 .epf,"Функция ПровестиДокументы(мДокументы)
    
    Результат = Новый Массив;
    
    Для Каждого ДокументСсылка Из мДокументы Цикл
        
        Попытка
            ДокументОбъект = ДокументСсылка.ПолучитьОбъект();
            ДокументОбъект.Записать(РежимЗаписиДокумента.Проведение);
        Исключение
            ИнформацияОбОшибке = Новый Структура;
            ИнформацияОбОшибке.Вставить(""Ссылка"", ДокументСсылка);
            ИнформацияОбОшибке.Вставить(""ОписаниеОшибки"", ОписаниеОшибки());
            Результат.Добавить(ИнформацияОбОшибке);
        КонецПопытки;
        
    КонецЦикла;
    
    Возврат Результат;
    
КонецФункции"
"Написать функцию НайтиПараметрыВНайстройкахКД(ПользовательскиеНастройкиКД, НастройкиКД, ИменаПараметров), которая находит параметры в настройках компоновки(НастройкиКД) настраиваемого отчета.
по его имени(ИменаПараметров). 
Поиск осуществить по двум итерациям:
1. Выполнить поиск параметра по имени из ИменаПараметров в пользовательских настройках отчета(ПользовательскиеНастройкиКД). Если настройка не найдена или 
ПользовательскиеНастройкиКД = Неопределено, тогда переходить ко второй итерации.
2. Выполнить поиск в настройках варианта отчета(НастройкиКД). Если параметр не найден или НастройкиКД = Неопределено, то вернуть Неопределено. 

Параметры:
   ПользовательскиеНастройкиКД (тип: ПользовательскиеНастройкиКомпоновкиДанных, Неопределено) - пользовательские настройки, в которых будет осуществляться первая итерация поиска значения. 
   НастройкиКД (тип: НастройкиКомпоновкиДанных, Неопределено) - настройки варианта отчета, в которых будет осуществляться вторая итерация поиска значения.
   ИменаПараметров - Строка - имена параметров, перечисленные через запятую.

 Возвращаемое значение:
   Структура - найденные значения параметров:
      Ключ - имя параметра;
      Значение - найденный параметр. 
   Неопределено, если параметр не существует.",{},task_102,server,,task14_Куликова_v1 .epf,"Функция НайтиПараметрыВНайстройкахКД(ПользовательскиеНастройкиКД, НастройкиКД, ИменаПараметров)
    
    // Разбиваем строку имен параметров на массив
    МассивИменПараметров = СтрРазделить(ИменаПараметров, "","");
    
    // Создаем структуру для результата
    Результат = Новый Структура;
    
    // Для каждого имени параметра ищем значение
    Для Каждого ИмяПараметра Из МассивИменПараметров Цикл
        
        ИмяПараметраОбработанное = СокрЛП(ИмяПараметра);
        
        Если ПустаяСтрока(ИмяПараметраОбработанное) Тогда
            Продолжить;
        КонецЕсли;
        
        НайденноеЗначение = Неопределено;
        ПараметрНайден = Ложь;
        
        // Первая итерация - поиск в пользовательских настройках
        Если ПользовательскиеНастройкиКД <> Неопределено Тогда
            Для Каждого ЭлементНастройки Из ПользовательскиеНастройкиКД.Элементы Цикл
                Если ТипЗнч(ЭлементНастройки) = Тип(""ЗначениеПараметраКомпоновкиДанных"") Тогда
                    Если ЭлементНастройки.Параметр.Имя = ИмяПараметраОбработанное Тогда
                        НайденноеЗначение = ЭлементНастройки.Значение;
                        ПараметрНайден = Истина;
                        Прервать;
                    КонецЕсли;
                КонецЕсли;
            КонецЦикла;
        КонецЕсли;
        
        // Вторая итерация - поиск в настройках варианта отчета
        Если Не ПараметрНайден И НастройкиКД <> Неопределено Тогда
            Для Каждого ЭлементНастройки Из НастройкиКД.ПараметрыДанных.Элементы Цикл
                Если ЭлементНастройки.Параметр.Имя = ИмяПараметраОбработанное Тогда
                    НайденноеЗначение = ЭлементНастройки.Значение;
                    ПараметрНайден = Истина;
                    Прервать;
                КонецЕсли;
            КонецЦикла;
        КонецЕсли;
        
        // Добавляем в результат, если параметр найден
        Если ПараметрНайден Тогда
            Результат.Вставить(ИмяПараметраОбработанное, НайденноеЗначение);
        КонецЕсли;
        
    КонецЦикла;
    
    // Если структура пуста (ни один параметр не найден), возвращаем Неопределено
    Если Результат.Количество() = 0 Тогда
        Возврат Неопределено;
    КонецЕсли;
    
    Возврат Результат;
    
КонецФункции"
"Написать функцию ДобавитьГруппировкуВКореньСтруктуры(КомпоновщикНастроек, Знач Поле = Неопределено, ПараметрыГруппировки = Неопределено), которая добавлят группировку
в компоновщик настроек в корневой структуры настроек, если поле не указанао, то в детальные записи.

Параметры функции:
	КомпоновщикНастроек (тип: КомпоновщикНастроекКомпоновкиДанных, НастройкиКомпоновкиДанных) - элемент структуры компоновки данных.
	Поля(тип: Строка, ПолеКомпоновкиДанных) - имя поля или поле компоновки данных.
	ПараметрыГруппировки (тип: Структура) - Структура со свойствами:
		*НачалоПериода (тип: Дата) - начало периода группировки по полю периода.
		*КонецПериода (тип: Дата) - конец периода группировки по полю периода.
		*ТипГруппировки (тип: ТипГруппировкиКомпоновкиДанных) - тип группировки.
		*ТипДополнения (тип: ТипДополненияПериодаКомпоновкиДанных) - тип дополнения.
Возвращаемое значение:
	ГруппировкаТаблицыКомпоновкиДанных, ГруппировкаДиаграммыКомпоновкиДанных, ГруппировкаКомпоновкиДанных - новая группировка в корне структуры.",{},task_103,server,,task15_Куликова_v1.epf,"// Функция добавляет группировку в корень структуры настроек компоновки данных.
// Если поле не указано, добавляет детальные записи.
// 
// Параметры:
//  КомпоновщикНастроек - КомпоновщикНастроекКомпоновкиДанных, НастройкиКомпоновкиДанных - элемент структуры компоновки данных.
//  Поле - Строка, ПолеКомпоновкиДанных - имя поля или поле компоновки данных. Если Неопределено - детальные записи.
//  ПараметрыГруппировки - Структура - параметры группировки (НачалоПериода, КонецПериода, ТипГруппировки, ТипДополнения).
// 
// Возвращаемое значение:
//  ГруппировкаКомпоновкиДанных - новая группировка в корне структуры.

Функция ДобавитьГруппировкуВКореньСтруктуры(КомпоновщикНастроек, Знач Поле = Неопределено, ПараметрыГруппировки = Неопределено)
	
	// Определяем объект настроек компоновки данных в зависимости от типа переданного параметра
	Если ТипЗнч(КомпоновщикНастроек) = Тип(""КомпоновщикНастроекКомпоновкиДанных"") Тогда
		Настройки = КомпоновщикНастроек.Настройки;
	Иначе
		Настройки = КомпоновщикНастроек;
	КонецЕсли;
	
	// Добавляем новую группировку в корневую коллекцию структуры настроек
	Группировка = Настройки.Структура.Добавить();
	
	// Если поле группировки указано, настраиваем поле и параметры группировки
	Если Поле <> Неопределено Тогда
		
		// Преобразуем строку в объект ПолеКомпоновкиДанных, если передано строковое имя поля
		ПолеКомпоновки = Поле;
		Если ТипЗнч(Поле) = Тип(""Строка"") Тогда
			ПолеКомпоновки = Новый ПолеКомпоновкиДанных(Поле);
		КонецЕсли;
		
		// Добавляем поле в коллекцию полей группировки
		ЭлементПоляГруппировки = Группировка.ПоляГруппировки.Элементы.Добавить(ПолеКомпоновки);
		
		// Если переданы дополнительные параметры группировки, применяем их к элементу поля
		// (НачалоПериода, КонецПериода, ТипГруппировки, ТипДополнения относятся именно к полю группировки)
		Если ПараметрыГруппировки <> Неопределено Тогда
			Если ПараметрыГруппировки.Свойство(""ТипГруппировки"") Тогда
				ЭлементПоляГруппировки.ТипГруппировки = ПараметрыГруппировки.ТипГруппировки;
			КонецЕсли;
			
			Если ПараметрыГруппировки.Свойство(""ТипДополнения"") Тогда
				ЭлементПоляГруппировки.ТипДополненияПериода = ПараметрыГруппировки.ТипДополнения;
			КонецЕсли;
			
			Если ПараметрыГруппировки.Свойство(""НачалоПериода"") Тогда
				ЭлементПоляГруппировки.НачалоПериода = ПараметрыГруппировки.НачалоПериода;
			КонецЕсли;
			
			Если ПараметрыГруппировки.Свойство(""КонецПериода"") Тогда
				ЭлементПоляГруппировки.КонецПериода = ПараметрыГруппировки.КонецПериода;
			КонецЕсли;
		КонецЕсли;
		
	КонецЕсли;
	
	Возврат Группировка;
	
КонецФункции"
"Написать функцию УстановитьОграниченияИспользованияПоля(СхемаКД, Поле, Ограничения), которая в переданной схеме компоновки данных отчета(СхемаКД) 
для поля(Поле) устанавливает ограничения использования по структуре ограничений(Ограничения).  
Функция для каждого НабораДанных схемы компоновки данных должна проверить наличие поля(Поле).
Если поле найдено, тогда установить ограничения использования согласно переданной стуктуре ограничений.

Параметры функции:
СхемаКД (тип: СхемаКомпоновкиДанных) - схема компоновки данных натсраиваемого отчета.
Поле (тип: Строка, ПолеКомпоновкиДанных) - поле, для которого требуется установить ограничения использования.
Ограничения (тип: Структура) - структура с ключами ограничений:
   *Поле (тип: Булево) - Ограничение доступа поле для выбора. 
   *Условие (тип: Булево) - Ограничение использования поля в условии.
   *Группа (тип: Булево) - Ограничение использования поля в группировке.
   *Упорядочивание (тип: Булево) - Ограничение использования поля для упорядочивания.",{},task_104,server,,task16_Куликова_v1.epf,"Функция УстановитьОграниченияИспользованияПоля(СхемаКД, Поле, Ограничения)
	
	// Определяем имя поля в зависимости от переданного типа
	Если ТипЗнч(Поле) = Тип(""ПолеКомпоновкиДанных"") Тогда
		ИмяПоля = Поле.Имя;
	Иначе
		ИмяПоля = Строка(Поле);
	КонецЕсли;
	
	// Перебираем все наборы данных схемы компоновки данных
	Для Каждого НаборДанных Из СхемаКД.НаборыДанных Цикл
		
		// Ищем поле в текущем наборе данных
		НайденноеПоле = Неопределено;
		Для Каждого ПолеНабора Из НаборДанных.Поля Цикл
			Если ПолеНабора.Имя = ИмяПоля Тогда
				НайденноеПоле = ПолеНабора;
				Прервать;
			КонецЕсли;
		КонецЦикла;
		
		// Если поле найдено в наборе данных, устанавливаем ограничения
		Если НайденноеПоле <> Неопределено Тогда
			
			ОграничениеИспользования = НайденноеПоле.ОграничениеИспользования;
			
			Если Ограничения.Свойство(""Поле"") Тогда
				ОграничениеИспользования.Поле = Ограничения.Поле;
			КонецЕсли;
			
			Если Ограничения.Свойство(""Условие"") Тогда
				ОграничениеИспользования.Условие = Ограничения.Условие;
			КонецЕсли;
			
			Если Ограничения.Свойство(""Группа"") Тогда
				ОграничениеИспользования.Группа = Ограничения.Группа;
			КонецЕсли;
			
			Если Ограничения.Свойство(""Упорядочивание"") Тогда
				ОграничениеИспользования.Упорядочивание = Ограничения.Упорядочивание;
			КонецЕсли;
			
		КонецЕсли;
		
	КонецЦикла;
	
КонецФункции"
"Написать функцию УстановитьРольПоляНабораДанныхСКД(СхемаКД, Поле, СвойстваРоль), которая в переданной схеме компоновки данных отчета(СхемаКД) 
для поля(Поле) устанавливает роль по структуре описания роли(СвойстваРоль).  
Функция для каждого НабораДанных схемы компоновки данных должна проверить наличие поля(Поле).
Если поле найдено, тогда роль по ее описанию(СвойстваРоль).

ПараметрыФункции:
СхемаКД (тип: СхемаКомпоновкиДанных) - схема компоновки данных натсраиваемого отчета.
Поле (тип: Строка, ПолеКолмпоновкиДанных) - поле, для которого требуется установить ограничения использования.
СвойстваРоль (тип: Структура) - структура c описанием роли поля набора компоновки данных:
* БезРоли (тип: Булево) - Если Истина, тогда все свойства должны быть очищены. 
* ВыражениеВидаСчета (тип: Строка) - Выражение, при помощи которого будет определяться тип счета.
* ГруппаОстатка (тип: Строка) - Для поля остатка - строка, содержащая имя группы полей остатка.
* НомерПериода (тип: Число) - Номер периода в случае, если поле является полем–периодом.
* ИгнорироватьЗначенияNULL (тип: Булево) - Содержит признак того, что в результат не нужно включать групповые записи по данному полю в случае, если поле содержит значение NULL
* Измерение (тип: Булево) - Истина - поле является измерением.
* Обязательное (тип: Булево) - Содержит признак необходимости обязательного добавления данного поля в набор данных макета компоновки данных в случае, если из набора данных поля в настройках задействовано хотя бы одно поле.
* Остаток (тип: Булево) - Содержит признак того, что поле является полем остатка.
* ПолеСчета (тип: Строка) - Для полей бухгалтерского остатка – имя поля счет, для которого рассчитываются остатки.    
* РеквизитИзмерения (тип: Булево) поле является реквизитом поля, являющегося измерением.
* РодительскоеИзмерение (тип: Строка) - Содержит путь к данным родительского поля - измерения.
* Счет (тип: Булево) - Содержит признак того, что поле является полем счета. Данная информация используется при расчете по полям бухгалтерского остатка. 
* ТипБухгалтерскогоОстатка (тип: ТипБухгалтерскогоОстаткаКомпоновкиДанных) Тип бухгалтерского остатка.  
* ТипОстатка (тип: ТипОстаткаКомпоновкиДанных) - Тип поля остатка.                                         
* ТипПериода (тип: ТипПериодаКомпоновкиДанных) - Если поле имеет тип периода Дополнительный, то это говорит о том, что поле не обязательно должно использоваться в компоновке в случае, если в отчете использованы его дочерние периоды. 
В противном случае использование дочернего поля–периода говорит о необходимости использования в группировке и данного поля.",{},task_105,server,,task17_Куликова_v1.epf,"// Функция устанавливает роль для указанного поля во всех наборах данных схемы компоновки данных.
// Если в описании роли установлен флаг БезРоли, все свойства роли очищаются.
// В противном случае свойства роли устанавливаются согласно переданной структуре.
//
// Параметры:
//  СхемаКД - СхемаКомпоновкиДанных - схема компоновки данных настраиваемого отчета.
//  Поле - Строка, ПолеКомпоновкиДанных - поле, для которого требуется установить ограничения использования.
//  СвойстваРоль - Структура - структура с описанием роли поля набора компоновки данных.
//
// Возвращаемое значение:
//  СхемаКомпоновкиДанных - измененная схема компоновки данных.
Функция УстановитьРольПоляНабораДанныхСКД(СхемаКД, Поле, СвойстваРоль)
    
    // Определяем имя поля для поиска в зависимости от переданного типа
    ИмяПоляДляПоиска = """";
    Если ТипЗнч(Поле) = Тип(""ПолеКомпоновкиДанных"") Тогда
        ИмяПоляДляПоиска = Поле.Поле;
    Иначе
        ИмяПоляДляПоиска = Строка(Поле);
    КонецЕсли;
    
    Если ПустаяСтрока(ИмяПоляДляПоиска) Тогда
        Возврат СхемаКД;
    КонецЕсли;
    
    // Перебираем все наборы данных в схеме
    Для Каждого НаборДанных Из СхемаКД.НаборыДанных Цикл
        
        // Перебираем все поля набора данных
        Для Каждого ПолеНабора Из НаборДанных.Поля Цикл
            
            // Сравниваем имена полей без учета регистра
            Если НРег(ПолеНабора.Поле) = НРег(ИмяПоляДляПоиска) Тогда
                
                // Если флаг БезРоли установлен, очищаем все свойства роли
                Если СвойстваРоль.Свойство(""БезРоли"") И СвойстваРоль.БезРоли Тогда
                    ПолеНабора.Роль = Новый РольПоляНабораДанных;
                Иначе
                    РольПоля = ПолеНабора.Роль;
                    
                    // Устанавливаем свойства роли, только если они переданы в структуре
                    Если СвойстваРоль.Свойство(""ВыражениеВидаСчета"") Тогда
                        РольПоля.ВыражениеВидаСчета = СвойстваРоль.ВыражениеВидаСчета;
                    КонецЕсли;
                    
                    Если СвойстваРоль.Свойство(""ГруппаОстатка"") Тогда
                        РольПоля.ГруппаОстатка = СвойстваРоль.ГруппаОстатка;
                    КонецЕсли;
                    
                    Если СвойстваРоль.Свойство(""НомерПериода"") Тогда
                        РольПоля.НомерПериода = СвойстваРоль.НомерПериода;
                    КонецЕсли;
                    
                    Если СвойстваРоль.Свойство(""ИгнорироватьЗначенияNULL"") Тогда
                        РольПоля.ИгнорироватьЗначенияNULL = СвойстваРоль.ИгнорироватьЗначенияNULL;
                    КонецЕсли;
                    
                    Если СвойстваРоль.Свойство(""Измерение"") Тогда
                        РольПоля.Измерение = СвойстваРоль.Измерение;
                    КонецЕсли;
                    
                    Если СвойстваРоль.Свойство(""Обязательное"") Тогда
                        РольПоля.Обязательное = СвойстваРоль.Обязательное;
                    КонецЕсли;
                    
                    Если СвойстваРоль.Свойство(""Остаток"") Тогда
                        РольПоля.Остаток = СвойстваРоль.Остаток;
                    КонецЕсли;
                    
                    Если СвойстваРоль.Свойство(""ПолеСчета"") Тогда
                        РольПоля.ПолеСчета = СвойстваРоль.ПолеСчета;
                    КонецЕсли;
                    
                    Если СвойстваРоль.Свойство(""РеквизитИзмерения"") Тогда
                        РольПоля.РеквизитИзмерения = СвойстваРоль.РеквизитИзмерения;
                    КонецЕсли;
                    
                    Если СвойстваРоль.Свойство(""РодительскоеИзмерение"") Тогда
                        РольПоля.РодительскоеИзмерение = СвойстваРоль.РодительскоеИзмерение;
                    КонецЕсли;
                    
                    Если СвойстваРоль.Свойство(""Счет"") Тогда
                        РольПоля.Счет = СвойстваРоль.Счет;
                    КонецЕсли;
                    
                    Если СвойстваРоль.Свойство(""ТипБухгалтерскогоОстатка"") Тогда
                        РольПоля.ТипБухгалтерскогоОстатка = СвойстваРоль.ТипБухгалтерскогоОстатка;
                    КонецЕсли;
                    
                    Если СвойстваРоль.Свойство(""ТипОстатка"") Тогда
                        РольПоля.ТипОстатка = СвойстваРоль.ТипОстатка;
                    КонецЕсли;
                    
                    Если СвойстваРоль.Свойство(""ТипПериода"") Тогда
                        РольПоля.ТипПериода = СвойстваРоль.ТипПериода;
                    КонецЕсли;
                КонецЕсли;
                
            КонецЕсли;
            
        КонецЦикла;
        
    КонецЦикла;
    
    Возврат СхемаКД;
    
КонецФункции"
"Написать функцию СформироватьОтчетПрайсЛистТолькоЦены(ВидЦен), которая формирует отчет на сервере ""ПрайсЛист"" по заданному виду цен, 
с группировкой только по детальным записям, без вывода полей Товар.Цвет и Изображенией.  

Функция должна программно сформировать отчет ""ПрайсЛист"", вариант отчета ""Основной"".
Подменить стандартную структуру отчета на новую структуру: группировка ДетальныеЗаписи. 
Настройки отчета:
    Структура: Группировка: 
                 ДетальныеЗаписи: ВыбранныеПоля = Товар, Артикул, Цена.         
    Параметры отчета: ВидЦен 
	    Значения параметов: ВидЦен = ВидЦен.  
   	Параметры вывода: ВыводитьПараметрыДанных = Не выводить,
	                  ВыводитьОтбор = Не выводить.                
Возвращаемое значение: ТабличныйДокумент.","{""Catalogs"": [{""id"": ""ВидыЦен"", ""name"": ""Виды цен"", ""Attributes"": []}, {""id"": ""Товары"", ""name"": ""Товары"", ""Attributes"": [{""id"": ""Артикул"", ""name"": ""Артикул"", ""types"": [{""type"": ""String"", ""StringQualifiers"": ""15""}]}, {""id"": ""Поставщик"", ""name"": ""Поставщик"", ""types"": [{""type"": ""Ref"", ""id"": ""Справочник.Контрагенты""}]}, {""id"": ""ФайлКартинки"", ""name"": ""Картинка"", ""types"": [{""type"": ""Ref"", ""id"": ""Справочник.ХранимыеФайлы""}]}, {""id"": ""Вид"", ""name"": ""Вид"", ""types"": []}, {""id"": ""Штрихкод"", ""name"": ""Штрихкод"", ""types"": [{""type"": ""String"", ""StringQualifiers"": ""20""}]}, {""id"": ""Описание"", ""name"": ""Описание"", ""types"": [{""type"": ""String"", ""StringQualifiers"": ""0""}]}]}]}",task_106,server,high,task17_сложн_Куликова_v2.epf,"&НаСервере
Функция СформироватьОтчетПрайсЛистТолькоЦены(ВидЦен)
	
	// Создание объекта отчета
	ОтчетОбъект = Отчеты.ПрайсЛист.Создать();
	
	// Установка варианта отчета ""Основной""
	Для Каждого ТекущийВариант Из ОтчетОбъект.КомпоновщикНастроек.ВариантыНастроек.Элементы Цикл
		Если ТекущийВариант.Имя = ""Основной"" ИЛИ ТекущийВариант.Представление = ""Основной"" Тогда
			ОтчетОбъект.КомпоновщикНастроек.ВариантыНастроек.ТекущийЭлемент = ТекущийВариант;
			Прервать;
		КонецЕсли;
	КонецЦикла;
	
	// Получение текущих настроек компоновки данных
	Настройки = ОтчетОбъект.КомпоновщикНастроек.Настройки;
	
	// Подмена структуры отчета: очистка старой и добавление группировки ""ДетальныеЗаписи""
	Настройки.Структура.Очистить();
	ГруппировкаДетальныеЗаписи = Настройки.Структура.Добавить(Тип(""ГруппировкаКомпоновкиДанных""));
	ГруппировкаДетальныеЗаписи.Использование = Истина;
	// Отсутствие полей группировки означает, что это детальные записи
	
	// Настройка выбранных полей для детальных записей (без Товар.Цвет и Изображение)
	ВыбранныеПоля = ГруппировкаДетальныеЗаписи.Выбор.Элементы;
	ВыбранныеПоля.Очистить();
	
	ПолеТовар = ВыбранныеПоля.Добавить(Тип(""ВыбранноеПолеКомпоновкиДанных""));
	ПолеТовар.Использование = Истина;
	ПолеТовар.Поле = Новый ПолеКомпоновкиДанных(""Товар"");
	
	ПолеАртикул = ВыбранныеПоля.Добавить(Тип(""ВыбранноеПолеКомпоновкиДанных""));
	ПолеАртикул.Использование = Истина;
	ПолеАртикул.Поле = Новый ПолеКомпоновкиДанных(""Артикул"");
	
	ПолеЦена = ВыбранныеПоля.Добавить(Тип(""ВыбранноеПолеКомпоновкиДанных""));
	ПолеЦена.Использование = Истина;
	ПолеЦена.Поле = Новый ПолеКомпоновкиДанных(""Цена"");
	
	// Настройка параметров данных: ВидЦен
	ПараметрВидЦен = Настройки.ПараметрыДанных.Элементы.Найти(""ВидЦен"");
	Если ПараметрВидЦен = Неопределено Тогда
		ПараметрВидЦен = Настройки.ПараметрыДанных.Элементы.Добавить();
		ПараметрВидЦен.Параметр = Новый ПараметрКомпоновкиДанных(""ВидЦен"");
	КонецЕсли;
	ПараметрВидЦен.Использование = Истина;
	ПараметрВидЦен.Значение = ВидЦен;
	
	// Настройка параметров вывода
	Настройки.ПараметрыВывода.УстановитьЗначениеПараметра(""ВыводитьПараметрыДанных"", ТипВыводаПараметровДанныхКомпоновкиДанных.НеВыводить);
	Настройки.ПараметрыВывода.УстановитьЗначениеПараметра(""ВыводитьОтбор"", ТипВыводаПараметровДанныхКомпоновкиДанных.НеВыводить);
	
	// Применение измененных настроек
	ОтчетОбъект.КомпоновщикНастроек.ЗагрузитьНастройки(Настройки);
	
	// Формирование отчета в табличный документ
	ТабличныйДокумент = Новый ТабличныйДокумент;
	ОтчетОбъект.СкомпоноватьРезультат(ТабличныйДокумент);
	
	Возврат ТабличныйДокумент;
	
КонецФункции"
"Написать функцию УстановитьОформлениеОстатка(СхемаКД, ТипОстатка, ДопПараметры), которая в переданной схеме компоновки данных отчета(СхемаКД) 
для поля набора данных КоличествоОстаток(если ТипОстатка = ""Количество"") или СуммаОстаток(если ТипОстатка = ""Сумма"") устанавливает оформление с параметрами:
  * Формат = ""ЧЦ=10; ЧДЦ=2; ЧН=0; ЧО=1""
  * ВыделятьОтрицательные = Истина
  * ГоризонтальноеПоложение = Прижать вправо.
В параметре ДопПаматеры могут быть переданы дополнительные параметры для установки в оформление полей остатка. 
 
Функция должна найти поле СуммаОстаток(КоличествоОстаток) и установить обязательные параметры и дополнительные, если они переданы.

ПараметрыФункции:
СхемаКД (тип: СхемаКомпоновкиДанных) - схема компоновки данных натсраиваемого отчета.
ТипОстатка (тип: Строка) - содержит указание какое поле остатка использовать. Если ТипОстатка = ""Количество"", тогда найти поле ""КоличествоОстаток"". 
Если ТипОстатка = ""Сумма"", тогда найти поле ""Сумма"".
ДопПараметры (тип: Массив из Структура, Неопределено) - массив структур с описанием параметров для установки в оформлении поля набора данных, где стукрутра вида:
   Ключ (тип: Строка) - имя параметра оформления.
   Значение (тип: ЗначениеПараметраНастроекКомпоновкиДанных) - значение параметра оформления.
 Может быть не задано.",{},task_107,server,,task18_Куликова_v1.epf,"Функция УстановитьОформлениеОстатка(СхемаКД, ТипОстатка, ДопПараметры)
	
	// Определяем имя поля остатка в зависимости от переданного типа
	ИмяПоля = ?(ТипОстатка = ""Количество"", ""КоличествоОстаток"", ""СуммаОстаток"");
	
	Для Каждого НаборДанных Из СхемаКД.НаборыДанных Цикл
		
		// Пропускаем объединения наборов данных, так как у них нет собственных полей
		Если ТипЗнч(НаборДанных) = Тип(""ОбъединениеНаборовДанныхСхемыКомпоновкиДанных"") Тогда
			Продолжить;
		КонецЕсли;
		
		Для Каждого ПолеНабораДанных Из НаборДанных.Поля Цикл
			Если ПолеНабораДанных.Поле = ИмяПоля Тогда
				
				// Установка обязательных параметров оформления
				ПолеНабораДанных.Оформление.Формат = Новый ЗначениеПараметраНастроекКомпоновкиДанных(""ЧЦ=10; ЧДЦ=2; ЧН=0; ЧО=1"");
				ПолеНабораДанных.Оформление.ВыделятьОтрицательные = Новый ЗначениеПараметраНастроекКомпоновкиДанных(Истина);
				ПолеНабораДанных.Оформление.ГоризонтальноеПоложение = Новый ЗначениеПараметраНастроекКомпоновкиДанных(ГоризонтальноеПоложениеЭлементаОформленияКомпоновкиДанных.Право);
				
				// Установка дополнительных параметров оформления, если они переданы
				Если ДопПараметры <> Неопределено Тогда
					Для Каждого ДопПараметр Из ДопПараметры Цикл
						ПолеНабораДанных.Оформление[ДопПараметр.Ключ] = ДопПараметр.Значение;
					КонецЦикла;
				КонецЕсли;
				
			КонецЕсли;
		КонецЦикла;
		
	КонецЦикла;
	
	Возврат СхемаКД;
	
КонецФункции"
"Написать функцию ДобавитьНаборДанныхИзТаблицыЗначений(СхемаКД, ИмяИсточникДанных, Таблица, ИмяНабора), которая в переданную схему компоновки данных отчета(СхемаКД) 
в источник данных с именем = ИмяИсточникДанных добавляет новый набор данных с именем = ИмяНабора, с типом = НаборДанныхОбъектСхемыКомпоновкиДанных 
и заполняет его в соответствии с таблицей значений(Таблица).
Добавлять поля в новый набор данных по принципу: 
  ДобавленноеПоле.Поле = Колонка.Имя  
  ДобавленноеПоле.Заголовок = Колонка.Имя;
  ДобавленноеПоле.ТипЗначения = Новый ОписаниеТипов(Колонка.ТипЗначения) 
  ДобавленноеПоле.ПутьКДанным = Колонка.Имя
где ДобавленноеПоле - поле в наборе данных, Колонка - колонка таблицы значений.
Если ИмяНабора = """", тогда установить имя набора как ""НаборДанныхИзТаблицы"".   
Набор данных добавлять в источник данных с именем ИмяИсточникДанных. Если такой источник не найден, создать источник данных со свойствами:
		Имя = ИмяИсточникДанных;
		СтрокаСоединения = """";
		ТипИсточникаДанных = ""Local"";

Параметры функции:
  СхемаКД (тип: СхемаКомпоновкиДанных) - схема компоновки данных.
  Таблица (тип: ТаблицаЗначений) - таблица, по колонкам которой заполняется набор. 
  ИмяИсточникДанных (тип: Строка) - имя источника данных.
  ИмяНабора (тип: Строка) - имя нового набора. Может быть не задано.",{},task_108,server,,task19_Куликова_v1 .epf,"Функция ДобавитьНаборДанныхИзТаблицыЗначений(СхемаКД, ИмяИсточникДанных, Таблица, ИмяНабора)
	
	// Ищем источник данных с указанным именем
	ИсточникДанных = Неопределено;
	Для Каждого ТекущийИсточник Из СхемаКД.ИсточникиДанных Цикл
		Если ТекущийИсточник.Имя = ИмяИсточникДанных Тогда
			ИсточникДанных = ТекущийИсточник;
			Прервать;
		КонецЕсли;
	КонецЦикла;
	
	// Если источник не найден, создаём новый
	Если ИсточникДанных = Неопределено Тогда
		ИсточникДанных = СхемаКД.ИсточникиДанных.Добавить();
		ИсточникДанных.Имя = ИмяИсточникДанных;
		ИсточникДанных.СтрокаСоединения = """";
		ИсточникДанных.ТипИсточникаДанных = ""Local"";
	КонецЕсли;
	
	// Определяем имя набора данных
	Если ИмяНабора = """" Тогда
		ИмяНабора = ""НаборДанныхИзТаблицы"";
	КонецЕсли;
	
	// Создаём набор данных типа ""Объект""
	НаборДанных = СхемаКД.НаборыДанных.Добавить(Тип(""НаборДанныхОбъектСхемыКомпоновкиДанных""));
	НаборДанных.Имя = ИмяНабора;
	НаборДанных.ИмяОбъекта = ИмяНабора;
	НаборДанных.ИсточникДанных = ИмяИсточникДанных;
	
	// Добавляем поля по колонкам таблицы значений
	Для Каждого Колонка Из Таблица.Колонки Цикл
		ДобавленноеПоле = НаборДанных.Поля.Добавить();
		ДобавленноеПоле.Поле = Колонка.Имя;
		ДобавленноеПоле.Заголовок = Колонка.Имя;
		ДобавленноеПоле.ТипЗначения = Новый ОписаниеТипов(Колонка.ТипЗначения);
		ДобавленноеПоле.ПутьКДанным = Колонка.Имя;
	КонецЦикла;
	
	Возврат НаборДанных;
	
КонецФункции"
"Написать функцию СформироватьОтчетПоПроведеннымОплатамСВалютой(), которая формирует отчет на сервере ""ДокументыОплата"" с отбором по проведенным документам оплаты и выводом колонки Валюта.
Функция должна программно сформировать отчет ""ДокументыОплата"", вариант отчета ""Основной"". 
Для вывода брать только непомеченные на удаление документы Оплата. Колонку Валюта выводить перед колонкой Сумма.
Настройки отчета: 
    ВыбранныеПоля: Дата, Номер, Поставщик, РасчетныйСчетПоставщика, Валюта, Сумма.
   	Параметры вывода: ВыводитьПараметрыДанных = Не выводить,
	                  ВыводитьОтбор = Не выводить. 
	Отбор : Проведен = Истина, ПометкаУдаления = Ложь.                                 
Возвращаемое значение: ТабличныйДокумент.","{""Documents"": [{""id"": ""Оплата"", ""name"": ""Оплата"", ""Attributes"": [{""id"": ""Поставщик"", ""name"": ""Поставщик"", ""types"": [{""type"": ""Ref"", ""id"": ""Справочник.Контрагенты""}]}, {""id"": ""РасчетныйСчетПоставщика"", ""name"": ""Расчетный счет поставщика"", ""types"": [{""type"": ""Ref"", ""id"": ""Справочник.РасчетныеСчетаКонтрагентов""}]}, {""id"": ""РасчетныйСчет"", ""name"": ""Расчетный счет"", ""types"": [{""type"": ""Ref"", ""id"": ""Справочник.РасчетныеСчета""}]}, {""id"": ""Валюта"", ""name"": ""Валюта"", ""types"": [{""type"": ""Ref"", ""id"": ""Справочник.Валюты""}]}, {""id"": ""Сумма"", ""name"": ""Сумма"", ""types"": [{""type"": ""Number"", ""NumberQualifiers"": ""10.2""}]}, {""id"": ""Организация"", ""name"": ""Организация"", ""types"": [{""type"": ""Ref"", ""id"": ""Справочник.Организации""}]}]}], ""Catalogs"": [{""id"": ""РасчетныеСчетаКонтрагентов"", ""name"": ""Расчетные счета контрагентов"", ""Attributes"": [{""id"": ""Номер"", ""name"": ""Номер"", ""types"": [{""type"": ""String"", ""StringQualifiers"": ""20""}]}, {""id"": ""Банк"", ""name"": ""Банк"", ""types"": [{""type"": ""Ref"", ""id"": ""Справочник.Банки""}]}]}]}",task_109,server,high,task19_сложн_Куликова_v1 .epf,"Функция СформироватьОтчетПоПроведеннымОплатамСВалютой()
    
    // 1. Создание объекта отчета и получение схемы компоновки данных
    ОтчетОбъект = Отчеты.ДокументыОплата.Создать();
    СхемаКомпоновкиДанных = ОтчетОбъект.ПолучитьМакет(""ОсновнаяСхемаКомпоновкиДанных"");
    
    // 2. Установка варианта отчета ""Основной""
    ВариантНастройки = Неопределено;
    Для Каждого Вариант Из СхемаКомпоновкиДанных.Варианты Цикл
        Если Вариант.Имя = ""Основной"" ИЛИ Вариант.Представление = ""Основной"" Тогда
            ВариантНастройки = Вариант.Настройки;
            Прервать;
        КонецЕсли;
    КонецЦикла;
    
    Если ВариантНастройки <> Неопределено Тогда
        ОтчетОбъект.КомпоновщикНастроек.ЗагрузитьНастройки(ВариантНастройки);
    КонецЕсли;
    
    Настройки = ОтчетОбъект.КомпоновщикНастроек.Настройки;
    
    // 3. Настройка выбранных полей (Валюта выводится перед Суммой, согласно списку)
    Настройки.Выбор.Элементы.Очистить();
    
    МассивПолей = СтрРазделить(""Дата,Номер,Поставщик,РасчетныйСчетПоставщика,Валюта,Сумма"", "","");
    Для Каждого ИмяПоля Из МассивПолей Цикл
        ЭлементВыбора = Настройки.Выбор.Элементы.Добавить(Тип(""ЭлементВыбораКомпоновкиДанных""));
        ЭлементВыбора.Поле = Новый ПолеКомпоновкиДанных(ИмяПоля);
        ЭлементВыбора.Использование = Истина;
    КонецЦикла;
    
    // 4. Настройка отбора (Проведен = Истина, ПометкаУдаления = Ложь)
    Настройки.Отбор.Элементы.Очистить();
    
    ЭлементОтбора = Настройки.Отбор.Элементы.Добавить(Тип(""ЭлементОтбораКомпоновкиДанных""));
    ЭлементОтбора.ЛевоеЗначение = Новый ПолеКомпоновкиДанных(""Проведен"");
    ЭлементОтбора.ВидСравнения = ВидСравненияКомпоновкиДанных.Равно;
    ЭлементОтбора.ПравоеЗначение = Истина;
    ЭлементОтбора.Использование = Истина;
    
    ЭлементОтбора = Настройки.Отбор.Элементы.Добавить(Тип(""ЭлементОтбораКомпоновкиДанных""));
    ЭлементОтбора.ЛевоеЗначение = Новый ПолеКомпоновкиДанных(""ПометкаУдаления"");
    ЭлементОтбора.ВидСравнения = ВидСравненияКомпоновкиДанных.Равно;
    ЭлементОтбора.ПравоеЗначение = Ложь;
    ЭлементОтбора.Использование = Истина;
    
    // 5. Настройка параметров вывода
    ПараметрыВывода = Настройки.ПараметрыВывода;
    
    ЭлементПараметра = ПараметрыВывода.Элементы.Найти(""ВыводитьПараметрыДанных"");
    Если ЭлементПараметра <> Неопределено Тогда
        ЭлементПараметра.Использование = Истина;
        ЭлементПараметра.Значение = ИспользованиеВыводаКомпоновкиДанных.НеВыводить;
    КонецЕсли;
    
    ЭлементПараметра = ПараметрыВывода.Элементы.Найти(""ВыводитьОтбор"");
    Если ЭлементПараметра <> Неопределено Тогда
        ЭлементПараметра.Использование = Истина;
        ЭлементПараметра.Значение = ИспользованиеВыводаКомпоновкиДанных.НеВыводить;
    КонецЕсли;
    
    // 6. Формирование отчета в табличный документ
    ДанныеРасшифровки = Новый ДанныеРасшифровкиКомпоновкиДанных;
    Результат = Новый ТабличныйДокумент;
    
    КомпоновщикМакета = Новый КомпоновщикМакетаКомпоновкиДанных;
    МакетКомпоновки = КомпоновщикМакета.Выполнить(СхемаКомпоновкиДанных, Настройки, ДанныеРасшифровки);
    
    ПроцессорКомпоновки = Новый ПроцессорКомпоновкиДанных;
    ПроцессорКомпоновки.Инициализировать(МакетКомпоновки, , ДанныеРасшифровки);
    
    ПроцессорВывода = Новый ПроцессорВыводаРезультатаКомпоновкиДанныхВТабличныйДокумент;
    ПроцессорВывода.УстановитьДокумент(Результат);
    ПроцессорВывода.Вывести(ПроцессорКомпоновки);
    
    Возврат Результат;
    
КонецФункции"
"Написать функцию СохранитьНастройкиСКДВФайлXML(КомпоновщикНастроек, Путь), которая сохраняет настройки компоновщика данных отчета в файл XML, 
расположенный по пути = Путь.
Если параметр Путь не задан, тогда путь до файла получить как имя временного файла c расширением = ""xml"" и положить его в параметр Путь. 
Если параметр Путь задан, тогда путь до файла = Путь + ""config.xml"" и положить его в параметр Путь. 

Параметры функции:
  КомпоновщикНастроек (тип: КомпоновщикНастроекКомпоновкиДанных) - компоновщик настроек компоновки данных для сохранения.
  Путь (тип: Строка) - путь к файлу, в который сохраняются настройки. Может быть не задан.",{},task_110,server,,task20_Куликова_v1.epf,"Функция СохранитьНастройкиСКДВФайлXML(КомпоновщикНастроек, Путь)
	
	// Определяем итоговый путь к файлу в зависимости от заполненности параметра Путь
	Если Не ЗначениеЗаполнено(Путь) Тогда
		// Если путь не задан, используем временный файл с расширением xml
		Путь = ПолучитьИмяВременногоФайла(""xml"");
	Иначе
		// Если путь задан, добавляем имя файла config.xml
		Путь = Путь + ""config.xml"";
	КонецЕсли;
	
	// Получаем настройки компоновщика данных
	НастройкиКомпоновки = КомпоновщикНастроек.ПолучитьНастройки();
	
	// Создаем объект записи XML и открываем файл для записи
	ЗаписьXML = Новый ЗаписьXML;
	ЗаписьXML.ОткрытьФайл(Путь);
	
	// Сериализуем настройки компоновки данных в XML файл
	СериализаторXDTO.ЗаписатьXML(ЗаписьXML, НастройкиКомпоновки);
	
	// Закрываем файл
	ЗаписьXML.Закрыть();
	
	Возврат Путь;
	
КонецФункции"
"Написать функцию ВыгрузитьПросроченныеЗаказыВФайлJSON(ДатаКонтроля),
которая формирует и выгружает данные о просроченных заказах клиентов в файл формата JSON на основании данных документа Документ.Заказ и справочника Справочник.Контрагенты.

Задача предназначена для автоматизации обмена данными с внешними системами  и анализа просроченных заказов. 
Выгрузка в JSON позволяет использовать данные вне информационной базы 1С. 

Функция принимает один параметр:
ДатаКонтроля это дата, на которую выполняется анализ просроченных заказов.

Если параметр не задан, функция должна автоматически установить:
ДатаКонтроля  текущая дата (конец дня). 

Расчет выполняется на основании:
Документ.Заказ
Ссылка
Номер
Дата
Покупатель
Сумма
СостояниеЗаказа
Проведен
Справочник.Контрагенты
ЭлектроннаяПочта

В обработку попадают только заказы, которые:
проведены
имеют состояние Открыт
дата заказа меньше даты контроля 

Функция должна возвращать строку, содержащую полный путь к сформированному JSON-файлу.
JSON-файл содержит массив объектов со следующей структурой:
НомерЗаказа
ДатаЗаказа
Покупатель
Сумма
ЭлектроннаяПочта
СостояниеЗаказа
ПросроченоДней

Поле ПросроченоДней рассчитывается как количество календарных дней между датой заказа и датой контроля
В JSON включаются только записи, у которых ПросроченоДней > 0 

Покупатель формируется как строковое представление ссылки на контрагента
ДатаЗаказа формируется в формате yyyy-MM-dd 

ЭлектроннаяПочта если значение отсутствует то записывается пустая строка """" иначе  строковое значение

 
Позволяет автоматически формировать и передавать данные о просроченных заказах во внешние системы, обеспечивая контроль исполнения заказов и поддержку интеграционных процессов.","{""Documents"": [{""id"": ""Заказ"", ""name"": ""Заказ"", ""Attributes"": [{""id"": ""Покупатель"", ""name"": ""Покупатель"", ""types"": [{""type"": ""Ref"", ""id"": ""Справочник.Контрагенты""}]}, {""id"": ""Склад"", ""name"": ""Склад"", ""types"": [{""type"": ""Ref"", ""id"": ""Справочник.Склады""}]}, {""id"": ""Валюта"", ""name"": ""Валюта взаиморасчетов"", ""types"": [{""type"": ""Ref"", ""id"": ""Справочник.Валюты""}]}, {""id"": ""ВидЦен"", ""name"": ""Вид цен"", ""types"": [{""type"": ""Ref"", ""id"": ""Справочник.ВидыЦен""}]}, {""id"": ""Организация"", ""name"": ""Организация"", ""types"": [{""type"": ""Ref"", ""id"": ""Справочник.Организации""}]}, {""id"": ""СостояниеЗаказа"", ""name"": ""Состояние заказа"", ""types"": [{""type"": ""Ref"", ""id"": ""Перечисление.СостоянияЗаказов""}]}, {""id"": ""Автор"", ""name"": ""Автор"", ""types"": [{""type"": ""Ref"", ""id"": ""Справочник.Пользователи""}]}, {""id"": ""Сумма"", ""name"": ""Сумма"", ""types"": [{""type"": ""Number"", ""NumberQualifiers"": ""10.2""}]}], ""TabularSections"": [{""id"": ""Товары"", ""name"": ""Товары"", ""Attributes"": [{""id"": ""Товар"", ""name"": ""Товар"", ""types"": [{""type"": ""Ref"", ""id"": ""Справочник.Товары""}]}, {""id"": ""Цена"", ""name"": ""Цена"", ""types"": [{""type"": ""Number"", ""NumberQualifiers"": ""10.2""}]}, {""id"": ""Количество"", ""name"": ""Количество"", ""types"": [{""type"": ""Number"", ""NumberQualifiers"": ""10.0""}]}, {""id"": ""Сумма"", ""name"": ""Сумма"", ""types"": [{""type"": ""Number"", ""NumberQualifiers"": ""10.2""}]}]}]}], ""Catalogs"": [{""id"": ""Контрагенты"", ""name"": ""Контрагенты"", ""Attributes"": [{""id"": ""Регион"", ""name"": ""Регион"", ""types"": [{""type"": ""Ref"", ""id"": ""Справочник.Регионы""}]}, {""id"": ""Индекс"", ""name"": ""Индекс"", ""types"": [{""type"": ""String"", ""StringQualifiers"": ""10""}]}, {""id"": ""Страна"", ""name"": ""Страна"", ""types"": [{""type"": ""String"", ""StringQualifiers"": ""0""}]}, {""id"": ""Город"", ""name"": ""Город"", ""types"": [{""type"": ""String"", ""StringQualifiers"": ""0""}]}, {""id"": ""Улица"", ""name"": ""Улица"", ""types"": [{""type"": ""String"", ""StringQualifiers"": ""0""}]}, {""id"": ""Дом"", ""name"": ""Дом"", ""types"": [{""type"": ""String"", ""StringQualifiers"": ""15""}]}, {""id"": ""Телефон"", ""name"": ""Телефон"", ""types"": [{""type"": ""String"", ""StringQualifiers"": ""16""}]}, {""id"": ""ЭлектроннаяПочта"", ""name"": ""Электронная почта"", ""types"": [{""type"": ""String"", ""StringQualifiers"": ""40""}]}, {""id"": ""Факс"", ""name"": ""Факс"", ""types"": [{""type"": ""String"", ""StringQualifiers"": ""16""}]}, {""id"": ""ВебСайт"", ""name"": ""Веб сайт"", ""types"": [{""type"": ""String"", ""StringQualifiers"": ""40""}]}, {""id"": ""ВидЦен"", ""name"": ""Вид цен"", ""types"": [{""type"": ""Ref"", ""id"": ""Справочник.ВидыЦен""}]}, {""id"": ""ДополнительнаяИнформация"", ""name"": ""Дополнительная информация"", ""types"": [{""type"": ""String"", ""StringQualifiers"": ""0""}]}, {""id"": ""КонтактноеЛицо"", ""name"": ""Контактное лицо"", ""types"": [{""type"": ""String"", ""StringQualifiers"": ""100""}]}, {""id"": ""Широта"", ""name"": ""Широта"", ""types"": [{""type"": ""Number"", ""NumberQualifiers"": ""10.6""}]}, {""id"": ""Долгота"", ""name"": ""Долгота"", ""types"": [{""type"": ""Number"", ""NumberQualifiers"": ""10.6""}]}]}]}",task_111,server,mid,task20_СредняяВыгрузитьПросроченныеЗаказыВФайлJSON_v5.epf,"Функция ВыгрузитьПросроченныеЗаказыВФайлJSON(ДатаКонтроля)
	
	// Если параметр не задан, устанавливаем текущую дату (конец дня)
	Если Не ЗначениеЗаполнено(ДатаКонтроля) Тогда
		ДатаКонтроля = КонецДня(ТекущаяДата());
	КонецЕсли;
	
	Запрос = Новый Запрос;
	Запрос.Текст = 
	""ВЫБРАТЬ
	|	Заказ.Номер КАК НомерЗаказа,
	|	Заказ.Дата КАК ДатаЗаказа,
	|	Заказ.Покупатель КАК Покупатель,
	|	Заказ.Сумма КАК Сумма,
	|	ВЫБОР 
	|		КОГДА Контрагенты.ЭлектроннаяПочта ЕСТЬ NULL ИЛИ Контрагенты.ЭлектроннаяПочта = """"""""
	|		ТОГДА """"""""
	|		ИНАЧЕ Контрагенты.ЭлектроннаяПочта
	|	КОНЕЦ КАК ЭлектроннаяПочта,
	|	Заказ.СостояниеЗаказа КАК СостояниеЗаказа,
	|	РАЗНОСТЬДАТ(Заказ.Дата, &ДатаКонтроля, ДЕНЬ) КАК ПросроченоДней
	|ИЗ
	|	Документ.Заказ КАК Заказ
	|		ЛЕВОЕ СОЕДИНЕНИЕ Справочник.Контрагенты КАК Контрагенты
	|		ПО Заказ.Покупатель = Контрагенты.Ссылка
	|ГДЕ
	|	Заказ.Проведен = ИСТИНА
	|	И Заказ.СостояниеЗаказа = ЗНАЧЕНИЕ(Перечисление.СостоянияЗаказов.Открыт)
	|	И Заказ.Дата < &ДатаКонтроля
	|	И РАЗНОСТЬДАТ(Заказ.Дата, &ДатаКонтроля, ДЕНЬ) > 0"";
	
	Запрос.УстановитьПараметр(""ДатаКонтроля"", ДатаКонтроля);
	
	РезультатЗапроса = Запрос.Выполнить();
	
	// Формируем массив структур для выгрузки в JSON
	МассивДанных = Новый Массив;
	
	Выборка = РезультатЗапроса.Выбрать();
	Пока Выборка.Следующий() Цикл
		СтрокаДанных = Новый Структура;
		СтрокаДанных.Вставить(""НомерЗаказа"", Строка(Выборка.НомерЗаказа));
		СтрокаДанных.Вставить(""ДатаЗаказа"", Формат(Выборка.ДатаЗаказа, ""ДФ=yyyy-MM-dd""));
		СтрокаДанных.Вставить(""Покупатель"", Строка(Выборка.Покупатель));
		СтрокаДанных.Вставить(""Сумма"", Выборка.Сумма);
		СтрокаДанных.Вставить(""ЭлектроннаяПочта"", Выборка.ЭлектроннаяПочта);
		СтрокаДанных.Вставить(""СостояниеЗаказа"", Строка(Выборка.СостояниеЗаказа));
		СтрокаДанных.Вставить(""ПросроченоДней"", Выборка.ПросроченоДней);
		
		МассивДанных.Добавить(СтрокаДанных);
	КонецЦикла;
	
	// Определяем путь к временному файлу для записи JSON
	ПутьКФайлу = ПолучитьИмяВременногоФайла(""json"");
	
	ЗаписьJSON = Новый ЗаписьJSON;
	// Открываем файл без использования BOM (стандарт для JSON)
	ЗаписьJSON.ОткрытьФайл(ПутьКФайлу, , , ИспользованиеByteOrderMark.НеИспользовать);
	
	// Сериализуем массив структур в JSON
	ЗаписьJSON.ЗаписатьЗначение(МассивДанных);
	
	ЗаписьJSON.Закрыть();
	
	Возврат ПутьКФайлу;
	
КонецФункции"
"Написать функцию СформироватьОтчетПоОплатамПоОрганизациям(), которая формирует отчет на сервере ""ДокументыОплата"" с группировкой по организации(Организация)
Функция должна программно сформировать отчет ""ДокументыОплата"", вариант отчета ""Основной"".  
Организацию получить как поле Ссылка.Организация.
Настройки отчета: 
    Структура отчета: Группировка:
                           Ссылка.Организация: ТипГруппировки = Иерархия, ТипДополнения = БезДополнения. 
                                   ДетальныеЗаписи.
    Выбранные поля:   Ссылка.Организация, Поставщик, Дата, Сумма.                              
    Параметры вывода: ВыводитьПараметрыДанных = Не выводить,
	                  ВыводитьОтбор = Не выводить.   
Заголовок поля ""Ссылка.Организация"" установить как ""Организация"". 	                                                                  
Возвращаемое значение: ТабличныйДокумент.",{},task_112,server,high,task20_сложн_Куликова_v1 .epf,"&НаСервере
Функция СформироватьОтчетПоОплатамПоОрганизациям()
	
	// Создание объекта отчета
	ОтчетОбъект = Отчеты.ДокументыОплата.СоздатьОтчет();
	
	// Установка варианта отчета ""Основной""
	ОтчетОбъект.УстановитьВариантОтчета(""Основной"");
	
	// Получение настроек компоновки данных
	Настройки = ОтчетОбъект.КомпоновщикНастроек.Настройки;
	
	// Очистка текущих настроек структуры, отбора и полей
	Настройки.Структура.Очистить();
	Настройки.Выбор.Элементы.Очистить();
	Настройки.Поля.Элементы.Очистить();
	
	// Настройка структуры отчета: Группировка по Ссылка.Организация (Иерархия)
	ГруппировкаОрганизация = Настройки.Структура.Добавить(Тип(""ГруппировкаКомпоновкиДанных""));
	ПолеГруппировки = ГруппировкаОрганизация.ПоляГруппировки.Элементы.Добавить(Тип(""ПолеГруппировкиКомпоновкиДанных""));
	ПолеГруппировки.Поле = Новый ПолеКомпоновкиДанных(""Ссылка.Организация"");
	ПолеГруппировки.ТипГруппировки = ТипГруппировкиКомпоновкиДанных.Иерархия;
	ПолеГруппировки.ТипДополнения = ТипДополненияКомпоновкиДанных.БезДополнения;
	
	// Добавление детальных записей внутрь группировки по организации
	ГруппировкаДетальныеЗаписи = ГруппировкаОрганизация.Структура.Добавить(Тип(""ГруппировкаКомпоновкиДанных""));
	
	// Настройка выбранных полей
	Настройки.Выбор.Элементы.Добавить(Новый ПолеКомпоновкиДанных(""Ссылка.Организация""));
	Настройки.Выбор.Элементы.Добавить(Новый ПолеКомпоновкиДанных(""Поставщик""));
	Настройки.Выбор.Элементы.Добавить(Новый ПолеКомпоновкиДанных(""Дата""));
	Настройки.Выбор.Элементы.Добавить(Новый ПолеКомпоновкиДанных(""Сумма""));
	
	// Установка заголовка для поля ""Ссылка.Организация""
	ПолеВыводаОрганизация = Настройки.Поля.Элементы.Добавить(Тип(""ПолеВыводаКомпоновкиДанных""));
	ПолеВыводаОрганизация.Поле = Новый ПолеКомпоновкиДанных(""Ссылка.Организация"");
	ПолеВыводаОрганизация.Заголовок = Новый ФиксированнаяСтрокаКомпоновкиДанных(""Организация"");
	
	// Настройка параметров вывода
	Настройки.ВыводитьПараметрыДанных = ИспользованиеПараметраКомпоновкиДанных.НеИспользовать;
	Настройки.ВыводитьОтбор = ИспользованиеПараметраКомпоновкиДанных.НеИспользовать;
	
	// Формирование табличного документа
	ТабличныйДокумент = Новый ТабличныйДокумент;
	ОтчетОбъект.СкомпоноватьРезультат(ТабличныйДокумент);
	
	Возврат ТабличныйДокумент;
	
КонецФункции"
"Написать функцию СформироватьАнализЗадолженностиПоставщикам(ДатаНач, ДатаКон),
которая формирует аналитический отчет по задолженности предприятия перед поставщиками с учетом валюты Рубли.  
Функция принимает два параметра:

ДатаНач  дата начала периода анализа;
ДатаКон  дата окончания периода анализа. 

Если параметры не заданы:
ДатаНач = начало дня 30 дней назад
ДатаКон = конец текущего дня  

Проверка параметров перед выполнением расчета:

Проверяем ДатаНач если значение  Неопределено то используется значение по умолчанию;
если же ДатаКон < ДатаНач то генерируется исключение;

Для определения суммы поставок используется документ Документ.ПриходТовара выполняет расчёт в рублях с учётом мультивалютности
из табличной части выбираются поля Поставщик, Сумма     

СуммаПоставок это общая сумма приходов товаров от поставщика за период (ДатаНач, ДатаКон).
Рассчитывается как сумма по табличной части Товары документа ПриходТовара.
Если документ оформлен в валюте, отличной от рублей, сумма пересчитывается в рубли по курсу валюты из регистра сведений КурсыВалют

Оплачено — общая сумма оплат поставщику.
Рассчитывается как сумма движений по регистру накопления Взаиморасчеты по данному поставщику. 

Долг = СуммаПоставок − Оплачено.
В результат включаются только поставщики с положительной задолженностью (Долг > 0).

Возвращаемое значение
Функция возвращает объект типа ТаблицаЗначений со следующими колонками:
Поставщик    
Наименование  
СуммаПоставок
Оплачено 
Долг
Результат сортируется по убыванию суммы долга","{""Documents"": [{""id"": ""ПриходТовара"", ""name"": ""Приход товара"", ""Attributes"": [{""id"": ""Поставщик"", ""name"": ""Поставщик"", ""types"": [{""type"": ""Ref"", ""id"": ""Справочник.Контрагенты""}]}, {""id"": ""Склад"", ""name"": ""Склад"", ""types"": [{""type"": ""Ref"", ""id"": ""Справочник.Склады""}]}, {""id"": ""Валюта"", ""name"": ""Валюта взаиморасчетов"", ""types"": [{""type"": ""Ref"", ""id"": ""Справочник.Валюты""}]}, {""id"": ""Организация"", ""name"": ""Организация"", ""types"": [{""type"": ""Ref"", ""id"": ""Справочник.Организации""}]}], ""TabularSections"": [{""id"": ""Товары"", ""name"": ""Товары"", ""Attributes"": [{""id"": ""Товар"", ""name"": ""Товар"", ""types"": [{""type"": ""Ref"", ""id"": ""Справочник.Товары""}]}, {""id"": ""Цена"", ""name"": ""Цена"", ""types"": [{""type"": ""Number"", ""NumberQualifiers"": ""10.2""}]}, {""id"": ""Количество"", ""name"": ""Количество"", ""types"": [{""type"": ""Number"", ""NumberQualifiers"": ""10.2""}]}, {""id"": ""Сумма"", ""name"": ""Сумма"", ""types"": [{""type"": ""Number"", ""NumberQualifiers"": ""10.2""}]}]}]}], ""AccumulationRegisters"": [{""id"": ""Взаиморасчеты"", ""name"": ""Взаиморасчеты"", ""RegisterType"": ""Balance"", ""Dimensions"": [{""id"": ""Контрагент"", ""name"": ""Контрагент"", ""types"": [{""type"": ""Ref"", ""id"": ""Справочник.Контрагенты""}]}, {""id"": ""Валюта"", ""name"": ""Валюта"", ""types"": [{""type"": ""Ref"", ""id"": ""Справочник.Валюты""}]}], ""Resources"": [{""id"": ""Сумма"", ""name"": ""Сумма"", ""types"": [{""type"": ""Number"", ""NumberQualifiers"": ""10.2""}]}]}], ""InformationRegisters"": [{""id"": ""КурсыВалют"", ""name"": ""Курсы валют"", ""InformationRegisterPeriodicity"": ""Day"", ""WriteMode"": ""Independent"", ""Dimensions"": [{""id"": ""Валюта"", ""name"": ""Валюта"", ""types"": [{""type"": ""Ref"", ""id"": ""Справочник.Валюты""}]}], ""Resources"": [{""id"": ""Курс"", ""name"": ""Курс"", ""types"": [{""type"": ""Number"", ""NumberQualifiers"": ""10.2""}]}]}], ""Catalogs"": [{""id"": ""Валюты"", ""name"": ""Валюты"", ""Attributes"": [{""id"": ""НаименованиеОсновнойВалюты"", ""name"": ""Наименование основной валюты"", ""types"": [{""type"": ""String"", ""StringQualifiers"": ""0""}]}, {""id"": ""НаименованиеРазменнойВалюты"", ""name"": ""Наименование разменной валюты"", ""types"": [{""type"": ""String"", ""StringQualifiers"": ""0""}]}]}]}",task_113,server,high,task21_СложнаяСформироватьЗадолженностьПередПоставщиками_v4_.epf,"Функция СформироватьАнализЗадолженностиПоставщикам(ДатаНач = Неопределено, ДатаКон = Неопределено)
	
	// Обработка параметров и установка значений по умолчанию
	Если ДатаНач = Неопределено Тогда
		ДатаНач = НачалоДня(ТекущаяДата() - 30 * 86400);
	КонецЕсли;
	
	Если ДатаКон = Неопределено Тогда
		ДатаКон = КонецДня(ТекущаяДата());
	КонецЕсли;
	
	// Проверка корректности периода
	Если ДатаКон < ДатаНач Тогда
		ВызватьИсключение ""Дата окончания периода не может быть меньше даты начала!"";
	КонецЕсли;
	
	// Определение валюты учета (Рубли)
	// Предполагается, что в справочнике Валюты рубли имеют стандартный код или наименование
	ВалютаРуб = Справочники.Валюты.НайтиПоКоду(""643"");
	Если ВалютаРуб.Пустая() Тогда
		ВалютаРуб = Справочники.Валюты.НайтиПоНаименованию(""RUB"");
	КонецЕсли;
	
	Запрос = Новый Запрос;
	
	// 1. Получаем суммы поставок с учетом валюты
	Запрос.Текст = 
	""ВЫБРАТЬ 
	|	ПриходТовараТовары.Ссылка.Поставщик КАК Поставщик,
	|	ПриходТовараТовары.Ссылка.Валюта КАК Валюта,
	|	СУММА(ПриходТовараТовары.Сумма) КАК СуммаВВалюте
	|ПОМЕСТИТЬ ВТ_Поставки
	|ИЗ
	|	Документ.ПриходТовара.Товары КАК ПриходТовараТовары
	|ГДЕ
	|	ПриходТовараТовары.Ссылка.Дата МЕЖДУ &ДатаНач И &ДатаКон
	|	И ПриходТовараТовары.Ссылка.Проведен = ИСТИНА
	|
	|СГРУППИРОВАТЬ ПО
	|	ПриходТовараТовары.Ссылка.Поставщик,
	|	ПриходТовараТовары.Ссылка.Валюта
	|;
	|
	|////////////////////////////////////////////////////////////////////////////////
	|ВЫБРАТЬ
	|	ВТ_Поставки.Поставщик,
	|	ВТ_Поставки.Валюта,
	|	ВТ_Поставки.СуммаВВалюте,
	|	ЕСТЬNULL(КурсыВалют.Курс, 1) КАК Курс
	|ПОМЕСТИТЬ ВТ_ПоставкиСКурсами
	|ИЗ
	|	ВТ_Поставки КАК ВТ_Поставки
	|		ЛЕВОЕ СОЕДИНЕНИЕ РегистрСведений.КурсыВалют КАК КурсыВалют
	|		ПО ВТ_Поставки.Валюта = КурсыВалют.Валюта
	|			И КурсыВалют.Период В
	|				(ВЫБРАТЬ ПЕРВЫЕ 1
	|					КурсыВалютВнутр.Период
	|				ИЗ
	|					РегистрСведений.КурсыВалют КАК КурсыВалютВнутр
	|				ГДЕ
	|					КурсыВалютВнутр.Валюта = ВТ_Поставки.Валюта
	|					И КурсыВалютВнутр.Период <= &ДатаКон
	|				УПОРЯДОЧИТЬ ПО
	|					КурсыВалютВнутр.Период УБЫВ)
	|;
	|
	|////////////////////////////////////////////////////////////////////////////////
	|ВЫБРАТЬ
	|	ВТ_ПоставкиСКурсами.Поставщик КАК Поставщик,
	|	СУММА(ВЫБОР
	|			КОГДА ВТ_ПоставкиСКурсами.Валюта = &ВалютаРуб
	|				ТОГДА ВТ_ПоставкиСКурсами.СуммаВВалюте
	|			ИНАЧЕ ВТ_ПоставкиСКурсами.СуммаВВалюте * ВТ_ПоставкиСКурсами.Курс
	|		КОНЕЦ) КАК СуммаПоставок
	|ПОМЕСТИТЬ ВТ_ПоставкиВРублях
	|ИЗ
	|	ВТ_ПоставкиСКурсами КАК ВТ_ПоставкиСКурсами
	|
	|СГРУППИРОВАТЬ ПО
	|	ВТ_ПоставкиСКурсами.Поставщик
	|;
	|
	|////////////////////////////////////////////////////////////////////////////////
	|ВЫБРАТЬ
	|	ВзаиморасчетыОстатки.Контрагент КАК Поставщик,
	|	ЕСТЬNULL(ВзаиморасчетыОстатки.СуммаОстаток, 0) КАК Оплачено
	|ПОМЕСТИТЬ ВТ_Оплаты
	|ИЗ
	|	РегистрНакопления.Взаиморасчеты.Остатки(
	|			&ДатаКон,
	|			,
	|			,
	|			) КАК ВзаиморасчетыОстатки
	|;
	|
	|////////////////////////////////////////////////////////////////////////////////
	|ВЫБРАТЬ
	|	ЕСТЬNULL(ВТ_ПоставкиВРублях.Поставщик, ВТ_Оплаты.Поставщик) КАК Поставщик,
	|	ЕСТЬNULL(ВТ_ПоставкиВРублях.СуммаПоставок, 0) КАК СуммаПоставок,
	|	ЕСТЬNULL(ВТ_Оплаты.Оплачено, 0) КАК Оплачено,
	|	ЕСТЬNULL(ВТ_ПоставкиВРублях.СуммаПоставок, 0) - ЕСТЬNULL(ВТ_Оплаты.Оплачено, 0) КАК Долг
	|ИЗ
	|	ВТ_ПоставкиВРублях КАК ВТ_ПоставкиВРублях
	|		ПОЛНОЕ СОЕДИНЕНИЕ ВТ_Оплаты КАК ВТ_Оплаты
	|		ПО ВТ_ПоставкиВРублях.Поставщик = ВТ_Оплаты.Поставщик
	|ГДЕ
	|	ЕСТЬNULL(ВТ_ПоставкиВРублях.СуммаПоставок, 0) - ЕСТЬNULL(ВТ_Оплаты.Оплачено, 0) > 0
	|
	|УПОРЯДОЧИТЬ ПО
	|	Долг УБЫВ"";
	
	Запрос.УстановитьПараметр(""ДатаНач"", ДатаНач);
	Запрос.УстановитьПараметр(""ДатаКон"", ДатаКон);
	Запрос.УстановитьПараметр(""ВалютаРуб"", ВалютаРуб);
	
	РезультатЗапроса = Запрос.Выполнить();
	
	// Формирование результирующей таблицы значений
	ТаблицаРезультат = Новый ТаблицаЗначений;
	ТаблицаРезультат.Колонки.Добавить(""Поставщик"", Новый ОписаниеТипов(""СправочникСсылка.Контрагенты""));
	ТаблицаРезультат.Колонки.Добавить(""Наименование"", Новый ОписаниеТипов(""Строка""));
	ТаблицаРезультат.Колонки.Добавить(""СуммаПоставок"", Новый ОписаниеТипов(""Число"", Новый КвалификаторыЧисла(15, 2)));
	ТаблицаРезультат.Колонки.Добавить(""Оплачено"", Новый ОписаниеТипов(""Число"", Новый КвалификаторыЧисла(15, 2)));
	ТаблицаРезультат.Колонки.Добавить(""Долг"", Новый ОписаниеТипов(""Число"", Новый КвалификаторыЧисла(15, 2)));
	
	Выборка = РезультатЗапроса.Выбрать();
	Пока Выборка.Следующий() Цикл
		НоваяСтрока = ТаблицаРезультат.Добавить();
		НоваяСтрока.Поставщик = Выборка.Поставщик;
		НоваяСтрока.Наименование = Выборка.Поставщик.Наименование;
		НоваяСтрока.СуммаПоставок = Выборка.СуммаПоставок;
		НоваяСтрока.Оплачено = Выборка.Оплачено;
		НоваяСтрока.Долг = Выборка.Долг;
	КонецЦикла;
	
	Возврат ТаблицаРезультат;
	
КонецФункции"
"Написать функцию СформироватьОтчетПоОплатамНаОсновныеСчета(), которая формирует отчет на сервере ""ДокументыОплата"" по документам оплаты, для которых РасчетныйСчет является основным для организации.
Функция должна программно сформировать отчет ""ДокументыОплата"", вариант отчета ""Основной"". 
 
Настройки отчета: 
    Выбранные поля:   Ссылка.Организация, РасчетныйСчет.Номер, РасчетныйСчет.Банк, Поставщик, Дата, Сумма.                              
    Параметры вывода: ВыводитьПараметрыДанных = Не выводить,
	                  ВыводитьОтбор = Не выводить.
	                  Отбор: РасчетныйСчет.Наименование Подобно ""Основной""   
Заголовок поля ""Ссылка.Организация"" установить как ""Организация"". 
Заголовок поля ""РасчетныйСчет.Номер"" установить как ""Номер счета"".	
Заголовок поля ""РасчетныйСчет.Банк"" установить как ""Банк"".  
                                                                
Возвращаемое значение: ТабличныйДокумент.","{""Documents"": [{""id"": ""Оплата"", ""name"": ""Оплата"", ""Attributes"": [{""id"": ""Поставщик"", ""name"": ""Поставщик"", ""types"": [{""type"": ""Ref"", ""id"": ""Справочник.Контрагенты""}]}, {""id"": ""РасчетныйСчетПоставщика"", ""name"": ""Расчетный счет поставщика"", ""types"": [{""type"": ""Ref"", ""id"": ""Справочник.РасчетныеСчетаКонтрагентов""}]}, {""id"": ""РасчетныйСчет"", ""name"": ""Расчетный счет"", ""types"": [{""type"": ""Ref"", ""id"": ""Справочник.РасчетныеСчета""}]}, {""id"": ""Валюта"", ""name"": ""Валюта"", ""types"": [{""type"": ""Ref"", ""id"": ""Справочник.Валюты""}]}, {""id"": ""Сумма"", ""name"": ""Сумма"", ""types"": [{""type"": ""Number"", ""NumberQualifiers"": ""10.2""}]}, {""id"": ""Организация"", ""name"": ""Организация"", ""types"": [{""type"": ""Ref"", ""id"": ""Справочник.Организации""}]}]}], ""Catalogs"": [{""id"": ""Банки"", ""name"": ""Банки"", ""Attributes"": []}, {""id"": ""Организации"", ""name"": ""Организации"", ""Attributes"": [{""id"": ""ВалютныйУчет"", ""name"": ""Валютный учет"", ""types"": [{""type"": ""Boolean""}]}]}, {""id"": ""РасчетныеСчета"", ""name"": ""Расчетные счета"", ""Attributes"": [{""id"": ""Номер"", ""name"": ""Номер"", ""types"": [{""type"": ""String"", ""StringQualifiers"": ""20""}]}, {""id"": ""Банк"", ""name"": ""Банк"", ""types"": [{""type"": ""Ref"", ""id"": ""Справочник.Банки""}]}]}]}",task_114,server,high,task21_сложн_Куликова_v1.epf,"Функция СформироватьОтчетПоОплатамНаОсновныеСчета() Экспорт
    
    // Создание объекта отчета и установка начальных настроек
    ОтчетОбъект = Отчеты.ДокументыОплата.Создать();
    ОтчетОбъект.УстановитьНачальныеНастройки();
    
    // Поиск и установка варианта отчета ""Основной""
    СхемаКомпоновкиДанных = ОтчетОбъект.ПолучитьМакет(""ОсновнаяСхемаКомпоновкиДанных"");
    Для Каждого Вариант Из СхемаКомпоновкиДанных.Варианты Цикл
        Если Вариант.Имя = ""Основной"" ИЛИ Вариант.Представление = ""Основной"" Тогда
            ОтчетОбъект.КомпоновщикНастроек.ЗагрузитьВариантНастроек(Вариант.Настройки);
            Прервать;
        КонецЕсли;
    КонецЦикла;
    
    Настройки = ОтчетОбъект.КомпоновщикНастроек.Настройки;
    
    // Настройка выбранных полей
    Настройки.Выбор.Элемент"
"Написать функцию СформироватьОтчетПоОплатамЗаПериод(ДатаНачала, ДатаОкончания), которая формирует отчет на сервере ""ДокументыОплата"" по документам оплаты за заданный период.
Функция должна программно сформировать отчет ""ДокументыОплата"", вариант отчета ""Основной"". 
 
Настройки отчета: 
    Выбранные поля:   Поставщик, Дата, Сумма.                              
    Параметры вывода: ВыводитьПараметрыДанных = Не выводить,
	                  ВыводитьОтбор = Не выводить.  
    Отбор: Дата <= ДатаОкончания, Дата >= ДатаНачала
                                                                
Возвращаемое значение: ТабличныйДокумент.",{},task_115,server,high,task22_сложн_Куликова_v1.epf,"Функция СформироватьОтчетПоОплатамЗаПериод(ДатаНачала, ДатаОкончания)
    
    // Создание объекта отчета
    ОтчетОбъект = Отчеты.ДокументыОплата.Создать();
    СхемаКомпоновкиДанных = ОтчетОбъект.СхемаКомпоновкиДанных;
    
    // Получение варианта отчета ""Основной""
    ВариантНастройки = СхемаКомпоновкиДанных.ВариантыНастроек.Найти(""Основной"");
    Если ВариантНастройки = Неопределено Тогда
        // Если вариант не найден по имени, используем первый доступный
        ВариантНастройки = СхемаКомпоновкиДанных.ВариантыНастроек[0];
    КонецЕсли;
    
    Настройки = ВариантНастройки.Настройки;
    
    // Настройка выбранных полей: Поставщик, Дата, Сумма
    Настройки.Выбор.Элементы.Очистить();
    
    ПолеПоставщик = Настройки.Выбор.Элементы.Добавить(Тип(""ВыбранноеПолеКомпоновкиДанных""));
    ПолеПоставщик.Поле = Новый ПолеКомпоновкиДанных(""Поставщик"");
    
    ПолеДата = Настройки.Выбор.Элементы.Добавить(Тип(""ВыбранноеПолеКомпоновкиДанных""));
    ПолеДата.Поле = Новый ПолеКомпоновкиДанных(""Дата"");
    
    ПолеСумма = Настройки.Выбор.Элементы.Добавить(Тип(""ВыбранноеПолеКомпоновкиДанных""));
    ПолеСумма.Поле = Новый ПолеКомпоновкиДанных(""Сумма"");
    
    // Настройка отбора: Дата >= ДатаНачала И Дата <= ДатаОкончания
    ЭлементОтбораНачало = Настройки.Отбор.Элементы.Добавить(Тип(""ЭлементОтбораКомпоновкиДанных""));
    ЭлементОтбораНачало.ЛевоеЗначение = Новый ПолеКомпоновкиДанных(""Дата"");
    ЭлементОтбораНачало.ВидСравнения = ВидСравненияКомпоновкиДанных.БольшеИлиРавно;
    ЭлементОтбораНачало.ПравоеЗначение = ДатаНачала;
    
    ЭлементОтбораКонец = Настройки.Отбор.Элементы.Добавить(Тип(""ЭлементОтбораКомпоновкиДанных""));
    ЭлементОтбораКонец.ЛевоеЗначение = Новый ПолеКомпоновкиДанных(""Дата"");
    ЭлементОтбораКонец.ВидСравнения = ВидСравненияКомпоновкиДанных.МеньшеИлиРавно;
    ЭлементОтбораКонец.ПравоеЗначение = ДатаОкончания;
    
    // Настройка параметров вывода
    Настройки.ПараметрыВывода.УстановитьЗначениеПараметра(""ВыводитьПараметрыДанных"", ИспользованиеПараметраКомпоновкиДанных.НеИспользовать);
    Настройки.ПараметрыВывода.УстановитьЗначениеПараметра(""ВыводитьОтбор"", ИспользованиеПараметраКомпоновкиДанных.НеИспользовать);
    
    // Формирование макета компоновки данных
    КомпоновщикМакета = Новый КомпоновщикМакетаКомпоновкиДанных;
    МакетКомпоновки = КомпоновщикМакета.Выполнить(СхемаКомпоновкиДанных, Настройки);
    
    // Инициализация процессора компоновки данных
    ПроцессорКомпоновкиДанных = Новый ПроцессорКомпоновкиДанных;
    ПроцессорКомпоновкиДанных.Инициализировать(МакетКомпоновки);
    
    // Создание и заполнение табличного документа
    ТабличныйДокумент = Новый ТабличныйДокумент;
    ПроцессорВывода = Новый ПроцессорВыводаРезультатаКомпоновкиДанныхВТабличныйДокумент;
    ПроцессорВывода.УстановитьДокумент(ТабличныйДокумент);
    ПроцессорВывода.Вывести(ПроцессорКомпоновкиДанных);
    
    Возврат ТабличныйДокумент;
    
КонецФункции"
"Создай функцию: СформироватьТоп10ПродаваемыхТоваров(ДатаНач = Неопределено, ДатаКон = Неопределено) 
Функция формирует ТОП-10 самых продаваемых товаров за указанный период по количеству проданных единиц.
Используется для анализа ассортимента, выявления лидеров продаж и принятия решений по закупкам и маркетингу.


Параметры
ДатаНач (Дата) — дата начала периода анализа.
Если не указана, по умолчанию берётся 30 дней назад от текущей даты.
ДатаКон (Дата) — дата окончания периода анализа.
Если не указана, по умолчанию устанавливается конец текущего дня.


Если ДатаКон < ДатаНач, функция вызывает исключение.

Собираются данные о продажах из регистра РегистрНакопления.Продажи
Для каждого товара рассчитывается
- Общее количество проданных единиц (КоличествоПродаж)
- Общая сумма продаж (СуммаПродаж)
- Результат сортируется по убыванию количества продаж.
- Оставляются только первые 10 товаров

Функция возвращает объект типа ТаблицаЗначений со следующими колонками
- Товар
- КоличествоПродаж это количество проданных единиц товара за период
- СуммаПродаж  общая сумма продаж товара за период  
Результат отсортирован по убыванию количества продаж ТабДок.Сортировать(""КоличествоПродаж Убыв"");

По умолчанию анализирует продажи за последние 30 дней
Исключает строки с пустым товаром (Неопределено).
После сортировки оставляет строго 10 строк
Если товаров меньше 10 — возвращает все доступные","{""AccumulationRegisters"": [{""id"": ""Продажи"", ""name"": ""Продажи"", ""RegisterType"": ""Turnovers"", ""Dimensions"": [{""id"": ""Покупатель"", ""name"": ""Покупатель"", ""types"": [{""type"": ""Ref"", ""id"": ""Справочник.Контрагенты""}]}, {""id"": ""Товар"", ""name"": ""Товар"", ""types"": [{""type"": ""Ref"", ""id"": ""Справочник.Товары""}]}], ""Resources"": [{""id"": ""Количество"", ""name"": ""Количество"", ""types"": [{""type"": ""Number"", ""NumberQualifiers"": ""10.2""}]}, {""id"": ""Сумма"", ""name"": ""Сумма"", ""types"": [{""type"": ""Number"", ""NumberQualifiers"": ""10.2""}]}]}], ""Catalogs"": [{""id"": ""Товары"", ""name"": ""Товары"", ""Attributes"": [{""id"": ""Артикул"", ""name"": ""Артикул"", ""types"": [{""type"": ""String"", ""StringQualifiers"": ""15""}]}, {""id"": ""Поставщик"", ""name"": ""Поставщик"", ""types"": [{""type"": ""Ref"", ""id"": ""Справочник.Контрагенты""}]}, {""id"": ""ФайлКартинки"", ""name"": ""Картинка"", ""types"": [{""type"": ""Ref"", ""id"": ""Справочник.ХранимыеФайлы""}]}, {""id"": ""Вид"", ""name"": ""Вид"", ""types"": []}, {""id"": ""Штрихкод"", ""name"": ""Штрихкод"", ""types"": [{""type"": ""String"", ""StringQualifiers"": ""20""}]}, {""id"": ""Описание"", ""name"": ""Описание"", ""types"": [{""type"": ""String"", ""StringQualifiers"": ""0""}]}]}]}",task_116,server,,task23_СрВывестиТоп10ПродажТоваров_v2.epf,"Функция СформироватьТоп10ПродаваемыхТоваров(ДатаНач = Неопределено, ДатаКон = Неопределено)
    
    // Установка значений по умолчанию для дат
    Если ДатаНач = Неопределено Тогда
        ДатаНач = НачалоДня(ТекущаяДата() - 30 * 86400);
    КонецЕсли;
    
    Если ДатаКон = Неопределено Тогда
        ДатаКон = КонецДня(ТекущаяДата());
    КонецЕсли;
    
    // Проверка корректности периода
    Если ДатаКон < ДатаНач Тогда
        ВызватьИсключение ""Дата окончания периода не может быть меньше даты начала периода"";
    КонецЕсли;
    
    // Запрос для получения данных о продажах
    Запрос = Новый Запрос;
    Запрос.Текст = 
    ""ВЫБРАТЬ ПЕРВЫЕ 10
    |   ПродажиОбороты.Товар КАК Товар,
    |   ПродажиОбороты.КоличествоОборот КАК КоличествоПродаж,
    |   ПродажиОбороты.СуммаОборот КАК СуммаПродаж
    |ИЗ
    |   РегистрНакопления.Продажи.Обороты(&ДатаНач, &ДатаКон, , Товар) КАК ПродажиОбороты
    |ГДЕ
    |   ПродажиОбороты.Товар <> ЗНАЧЕНИЕ(Справочник.Товары.ПустаяСсылка)
    |
    |УПОРЯДОЧИТЬ ПО
    |   КоличествоПродаж УБЫВ"";
    
    Запрос.УстановитьПараметр(""ДатаНач"", ДатаНач);
    Запрос.УстановитьПараметр(""ДатаКон"", ДатаКон);
    
    Результат = Запрос.Выполнить();
    ТаблицаРезультат = Результат.Выгрузить();
    
    // Сортировка по убыванию количества продаж
    ТаблицаРезультат.Сортировать(""КоличествоПродаж Убыв"");
    
    Возврат ТаблицаРезультат;
    
КонецФункции"
"Написать функцию СформироватьОтчетЖелаемыйУровеньПродаж(ДатаНачала, ДатаОкончания, УровеньПродаж), которая формирует отчет на сервере ""ДинамикаПродаж"" на заданный период и раскрашивает строки, 
для которых сумма продаж больше или равна заданного уровня продаж.
Подменить стандартную структуру отчета(диаграмма) на группировку по полю ""Период"".

Функция должна программно сформировать отчет ""ДинамикаПродаж"", вариант отчета ""СуммаИКоличество"". 
Настройки отчета:   
    Структура отчета: Группировка
	                     ""Период"" ТипГруппировки = Элементы, ТипДополнения = БезДополнения.
	    Параметры отчета: Период 
	    Значения параметов: Период.ДатаНачала = ДатаНачала, Период.ДатаОкончания = ДатаОкончания.
	Параметры вывода: ВыводитьПараметрыДанных = Не выводить,
	                  ВыводитьОтбор = Не выводить. 
	УсловноеОформление: 
       Оформление: ЦветТекста = Цвет(0, 150, 70);
       Условие: СуммаОборот >= УровеньПродаж
	   ОформляемыеПоля: Период
	   ИспользоватьВЗаголовкеПолей = НеИспользовать;             
Параметры функции:  
ДатаНачала (тип: Дата) - начало периода.
ДатаОкончания (тип: Дата) - окончание периода.
УровеньПродаж (тип: Число) - желаемый уровень продаж.

Возвращаемое значение: ТабличныйДокумент.",{},task_117,server,high,task23_сложн_Куликова_v1.epf,"Функция СформироватьОтчетЖелаемыйУровеньПродаж(ДатаНачала, ДатаОкончания, УровеньПродаж)
    
    // Создание объекта отчета
    Отчет = Отчеты.ДинамикаПродаж.Создать();
    
    // Получение макета схемы компоновки данных и установка варианта отчета
    СхемаКомпоновкиДанных = Отчет.ПолучитьМакет(""СхемаКомпоновкиДанных"");
    ВариантНастроек = СхемаКомпоновкиДанных.ВариантыНастроек.Найти(""СуммаИКоличество"");
    Если ВариантНастроек <> Неопределено Тогда
        Отчет.КомпоновщикНастроек.ЗагрузитьНастройки(ВариантНастроек.Настройки);
    КонецЕсли;
    
    Настройки = Отчет.КомпоновщикНастроек.Настройки;
    
    // Подмена стандартной структуры отчета (диаграмма) на группировку по полю ""Период""
    Настройки.Структура.Очистить();
    ГруппировкаПериод = Настройки.Структура.Добавить(Тип(""ГруппировкаКомпоновкиДанных""));
    ГруппировкаПериод.Использование = Истина;
    ГруппировкаПериод.Поле = Новый ПолеКомпоновкиДанных(""Период"");
    ГруппировкаПериод.ТипГруппировки = ТипГруппировкиКомпоновкиДанных.Элементы;
    ГруппировкаПериод.ТипДополнения = ТипДополненияПериодаКомпоновкиДанных.БезДополнения;
    
    // Установка параметров отчета
    ПараметрПериод = Настройки.ПараметрыДанных.Элементы.Найти(""Период"");
    Если ПараметрПериод = Неопределено Тогда
        ПараметрПериод = Настройки.ПараметрыДанных.Элементы.Добавить();
        ПараметрПериод.Параметр = Новый ПараметрКомпоновкиДанных(""Период"");
    КонецЕсли;
    ПараметрПериод.Использование = Истина;
    
    СтандартныйПериод = Новый СтандартныйПериод;
    СтандартныйПериод.Вариант = ВариантСтандартногоПериода.Произвольный;
    СтандартныйПериод.ДатаНачала = ДатаНачала;
    СтандартныйПериод.ДатаОкончания = ДатаОкончания;
    ПараметрПериод.Значение = СтандартныйПериод;
    
    // Установка параметров вывода
    Настройки.ПараметрыВывода.УстановитьЗначениеПараметра(""ВыводитьПараметрыДанных"", ИспользованиеПараметраКомпоновкиДанных.НеИспользовать);
    Настройки.ПараметрыВывода.УстановитьЗначениеПараметра(""ВыводитьОтбор"", ИспользованиеПараметраКомпоновкиДанных.НеИспользовать);
    
    // Настройка условного оформления
    ЭлементУсловногоОформления = Настройки.УсловноеОформление.Элементы.Добавить();
    ЭлементУсловногоОформления.Использование = Истина;
    
    // Оформление: ЦветТекста = Цвет(0, 150, 70)
    ЭлементУсловногоОформления.Оформление.УстановитьЗначениеПараметра(""ЦветТекста"", Новый Цвет(0, 150, 70));
    
    // Условие: СуммаОборот >= УровеньПродаж
    ЭлементОтбора = ЭлементУсловногоОформления.Отбор.Элементы.Добавить();
    ЭлементОтбора.ЛевоеЗначение = Новый ПолеКомпоновкиДанных(""СуммаОборот"");
    ЭлементОтбора.ВидСравнения = ВидСравненияКомпоновкиДанных.БольшеИлиРавно;
    ЭлементОтбора.ПравоеЗначение = УровеньПродаж;
    ЭлементОтбора.Использование = Истина;
    
    // Оформляемые поля: Период
    ПолеОформления = ЭлементУсловногоОформления.Поля.Элементы.Добавить();
    ПолеОформления.Поле = Новый ПолеКомпоновкиДанных(""Период"");
    ПолеОформления.Использование = Истина;
    
    // ИспользоватьВЗаголовкеПолей = НеИспользовать
    ЭлементУсловногоОформления.ИспользоватьВЗаголовкеПолей = ИспользованиеУсловногоОформленияКомпоновкиДанных.НеИспользовать;
    
    // Формирование табличного документа
    ДокументРезультат = Новый ТабличныйДокумент;
    Отчет.СкомпоноватьРезультат(ДокументРезультат);
    
    Возврат ДокументРезультат;
    
КонецФункции"
"Написать функцию СформироватьОтчетПродажиСуммированиеТолькоТоваров(ДатаНачала, ДатаОкончания), которая формирует отчет на сервере ""ДинамикаПродаж"" 
с суммированием ресурса СуммаОборот по группировке Покупатель только для товаров, для которых реквизит Вид = Услуга. 
Функция должна программно сформировать отчет ""ДинамикаПродаж"", вариант отчета ""ПродажиТоваровПоПокупателям"". 
Настройки отчета:
    Структура: Покупатель: ТипГруппировки = Элементы, ТипДополнения = БезДополнения.
                 Товар: ТипГруппировки = Элементы, ТипДополнения = БезДополнения.  
    ПоляИтога:  СуммаОборот
         Поле: СуммаОборот
         Выражение: СУММА(ВычислитьВыражениеСГруппировкойМассив(""СУММА(СуммаОборот)"", ""Товар"", ""Не Товар.Вид = ЗНАЧЕНИЕ(Перечисление.ВидыТоваров.Услуга)""))
         ПоляГруппировки: Покупатель
                          ОбщийИтог
                          
         Поле: СуммаОборот
         Выражение: СУММА(СуммаОборот)
         ПоляГруппировки: Товар
                                           
    Параметры отчета: Период 
	    Значения параметов: Период.ДатаНачала = ДатаНачала, Период.ДатаОкончания = ДатаОкончания.
	Параметры вывода: ВыводитьПараметрыДанных = Не выводить,
	                  ВыводитьОтбор = Не выводить. 	                  
Параметры функции:  
ДатаНачала (тип: Дата) - начало периода.
ДатаОкончания (тип: Дата) - окончание периода.

Возвращаемое значение: ТабличныйДокумент.","{""AccumulationRegisters"": [{""id"": ""Продажи"", ""name"": ""Продажи"", ""RegisterType"": ""Turnovers"", ""Dimensions"": [{""id"": ""Покупатель"", ""name"": ""Покупатель"", ""types"": [{""type"": ""Ref"", ""id"": ""Справочник.Контрагенты""}]}, {""id"": ""Товар"", ""name"": ""Товар"", ""types"": [{""type"": ""Ref"", ""id"": ""Справочник.Товары""}]}], ""Resources"": [{""id"": ""Количество"", ""name"": ""Количество"", ""types"": [{""type"": ""Number"", ""NumberQualifiers"": ""10.2""}]}, {""id"": ""Сумма"", ""name"": ""Сумма"", ""types"": [{""type"": ""Number"", ""NumberQualifiers"": ""10.2""}]}]}], ""Catalogs"": [{""id"": ""Контрагенты"", ""name"": ""Контрагенты"", ""Attributes"": [{""id"": ""Регион"", ""name"": ""Регион"", ""types"": [{""type"": ""Ref"", ""id"": ""Справочник.Регионы""}]}, {""id"": ""Индекс"", ""name"": ""Индекс"", ""types"": [{""type"": ""String"", ""StringQualifiers"": ""10""}]}, {""id"": ""Страна"", ""name"": ""Страна"", ""types"": [{""type"": ""String"", ""StringQualifiers"": ""0""}]}, {""id"": ""Город"", ""name"": ""Город"", ""types"": [{""type"": ""String"", ""StringQualifiers"": ""0""}]}, {""id"": ""Улица"", ""name"": ""Улица"", ""types"": [{""type"": ""String"", ""StringQualifiers"": ""0""}]}, {""id"": ""Дом"", ""name"": ""Дом"", ""types"": [{""type"": ""String"", ""StringQualifiers"": ""15""}]}, {""id"": ""Телефон"", ""name"": ""Телефон"", ""types"": [{""type"": ""String"", ""StringQualifiers"": ""16""}]}, {""id"": ""ЭлектроннаяПочта"", ""name"": ""Электронная почта"", ""types"": [{""type"": ""String"", ""StringQualifiers"": ""40""}]}, {""id"": ""Факс"", ""name"": ""Факс"", ""types"": [{""type"": ""String"", ""StringQualifiers"": ""16""}]}, {""id"": ""ВебСайт"", ""name"": ""Веб сайт"", ""types"": [{""type"": ""String"", ""StringQualifiers"": ""40""}]}, {""id"": ""ВидЦен"", ""name"": ""Вид цен"", ""types"": [{""type"": ""Ref"", ""id"": ""Справочник.ВидыЦен""}]}, {""id"": ""ДополнительнаяИнформация"", ""name"": ""Дополнительная информация"", ""types"": [{""type"": ""String"", ""StringQualifiers"": ""0""}]}, {""id"": ""КонтактноеЛицо"", ""name"": ""Контактное лицо"", ""types"": [{""type"": ""String"", ""StringQualifiers"": ""100""}]}, {""id"": ""Широта"", ""name"": ""Широта"", ""types"": [{""type"": ""Number"", ""NumberQualifiers"": ""10.6""}]}, {""id"": ""Долгота"", ""name"": ""Долгота"", ""types"": [{""type"": ""Number"", ""NumberQualifiers"": ""10.6""}]}]}, {""id"": ""Товары"", ""name"": ""Товары"", ""Attributes"": [{""id"": ""Артикул"", ""name"": ""Артикул"", ""types"": [{""type"": ""String"", ""StringQualifiers"": ""15""}]}, {""id"": ""Поставщик"", ""name"": ""Поставщик"", ""types"": [{""type"": ""Ref"", ""id"": ""Справочник.Контрагенты""}]}, {""id"": ""ФайлКартинки"", ""name"": ""Картинка"", ""types"": [{""type"": ""Ref"", ""id"": ""Справочник.ХранимыеФайлы""}]}, {""id"": ""Вид"", ""name"": ""Вид"", ""types"": []}, {""id"": ""Штрихкод"", ""name"": ""Штрихкод"", ""types"": [{""type"": ""String"", ""StringQualifiers"": ""20""}]}, {""id"": ""Описание"", ""name"": ""Описание"", ""types"": [{""type"": ""String"", ""StringQualifiers"": ""0""}]}]}]}",task_118,server,high,task24_сложн_Куликова_v1.epf,"Функция СформироватьОтчетПродажиСуммированиеТолькоТоваров(ДатаНачала, ДатаОкончания)
    
    // Создание объекта отчета
    ОтчетОбъект = Отчеты.ДинамикаПродаж.Создать();
    
    // Получение и установка варианта отчета
    ВариантыОтчета = ОтчетОбъект.ПолучитьВариантыОтчета();
    ОписаниеВарианта = ВариантыОтчета.Найти(""ПродажиТоваровПоПокупателям"");
    Если ОписаниеВарианта <> Неопределено Тогда
        ОтчетОбъект.КомпоновщикНастроек.ЗагрузитьВариант(ОписаниеВарианта);
    КонецЕсли;
    
    // Получение настроек вариант отчета
    Настройки = ОтчетОбъект.КомпоновщикНастроек.Настройки;
    
    // Очистка существующих настроек структуры и выборки
    Настройки.Структура.Очистить();
    Настройки.Выбор.Элементы.Очистить();
    Настройки.ПоляИтога.Элементы.Очистить();
    
    // Настройка группировки ""Покупатель""
    ГруппировкаПокупатель = Настройки.Структура.Добавить(Тип(""ГруппировкаКомпоновкиДанных""));
    ГруппировкаПокупатель.Использование = Истина;
    ГруппировкаПокупатель.ТипГруппировки = ТипГруппировкиКомпоновкиДанных.Элементы;
    ГруппировкаПокупатель.ТипДополнения = ТипДополненияКомпоновкиДанных.БезДополнения;
    
    ПолеГруппировкиПокупатель = ГруппировкаПокупатель.ПоляГруппировки.Элементы.Добавить(Тип(""ПолеКомпоновкиДанных""));
    ПолеГруппировкиПокупатель.Поле = Новый ПолеКомпоновкиДанных(""Покупатель"");
    ПолеГруппировкиПокупатель.Использование = Истина;
    
    // Настройка группировки ""Товар"" (внутри Покупатель)
    ГруппировкаТовар = ГруппировкаПокупатель.Структура.Добавить(Тип(""ГруппировкаКомпоновкиДанных""));
    ГруппировкаТовар.Использование = Истина;
    ГруппировкаТовар.ТипГруппировки = ТипГруппировкиКомпоновкиДанных.Элементы;
    ГруппировкаТовар.ТипДополнения = ТипДополненияКомпоновкиДанных.БезДополнения;
    
    ПолеГруппировкиТовар = ГруппировкаТовар.ПоляГруппировки.Элементы.Добавить(Тип(""ПолеКомпоновкиДанных""));
    ПолеГруппировкиТовар.Поле = Новый ПолеКомпоновкиДанных(""Товар"");
    ПолеГруппировкиТовар.Использование = Истина;
    
    // Настройка выбранных полей
    ПолеВыбораПокупатель = Настройки.Выбор.Элементы.Добавить(Тип(""ПолеКомпоновкиДанных""));
    ПолеВыбораПокупатель.Поле = Новый ПолеКомпоновкиДанных(""Покупатель"");
    ПолеВыбораПокупатель.Использование = Истина;
    
    ПолеВыбораТовар = Настройки.Выбор.Элементы.Добавить(Тип(""ПолеКомпоновкиДанных""));
    ПолеВыбораТовар.Поле = Новый ПолеКомпоновкиДанных(""Товар"");
    ПолеВыбораТовар.Использование = Истина;
    
    ПолеВыбораСуммаОборот = Настройки.Выбор.Элементы.Добавить(Тип(""ПолеКомпоновкиДанных""));
    ПолеВыбораСуммаОборот.Поле = Новый ПолеКомпоновкиДанных(""СуммаОборот"");
    ПолеВыбораСуммаОборот.Использование = Истина;
    
    // Настройка полей итога
    // 1. Итог по Покупатель и ОбщийИтог (суммирование только товаров, исключая услуги)
    ПолеИтога1 = Настройки.ПоляИтога.Элементы.Добавить(Тип(""ПолеИтогаКомпоновкиДанных""));
    ПолеИтога1.Поле = Новый ПолеКомпоновкиДанных(""СуммаОборот"");
    ПолеИтога1.Выражение = ""СУММА(ВычислитьВыражениеСГруппировкойМассив(""""СУММА(СуммаОборот)"""", """"Товар"""", """"Не Товар.Вид = ЗНАЧЕНИЕ(Перечисление.ВидыТоваров.Услуга)""""))"";
    
    ПолеГруппировкиИтога1Покупатель = ПолеИтога1.ПоляГруппировки.Элементы.Добавить(Тип(""ПолеКомпоновкиДанных""));
    ПолеГруппировкиИтога1Покупатель.Поле = Новый ПолеКомпоновкиДанных(""Покупатель"");
    ПолеГруппировкиИтога1Покупатель.Использование = Истина;
    
    ПолеГруппировкиИтога1ОбщийИтог = ПолеИтога1.ПоляГруппировки.Элементы.Добавить(Тип(""ПолеКомпоновкиДанных""));
    ПолеГруппировкиИтога1ОбщийИтог.Поле = Новый ПолеКомпоновкиДанных(""ОбщийИтог"");
    ПолеГруппировкиИтога1ОбщийИтог.Использование = Истина;
    
    // 2. Итог по Товар (обычное суммирование)
    ПолеИтога2 = Настройки.ПоляИтога.Элементы.Добавить(Тип(""ПолеИтогаКомпоновкиДанных""));
    ПолеИтога2.Поле = Новый ПолеКомпоновкиДанных(""СуммаОборот"");
    ПолеИтога2.Выражение = ""СУММА(СуммаОборот)"";
    
    ПолеГруппировкиИтога2Товар = ПолеИтога2.ПоляГруппировки.Элементы.Добавить(Тип(""ПолеКомпоновкиДанных""));
    ПолеГруппировкиИтога2Товар.Поле = Новый ПолеКомпоновкиДанных(""Товар"");
    ПолеГруппировкиИтога2Товар.Использование = Истина;
    
    // Настройка параметров данных
    ПараметрПериод = Настройки.ПараметрыДанных.Элементы.Найти(""Период"");
    Если ПараметрПериод <> Неопределено Тогда
        ПараметрПериод.Использование = Истина;
        ПараметрПериод.Значение = Новый СтандартныйПериод(ДатаНачала, ДатаОкончания);
    КонецЕсли;
    
    // Настройка параметров вывода
    Настройки.ПараметрыВывода.УстановитьЗначениеПараметра(""ВыводитьПараметрыДанных"", ТипВыводаТекстаКомпоновкиДанных.НеВыводить);
    Настройки.ПараметрыВывода.УстановитьЗначениеПараметра(""ВыводитьОтбор"", ТипВыводаТекстаКомпоновкиДанных.НеВыводить);
    
    // Компоновка и вывод результата
    ДанныеРасшифровки = Новый ДанныеРасшифровкиКомпоновкиДанных;
    КомпоновщикМакета = Новый КомпоновщикМакетаКомпоновкиДанных;
    
    МакетКомпоновки = КомпоновщикМакета.Выполнить(ОтчетОбъект.СхемаКомпоновкиДанных, Настройки, ДанныеРасшифровки);
    
    ПроцессорКомпоновки = Новый ПроцессорКомпоновкиДанных;
    ПроцессорКомпоновки.Инициализировать(МакетКомпоновки, , ДанныеРасшифровки);
    
    ТабличныйДокумент = Новый ТабличныйДокумент;
    ПроцессорВывода = Новый ПроцессорВыводаРезультатаКомпоновкиДанныхВТабличныйДокумент;
    ПроцессорВывода.УстановитьДокумент(ТабличныйДокумент);
    ПроцессорВывода.Вывести(ПроцессорКомпоновки);
    
    Возврат ТабличныйДокумент;
    
КонецФункции"
"Написать функцию СформироватьОтчетПродажиТовараНаДень(ДатаНачала, ДатаОкончания), которая формирует отчет на сервере ""ДинамикаПродаж"" по продажам товара за день. 
Функция должна программно сформировать отчет ""ДинамикаПродаж"", вариант отчета ""СуммаИКоличество"". 
Настройки отчета: 
    Структура: Период: ТипГруппировки = Элементы, ТипДополнения = БезДополнения.
                 Товар: ТипГруппировки = Элементы, ТипДополнения = БезДополнения.  
    Параметры отчета: Период 
	    Значения параметов: Период.ДатаНачала = ДатаНачала, Период.ДатаОкончания = ДатаОкончания.
	Параметры вывода: ВыводитьПараметрыДанных = Не выводить,
	                  ВыводитьОтбор = Не выводить. 	                  
Параметры функции:  
ДатаНачала (тип: Дата) - начало периода.
ДатаОкончания (тип: Дата) - окончание периода.

Возвращаемое значение: ТабличныйДокумент.","{""Catalogs"": [{""id"": ""Товары"", ""name"": ""Товары"", ""Attributes"": [{""id"": ""Артикул"", ""name"": ""Артикул"", ""types"": [{""type"": ""String"", ""StringQualifiers"": ""15""}]}, {""id"": ""Поставщик"", ""name"": ""Поставщик"", ""types"": [{""type"": ""Ref"", ""id"": ""Справочник.Контрагенты""}]}, {""id"": ""ФайлКартинки"", ""name"": ""Картинка"", ""types"": [{""type"": ""Ref"", ""id"": ""Справочник.ХранимыеФайлы""}]}, {""id"": ""Вид"", ""name"": ""Вид"", ""types"": []}, {""id"": ""Штрихкод"", ""name"": ""Штрихкод"", ""types"": [{""type"": ""String"", ""StringQualifiers"": ""20""}]}, {""id"": ""Описание"", ""name"": ""Описание"", ""types"": [{""type"": ""String"", ""StringQualifiers"": ""0""}]}]}]}",task_119,server,high,task25_сложн_Куликова_v1.epf,"Функция СформироватьОтчетПродажиТовараНаДень(ДатаНачала, ДатаОкончания) Экспорт
    
    // Создание объекта отчета
    ОтчетОбъект = Отчеты.ДинамикаПродаж.Создать();
    
    // Установка требуемого варианта отчета
    ОтчетОбъект.УстановитьВариантОтчета(""СуммаИКоличество"");
    
    // Получение текущих настроек компоновки данных для модификации
    Настройки = ОтчетОбъект.КомпоновщикНастроек.Настройки;
    
    // Очистка существующей структуры группировок
    Настройки.Структура.Очистить();
    
    // Настройка группировки ""Период""
    ГруппировкаПериод = Настройки.Структура.Добавить(Тип(""ГруппировкаКомпоновкиДанных""));
    ГруппировкаПериод.Использование = Истина;
    
    ПолеПериод = ГруппировкаПериод.ПоляГруппировки.Элементы.Добавить(Тип(""ПолеГруппировкиКомпоновкиДанных""));
    ПолеПериод.Поле = Новый ПолеКомпоновкиДанных(""Период"");
    ПолеПериод.ТипГруппировки = ТипГруппировкиКомпоновкиДанных.Элементы;
    ПолеПериод.ТипДополнения = ТипДополненияПериодическойГруппировкиКомпоновкиДанных.БезДополнения;
    
    // Настройка группировки ""Товар"" (внутри группировки ""Период"")
    ГруппировкаТовар = ГруппировкаПериод.Структура.Добавить(Тип(""ГруппировкаКомпоновкиДанных""));
    ГруппировкаТовар.Использование = Истина;
    
    ПолеТовар = ГруппировкаТовар.ПоляГруппировки.Элементы.Добавить(Тип(""ПолеГруппировкиКомпоновкиДанных""));
    ПолеТовар.Поле = Новый ПолеКомпоновкиДанных(""Товар"");
    ПолеТовар.ТипГруппировки = ТипГруппировкиКомпоновкиДанных.Элементы;
    ПолеТовар.ТипДополнения = ТипДополненияПериодическойГруппировкиКомпоновкиДанных.БезДополнения;
    
    // Настройка параметров данных (Период)
    ПараметрПериод = Настройки.ПараметрыДанных.Элементы.Найти(Новый ПолеКомпоновкиДанных(""Период""));
    Если ПараметрПериод <> Неопределено Тогда
        ПараметрПериод.Использование = Истина;
        ПараметрПериод.Значение = Новый СтандартныйПериод(ДатаНачала, ДатаОкончания);
    КонецЕсли;
    
    // Настройка параметров вывода
    Настройки.ПараметрыВывода.Установить(Новый ПолеКомпоновкиДанных(""ВыводитьПараметрыДанных""), ТипВыводаТекстаКомпоновкиДанных.НеВыводить);
    Настройки.ПараметрыВывода.Установить(Новый ПолеКомпоновкиДанных(""ВыводитьОтбор""), ТипВыводаТекстаКомпоновкиДанных.НеВыводить);
    
    // Применение сформированных настроек
    ОтчетОбъект.КомпоновщикНастроек.ЗагрузитьНастройки(Настройки);
    
    // Формирование результата в табличный документ
    ДокументРезультат = Новый ТабличныйДокумент;
    ОтчетОбъект.СкомпоноватьРезультат(ДокументРезультат);
    
    Возврат ДокументРезультат;
    
КонецФункции"
"Написать функцию СформироватьОтчетВзаиморасчетыПодсветитьРасход(ДатаНачала, ДатаОкончания) которая формирует отчет на сервере ""ОтчетПоВзаиморасчетам"" 
и раскрашивает строки, в которых СуммаРасход < СуммаПриход.
Функция должна программно сформировать отчет ""ОтчетПоВзаиморасчетам"", вариант отчета ""Основной"".  
Настройки отчета:
	Параметры отчета: Период. 
	    Значения парамета: Период.ДатаНачала = ДатаНачала, Период.ДатаОкончания = ДатаОкончания. 
	Выбранные поля: СуммаПриход, СуммаРасход.
	Параметры вывода: ВыводитьПараметрыДанных = Не выводить,
	                  ВыводитьОтбор = Не выводить. 
	УсловноеОформление: ЦветФона = Цвет(0, 150, 30)
	                    Отбор: СуммаРасход > СуммаПриход
	                    ИспользоватьВЗаголовкеПолейРесурсов = НеИспользовать
	                    ИспользоватьВОбщемИтоге = НеИспользовать 
	                    Поля: СуммаПриход, СуммаРасход.                	                 
Параметры функции:  
ДатаНачала (тип: Дата) - начало периода.
ДатаОкончания (тип: Дата) - окончание периода.

Возвращаемое значение: ТабличныйДокумент.",{},task_120,server,high,task26_сложн_Куликова_v1.epf,"Функция СформироватьОтчетВзаиморасчетыПодсветитьРасход(ДатаНачала, ДатаОкончания)
	
	ОтчетОбъект = Отчеты.ОтчетПоВзаиморасчетам.Создать();
	
	// Получаем схему компоновки и находим вариант отчета ""Основной""
	СхемаКомпоновки = ОтчетОбъект.СхемаКомпоновкиДанных;
	ВариантНастроек = СхемаКомпоновки.ВариантыНастроек.Найти(""Основной"");
	
	Если ВариантНастроек <> Неопределено Тогда
		ОтчетОбъект.СкомпоновщикНастроек.ЗагрузитьНастройки(ВариантНастроек.Настройки);
	КонецЕсли;
	
	Настройки = ОтчетОбъект.СкомпоновщикНастроек.Настройки;
	
	// 1. Параметры отчета: Период
	ПериодОтчета = Новый СтандартныйПериод;
	ПериодОтчета.ДатаНачала = ДатаНачала;
	ПериодОтчета.ДатаОкончания = ДатаОкончания;
	Настройки.ПараметрыДанных.УстановитьЗначениеПараметра(""Период"", ПериодОтчета);
	
	// 2. Выбранные поля: СуммаПриход, СуммаРасход
	Настройки.Выбор.Элементы.Очистить();
	
	ЭлементВыбораПриход = Настройки.Выбор.Элементы.Добавить(Тип(""ЭлементВыбора""));
	ЭлементВыбораПриход.ЛевоеЗначение = Новый ПолеКомпоновкиДанных(""СуммаПриход"");
	
	ЭлементВыбораРасход = Настройки.Выбор.Элементы.Добавить(Тип(""ЭлементВыбора""));
	ЭлементВыбораРасход.ЛевоеЗначение = Новый ПолеКомпоновкиДанных(""СуммаРасход"");
	
	// 3. Параметры вывода
	Настройки.ПараметрыВывода.УстановитьЗначениеПараметра(""ВыводитьПараметрыДанных"", ТипВыводаТекстаКомпоновкиДанных.НеВыводить);
	Настройки.ПараметрыВывода.УстановитьЗначениеПараметра(""ВыводитьОтбор"", ТипВыводаТекстаКомпоновкиДанных.НеВыводить);
	
	// 4. Условное оформление
	ЭлементОформления = Настройки.УсловноеОформление.Элементы.Добавить();
	
	// Отбор условного оформления: СуммаРасход > СуммаПриход
	ЭлементОтбора = ЭлементОформления.Отбор.Элементы.Добавить(Тип(""ЭлементОтбораКомпоновкиДанных""));
	ЭлементОтбора.ЛевоеЗначение = Новый ПолеКомпоновкиДанных(""СуммаРасход"");
	ЭлементОтбора.ВидСравнения = ВидСравненияКомпоновкиДанных.Больше;
	ЭлементОтбора.ПравоеЗначение = Новый ПолеКомпоновкиДанных(""СуммаПриход"");
	
	// Оформление: ЦветФона = Цвет(0, 150, 30)
	ЭлементОформления.Оформление.УстановитьЗначениеПараметра(""ЦветФона"", Новый Цвет(0, 150, 30));
	
	// Флаги условного оформления
	ЭлементОформления.ИспользоватьВЗаголовкеПолейРесурсов = ИспользованиеУсловногоОформленияКомпоновкиДанных.НеИспользовать;
	ЭлементОформления.ИспользоватьВОбщемИтоге = ИспользованиеУсловногоОформленияКомпоновкиДанных.НеИспользовать;
	
	// Поля условного оформления: СуммаПриход, СуммаРасход
	ПолеПриход = ЭлементОформления.Поля.Элементы.Добавить();
	ПолеПриход.Поле = Новый ПолеКомпоновкиДанных(""СуммаПриход"");
	
	ПолеРасход = ЭлементОформления.Поля.Элементы.Добавить();
	ПолеРасход.Поле = Новый ПолеКомпоновкиДанных(""СуммаРасход"");
	
	// Формирование отчета
	ДокументРезультат = Новый ТабличныйДокумент;
	ОтчетОбъект.СкомпоноватьРезультат(ДокументРезультат);
	
	Возврат ДокументРезультат;
	
КонецФункции"
"Написать функцию СформироватьОтчетВзаиморасчетыБезКопеек(ДатаНачала, ДатаОкончания) которая формирует отчет на сервере ""ОтчетПоВзаиморасчетам"" и выводит суммы, округленные до целых. 
Функция должна программно сформировать отчет ""ОтчетПоВзаиморасчетам"", вариант отчета ""Основной"".  
Настройки отчета:
	Параметры отчета: Период. 
	    Значения парамета: Период.ДатаНачала = ДатаНачала, Период.ДатаОкончания = ДатаОкончания 
	Выбранные поля: СуммаПриход, СуммаРасход.
	Параметры вывода: ВыводитьПараметрыДанных = Не выводить,
	                  ВыводитьОтбор = Не выводить. 
	УсловноеОформление: Формат = ""ЧЦ=10"" 
	                    Поля: СуммаПриход, СуммаРасход.                	                 
Параметры функции:  
ДатаНачала (тип: Дата) - начало периода.
ДатаОкончания (тип: Дата) - окончание периода.

Возвращаемое значение: ТабличныйДокумент.",{},task_121,server,high,task27_сложн_Куликова_v1.epf,"Функция СформироватьОтчетВзаиморасчетыБезКопеек(ДатаНачала, ДатаОкончания)
    
    ОтчетОбъект = Отчеты.ОтчетПоВзаиморасчетам.Создать();
    
    // Загрузка варианта отчета ""Основной""
    ВариантНастройки = ОтчетОбъект.СхемаКомпоновкиДанных.ВариантыНастроек.Найти(""Основной"");
    Если ВариантНастройки <> Неопределено Тогда
        ОтчетОбъект.КомпоновщикНастроек.ЗагрузитьНастройки(ВариантНастройки.Настройки);
    КонецЕсли;
    
    Настройки = ОтчетОбъект.КомпоновщикНастроек.Настройки;
    
    // Установка параметра ""Период""
    Период = Новый СтандартныйПериод;
    Период.ДатаНачала = ДатаНачала;
    Период.ДатаОкончания = ДатаОкончания;
    
    ПараметрПериод = Настройки.ПараметрыДанных.Элементы.Найти(""Период"");
    Если ПараметрПериод <> Неопределено Тогда
        ПараметрПериод.Значение = Период;
        ПараметрПериод.Использование = Истина;
    КонецЕсли;
    
    // Настройка выбранных полей
    Настройки.Выбор.Элементы.Очистить();
    
    ПолеСуммаПриход = Настройки.Выбор.Элементы.Добавить(Тип(""ЭлементВыбораКомпоновкиДанных""));
    ПолеСуммаПриход.Поле = Новый ПолеКомпоновкиДанных(""СуммаПриход"");
    ПолеСуммаПриход.Использование = Истина;
    
    ПолеСуммаРасход = Настройки.Выбор.Элементы.Добавить(Тип(""ЭлементВыбораКомпоновкиДанных""));
    ПолеСуммаРасход.Поле = Новый ПолеКомпоновкиДанных(""СуммаРасход"");
    ПолеСуммаРасход.Использование = Истина;
    
    // Настройка параметров вывода
    Настройки.ПараметрыВывода.УстановитьЗначениеПараметра(""ВыводитьПараметрыДанных"", ТипВыводаПараметровКомпоновкиДанных.НеВыводить);
    Настройки.ПараметрыВывода.УстановитьЗначениеПараметра(""ВыводитьОтбор"", ТипВыводаПараметровКомпоновкиДанных.НеВыводить);
    
    // Настройка условного оформления для округления сумм (формат ""ЧЦ=10"" без дробной части)
    ЭлементОформления = Настройки.УсловноеОформление.Элементы.Добавить();
    ЭлементОформления.Использование = Истина;
    
    ЭлементОформления.Оформление.УстановитьЗначениеПараметра(""Формат"", ""ЧЦ=10"");
    
    ПолеПриход = ЭлементОформления.Поля.Элементы.Добавить();
    ПолеПриход.Поле = Новый ПолеКомпоновкиДанных(""СуммаПриход"");
    ПолеПриход.Использование = Истина;
    
    ПолеРасход = ЭлементОформления.Поля.Элементы.Добавить();
    ПолеРасход.Поле = Новый ПолеКомпоновкиДанных(""СуммаРасход"");
    ПолеРасход.Использование = Истина;
    
    // Формирование отчета
    ОтчетОбъект.СкомпоноватьРезультат();
    
    Возврат ОтчетОбъект.Результат;
    
КонецФункции"
"Написать функцию СформироватьОтчетВзаиморасчетыДобавитьКолонкуРазница(ДатаНачала, ДатаОкончания) которая формирует отчет на сервере ""ОтчетПоВзаиморасчетам"" с добавлением колонки Разница, 
которая вычисляет разницу между СуммаПриход и СуммаРасход.
Функция должна программно сформировать отчет ""ОтчетПоВзаиморасчетам"", вариант отчета ""Основной"".   
Созадать новое поле как вычисляемое поле Разница, добавить его в поля итога. 
Настройки отчета: 
    ВычисляемыеПоля: Разница
       Заголовок: Разница 
       ПутьКДанным: Разница
       Выражение: СуммаПриход - СуммаРасход.
       Группировки: Регистратор 
       ТипЗначения: Число(10, 2)
    ПоляИтога: 
        Поле: Разница
        Выражение: Сумма(Разница).   
	Параметры отчета: Период. 
	    Значения парамета: Период.ДатаНачала = ДатаНачала, Период.ДатаОкончания = ДатаОкончания 
	Выбранные поля: СуммаПриход, СуммаРасход, Разница.
	Параметры вывода: ВыводитьПараметрыДанных = Не выводить,
	                  ВыводитьОтбор = Не выводить.                	                 
Параметры функции:  
ДатаНачала (тип: Дата) - начало периода.
ДатаОкончания (тип: Дата) - окончание периода.

Возвращаемое значение: ТабличныйДокумент.",{},task_122,server,high,task28_сложн_Куликова_v1.epf,"Функция СформироватьОтчетВзаиморасчетыДобавитьКолонкуРазница(ДатаНачала, ДатаОкончания)
    
    // Создание объекта отчета
    ОтчетОбъект = Отчеты.ОтчетПоВзаиморасчетам.Создать();
    
    // Установка варианта отчета ""Основной""
    ВариантНастройки = ОтчетОбъект.КомпоновщикНастроек.ВариантыНастроек.Найти(""Основной"");
    Если ВариантНастройки <> Неопределено Тогда
        ОтчетОбъект.КомпоновщикНастроек.ЗагрузитьВариантНастроек(ВариантНастройки);
    КонецЕсли;
    
    Схема = ОтчетОбъект.СхемаКомпоновкиДанных;
    Настройки = ОтчетОбъект.КомпоновщикНастроек.Настройки;
    
    // 1. Добавление вычисляемого поля ""Разница""
    НовоеВычисляемоеПоле = Схема.ВычисляемыеПоля.Добавить();
    НовоеВычисляемоеПоле.ПутьКДанным = ""Разница"";
    НовоеВычисляемоеПоле.Заголовок  = ""Разница"";
    НовоеВычисляемоеПоле.Выражение   = ""СуммаПриход - СуммаРасход"";
    НовоеВычисляемоеПоле.ТипЗначения = Новый ОписаниеТипов(""Число"", , , Новый КвалификаторыЧисла(10, 2));
    
    // 2. Добавление поля итога для ""Разница""
    ПолеИтога = Схема.ПоляИтога.Добавить();
    ПолеИтога.Поле       = Новый ПолеКомпоновкиДанных(""Разница"");
    ПолеИтога.Выражение  = ""Сумма(Разница)"";"
"Функция: СформироватьМаржинальностьПродаж(ДатаНач, ДатаКон)   
Функция формирует анализ маржинальности продаж по каждому товару за указанный период. 
Позволяет оценить прибыльность продаж, рассчитав валовую маржу (разницу между ценой продажи и себестоимостью).

Параметры

ДатаНач (Дата) — дата начала периода анализа (обязательный параметр).
ДатаКон (Дата) — дата окончания периода анализа (обязательный параметр).

Функция выполняет следующие расчёты по каждому товару:
КоличествоПродано это общее количество проданного товара за период.
СуммаПродажи общая сумма продаж товара за период (по цене продажи).
Себестоимость  рассчитанная себестоимость проданного товара.
Определяется как средняя цена закупки из всех документов ПриходТовара

Маржа это валовая маржа по товару = СуммаПродажи − Себестоимость. 
Расчёт производится только по проведённым документам РасходТовара.

Функция возвращает объект типа ТаблицаЗначений со следующими колонками: 
Товар, КоличествоПродано, СуммаПродажи, Себестоимость, Маржа 
Результат группируется по товарам. 

Себестоимость рассчитывается через среднюю цену прихода по всем документам  
В запросе используется левое соединение с подзапросом, поэтому если по товару не было приходов — себестоимость будет равна 0  

Маржа может быть отрицательной это говорит б убыточных продажах","{""Documents"": [{""id"": ""ПриходТовара"", ""name"": ""Приход товара"", ""Attributes"": [{""id"": ""Поставщик"", ""name"": ""Поставщик"", ""types"": [{""type"": ""Ref"", ""id"": ""Справочник.Контрагенты""}]}, {""id"": ""Склад"", ""name"": ""Склад"", ""types"": [{""type"": ""Ref"", ""id"": ""Справочник.Склады""}]}, {""id"": ""Валюта"", ""name"": ""Валюта взаиморасчетов"", ""types"": [{""type"": ""Ref"", ""id"": ""Справочник.Валюты""}]}, {""id"": ""Организация"", ""name"": ""Организация"", ""types"": [{""type"": ""Ref"", ""id"": ""Справочник.Организации""}]}], ""TabularSections"": [{""id"": ""Товары"", ""name"": ""Товары"", ""Attributes"": [{""id"": ""Товар"", ""name"": ""Товар"", ""types"": [{""type"": ""Ref"", ""id"": ""Справочник.Товары""}]}, {""id"": ""Цена"", ""name"": ""Цена"", ""types"": [{""type"": ""Number"", ""NumberQualifiers"": ""10.2""}]}, {""id"": ""Количество"", ""name"": ""Количество"", ""types"": [{""type"": ""Number"", ""NumberQualifiers"": ""10.2""}]}, {""id"": ""Сумма"", ""name"": ""Сумма"", ""types"": [{""type"": ""Number"", ""NumberQualifiers"": ""10.2""}]}]}]}, {""id"": ""РасходТовара"", ""name"": ""Расход товара"", ""Attributes"": [{""id"": ""Покупатель"", ""name"": ""Покупатель"", ""types"": [{""type"": ""Ref"", ""id"": ""Справочник.Контрагенты""}]}, {""id"": ""Склад"", ""name"": ""Склад"", ""types"": [{""type"": ""Ref"", ""id"": ""Справочник.Склады""}]}, {""id"": ""Валюта"", ""name"": ""Валюта взиморасчетов"", ""types"": [{""type"": ""Ref"", ""id"": ""Справочник.Валюты""}]}, {""id"": ""ВидЦен"", ""name"": ""Вид цен"", ""types"": [{""type"": ""Ref"", ""id"": ""Справочник.ВидыЦен""}]}, {""id"": ""ОбоснованиеОтгрузки"", ""name"": ""Обоснование отгрузки"", ""types"": [{""type"": ""String"", ""StringQualifiers"": ""0""}]}, {""id"": ""Организация"", ""name"": ""Организация"", ""types"": [{""type"": ""Ref"", ""id"": ""Справочник.Организации""}]}], ""TabularSections"": [{""id"": ""Товары"", ""name"": ""Товары"", ""Attributes"": [{""id"": ""Товар"", ""name"": ""Товар"", ""types"": [{""type"": ""Ref"", ""id"": ""Справочник.Товары""}]}, {""id"": ""Цена"", ""name"": ""Цена"", ""types"": [{""type"": ""Number"", ""NumberQualifiers"": ""10.2""}]}, {""id"": ""Количество"", ""name"": ""Количество"", ""types"": [{""type"": ""Number"", ""NumberQualifiers"": ""10.2""}]}, {""id"": ""Сумма"", ""name"": ""Сумма"", ""types"": [{""type"": ""Number"", ""NumberQualifiers"": ""10.2""}]}]}]}]}",task_123,server,high,task29_СложнаяМаржинальностьпродаж_v2.epf,"Функция СформироватьМаржинальностьПродаж(ДатаНач, ДатаКон)
	
	// Для корректной обработки даты окончания периода (чтобы включала весь день)
	ДатаКонЗапроса = КонецДня(ДатаКон);
	
	Запрос = Новый Запрос;
	Запрос.Текст = 
	""ВЫБРАТЬ
	|	Продажи.Товар КАК Товар,
	|	Продажи.КоличествоПродано КАК КоличествоПродано,
	|	Продажи.СуммаПродажи КАК СуммаПродажи,
	|	ЕСТЬNULL(Продажи.КоличествоПродано * Цены.СредняяЦенаЗакупки, 0) КАК Себестоимость,
	|	Продажи.СуммаПродажи - ЕСТЬNULL(Продажи.КоличествоПродано * Цены.СредняяЦенаЗакупки, 0) КАК Маржа
	|ИЗ
	|	(ВЫБРАТЬ
	|		РасходТовараТовары.Товар КАК Товар,
	|		СУММА(РасходТовараТовары.Количество) КАК КоличествоПродано,
	|		СУММА(РасходТовараТовары.Сумма) КАК СуммаПродажи
	|	ИЗ
	|		Документ.РасходТовара.Товары КАК РасходТовараТовары
	|			ВНУТРЕННЕЕ СОЕДИНЕНИЕ Документ.РасходТовара КАК РасходТовара
	|			ПО РасходТовараТовары.Ссылка = РасходТовара.Ссылка
	|	ГДЕ
	|		РасходТовара.Проведен = ИСТИНА
	|		И РасходТовара.Дата МЕЖДУ &ДатаНач И &ДатаКон
	|	СГРУППИРОВАТЬ ПО
	|		РасходТовараТовары.Товар) КАК Продажи
	|		ЛЕВОЕ СОЕДИНЕНИЕ (ВЫБРАТЬ
	|			ПриходТовараТовары.Товар КАК Товар,
	|			ВЫБОР
	|				КОГДА СУММА(ПриходТовараТовары.Количество) = 0 ТОГДА 0
	|				ИНАЧЕ СУММА(ПриходТовараТовары.Сумма) / СУММА(ПриходТовараТовары.Количество)
	|			КОНЕЦ КАК СредняяЦенаЗакупки
	|		ИЗ
	|			Документ.ПриходТовара.Товары КАК ПриходТовараТовары
	|				ВНУТРЕННЕЕ СОЕДИНЕНИЕ Документ.ПриходТовара КАК ПриходТовара
	|				ПО ПриходТовараТовары.Ссылка = ПриходТовара.Ссылка
	|		ГДЕ
	|			ПриходТовара.Проведен = ИСТИНА
	|		СГРУППИРОВАТЬ ПО
	|			ПриходТовараТовары.Товар) КАК Цены
	|		ПО Продажи.Товар = Цены.Товар"";
	
	Запрос.УстановитьПараметр(""ДатаНач"", ДатаНач);
	Запрос.УстановитьПараметр(""ДатаКон"", ДатаКонЗапроса);
	
	Результат = Запрос.Выполнить().Выгрузить();
	
	Возврат Результат;
	
КонецФункции"
"Написать функцию СформироватьОтчетОстаткиВыводРеквизитовТовара(), которая формирует отчет на сервере ""ОстаткиТоваровНаСкладах"" с выводом товара, его свойств: Артикул, Изображение 
и его остатка, с группировкой по Товар.
Функция должна программно сформировать отчет ""ОстаткиТоваровНаСкладах"", вариант отчета ""Основной"". 
Настройки отчета:    
    Структура: Группировка: 
                        Товар: ТипГруппировки = Элементы, ТипДополнения = БезДополнения.
	Выбранные поля: Товар, 
	                Группа колонок: Свойства: Заголовок = Свойства, Расположение = ОтдельнаяКолонка. 
	                      Товар.Артикул, 
	                      Товар.ФайлКартинки.ДанныеФайл
	                КоличествоОстаток.
	     Для Товар.Артикул задать заголовок Артикул
	     Для Товар.ФайлКартинки.ДанныеФайл задать заголовок Изображение 	
	Параметры вывода: ВыводитьПараметрыДанных = Не выводить,
	                  ВыводитьОтбор = Не выводить. 

Возвращаемое значение: ТабличныйДокумент.","{""Catalogs"": [{""id"": ""Товары"", ""name"": ""Товары"", ""Attributes"": [{""id"": ""Артикул"", ""name"": ""Артикул"", ""types"": [{""type"": ""String"", ""StringQualifiers"": ""15""}]}, {""id"": ""Поставщик"", ""name"": ""Поставщик"", ""types"": [{""type"": ""Ref"", ""id"": ""Справочник.Контрагенты""}]}, {""id"": ""ФайлКартинки"", ""name"": ""Картинка"", ""types"": [{""type"": ""Ref"", ""id"": ""Справочник.ХранимыеФайлы""}]}, {""id"": ""Вид"", ""name"": ""Вид"", ""types"": []}, {""id"": ""Штрихкод"", ""name"": ""Штрихкод"", ""types"": [{""type"": ""String"", ""StringQualifiers"": ""20""}]}, {""id"": ""Описание"", ""name"": ""Описание"", ""types"": [{""type"": ""String"", ""StringQualifiers"": ""0""}]}]}, {""id"": ""ХранилищеВариантовОтчетов"", ""name"": ""Варианты отчетов"", ""Attributes"": [{""id"": ""ВариантОтчета"", ""name"": ""Вариант отчета"", ""types"": []}, {""id"": ""КлючОбъекта"", ""name"": ""Ключ объекта"", ""types"": [{""type"": ""String"", ""StringQualifiers"": ""255""}]}]}]}",task_124,server,high,task29_сложн_Куликова_v1.epf,"Функция СформироватьОтчетОстаткиВыводРеквизитовТовара()
    
    // Создание объекта отчета и получение схемы компоновки данных
    ОтчетОбъект = Отчеты.ОстаткиТоваровНаСкладах.Создать();
    СхемаКомпоновкиДанных = ОтчетОбъект.ПолучитьМакет(""СхемаКомпоновкиДанных"");
    
    // Получение настроек варианта отчета ""Основной""
    ВариантНастройки = СхемаКомпоновкиДанных.ВариантыНастроек.Найти(""Основной"");
    Если ВариантНастройки <> Неопределено Тогда
        Настройки = ВариантНастройки.Настройки.Копировать();
    Иначе
        Настройки = Новый НастройкиКомпоновкиДанных;
    КонецЕсли;
    
    // Очистка структуры и выбранных полей для применения требуемых настроек
    Настройки.Структура.Очистить();
    Настройки.Выбор.Элементы.Очистить();
    
    // Настройка структуры: группировка по Товар
    Группировка = Настройки.Структура.Добавить(ТипГруппировкиКомпоновкиДанных.Группировка);
    ПолеГруппировки = Группировка.ПоляГруппировки.Добавить();
    ПолеГруппировки.Поле = Новый ПолеКомпоновкиДанных(""Товар"");
    ПолеГруппировки.ТипГруппировки = ТипГруппировкиКомпоновкиДанных.Элементы;
    ПолеГруппировки.ТипДополнения = ТипДополненияПериодаКомпоновкиДанных.БезДополнения;
    
    // Настройка выбранных полей: Товар
    ВыбранноеПолеТовар = Настройки.Выбор.Элементы.Добавить(ТипВыбранногоПоляКомпоновкиДанных.ВыбранноеПоле);
    ВыбранноеПолеТовар.Поле = Новый ПолеКомпоновкиДанных(""Товар"");
    
    // Настройка выбранных полей: Группа колонок ""Свойства""
    ГруппаСвойства = Настройки.Выбор.Элементы.Добавить(ТипВыбранногоПоляКомпоновкиДанных.ГруппаВыбранныхПолей);
    ГруппаСвойства.Поле = Новый ПолеКомпоновкиДанных(""Свойства"");
    ГруппаСвойства.Заголовок = ""Свойства"";
    ГруппаСвойства.Расположение = РасположениеПоляКомпоновкиДанных.ОтдельнаяКолонка;
    
    // В группе ""Свойства"": Товар.Артикул
    ВыбранноеПолеАртикул = ГруппаСвойства.Элементы.Добавить(ТипВыбранногоПоляКомпоновкиДанных.ВыбранноеПоле);
    ВыбранноеПолеАртикул.Поле = Новый ПолеКомпоновкиДанных(""Товар.Артикул"");
    ВыбранноеПолеАртикул.Заголовок = ""Артикул"";
    
    // В группе ""Свойства"": Товар.ФайлКартинки.ДанныеФайл
    ВыбранноеПолеКартинка = ГруппаСвойства.Элементы.Добавить(ТипВыбранногоПоляКомпоновкиДанных.ВыбранноеПоле);
    ВыбранноеПолеКартинка.Поле = Новый ПолеКомпоновкиДанных(""Товар.ФайлКартинки.ДанныеФайл"");
    ВыбранноеПолеКартинка.Заголовок = ""Изображение"";
    
    // Настройка выбранных полей: КоличествоОстаток
    ВыбранноеПолеОстаток = Настройки.Выбор.Элементы.Добавить(ТипВыбранногоПоляКомпоновкиДанных.ВыбранноеПоле);
    ВыбранноеПолеОстаток.Поле = Новый ПолеКомпоновкиДанных(""КоличествоОстаток"");
    
    // Настройка параметров вывода
    Настройки.ПараметрыВывода.УстановитьЗначениеПараметра(""ВыводитьПараметрыДанных"", ТипВыводаТекстаКомпоновкиДанных.НеВыводить);
    Настройки.ПараметрыВывода.УстановитьЗначениеПараметра(""ВыводитьОтбор"", ТипВыводаТекстаКомпоновкиДанных.НеВыводить);
    
    // Формирование макета компоновки данных
    КомпоновщикМакета = Новый КомпоновщикМакетаКомпоновкиДанных;
    КомпоновщикМакета.Инициализировать(СхемаКомпоновкиДанных, Настройки);
    МакетКомпоновкиДанных = КомпоновщикМакета.Выполнить();
    
    // Инициализация процессора компоновки данных
    ПроцессорКомпоновкиДанных = Новый ПроцессорКомпоновкиДанных;
    ПроцессорКомпоновкиДанных.Инициализировать(МакетКомпоновкиДанных);
    
    // Вывод результата в табличный документ
    ТабличныйДокумент = Новый ТабличныйДокумент;
    ПроцессорВывода = Новый ПроцессорВыводаРезультатаКомпоновкиДанныхВТабличныйДокумент;
    ПроцессорВывода.УстановитьДокумент(ТабличныйДокумент);
    
    ПроцессорВывода.НачатьВывод();
    ПроцессорКомпоновкиДанных.НачатьОбработку();
    ПроцессорВывода.Вывести(ПроцессорКомпоновкиДанных);
    ПроцессорКомпоновкиДанных.ЗакончитьОбработку();
    ПроцессорВывода.ЗакончитьВывод();
    
    Возврат ТабличныйДокумент;
    
КонецФункции"
"Функция: СформироватьДублирующиесяЗаказы(ДатаНач = Неопределено, ДатаКон = Неопределено)    
Функция выявляет дублирующиеся заказы покупателей  когда один и тот же покупатель оформляет несколько заказов в один и тот же день.  
Это позволяет выявлять возможные ошибки ввода данных, повторные заказы или технические дубли, которые могут возникать при ручном вводе или ошибке в программе. 

 
ДатаНач (Дата) — дата начала периода анализа.
Если параметр не указан (Неопределено), по умолчанию устанавливается начало текущего дня.
ДатаКон (Дата) — дата окончания периода анализа.
Если параметр не указан (Неопределено), по умолчанию устанавливается конец текущего дня.  

Функция анализирует проведённые документы Заказ за указанный период и группирует их:
По покупателю (Покупатель)
По дате заказа (Дата)
Затем отбираются только те комбинации «Покупатель + Дата», по которым количество заказов больше одного. КОЛИЧЕСТВО(Заказы.Ссылка) > 1

Функция возвращает объект типа ТаблицаЗначений со следующими колонками Покупатель (у которого обнаружены дубли), ДатаЗаказа, КоличествоЗаказов (Количество заказов, оформленных в этот день)
Результат отсортирован по покупателю (по возрастанию), затем по дате заказа (по возрастанию)    
 
 В запросе учитываются только проведённые документы Заказ 
 Период по умолчанию — текущий день
 Дубли считаются в рамках одной календарной даты","{""Documents"": [{""id"": ""Заказ"", ""name"": ""Заказ"", ""Attributes"": [{""id"": ""Покупатель"", ""name"": ""Покупатель"", ""types"": [{""type"": ""Ref"", ""id"": ""Справочник.Контрагенты""}]}, {""id"": ""Склад"", ""name"": ""Склад"", ""types"": [{""type"": ""Ref"", ""id"": ""Справочник.Склады""}]}, {""id"": ""Валюта"", ""name"": ""Валюта взаиморасчетов"", ""types"": [{""type"": ""Ref"", ""id"": ""Справочник.Валюты""}]}, {""id"": ""ВидЦен"", ""name"": ""Вид цен"", ""types"": [{""type"": ""Ref"", ""id"": ""Справочник.ВидыЦен""}]}, {""id"": ""Организация"", ""name"": ""Организация"", ""types"": [{""type"": ""Ref"", ""id"": ""Справочник.Организации""}]}, {""id"": ""СостояниеЗаказа"", ""name"": ""Состояние заказа"", ""types"": [{""type"": ""Ref"", ""id"": ""Перечисление.СостоянияЗаказов""}]}, {""id"": ""Автор"", ""name"": ""Автор"", ""types"": [{""type"": ""Ref"", ""id"": ""Справочник.Пользователи""}]}, {""id"": ""Сумма"", ""name"": ""Сумма"", ""types"": [{""type"": ""Number"", ""NumberQualifiers"": ""10.2""}]}], ""TabularSections"": [{""id"": ""Товары"", ""name"": ""Товары"", ""Attributes"": [{""id"": ""Товар"", ""name"": ""Товар"", ""types"": [{""type"": ""Ref"", ""id"": ""Справочник.Товары""}]}, {""id"": ""Цена"", ""name"": ""Цена"", ""types"": [{""type"": ""Number"", ""NumberQualifiers"": ""10.2""}]}, {""id"": ""Количество"", ""name"": ""Количество"", ""types"": [{""type"": ""Number"", ""NumberQualifiers"": ""10.0""}]}, {""id"": ""Сумма"", ""name"": ""Сумма"", ""types"": [{""type"": ""Number"", ""NumberQualifiers"": ""10.2""}]}]}]}]}",task_125,server,mid,task30_СредняяСформироватьДублирующиесяЗаказы_v2.epf,"Функция СформироватьДублирующиесяЗаказы(ДатаНач = Неопределено, ДатаКон = Неопределено)
    
    // Установка периода по умолчанию - текущий день
    Если ДатаНач = Неопределено Тогда
        ДатаНач = НачалоДня(ТекущаяДата());
    КонецЕсли;
    
    Если ДатаКон = Неопределено Тогда
        ДатаКон = КонецДня(ТекущаяДата());
    КонецЕсли;
    
    Запрос = Новый Запрос;
    Запрос.Текст = 
        ""ВЫБРАТЬ 
        |   Заказ.Покупатель КАК Покупатель,
        |   НАЧАЛОПЕРИОДА(Заказ.Дата, ДЕНЬ) КАК ДатаЗаказа,
        |   КОЛИЧЕСТВО(Заказ.Ссылка) КАК КоличествоЗаказов
        |ИЗ
        |   Документ.Заказ КАК Заказ
        |ГДЕ
        |   Заказ.Проведен = ИСТИНА
        |   И Заказ.Дата МЕЖДУ &ДатаНач И &ДатаКон
        |
        |СГРУППИРОВАТЬ ПО
        |   Заказ.Покупатель,
        |   НАЧАЛОПЕРИОДА(Заказ.Дата, ДЕНЬ)
        |
        |ИМЕЮЩИЕ
        |   КОЛИЧЕСТВО(Заказ.Ссылка) > 1
        |
        |УПОРЯДОЧИТЬ ПО
        |   Покупатель,
        |   ДатаЗаказа"";
    
    Запрос.УстановитьПараметр(""ДатаНач"", ДатаНач);
    Запрос.УстановитьПараметр(""ДатаКон"", ДатаКон);
    
    Результат = Запрос.Выполнить();
    
    Возврат Результат.Выгрузить();
    
КонецФункции"
"Написать функцию СформироватьОтчетОстаткиИзменитьЗаголовокКолонкиОстаток(), которая формирует отчет на сервере ""ОстаткиТоваровНаСкладах"" и заменяет заголовок Колонки 
""Количество остаток"" на ""Остаток на складе"".
Функция должна программно сформировать отчет ""ОстаткиТоваровНаСкладах"", вариант отчета ""Основной"". 
Настройки отчета:    
	УсловноеОформление: 
	   Оформление: Текст = ""Остаток на складе""
	   ОформляемыеПоля: КоличествоОстаток
	   ОбластьИспользования: В заголовке полей ресурсов.
	   
	   Оформление: Текст = ""Количество""
	   ОформляемыеПоля: КоличествоОстаток
	   ОбластьИспользования: В заголовке полей ресурсов общего итога.
	   	
	Параметры вывода: ВыводитьПараметрыДанных = Не выводить,
	                  ВыводитьОтбор = Не выводить. 

Возвращаемое значение: ТабличныйДокумент.",{},task_126,server,high,task30_сложн_Куликова_v1.epf,"Функция СформироватьОтчетОстаткиИзменитьЗаголовокКолонкиОстаток()
	
	// Создание объекта отчета и установка варианта
	ОтчетОбъект = Отчеты.ОстаткиТоваровНаСкладах.СоздатьОтчет();
	ОтчетОбъект.ВариантОтчета = Отчеты.ОстаткиТоваровНаСкладах.ВариантыОтчета.Основной;
	ОтчетОбъект.УстановитьНачальныеНастройки();
	
	Настройки = ОтчетОбъект.КомпоновщикНастроек.Настройки;
	
	// Условное оформление 1: Заголовок ресурса ""Остаток на складе""
	ЭлементУО1 = Настройки.УсловноеОформление.Элементы.Добавить();
	ЭлементУО1.Использование = Истина;
	ЭлементУО1.Оформление.УстановитьЗначениеПараметра(""Текст"", ""Остаток на складе"");
	
	ПолеЭлементаУО1 = ЭлементУО1.Поля.Элементы.Добавить();
	ПолеЭлементаУО1.Поле = Новый ПолеКомпоновкиДанных(""КоличествоОстаток"");
	ПолеЭлементаУО1.Использование = Истина;
	
	ЭлементУО1.ОбластьИспользования = ОбластьИспользованияУсловногоОформленияКомпоновкиДанных.ВЗаголовкеПолейРесурсов;
	
	// Условное оформление 2: Заголовок общего итога ""Количество""
	ЭлементУО2 = Настройки.УсловноеОформление.Элементы.Добавить();
	ЭлементУО2.Использование = Истина;
	ЭлементУО2.Оформление.УстановитьЗначениеПараметра(""Текст"", ""Количество"");
	
	ПолеЭлементаУО2 = ЭлементУО2.Поля.Элементы.Добавить();
	ПолеЭлементаУО2.Поле = Новый ПолеКомпоновкиДанных(""КоличествоОстаток"");
	ПолеЭлементаУО2.Использование = Истина;
	
	ЭлементУО2.ОбластьИспользования = ОбластьИспользованияУсловногоОформленияКомпоновкиДанных.ВЗаголовкеПолейРесурсовОбщегоИтога;
	
	// Настройка параметров вывода
	Настройки.ПараметрыВывода.УстановитьЗначениеПараметра(""ВыводитьПараметрыДанных"", ВариантИспользованияПараметраВыводаКомпоновкиДанных.НеВыводить);
	Настройки.ПараметрыВывода.УстановитьЗначениеПараметра(""ВыводитьОтбор"", ВариантИспользованияПараметраВыводаКомпоновкиДанных.НеВыводить);
	
	// Формирование табличного документа
	ДокументРезультат = Новый ТабличныйДокумент;
	ОтчетОбъект.СкомпоноватьРезультат(ДокументРезультат);
	
	Возврат ДокументРезультат;
	
КонецФункции"
"Функция: СформироватьНепроведенныеДокументы(ДатаНач = Неопределено, ДатаКон = Неопределено)
Функция формирует список всех непроведённых документов за указанный период. Используется для контроля качества ввода данных, выявления ошибок и незавершённых операций в учёте. 

Параметры
ДатаНач (Дата) это дата начала периода анализа.
Если параметр не указан (Неопределено), по умолчанию устанавливается начало текущего дня.
ДатаКон (Дата)  дата окончания периода анализа.
Если параметр не указан (Неопределено), по умолчанию устанавливается конец текущего дня.  

Функция выполняет поиск непроведённых документов
Заказ
ОперацияПоУчетуТоваров
Оплата
ПоступлениеДенег
ПриходТовара
РасходТовара   

Для каждого документа проверяется флаг Проведен = Ложь и попадание даты документа в заданный период

Функция возвращает объект типа ТаблицаЗначений со следующими колонками
Документ, ДатаДокумента, ТипДокумента

Результат отсортирован по возрастанию даты документа.
Используется конструкция ОБЪЕДИНИТЬ ВСЕ для объединения нескольких однотипных запросов.
В итоговой таблице явно указывается тип каждого документа через ТипЗнч(Ссылка)","{""Documents"": [{""id"": ""Заказ"", ""name"": ""Заказ"", ""Attributes"": [{""id"": ""Покупатель"", ""name"": ""Покупатель"", ""types"": [{""type"": ""Ref"", ""id"": ""Справочник.Контрагенты""}]}, {""id"": ""Склад"", ""name"": ""Склад"", ""types"": [{""type"": ""Ref"", ""id"": ""Справочник.Склады""}]}, {""id"": ""Валюта"", ""name"": ""Валюта взаиморасчетов"", ""types"": [{""type"": ""Ref"", ""id"": ""Справочник.Валюты""}]}, {""id"": ""ВидЦен"", ""name"": ""Вид цен"", ""types"": [{""type"": ""Ref"", ""id"": ""Справочник.ВидыЦен""}]}, {""id"": ""Организация"", ""name"": ""Организация"", ""types"": [{""type"": ""Ref"", ""id"": ""Справочник.Организации""}]}, {""id"": ""СостояниеЗаказа"", ""name"": ""Состояние заказа"", ""types"": [{""type"": ""Ref"", ""id"": ""Перечисление.СостоянияЗаказов""}]}, {""id"": ""Автор"", ""name"": ""Автор"", ""types"": [{""type"": ""Ref"", ""id"": ""Справочник.Пользователи""}]}, {""id"": ""Сумма"", ""name"": ""Сумма"", ""types"": [{""type"": ""Number"", ""NumberQualifiers"": ""10.2""}]}], ""TabularSections"": [{""id"": ""Товары"", ""name"": ""Товары"", ""Attributes"": [{""id"": ""Товар"", ""name"": ""Товар"", ""types"": [{""type"": ""Ref"", ""id"": ""Справочник.Товары""}]}, {""id"": ""Цена"", ""name"": ""Цена"", ""types"": [{""type"": ""Number"", ""NumberQualifiers"": ""10.2""}]}, {""id"": ""Количество"", ""name"": ""Количество"", ""types"": [{""type"": ""Number"", ""NumberQualifiers"": ""10.0""}]}, {""id"": ""Сумма"", ""name"": ""Сумма"", ""types"": [{""type"": ""Number"", ""NumberQualifiers"": ""10.2""}]}]}]}, {""id"": ""ОперацияПоУчетуТоваров"", ""name"": ""Операция по учету товаров"", ""Attributes"": [{""id"": ""СодержаниеОперации"", ""name"": ""Содержание операции"", ""types"": [{""type"": ""String"", ""StringQualifiers"": ""0""}]}, {""id"": ""Организация"", ""name"": ""Организация"", ""types"": [{""type"": ""Ref"", ""id"": ""Справочник.Организации""}]}]}, {""id"": ""Оплата"", ""name"": ""Оплата"", ""Attributes"": [{""id"": ""Поставщик"", ""name"": ""Поставщик"", ""types"": [{""type"": ""Ref"", ""id"": ""Справочник.Контрагенты""}]}, {""id"": ""РасчетныйСчетПоставщика"", ""name"": ""Расчетный счет поставщика"", ""types"": [{""type"": ""Ref"", ""id"": ""Справочник.РасчетныеСчетаКонтрагентов""}]}, {""id"": ""РасчетныйСчет"", ""name"": ""Расчетный счет"", ""types"": [{""type"": ""Ref"", ""id"": ""Справочник.РасчетныеСчета""}]}, {""id"": ""Валюта"", ""name"": ""Валюта"", ""types"": [{""type"": ""Ref"", ""id"": ""Справочник.Валюты""}]}, {""id"": ""Сумма"", ""name"": ""Сумма"", ""types"": [{""type"": ""Number"", ""NumberQualifiers"": ""10.2""}]}, {""id"": ""Организация"", ""name"": ""Организация"", ""types"": [{""type"": ""Ref"", ""id"": ""Справочник.Организации""}]}]}, {""id"": ""ПоступлениеДенег"", ""name"": ""Поступление денег"", ""Attributes"": [{""id"": ""Покупатель"", ""name"": ""Покупатель"", ""types"": [{""type"": ""Ref"", ""id"": ""Справочник.Контрагенты""}]}, {""id"": ""РасчетныйСчетПокупателя"", ""name"": ""Расчетный счет покупателя"", ""types"": [{""type"": ""Ref"", ""id"": ""Справочник.РасчетныеСчетаКонтрагентов""}]}, {""id"": ""РасчетныйСчет"", ""name"": ""Расчетный счет"", ""types"": [{""type"": ""Ref"", ""id"": ""Справочник.РасчетныеСчета""}]}, {""id"": ""Валюта"", ""name"": ""Валюта"", ""types"": [{""type"": ""Ref"", ""id"": ""Справочник.Валюты""}]}, {""id"": ""Сумма"", ""name"": ""Сумма"", ""types"": [{""type"": ""Number"", ""NumberQualifiers"": ""10.2""}]}, {""id"": ""Организация"", ""name"": ""Организация"", ""types"": [{""type"": ""Ref"", ""id"": ""Справочник.Организации""}]}]}, {""id"": ""ПриходТовара"", ""name"": ""Приход товара"", ""Attributes"": [{""id"": ""Поставщик"", ""name"": ""Поставщик"", ""types"": [{""type"": ""Ref"", ""id"": ""Справочник.Контрагенты""}]}, {""id"": ""Склад"", ""name"": ""Склад"", ""types"": [{""type"": ""Ref"", ""id"": ""Справочник.Склады""}]}, {""id"": ""Валюта"", ""name"": ""Валюта взаиморасчетов"", ""types"": [{""type"": ""Ref"", ""id"": ""Справочник.Валюты""}]}, {""id"": ""Организация"", ""name"": ""Организация"", ""types"": [{""type"": ""Ref"", ""id"": ""Справочник.Организации""}]}], ""TabularSections"": [{""id"": ""Товары"", ""name"": ""Товары"", ""Attributes"": [{""id"": ""Товар"", ""name"": ""Товар"", ""types"": [{""type"": ""Ref"", ""id"": ""Справочник.Товары""}]}, {""id"": ""Цена"", ""name"": ""Цена"", ""types"": [{""type"": ""Number"", ""NumberQualifiers"": ""10.2""}]}, {""id"": ""Количество"", ""name"": ""Количество"", ""types"": [{""type"": ""Number"", ""NumberQualifiers"": ""10.2""}]}, {""id"": ""Сумма"", ""name"": ""Сумма"", ""types"": [{""type"": ""Number"", ""NumberQualifiers"": ""10.2""}]}]}]}, {""id"": ""РасходТовара"", ""name"": ""Расход товара"", ""Attributes"": [{""id"": ""Покупатель"", ""name"": ""Покупатель"", ""types"": [{""type"": ""Ref"", ""id"": ""Справочник.Контрагенты""}]}, {""id"": ""Склад"", ""name"": ""Склад"", ""types"": [{""type"": ""Ref"", ""id"": ""Справочник.Склады""}]}, {""id"": ""Валюта"", ""name"": ""Валюта взиморасчетов"", ""types"": [{""type"": ""Ref"", ""id"": ""Справочник.Валюты""}]}, {""id"": ""ВидЦен"", ""name"": ""Вид цен"", ""types"": [{""type"": ""Ref"", ""id"": ""Справочник.ВидыЦен""}]}, {""id"": ""ОбоснованиеОтгрузки"", ""name"": ""Обоснование отгрузки"", ""types"": [{""type"": ""String"", ""StringQualifiers"": ""0""}]}, {""id"": ""Организация"", ""name"": ""Организация"", ""types"": [{""type"": ""Ref"", ""id"": ""Справочник.Организации""}]}], ""TabularSections"": [{""id"": ""Товары"", ""name"": ""Товары"", ""Attributes"": [{""id"": ""Товар"", ""name"": ""Товар"", ""types"": [{""type"": ""Ref"", ""id"": ""Справочник.Товары""}]}, {""id"": ""Цена"", ""name"": ""Цена"", ""types"": [{""type"": ""Number"", ""NumberQualifiers"": ""10.2""}]}, {""id"": ""Количество"", ""name"": ""Количество"", ""types"": [{""type"": ""Number"", ""NumberQualifiers"": ""10.2""}]}, {""id"": ""Сумма"", ""name"": ""Сумма"", ""types"": [{""type"": ""Number"", ""NumberQualifiers"": ""10.2""}]}]}]}]}",task_127,server,mid,task31_СредняяСформироватьДокументыБезПроведения_v2.epf,"Функция СформироватьНепроведенныеДокументы(ДатаНач = Неопределено, ДатаКон = Неопределено)
    
    // Установка значений по умолчанию для периода
    Если ДатаНач = Неопределено Тогда
        ДатаНач = НачалоДня(ТекущаяДата());
    КонецЕсли;
    
    Если ДатаКон = Неопределено Тогда
        ДатаКон = КонецДня(ТекущаяДата());
    КонецЕсли;
    
    Запрос = Новый Запрос;
    Запрос.Текст = 
    ""ВЫБРАТЬ
    |   Заказ.Ссылка КАК Документ,
    |   Заказ.Дата КАК ДатаДокумента,
    |   ТипЗнч(Заказ.Ссылка) КАК ТипДокумента
    |ИЗ
    |   Документ.Заказ КАК Заказ
    |ГДЕ
    |   Заказ.Проведен = Ложь
    |   И Заказ.Дата МЕЖДУ &ДатаНач И &ДатаКон
    |
    |ОБЪЕДИНИТЬ ВСЕ
    |
    |ВЫБРАТЬ
    |   ОперацияПоУчетуТоваров.Ссылка,
    |   ОперацияПоУчетуТоваров.Дата,
    |   ТипЗнч(ОперацияПоУчетуТоваров.Ссылка)
    |ИЗ
    |   Документ.ОперацияПоУчетуТоваров КАК ОперацияПоУчетуТоваров
    |ГДЕ
    |   ОперацияПоУчетуТоваров.Проведен = Ложь
    |   И ОперацияПоУчетуТоваров.Дата МЕЖДУ &ДатаНач И &ДатаКон
    |
    |ОБЪЕДИНИТЬ ВСЕ
    |
    |ВЫБРАТЬ
    |   Оплата.Ссылка,
    |   Оплата.Дата,
    |   ТипЗнч(Оплата.Ссылка)
    |ИЗ
    |   Документ.Оплата КАК Оплата
    |ГДЕ
    |   Оплата.Проведен = Ложь
    |   И Оплата.Дата МЕЖДУ &ДатаНач И &ДатаКон
    |
    |ОБЪЕДИНИТЬ ВСЕ
    |
    |ВЫБРАТЬ
    |   ПоступлениеДенег.Ссылка,
    |   ПоступлениеДенег.Дата,
    |   ТипЗнч(ПоступлениеДенег.Ссылка)
    |ИЗ
    |   Документ.ПоступлениеДенег КАК ПоступлениеДенег
    |ГДЕ
    |   ПоступлениеДенег.Проведен = Ложь
    |   И ПоступлениеДенег.Дата МЕЖДУ &ДатаНач И &ДатаКон
    |
    |ОБЪЕДИНИТЬ ВСЕ
    |
    |ВЫБРАТЬ
    |   ПриходТовара.Ссылка,
    |   ПриходТовара.Дата,
    |   ТипЗнч(ПриходТовара.Ссылка)
    |ИЗ
    |   Документ.ПриходТовара КАК ПриходТовара
    |ГДЕ
    |   ПриходТовара.Проведен = Ложь
    |   И ПриходТовара.Дата МЕЖДУ &ДатаНач И &ДатаКон
    |
    |ОБЪЕДИНИТЬ ВСЕ
    |
    |ВЫБРАТЬ
    |   РасходТовара.Ссылка,
    |   РасходТовара.Дата,
    |   ТипЗнч(РасходТовара.Ссылка)
    |ИЗ
    |   Документ.РасходТовара КАК РасходТовара
    |ГДЕ
    |   РасходТовара.Проведен = Ложь
    |   И РасходТовара.Дата МЕЖДУ &ДатаНач И &ДатаКон
    |
    |УПОРЯДОЧИТЬ ПО
    |   ДатаДокумента"";
    
    Запрос.УстановитьПараметр(""ДатаНач"", ДатаНач);
    Запрос.УстановитьПараметр(""ДатаКон"", ДатаКон);
    
    Результат = Запрос.Выполнить();
    
    Возврат Результат.Выгрузить();
    
КонецФункции"
"Написать функцию НайтиНастройкуКомпоновщика(стрНастройки, КомпоновщикНастроек), которая ищет настройку в КомпоновщикНастроек настраиваемого отчета по заданным свойствам, указанным в параметре стрНастройки. 
Параметры функции:
стрНастройки - (тип: Структура) - свойства поиска настройки:
   * ВидНастройки (тип: Строка) - соответствует ключам объекта НастройкиКомпоновкиДанных. Например, ""Выбор"", ""ПараметрВывода"", ""ПараметрДанных""
   * ИмяНастройки (тип: Строка) - имя поля у элемента настроек данного вида.   
   
КомпоновщикНастроек - КомпоновщикНастроекКомпоновкиДанных - из настраиваемого отчета.
  
Возвращаемое значение:
    Элемент из КоллекцияЭлементовПользовательскихНастроекКомпоновкиДанных - подобранная настройка.
    Неопределено - настройка не найдена.",{},task_128,server,,task31_слож_Куликова_v1.epf,"// Функция ищет настройку в КомпоновщикНастроек настраиваемого отчета по заданным свойствам
//
// Параметры:
//  стрНастройки - Структура - свойства поиска настройки:
//      * ВидНастройки - Строка - соответствует ключам объекта НастройкиКомпоновкиДанных
//      * ИмяНастройки - Строка - имя поля у элемента настроек данного вида
//  КомпоновщикНастроек - КомпоновщикНастроекКомпоновкиДанных - из настраиваемого отчета
//
// Возвращаемое значение:
//  Элемент из КоллекцияЭлементовПользовательскихНастроекКомпоновкиДанных - подобранная настройка
//  Неопределено - настройка не найдена
//
Функция НайтиНастройкуКомпоновщика(стрНастройки, КомпоновщикНастроек)
    
    ВидНастройки = стрНастройки.ВидНастройки;
    ИмяНастройки = стрНастройки.ИмяНастройки;
    
    Настройки = КомпоновщикНастроек.Настройки;
    ПользовательскиеНастройки = КомпоновщикНастроек.ПользовательскиеНастройки;
    
    // Получаем коллекцию настроек по виду
    КоллекцияНастроек = Неопределено;
    ЭтоПараметр = Ложь;
    ЭтоОтбор = Ложь;
    
    Если ВидНастройки = ""Выбор"" Тогда
        КоллекцияНастроек = Настройки.Выбор;
    ИначеЕсли ВидНастройки = ""ПараметрВывода"" ИЛИ ВидНастройки = ""ПараметрыВывода"" Тогда
        КоллекцияНастроек = Настройки.ПараметрыВывода;
        ЭтоПараметр = Истина;
    ИначеЕсли ВидНастройки = ""ПараметрДанных"" ИЛИ ВидНастройки = ""ПараметрыДанных"" Тогда
        КоллекцияНастроек = Настройки.ПараметрыДанных;
        ЭтоПараметр = Истина;
    ИначеЕсли ВидНастройки = ""Отбор"" Тогда
        КоллекцияНастроек = Настройки.Отбор.Элементы;
        ЭтоОтбор = Истина;
    ИначеЕсли ВидНастройки = ""Порядок"" Тогда
        КоллекцияНастроек = Настройки.Порядок.Элементы;
    КонецЕсли;
    
    Если КоллекцияНастроек = Неопределено Тогда
        Возврат Неопределено;
    КонецЕсли;
    
    // Ищем элемент в коллекции по имени
    ИдентификаторНастройки = Неопределено;
    
    Для Каждого Элемент Из КоллекцияНастроек Цикл
        Найдено = Ложь;
        
        Если ЭтоПараметр Тогда
            Найдено = (Элемент.Имя = ИмяНастройки);
        ИначеЕсли ЭтоОтбор Тогда
            Найдено = (Строка(Элемент.ЛевоеЗначение) = ИмяНастройки);
        Иначе
            // Для Выбор и Порядок
            Найдено = (Строка(Элемент.Поле) = ИмяНастройки);
        КонецЕсли;
        
        Если Найдено Тогда
            ИдентификаторНастройки = Элемент.ИдентификаторПользовательскойНастройки;
            Прервать;
        КонецЕсли;
    КонецЦикла;
    
    Если ИдентификаторНастройки = Неопределено Тогда
        Возврат Неопределено;
    КонецЕсли;
    
    // Ищем элемент в пользовательских настройках по идентификатору
    Для Каждого ЭлементНастройки Из ПользовательскиеНастройки Цикл
        Если ЭлементНастройки.ИдентификаторПользовательскойНастройки = ИдентификаторНастройки Тогда
            Возврат ЭлементНастройки;
        КонецЕсли;
    КонецЦикла;
    
    Возврат Неопределено;
    
КонецФункции"
"Функция: СформироватьИсториюИзмененияЦен(ДатаНач = Неопределено, ДатаКон = Неопределено)
Функция формирует историю изменения цен товаров за указанный период. Позволяет отслеживать, когда и как менялись цены на товары по различным видам цен  

Параметры
ДатаНач (Дата) — дата начала периода анализа.
Если параметр не указан (Неопределено), по умолчанию устанавливается начало текущего дня.
ДатаКон (Дата) — дата окончания периода анализа.
Если параметр не указан (Неопределено), по умолчанию устанавливается конец текущего дня.

Функция выбирает все записи из регистра сведений ЦеныТоваров за указанный период.
Для каждого изменения цены фиксируется:
Товар, по которому изменилась цена;
Вид цены (тип цен);
Дата изменения;
Новая цена.

Функция возвращает объект типа ТаблицаЗначений со следующими колонками: Товар, ВидЦен, ДатаИзменения, Цена 
сортировка происходит по Товар (по возрастанию), затем по ДатаИзменения (по возрастанию)

По умолчанию функция анализирует только текущий день 
Выбираются все изменения цен, произошедшие в пределах указанного периода (включая время).
Если  цена на товар менялась несколько раз  в результате будут все записи изменения
Регистр сведений ЦеныТоваров считается периодическим (В пределах дня), поэтому функция показывает историю изменений.","{""InformationRegisters"": [{""id"": ""ЦеныТоваров"", ""name"": ""Цены товаров"", ""InformationRegisterPeriodicity"": ""Day"", ""WriteMode"": ""Independent"", ""Dimensions"": [{""id"": ""Товар"", ""name"": ""Товар"", ""types"": [{""type"": ""Ref"", ""id"": ""Справочник.Товары""}]}, {""id"": ""ВидЦен"", ""name"": ""Вид цен"", ""types"": [{""type"": ""Ref"", ""id"": ""Справочник.ВидыЦен""}]}], ""Resources"": [{""id"": ""Цена"", ""name"": ""Цена"", ""types"": [{""type"": ""Number"", ""NumberQualifiers"": ""10.2""}]}]}], ""Catalogs"": [{""id"": ""ВидыЦен"", ""name"": ""Виды цен"", ""Attributes"": []}, {""id"": ""Товары"", ""name"": ""Товары"", ""Attributes"": [{""id"": ""Артикул"", ""name"": ""Артикул"", ""types"": [{""type"": ""String"", ""StringQualifiers"": ""15""}]}, {""id"": ""Поставщик"", ""name"": ""Поставщик"", ""types"": [{""type"": ""Ref"", ""id"": ""Справочник.Контрагенты""}]}, {""id"": ""ФайлКартинки"", ""name"": ""Картинка"", ""types"": [{""type"": ""Ref"", ""id"": ""Справочник.ХранимыеФайлы""}]}, {""id"": ""Вид"", ""name"": ""Вид"", ""types"": []}, {""id"": ""Штрихкод"", ""name"": ""Штрихкод"", ""types"": [{""type"": ""String"", ""StringQualifiers"": ""20""}]}, {""id"": ""Описание"", ""name"": ""Описание"", ""types"": [{""type"": ""String"", ""StringQualifiers"": ""0""}]}]}]}",task_129,server,mid,task32_СредняяИсторияИзмененияЦен_v2.epf,"Функция СформироватьИсториюИзмененияЦен(ДатаНач = Неопределено, ДатаКон = Неопределено)
	
	// Установка значения по умолчанию для даты начала периода
	Если ДатаНач = Неопределено Тогда
		ДатаНач = НачалоДня(ТекущаяДата());
	КонецЕсли;
	
	// Установка значения по умолчанию для даты окончания периода
	Если ДатаКон = Неопределено Тогда
		ДатаКон = КонецДня(ТекущаяДата());
	КонецЕсли;
	
	Запрос = Новый Запрос;
	Запрос.Текст = 
	""ВЫБРАТЬ
	|	ЦеныТоваров.Товар КАК Товар,
	|	ЦеныТоваров.ВидЦен КАК ВидЦен,
	|	ЦеныТоваров.Период КАК ДатаИзменения,
	|	ЦеныТоваров.Цена КАК Цена
	|ИЗ
	|	РегистрСведений.ЦеныТоваров КАК ЦеныТоваров
	|ГДЕ
	|	ЦеныТоваров.Период МЕЖДУ &ДатаНач И &ДатаКон
	|УПОРЯДОЧИТЬ ПО
	|	Товар,
	|	ДатаИзменения"";
	
	Запрос.УстановитьПараметр(""ДатаНач"", ДатаНач);
	Запрос.УстановитьПараметр(""ДатаКон"", ДатаКон);
	
	РезультатЗапроса = Запрос.Выполнить();
	
	Возврат РезультатЗапроса.Выгрузить();
	
КонецФункции"
"Написать функцию ПолучитьСвойствоДоступногоПоля(СтруктураКД, Поле, Свойство), которая находит и возвращает значение указанного свойства(Свойство) доступного поля(Поле) 
структуры доступных полей(СтруктураКД) компоновщика настроек компоновки данных.
Параметры функции:
СтруктураКД (тип: КомпоновщикНастроекКомпоновкиДанных, ДоступныеПоляКомпоновкиДанных) - cтруктура, в которой хранится поле. Если в качестве параметра передан КомпоновщикНастроекКомпоновкиДанных, 
тогда получить СтруктураКД.Настройки.ДоступныеПоляВыбора. 
Поле - (тип: Строка, ПолеКомпоновкиДанных) - Поле, для которого определяется значение свойства.
Свойство - (тип: Строка) - Имя свойства, значение которого требуется получить.
 
Возвращаемое значение:
	Произвольный - Значение запрашиваемого свойства поля. Если свойство не найдено, тогда Неопределено.",{},task_130,server,,task32_слож_Куликова_v1.epf,"// Функция получает значение указанного свойства доступного поля структуры доступных полей 
// компоновщика настроек компоновки данных.
//
// Параметры:
//  СтруктураКД - КомпоновщикНастроекКомпоновкиДанных, ДоступныеПоляКомпоновкиДанных - 
//                Структура, в которой хранится поле.
//  Поле - Строка, ПолеКомпоновкиДанных - Поле, для которого определяется значение свойства.
//  Свойство - Строка - Имя свойства, значение которого требуется получить.
//
// Возвращаемое значение:
//  Произвольный - Значение запрашиваемого свойства поля. Если свойство не найдено, тогда Неопределено.
Функция ПолучитьСвойствоДоступногоПоля(СтруктураКД, Поле, Свойство)
	
	ДоступныеПоля = Неопределено;
	
	// Определяем источник доступных полей в зависимости от типа переданного параметра
	Если ТипЗнч(СтруктураКД) = Тип(""КомпоновщикНастроекКомпоновкиДанных"") Тогда
		ДоступныеПоля = СтруктураКД.Настройки.ДоступныеПоляВыбора;
	ИначеЕсли ТипЗнч(СтруктураКД) = Тип(""ДоступныеПоляКомпоновкиДанных"") Тогда
		ДоступныеПоля = СтруктураКД;
	Иначе
		Возврат Неопределено;
	КонецЕсли;
	
	// Преобразуем параметр Поле к типу ПолеКомпоновкиДанных для поиска
	ИскомоеПоле = Неопределено;
	Если ТипЗнч(Поле) = Тип(""Строка"") Тогда
		ИскомоеПоле = Новый ПолеКомпоновкиДанных(Поле);
	ИначеЕсли ТипЗнч(Поле) = Тип(""ПолеКомпоновкиДанных"") Тогда
		ИскомоеПоле = Поле;
	Иначе
		Возврат Неопределено;
	КонецЕсли;
	
	// Ищем поле в доступных полях компоновки данных
	НайденноеПоле = ДоступныеПоля.Найти(ИскомоеПоле);
	Если НайденноеПоле = Неопределено Тогда
		Возврат Неопределено;
	КонецЕсли;
	
	// Получаем значение свойства, так как у объектов типа ДоступноеПолеКомпоновкиДанных
	// нет универсального метода получения свойства по имени, используем явную проверку
	Возврат ПолучитьЗначениеСвойстваДоступногоПоляВнутр(НайденноеПоле, Свой"
"Функция: СформироватьРекомендуемыйЗаказ(ДатаНач = Неопределено, ДатаКон = Неопределено) 
Функция формирует рекомендуемый объём заказа товаров у поставщиков на основе анализа продаж и текущих остатков.
Помогает закупщикам быстро определить, какие товары и в каком количестве имеет смысл заказать, чтобы избежать дефицита.

Параметры
ДатаНач (Дата) — дата начала периода анализа продаж.
Если не указана, по умолчанию берётся 30 дней назад от текущей даты.
ДатаКон (Дата) — дата окончания периода анализа продаж.
Если не указана, по умолчанию устанавливается конец текущего дня.
  
Функция рассчитывает для каждого товара:
Продано это общее количество товара, проданное за период (ДатаНач по ДатаКон).
Остаток это текущий остаток товара на складе.
РекомендуемыйЗаказ  количество товара, которое рекомендуется заказать = Продано − Остаток.  

Если результат расчёта получается отрицательным (остатка хватает с избытком), значение РекомендуемыйЗаказ устанавливается в 0.  
 
Функция возвращает объект типа ТаблицаЗначений со следующими колонками:
Товар, Продано, Остаток, РекомендуемыйЗаказ
В результат включаются только товары, по которым рекомендуемый заказ > 0

Анализ продаж ведётся за последние 30 дней по умолчанию
Используются обороты регистра Накопления: Продажи и остатки регистра ТоварныеЗапасы.
Рекомендация РекомендуемыйЗаказ расчитывается  продажи минус остаток","{""AccumulationRegisters"": [{""id"": ""Продажи"", ""name"": ""Продажи"", ""RegisterType"": ""Turnovers"", ""Dimensions"": [{""id"": ""Покупатель"", ""name"": ""Покупатель"", ""types"": [{""type"": ""Ref"", ""id"": ""Справочник.Контрагенты""}]}, {""id"": ""Товар"", ""name"": ""Товар"", ""types"": [{""type"": ""Ref"", ""id"": ""Справочник.Товары""}]}], ""Resources"": [{""id"": ""Количество"", ""name"": ""Количество"", ""types"": [{""type"": ""Number"", ""NumberQualifiers"": ""10.2""}]}, {""id"": ""Сумма"", ""name"": ""Сумма"", ""types"": [{""type"": ""Number"", ""NumberQualifiers"": ""10.2""}]}]}, {""id"": ""ТоварныеЗапасы"", ""name"": ""Товарные запасы"", ""RegisterType"": ""Balance"", ""Dimensions"": [{""id"": ""Товар"", ""name"": ""Товар"", ""types"": [{""type"": ""Ref"", ""id"": ""Справочник.Товары""}]}, {""id"": ""Склад"", ""name"": ""Склад"", ""types"": [{""type"": ""Ref"", ""id"": ""Справочник.Склады""}]}], ""Resources"": [{""id"": ""Количество"", ""name"": ""Количество"", ""types"": [{""type"": ""Number"", ""NumberQualifiers"": ""10.2""}]}]}], ""Catalogs"": [{""id"": ""Товары"", ""name"": ""Товары"", ""Attributes"": [{""id"": ""Артикул"", ""name"": ""Артикул"", ""types"": [{""type"": ""String"", ""StringQualifiers"": ""15""}]}, {""id"": ""Поставщик"", ""name"": ""Поставщик"", ""types"": [{""type"": ""Ref"", ""id"": ""Справочник.Контрагенты""}]}, {""id"": ""ФайлКартинки"", ""name"": ""Картинка"", ""types"": [{""type"": ""Ref"", ""id"": ""Справочник.ХранимыеФайлы""}]}, {""id"": ""Вид"", ""name"": ""Вид"", ""types"": []}, {""id"": ""Штрихкод"", ""name"": ""Штрихкод"", ""types"": [{""type"": ""String"", ""StringQualifiers"": ""20""}]}, {""id"": ""Описание"", ""name"": ""Описание"", ""types"": [{""type"": ""String"", ""StringQualifiers"": ""0""}]}]}]}",task_131,server,high,task33_СложнаяСформироватьРекомендуемыйЗаказ_v2.epf,"Функция СформироватьРекомендуемыйЗаказ(ДатаНач = Неопределено, ДатаКон = Неопределено)
	
	// Установка значений по умолчанию для периода анализа
	Если ДатаНач = Неопределено Тогда
		ДатаНач = ДобавитьМесяц(ТекущаяДата(), -1);
	КонецЕсли;
	
	Если ДатаКон = Неопределено Тогда
		ДатаКон = КонецДня(ТекущаяДата());
	КонецЕсли;
	
	Запрос = Новый Запрос;
	Запрос.Текст = 
	""ВЫБРАТЬ
	|	ПродажиОбороты.Товар КАК Товар,
	|	ЕСТЬNULL(ПродажиОбороты.КоличествоОборот, 0) КАК Продано,
	|	ЕСТЬNULL(ТоварныеЗапасыОстатки.КоличествоОстаток, 0) КАК Остаток,
	|	ВЫБОР
	|		КОГДА ЕСТЬNULL(ПродажиОбороты.КоличествоОборот, 0) - ЕСТЬNULL(ТоварныеЗапасыОстатки.КоличествоОстаток, 0) > 0
	|		ТОГДА ЕСТЬNULL(ПродажиОбороты.КоличествоОборот, 0) - ЕСТЬNULL(ТоварныеЗапасыОстатки.КоличествоОстаток, 0)
	|		ИНАЧЕ 0
	|	КОНЕЦ КАК РекомендуемыйЗаказ
	|ИЗ
	|	РегистрНакопления.Продажи.Обороты(&ДатаНач, &ДатаКон, , Товар) КАК ПродажиОбороты
	|		ЛЕВОЕ СОЕДИНЕНИЕ РегистрНакопления.ТоварныеЗапасы.Остатки(, Товар В (ВЫБРАТЬ ПродажиОбороты.Товар ИЗ ПродажиОбороты)) КАК ТоварныеЗапасыОстатки
	|		ПО ПродажиОбороты.Товар = ТоварныеЗапасыОстатки.Товар
	|
	|ОБЪЕДИНИТЬ ВСЕ
	|
	|ВЫБРАТЬ
	|	ТоварныеЗапасыОстатки2.Товар,
	|	0,
	|	ЕСТЬNULL(ТоварныеЗапасыОстатки2.КоличествоОстаток, 0),
	|	ВЫБОР
	|		КОГДА 0 - ЕСТЬNULL(ТоварныеЗапасыОстатки2.КоличествоОстаток, 0) > 0
	|		ТОГДА 0 - ЕСТЬNULL(ТоварныеЗапасыОстатки2.КоличествоОстаток, 0)
	|		ИНАЧЕ 0
	|	КОНЕЦ
	|ИЗ
	|	РегистрНакопления.ТоварныеЗапасы.Остатки(, ) КАК ТоварныеЗапасыОстатки2
	|ГДЕ
	|	ТоварныеЗапасыОстатки2.Товар НЕ В (ВЫБРАТЬ ПродажиОбороты.Товар ИЗ РегистрНакопления.Продажи.Обороты(&ДатаНач, &ДатаКон, , Товар) КАК ПродажиОбороты)
	|
	|ИМЕЮЩИЕ
	|	ВЫБОР
	|		КОГДА ЕСТЬNULL(Продано, 0) - ЕСТЬNULL(Остаток, 0) > 0
	|		ТОГДА ЕСТЬNULL(Продано, 0) - ЕСТЬNULL(Остаток, 0)
	|		ИНАЧЕ 0
	|	КОНЕЦ > 0
	|
	|УПОРЯДОЧИТЬ ПО
	|	РекомендуемыйЗаказ УБЫВ"";
	
	Запрос.УстановитьПараметр(""ДатаНач"", ДатаНач);
	Запрос.УстановитьПараметр(""ДатаКон"", ДатаКон);
	
	РезультатЗапроса = Запрос.Выполнить();
	
	// Формирование и заполнение таблицы значений
	ТаблицаРезультата = Новый ТаблицаЗначений;
	ТаблицаРезультата.Колонки.Добавить(""Товар"", Новый ОписаниеТипов(""СправочникСсылка.Товары""));
	ТаблицаРезультата.Колонки.Добавить(""Продано"", Новый ОписаниеТипов(""Число"", Новый КвалификаторыЧисла(10, 2)));
	ТаблицаРезультата.Колонки.Добавить(""Остаток"", Новый ОписаниеТипов(""Число"", Новый КвалификаторыЧисла(10, 2)));
	ТаблицаРезультата.Колонки.Добавить(""РекомендуемыйЗаказ"", Новый ОписаниеТипов(""Число"", Новый КвалификаторыЧисла(10, 2)));
	
	Выборка = РезультатЗапроса.Выбрать();
	Пока Выборка.Следующий() Цикл
		НоваяСтрока = ТаблицаРезультата.Добавить();
		НоваяСтрока.Товар = Выборка.Товар;
		НоваяСтрока.Продано = Выборка.Продано;
		НоваяСтрока.Остаток = Выборка.Остаток;
		НоваяСтрока.РекомендуемыйЗаказ = Выборка.РекомендуемыйЗаказ;
	КонецЦикла;
	
	Возврат ТаблицаРезультата;
	
КонецФункции"
"Написать функцию ПроверитьЗаполнениеРеквизитовОбъекта(Объект, МассивПроверяемыхРеквизитов), которая проверяет заполненность проверяемых реквизитов(МассивПроверяемыхРеквизитов) обекта(Объект).
Проверяемые реквизиты могут быть реквизитами объекта или реквизитами табличных частей объекта(задаются через точку, например, ""Товары.Сумма"").
Параметры:
Объект (тип: ДокументОбъект, СправочникОбъект) - проверяемый объект.
МассивПроверяемыхРеквизитов (тип: Массив Из Строка) - массив проверяемых реквизитов.
Возвращаемое значение:
  Булево - Ложь, если значение хотя бы одного реквизита не заполнено, иначе Истина.",{},task_132,server,high,task33_сложн_Куликова_v1.epf,"Функция ПроверитьЗаполнениеРеквизитовОбъекта(Объект, МассивПроверяемыхРеквизитов)
	
	Для Каждого ИмяРеквизита Из МассивПроверяемыхРеквизитов Цикл
		
		ПозицияТочки = СтрНайти(ИмяРеквизита, ""."");
		
		Если ПозицияТочки > 0 Тогда
			// Реквизит табличной части
			ИмяТЧ = Лев(ИмяРеквизита, ПозицияТочки - 1);
			ИмяРеквизитаТЧ = Сред(ИмяРеквизита, ПозицияТочки + 1);
			
			ТЧОбъекта = Объект[ИмяТЧ];
			
			Для Каждого СтрокаТЧ Из ТЧОбъекта Цикл
				Если Не ЗначениеЗаполнено(СтрокаТЧ[ИмяРеквизитаТЧ]) Тогда
					Возврат Ложь;
				КонецЕсли;
			КонецЦикла;
			
		Иначе
			// Реквизит объекта
			Если Не ЗначениеЗаполнено(Объект[ИмяРеквизита]) Тогда
				Возврат Ложь;
			КонецЕсли;
			
		КонецЕсли;
		
	КонецЦикла;
	
	Возврат Истина;
	
КонецФункции"
"Функция: СформироватьПересортицу(ДатаНач = Неопределено, ДатаКон = Неопределено)  
Функция выявляет пересортицу (расхождение между проданным количеством и остатками) по товарам за указанный период
Позволяет обнаружить возможные ошибки учёта, недостачи, пересортицу, когда продажи по документам превышают фактические остатки на складе. 


 Параметры
ДатаНач (Дата) — дата начала периода анализа продаж.
Если не указана, по умолчанию берётся 30 дней назад от текущей даты.
ДатаКон (Дата) — дата окончания периода анализа.
Если не указана, по умолчанию устанавливается конец текущего дня. 

Для каждого товара функция рассчитывает:
Продано это общее количество товара, проданное за период (по регистру накопления Продажи.Обороты).
Остаток это текущий остаток товара на складе на конец периода ДатаКон.
Пересортица это расхождение = Продано − Остаток.

Если Пересортица > 0, это означает, что по документам продано больше товара, чем числится на остатке (признак возможной пересортицы, недостачи или ошибки учёта).

Функция возвращает объект типа ТаблицаЗначений со следующими колонками Товар, Продано, Остаток, Пересортица

В результат включаются только товары, у которых продажи превышают остаток (Пересортица > 0)
По умолчанию анализирует продажи за последние 30 дней.
Использует обороты регистра Продажи и остатки регистра ТоварныеЗапасы.
Пересортица рассчитывается на конец периода (ДатаКон).
Функция возвращает только проблемные позиции (где есть превышение продаж над остатком).","{""AccumulationRegisters"": [{""id"": ""Продажи"", ""name"": ""Продажи"", ""RegisterType"": ""Turnovers"", ""Dimensions"": [{""id"": ""Покупатель"", ""name"": ""Покупатель"", ""types"": [{""type"": ""Ref"", ""id"": ""Справочник.Контрагенты""}]}, {""id"": ""Товар"", ""name"": ""Товар"", ""types"": [{""type"": ""Ref"", ""id"": ""Справочник.Товары""}]}], ""Resources"": [{""id"": ""Количество"", ""name"": ""Количество"", ""types"": [{""type"": ""Number"", ""NumberQualifiers"": ""10.2""}]}, {""id"": ""Сумма"", ""name"": ""Сумма"", ""types"": [{""type"": ""Number"", ""NumberQualifiers"": ""10.2""}]}]}, {""id"": ""ТоварныеЗапасы"", ""name"": ""Товарные запасы"", ""RegisterType"": ""Balance"", ""Dimensions"": [{""id"": ""Товар"", ""name"": ""Товар"", ""types"": [{""type"": ""Ref"", ""id"": ""Справочник.Товары""}]}, {""id"": ""Склад"", ""name"": ""Склад"", ""types"": [{""type"": ""Ref"", ""id"": ""Справочник.Склады""}]}], ""Resources"": [{""id"": ""Количество"", ""name"": ""Количество"", ""types"": [{""type"": ""Number"", ""NumberQualifiers"": ""10.2""}]}]}], ""Catalogs"": [{""id"": ""Товары"", ""name"": ""Товары"", ""Attributes"": [{""id"": ""Артикул"", ""name"": ""Артикул"", ""types"": [{""type"": ""String"", ""StringQualifiers"": ""15""}]}, {""id"": ""Поставщик"", ""name"": ""Поставщик"", ""types"": [{""type"": ""Ref"", ""id"": ""Справочник.Контрагенты""}]}, {""id"": ""ФайлКартинки"", ""name"": ""Картинка"", ""types"": [{""type"": ""Ref"", ""id"": ""Справочник.ХранимыеФайлы""}]}, {""id"": ""Вид"", ""name"": ""Вид"", ""types"": []}, {""id"": ""Штрихкод"", ""name"": ""Штрихкод"", ""types"": [{""type"": ""String"", ""StringQualifiers"": ""20""}]}, {""id"": ""Описание"", ""name"": ""Описание"", ""types"": [{""type"": ""String"", ""StringQualifiers"": ""0""}]}]}]}",task_133,server,high,task34_СложнаяСформироватьПересортицу_v2.epf,"Функция СформироватьПересортицу(ДатаНач = Неопределено, ДатаКон = Неопределено)
    
    // Установка значений по умолчанию для дат
    Если ДатаНач = Неопределено Тогда
        ДатаНач = ДобавитьКДате(ТекущаяДата(), ""День"", -30);
    КонецЕсли;
    
    Если ДатаКон = Неопределено Тогда
        ДатаКон = КонецДня(ТекущаяДата());
    КонецЕсли;
    
    Запрос = Новый Запрос;
    Запрос.Текст = 
    ""ВЫБРАТЬ
    |    ПродажиОбороты.Товар КАК Товар,
    |    ПродажиОбороты.КоличествоОборот КАК Продано,
    |    ЕСТЬNULL(ТоварныеЗапасыОстатки.КоличествоОстаток, 0) КАК Остаток,
    |    ПродажиОбороты.КоличествоОборот - ЕСТЬNULL(ТоварныеЗапасыОстатки.КоличествоОстаток, 0) КАК Пересортица
    |ИЗ
    |    РегистрНакопления.Продажи.Обороты(&ДатаНач, &ДатаКон, , Товар) КАК ПродажиОбороты
    |        ЛЕВОЕ СОЕДИНЕНИЕ РегистрНакопления.ТоварныеЗапасы.Остатки(&ДатаКон, , Товар) КАК ТоварныеЗапасыОстатки
    |        ПО ПродажиОбороты.Товар = ТоварныеЗапасыОстатки.Товар
    |ГДЕ
    |    ПродажиОбороты.КоличествоОборот - ЕСТЬNULL(ТоварныеЗапасыОстатки.КоличествоОстаток, 0) > 0"";
    
    Запрос.УстановитьПараметр(""ДатаНач"", ДатаНач);
    Запрос.УстановитьПараметр(""ДатаКон"", ДатаКон);
    
    Результат = Запрос.Выполнить();
    
    Возврат Результат.Выгрузить();
    
КонецФункции"
"Написать функцию ПолучитьПоследнийЭлементСтруктуры(НастройкиКД, ПолучитьСтроки), которая возвращает последний элемент структуры настроек компоновки данных(НастройкиКД) - группировку. 
Вернуть группировку, если последний элемент имеет тип ГруппировкаКомпоновкиДанных.
Вернуть строки(колонки) таблицы, если последний элемент имеет тип ГруппировкаТаблицыКомпоновкиДанных.
Вернуть серии(точки) диаграммы, если последний элемент структуры имеет тип ДиаграммаКомпоновкиДанных.

Параметры функции:
	ЭлементСтруктурыНастроек (тип: КомпоновщикНастроекКомпоновкиДанных, НастройкиКомпоновкиДанных) - элемент структуры настроек компонвоки данных.
	ПолучитьСтроки (тип: Булево) - признак для получения последний группировки строк (серий) или колонок (точек). 
	    Если Истина, тогда для элемента структуры типа ТаблицаКомпоновкиДанных, вернуть Строки, для элемента структуры типа ДиаграммаКомпоновкиДанных вернуть Серии. 
        Если Ложь, тогда для элемента структуры типа ТаблицаКомпоновкиДанных, вернуть Колонки, для элемента структуры типа ДиаграммаКомпоновкиДанных вернуть Точки.

Возвращаемое значение:
	ГруппировкаТаблицыКомпоновкиДанных, ГруппировкаКомпоновкиДанных, ГруппировкаДиаграммыКомпоновкиДанных - последний элемент структуры компоновки данных.
	Неопределено, если ничего не найдено.",{},task_134,server,high,task34_сложн_Куликова_v1.epf,"// Функция получает последний элемент структуры настроек компоновки данных.
// Возвращает группировку в зависимости от типа элемента структуры.
//
// Параметры:
//  ЭлементСтруктурыНастроек - КомпоновщикНастроекКомпоновкиДанных, НастройкиКомпоновкиДанных - 
//                              элемент структуры настроек компоновки данных.
//  ПолучитьСтроки - Булево - признак для получения группировки строк (серий) или колонок (точек).
//                   Если Истина, то для Таблицы - Строки, для Диаграммы - Серии.
//                   Если Ложь, то для Таблицы - Колонки, для Диаграммы - Точки.
//
// Возвращаемое значение:
//  ГруппировкаКомпоновкиДанных, ГруппировкаТаблицыКомпоновкиДанных, 
//  ГруппировкаДиаграммыКомпоновкиДанных - последний элемент структуры компоновки данных.
//  Неопределено - если ничего не найдено.
Функция ПолучитьПоследнийЭлементСтруктуры(ЭлементСтруктурыНастроек, ПолучитьСтроки)
    
    // Определяем настройки компоновки данных в зависимости от типа переданного параметра
    НастройкиКД = Неопределено;
    
    Если ТипЗнч(ЭлементСтруктурыНастроек) = Тип(""КомпоновщикНастроекКомпоновкиДанных"") Тогда
        НастройкиКД = ЭлементСтруктурыНастроек.Настройки;
    ИначеЕсли ТипЗнч(ЭлементСтруктурыНастроек) = Тип(""НастройкиКомпоновкиДанных"") Тогда
        НастройкиКД = ЭлементСтруктурыНастроек;
    Иначе
        Возврат Неопределено;
    КонецЕсли;
    
    // Проверяем наличие элементов в структуре
    Если НастройкиКД.Структура.Количество() = 0 Тогда
        Возврат Неопределено;
    КонецЕсли;
    
    // Получаем последний элемент структуры настроек
    ПоследнийЭлемент = НастройкиКД.Структура[НастройкиКД.Структура.Количество() - 1];
    
    // Обрабатываем в зависимости от типа последнего элемента
    Если ТипЗнч(ПоследнийЭлемент) = Тип(""ГруппировкаКомпоновкиДанных"") Тогда
        // Для обычной группировки возвращаем сам элемент
        Возврат ПоследнийЭлемент;
        
    ИначеЕсли ТипЗнч(ПоследнийЭлемент) = Тип(""ТаблицаКомпоновкиДанных"") Тогда
        // Для таблицы возвращаем последний элемент из Строк или Колонок
        Если ПолучитьСтроки Тогда
            КоллекцияГруппировок = ПоследнийЭлемент.Строки;
        Иначе
            КоллекцияГруппировок = ПоследнийЭлемент.Колонки;
        КонецЕсли;
        
        Если КоллекцияГруппировок.Количество() > 0 Тогда
            Возврат КоллекцияГруппировок[КоллекцияГруппировок.Количество() - 1];
        КонецЕсли;
        
    ИначеЕсли ТипЗнч(ПоследнийЭлемент) = Тип(""ДиаграммаКомпоновкиДанных"") Тогда
        // Для диаграммы возвращаем последний элемент из Серий или Точек
        Если ПолучитьСтроки Тогда
            КоллекцияГруппировок = ПоследнийЭлемент.Серии;
        Иначе
            КоллекцияГруппировок = ПоследнийЭлемент.Точки;
        КонецЕсли;
        
        Если КоллекцияГруппировок.Количество() > 0 Тогда
            Возврат КоллекцияГруппировок[КоллекцияГруппировок.Количество() - 1];
        КонецЕсли;
        
    КонецЕсли;
    
    Возврат Неопределено;
    
КонецФункции"
"Функция: СформироватьАнализСезонностиПродаж(ДатаНач = Неопределено, ДатаКон = Неопределено)
Функция выполняет анализ сезонности продаж по месяцам. Позволяет выявить сезонные колебания спроса, понять, 
в какие месяцы продажи выше или ниже, и использовать эти данные для планирования закупок.

Параметры
ДатаНач (Дата)  дата начала периода анализа.
Если параметр не указан (Неопределено), по умолчанию устанавливается начало текущего года.
ДатаКон (Дата)  дата окончания периода анализа.
Если параметр не указан (Неопределено), по умолчанию устанавливается конец текущего года. 

Функция группирует продажи по месяцам и рассчитывает для каждого месяца:
ПериодМесяца — начало месяца (первое число месяца).
КоличествоПродано — общее количество товаров, проданное в этом месяце.
СуммаПродаж — общая сумма продаж (выручка) в этом месяце.
Данные берутся из регистра накопления Продажи. 


Функция возвращает объект типа ТаблицаЗначений со следующими колонками: ПериодМесяца, КоличествоПродано, СуммаПродаж

Результат группируется по месяцам -  НАЧАЛОПЕРИОДА(Продажи.Период, МЕСЯЦ)

 
 По умолчанию анализирует весь текущий год. 
 Используется функция НАЧАЛОПЕРИОДА(Продажи.Период, МЕСЯЦ) для группировки по месяцам.  
 Функция показывает сезонный профиль продаж — насколько продажи отличаются по месяцам года. 
 Можно использовать для сравнения сезонности разных лет","{""AccumulationRegisters"": [{""id"": ""Продажи"", ""name"": ""Продажи"", ""RegisterType"": ""Turnovers"", ""Dimensions"": [{""id"": ""Покупатель"", ""name"": ""Покупатель"", ""types"": [{""type"": ""Ref"", ""id"": ""Справочник.Контрагенты""}]}, {""id"": ""Товар"", ""name"": ""Товар"", ""types"": [{""type"": ""Ref"", ""id"": ""Справочник.Товары""}]}], ""Resources"": [{""id"": ""Количество"", ""name"": ""Количество"", ""types"": [{""type"": ""Number"", ""NumberQualifiers"": ""10.2""}]}, {""id"": ""Сумма"", ""name"": ""Сумма"", ""types"": [{""type"": ""Number"", ""NumberQualifiers"": ""10.2""}]}]}]}",task_135,server,mid,task35_СредняяАнализСезонностиПродаж_v2.epf,"Функция СформироватьАнализСезонностиПродаж(ДатаНач = Неопределено, ДатаКон = Неопределено)
    
    // Установка значений по умолчанию для периода анализа
    Если ДатаНач = Неопределено Тогда
        ДатаНач = НачалоГода(ТекущаяДата());
    КонецЕсли;
    
    Если ДатаКон = Неопределено Тогда
        ДатаКон = КонецГода(ТекущаяДата());
    КонецЕсли;
    
    Запрос = Новый Запрос;
    Запрос.Текст = 
    ""ВЫБРАТЬ
    |    НАЧАЛОПЕРИОДА(Продажи.Период, МЕСЯЦ) КАК ПериодМесяца,
    |    СУММА(Продажи.Количество) КАК КоличествоПродано,
    |    СУММА(Продажи.Сумма) КАК СуммаПродаж
    |ИЗ
    |    РегистрНакопления.Продажи КАК Продажи
    |ГДЕ
    |    Продажи.Период МЕЖДУ &ДатаНач И &ДатаКон
    |СГРУППИРОВАТЬ ПО
    |    НАЧАЛОПЕРИОДА(Продажи.Период, МЕСЯЦ)
    |УПОРЯДОЧИТЬ ПО
    |    ПериодМесяца"";
    
    Запрос.УстановитьПараметр(""ДатаНач"", ДатаНач);
    Запрос.УстановитьПараметр(""ДатаКон"", ДатаКон);
    
    Результат = Запрос.Выполнить();
    
    Возврат Результат.Выгрузить();
    
КонецФункции"
"Написать функцию НайтиПолеВСтуктуреКД(СтруктураКД, Поле, ВключаяВложенныеПоля), которая ищет поле(Поле) в группировках структуры настроек компоновки данных отчета(СтруктураКД) 
и возвращает Истина, если Поле найдено или Ложь, если Поле не найдено.

Параметры:
	СтруктураКД  (тип: КоллекцияЭлементовСтруктурыНастроекКомпоновкиДанных, КоллекцияЭлементовСтруктурыТаблицыКомпоновкиДанных) - Элемент структуры настроек отчета.
				       КоллекцияЭлементовСтруктурыДиаграммыКомпоновкиДанных) - элемент структуры настроек отчета.
	Поле (тип: Строка, ПолеКомпоновкиДанных) - имя поля компоновки или поле компоновки данных.
	ВключаяВложенныеПоля (тип: Булево) - возможность проверки вложенных полей. Если Истина, то будут проверятся вложенные поля.  Например, ""Регистратор.Дата"".
	                      По умолчанию = Ложь.
						
 Возвращаемое значение:
	Булево - Истина, если в группировках элементов структуры присутствует Поле.
             Ложь, Поле не найдено.",{},task_136,server,high,task35_сложн_Куликова_v1.epf,"// Функция ищет поле в группировках структуры настроек компоновки данных отчета
// и возвращает Истина, если поле найдено, или Ложь, если не найдено.
//
// Параметры:
//  СтруктураКД - КоллекцияЭлементовСтруктурыНастроекКомпоновкиДанных,
//                КоллекцияЭлементовСтруктурыТаблицыКомпоновкиДанных,
//                КоллекцияЭлементовСтруктурыДиаграммыКомпоновкиДанных - элемент структуры настроек отчета.
//  Поле - Строка, ПолеКомпоновкиДанных - имя поля компоновки или поле компоновки данных.
//  ВключаяВложенныеПоля - Булево - возможность проверки вложенных полей. Если Истина, то будут
//                         проверятся вложенные поля. Например, ""Регистратор.Дата"". По умолчанию = Ложь.
//
// Возвращаемое значение:
//  Булево - Истина, если в группировках элементов структуры присутствует Поле. Ложь, Поле не найдено.
//
Функция НайтиПолеВСтуктуреКД(СтруктураКД, Поле, ВключаяВложенныеПоля = Ложь)
	
	// Определяем имя поля для поиска
	ИмяПоляДляПоиска = """";
	Если ТипЗнч(Поле) = Тип(""ПолеКомпоновкиДанных"") Тогда
		ИмяПоляДляПоиска = Поле.Имя;
	Иначе
		ИмяПоляДляПоиска = Поле;
	КонецЕсли;
	
	// Если имя поля для поиска пустое, возвращаем Ложь
	Если ИмяПоляДляПоиска = """" Тогда
		Возврат Ложь;
	КонецЕсли;
	
	// Перебираем элементы структуры
	Для Каждого ЭлементСтруктуры Из СтруктураКД Цикл
		
		// Проверяем поле текущего элемента
		ПолеКД = ЭлементСтруктуры.Поле;
		Если ПолеКД <> Undefined Тогда
			ИмяПоляЭлемента = ПолеКД.Имя;
			
			// Проверяем точное совпадение полного имени поля
			Если ИмяПоляЭлемента = ИмяПоляДляПоиска Тогда
				Возврат Истина;
			КонецЕсли;
			
			// Проверяем вложенные поля (если включено)
			Если ВключаяВложенныеПоля Тогда
				// Разбиваем имена полей на части по разделителю "".""
				ЧастиИмениПоляЭлемента = СтрРазделить(ИмяПоляЭлемента, ""."");
				ЧастиИмениПоляДляПоиска = СтрРазделить(ИмяПоляДляПоиска, ""."");
				
				// Если искомое поле простое (не содержит точку), проверяем совпадение
				// с последней частью составного поля элемента
				// Например, ищем ""Дата"", а поле элемента ""Регистратор.Дата""
				Если ЧастиИмениПоляДляПоиска.Количество() = 1 И ЧастиИмениПоляЭлемента.Количество() > 1 Тогда
					Если ЧастиИмениПоляЭлемента[ЧастиИмениПоляЭлемента.Количество() - 1] = ИмяПоляДляПоиска Тогда
						Возврат Истина;
					КонецЕсли;
				КонецЕсли;
			КонецЕсли;
		КонецЕсли;
		
		// Проверяем вложенные группировки (элементы)
		Если ЭлементСтруктуры.Элементы.Количество() > 0 Тогда
			Если НайтиПолеВСтуктуреКД(ЭлементСтруктуры.Элементы, ИмяПоляДляПоиска, ВключаяВложенныеПоля) Тогда
				Возврат Истина;
			КонецЕсли;
		КонецЕсли;
		
	КонецЦикла;
	
	Возврат Ложь;
	
КонецФункции"
"Функция: СформироватьАнализПокупателейПоРегионам(ДатаНач = Неопределено, ДатаКон = Неопределено)
Функция выполняет анализ продаж с разбивкой по регионам. Позволяет оценить географическую структуру продаж, 
определить наиболее значимые регионы по количеству покупателей, объёму проданного товара и выручке.

Параметры

ДатаНач (Дата) — дата начала периода анализа.
Если не указана, по умолчанию устанавливается начало текущего года.
ДатаКон (Дата) — дата окончания периода анализа.
Если не указана, по умолчанию устанавливается конец текущего года.

  
Функция анализирует данные регистра накопления Продажи и группирует результаты по региону покупателя (Покупатель.Регион). Для каждого региона рассчитывается:
КоличествоПокупателей — количество уникальных покупателей из данного региона.
КоличествоПродано — общее количество товаров, проданное покупателям этого региона.
СуммаПродаж — общая сумма выручки от продаж в данном регионе. 

Функция возвращает объект типа ТаблицаЗначений со следующими колонками:
Регион, КоличествоПокупателей, КоличествоПродано, СуммаПродаж

Результат группируется по регионам.  

По умолчанию анализирует весь текущий год.
Используется КОЛИЧЕСТВО(РАЗЛИЧНЫЕ ...) для подсчёта уникальных покупателей.
Если у покупателя не заполнен реквизит Регион, такие продажи попадут в группу с пустым (NULL) регионом.","{""AccumulationRegisters"": [{""id"": ""Продажи"", ""name"": ""Продажи"", ""RegisterType"": ""Turnovers"", ""Dimensions"": [{""id"": ""Покупатель"", ""name"": ""Покупатель"", ""types"": [{""type"": ""Ref"", ""id"": ""Справочник.Контрагенты""}]}, {""id"": ""Товар"", ""name"": ""Товар"", ""types"": [{""type"": ""Ref"", ""id"": ""Справочник.Товары""}]}], ""Resources"": [{""id"": ""Количество"", ""name"": ""Количество"", ""types"": [{""type"": ""Number"", ""NumberQualifiers"": ""10.2""}]}, {""id"": ""Сумма"", ""name"": ""Сумма"", ""types"": [{""type"": ""Number"", ""NumberQualifiers"": ""10.2""}]}]}], ""Catalogs"": [{""id"": ""Контрагенты"", ""name"": ""Контрагенты"", ""Attributes"": [{""id"": ""Регион"", ""name"": ""Регион"", ""types"": [{""type"": ""Ref"", ""id"": ""Справочник.Регионы""}]}, {""id"": ""Индекс"", ""name"": ""Индекс"", ""types"": [{""type"": ""String"", ""StringQualifiers"": ""10""}]}, {""id"": ""Страна"", ""name"": ""Страна"", ""types"": [{""type"": ""String"", ""StringQualifiers"": ""0""}]}, {""id"": ""Город"", ""name"": ""Город"", ""types"": [{""type"": ""String"", ""StringQualifiers"": ""0""}]}, {""id"": ""Улица"", ""name"": ""Улица"", ""types"": [{""type"": ""String"", ""StringQualifiers"": ""0""}]}, {""id"": ""Дом"", ""name"": ""Дом"", ""types"": [{""type"": ""String"", ""StringQualifiers"": ""15""}]}, {""id"": ""Телефон"", ""name"": ""Телефон"", ""types"": [{""type"": ""String"", ""StringQualifiers"": ""16""}]}, {""id"": ""ЭлектроннаяПочта"", ""name"": ""Электронная почта"", ""types"": [{""type"": ""String"", ""StringQualifiers"": ""40""}]}, {""id"": ""Факс"", ""name"": ""Факс"", ""types"": [{""type"": ""String"", ""StringQualifiers"": ""16""}]}, {""id"": ""ВебСайт"", ""name"": ""Веб сайт"", ""types"": [{""type"": ""String"", ""StringQualifiers"": ""40""}]}, {""id"": ""ВидЦен"", ""name"": ""Вид цен"", ""types"": [{""type"": ""Ref"", ""id"": ""Справочник.ВидыЦен""}]}, {""id"": ""ДополнительнаяИнформация"", ""name"": ""Дополнительная информация"", ""types"": [{""type"": ""String"", ""StringQualifiers"": ""0""}]}, {""id"": ""КонтактноеЛицо"", ""name"": ""Контактное лицо"", ""types"": [{""type"": ""String"", ""StringQualifiers"": ""100""}]}, {""id"": ""Широта"", ""name"": ""Широта"", ""types"": [{""type"": ""Number"", ""NumberQualifiers"": ""10.6""}]}, {""id"": ""Долгота"", ""name"": ""Долгота"", ""types"": [{""type"": ""Number"", ""NumberQualifiers"": ""10.6""}]}]}, {""id"": ""Регионы"", ""name"": ""Регионы"", ""Attributes"": []}]}",task_137,server,mid,task37_СредняяСформироватьАнализПокупателейПоРегионам_v2.epf,"Функция СформироватьАнализПокупателейПоРегионам(ДатаНач = Неопределено, ДатаКон = Неопределено)
	
	// Установка периодов по умолчанию (текущий год)
	Если ДатаНач = Неопределено Тогда
		ДатаНач = НачалоГода(ТекущаяДата());
	КонецЕсли;
	
	Если ДатаКон = Неопределено Тогда
		ДатаКон = КонецГода(ТекущаяДата());
	КонецЕсли;
	
	Запрос = Новый Запрос;
	Запрос.Текст = 
	""ВЫБРАТЬ
	|	ПродажиОбороты.Покупатель.Регион КАК Регион,
	|	КОЛИЧЕСТВО(РАЗЛИЧНЫЕ ПродажиОбороты.Покупатель) КАК КоличествоПокупателей,
	|	СУММА(ПродажиОбороты.КоличествоОборот) КАК КоличествоПродано,
	|	СУММА(ПродажиОбороты.СуммаОборот) КАК СуммаПродаж
	|ИЗ
	|	РегистрНакопления.Продажи.Обороты(&ДатаНач, &ДатаКон, , ) КАК ПродажиОбороты
	|
	|СГРУППИРОВАТЬ ПО
	|	ПродажиОбороты.Покупатель.Регион"";
	
	Запрос.УстановитьПараметр(""ДатаНач"", ДатаНач);
	Запрос.УстановитьПараметр(""ДатаКон"", ДатаКон);
	
	РезультатЗапроса = Запрос.Выполнить();
	
	Возврат РезультатЗапроса.Выгрузить();
	
КонецФункции"
"Функция: СформироватьКонтрольЗадержкиОплаты(ДатаНач = Неопределено, ДатаКон = Неопределено)
Функция формирует список покупателей с положительной дебиторской задолженностью (долгом) за указанный период. 
Предназначена для контроля задержек оплаты, анализа просроченной дебиторской задолженности 

Параметры
ДатаНач (Дата) — дата начала периода анализа.
Если не указана, по умолчанию устанавливается начало текущего года.
ДатаКон (Дата) — дата окончания периода анализа.
Если не указана, по умолчанию устанавливается конец текущего дня. 

Функция анализирует движения регистра накопления Взаиморасчеты и определяет:
Общую сумму долга каждого покупателя (контрагента) на конец периода.
В результат включаются только те покупатели, у которых сумма долга больше нуля (СуммаДолга > 0).

Функция возвращает объект типа ТаблицаЗначений со следующими колонками: Покупатель, СуммаДолга

По умолчанию анализирует данные с начала текущего года по текущий момент.
Используется простой остаточный принцип: суммируются все движения по регистру Взаиморасчеты в пределах периода.
Функция показывает текущую задолженность покупателей","{""AccumulationRegisters"": [{""id"": ""Взаиморасчеты"", ""name"": ""Взаиморасчеты"", ""RegisterType"": ""Balance"", ""Dimensions"": [{""id"": ""Контрагент"", ""name"": ""Контрагент"", ""types"": [{""type"": ""Ref"", ""id"": ""Справочник.Контрагенты""}]}, {""id"": ""Валюта"", ""name"": ""Валюта"", ""types"": [{""type"": ""Ref"", ""id"": ""Справочник.Валюты""}]}], ""Resources"": [{""id"": ""Сумма"", ""name"": ""Сумма"", ""types"": [{""type"": ""Number"", ""NumberQualifiers"": ""10.2""}]}]}]}",task_138,server,mid,task38_СредняяСформироватьКонтрольЗадержкиОплаты_v2.epf,"Функция СформироватьКонтрольЗадержкиОплаты(ДатаНач = Неопределено, ДатаКон = Неопределено)
	
	// Обработка значений по умолчанию для дат
	Если ДатаНач = Неопределено Тогда
		ДатаНач = НачалоГода(ТекущаяДата());
	КонецЕсли;
	
	Если ДатаКон = Неопределено Тогда
		ДатаКон = КонецДня(ТекущаяДата());
	КонецЕсли;
	
	Запрос = Новый Запрос;
	Запрос.Текст = 
	""ВЫБРАТЬ
	|	ВзаиморасчетыОстатки.Контрагент КАК Покупатель,
	|	СУММА(ВзаиморасчетыОстатки.СуммаОстаток) КАК СуммаДолга
	|ИЗ
	|	РегистрНакопления.Взаиморасчеты.Остатки(&ДатаКон, ) КАК ВзаиморасчетыОстатки
	|СГРУППИРОВАТЬ ПО
	|	ВзаиморасчетыОстатки.Контрагент
	|ИМЕЮЩИЕ
	|	СУММА(ВзаиморасчетыОстатки.СуммаОстаток) > 0"";
	
	// Для получения остатка (текущей задолженности) на конец периода 
	// достаточно передать в виртуальную таблицу остатков только дату окончания.
	Запрос.УстановитьПараметр(""ДатаКон"", ДатаКон);
	
	РезультатЗапроса = Запрос.Выполнить();
	
	Возврат РезультатЗапроса.Выгрузить();
	
КонецФункции"
"Функция: СформироватьИсториюДвиженияТовара(Товар, ДатаНач = Неопределено, ДатаКон = Неопределено)    
Функция возвращает полную историю движения указанного товара за период — все приходы и расходы по документам ПриходТовара и РасходТовара.
Используется для анализа движения конкретного товара, контроля остатков и отслеживания истории операций.
Параметры
Товар (СправочникСсылка.Товары или Массив)  товар или список товаров, по которому нужно сформировать историю движения.
ДатаНач  дата начала периода. Если не указана, по умолчанию — начало текущего года.
ДатаКон (Дата) — дата окончания периода. Если не указана, по умолчанию — конец текущего дня. 

Функция возвращает ТаблицаЗначений со следующими колонками: Дата, ВидДвижения, Товар, Количество, Сумма

   
Запрос учитывают только проведённые документы.
Поддерживает передачу как одного товара, так и массива товаров (благодаря условию В (&Товар)). 
Объединяет данные из двух документов с помощью ОБЪЕДИНИТЬ ВСЕ.
Простая и быстрая история движений без остатков и сальдо","{""Documents"": [{""id"": ""ПриходТовара"", ""name"": ""Приход товара"", ""Attributes"": [{""id"": ""Поставщик"", ""name"": ""Поставщик"", ""types"": [{""type"": ""Ref"", ""id"": ""Справочник.Контрагенты""}]}, {""id"": ""Склад"", ""name"": ""Склад"", ""types"": [{""type"": ""Ref"", ""id"": ""Справочник.Склады""}]}, {""id"": ""Валюта"", ""name"": ""Валюта взаиморасчетов"", ""types"": [{""type"": ""Ref"", ""id"": ""Справочник.Валюты""}]}, {""id"": ""Организация"", ""name"": ""Организация"", ""types"": [{""type"": ""Ref"", ""id"": ""Справочник.Организации""}]}], ""TabularSections"": [{""id"": ""Товары"", ""name"": ""Товары"", ""Attributes"": [{""id"": ""Товар"", ""name"": ""Товар"", ""types"": [{""type"": ""Ref"", ""id"": ""Справочник.Товары""}]}, {""id"": ""Цена"", ""name"": ""Цена"", ""types"": [{""type"": ""Number"", ""NumberQualifiers"": ""10.2""}]}, {""id"": ""Количество"", ""name"": ""Количество"", ""types"": [{""type"": ""Number"", ""NumberQualifiers"": ""10.2""}]}, {""id"": ""Сумма"", ""name"": ""Сумма"", ""types"": [{""type"": ""Number"", ""NumberQualifiers"": ""10.2""}]}]}]}, {""id"": ""РасходТовара"", ""name"": ""Расход товара"", ""Attributes"": [{""id"": ""Покупатель"", ""name"": ""Покупатель"", ""types"": [{""type"": ""Ref"", ""id"": ""Справочник.Контрагенты""}]}, {""id"": ""Склад"", ""name"": ""Склад"", ""types"": [{""type"": ""Ref"", ""id"": ""Справочник.Склады""}]}, {""id"": ""Валюта"", ""name"": ""Валюта взиморасчетов"", ""types"": [{""type"": ""Ref"", ""id"": ""Справочник.Валюты""}]}, {""id"": ""ВидЦен"", ""name"": ""Вид цен"", ""types"": [{""type"": ""Ref"", ""id"": ""Справочник.ВидыЦен""}]}, {""id"": ""ОбоснованиеОтгрузки"", ""name"": ""Обоснование отгрузки"", ""types"": [{""type"": ""String"", ""StringQualifiers"": ""0""}]}, {""id"": ""Организация"", ""name"": ""Организация"", ""types"": [{""type"": ""Ref"", ""id"": ""Справочник.Организации""}]}], ""TabularSections"": [{""id"": ""Товары"", ""name"": ""Товары"", ""Attributes"": [{""id"": ""Товар"", ""name"": ""Товар"", ""types"": [{""type"": ""Ref"", ""id"": ""Справочник.Товары""}]}, {""id"": ""Цена"", ""name"": ""Цена"", ""types"": [{""type"": ""Number"", ""NumberQualifiers"": ""10.2""}]}, {""id"": ""Количество"", ""name"": ""Количество"", ""types"": [{""type"": ""Number"", ""NumberQualifiers"": ""10.2""}]}, {""id"": ""Сумма"", ""name"": ""Сумма"", ""types"": [{""type"": ""Number"", ""NumberQualifiers"": ""10.2""}]}]}]}], ""Catalogs"": [{""id"": ""Товары"", ""name"": ""Товары"", ""Attributes"": [{""id"": ""Артикул"", ""name"": ""Артикул"", ""types"": [{""type"": ""String"", ""StringQualifiers"": ""15""}]}, {""id"": ""Поставщик"", ""name"": ""Поставщик"", ""types"": [{""type"": ""Ref"", ""id"": ""Справочник.Контрагенты""}]}, {""id"": ""ФайлКартинки"", ""name"": ""Картинка"", ""types"": [{""type"": ""Ref"", ""id"": ""Справочник.ХранимыеФайлы""}]}, {""id"": ""Вид"", ""name"": ""Вид"", ""types"": []}, {""id"": ""Штрихкод"", ""name"": ""Штрихкод"", ""types"": [{""type"": ""String"", ""StringQualifiers"": ""20""}]}, {""id"": ""Описание"", ""name"": ""Описание"", ""types"": [{""type"": ""String"", ""StringQualifiers"": ""0""}]}]}]}",task_139,server,,task39_СрСформироватьИсториюДвиженияТовара_v2.epf,"// Функция формирует историю движения товара за указанный период
// Возвращает таблицу значений с колонками: Дата, ВидДвижения, Товар, Количество, Сумма
Функция СформироватьИсториюДвиженияТовара(Товар, ДатаНач = Неопределено, ДатаКон = Неопределено)
    
    // Установка значений по умолчанию для дат
    Если ДатаНач = Неопределено Тогда
        ДатаНач = НачалоГода(ТекущаяДата());
    КонецЕсли;
    
    Если ДатаКон = Неопределено Тогда
        ДатаКон = КонецДня(ТекущаяДата());
    КонецЕсли;
    
    // Подготовка параметра Товар для запроса
    // Поддерживает передачу как одного товара, так и массива товаров
    Если ТипЗнч(Товар) = Тип(""Массив"") Тогда
        МассивТоваров = Товар;
    ИначеЕсли ЗначениеЗаполнено(Товар) Тогда
        МассивТоваров = Новый Массив;
        МассивТоваров.Добавить(Товар);
    Иначе
        МассивТоваров = Новый Массив;
    КонецЕсли;
    
    Запрос = Новый Запрос;
    Запрос.Текст = 
    ""ВЫБРАТЬ
    |   ПриходТовараТовары.Ссылка.Дата КАК Дата,
    |   ЗНАЧЕНИЕ(ВидДвиженияНакопления.Приход) КАК ВидДвижения,
    |   ПриходТовараТовары.Товар КАК Товар,
    |   ПриходТовараТовары.Количество КАК Количество,
    |"
"Функция: СформироватьXYZАнализПродаж(ДатаНач = Неопределено, ДатаКон = Неопределено)    
Функция выполняет XYZ-анализ продаж товаров. Определяет стабильность спроса на каждый товар путём расчёта коэффициента вариации 
месячных продаж и присваивает категорию X, Y или Z.

X  стабильные продажи (низкая вариабельность)
Y  средняя вариабельность
Z  нестабильные, плохо прогнозируемые продажи       

Параметры функции

ДатаНач (Дата) — дата начала периода анализа.
Если не указана, по умолчанию берётся 12 месяцев назад от текущей даты.
ДатаКон (Дата) — дата окончания периода анализа.
Если не указана, по умолчанию устанавливается конец текущего дня.   

Если ДатаКон < ДатаНач, функция вызывает исключение.

Собираются месячные продажи каждого товара за указанный период из документа РасходТовара.
Для каждого товара рассчитываются:
 СредниеПродажи — среднее количество продаж за месяц.
 ОтклонениеПродаж — стандартное отклонение месячных продаж.
 КоэффициентВариации — коэффициент вариации (Отклонение / Среднее). 
 
На основе коэффициента вариации присваивается категория XYZ:
 X — Коэффициент вариации ≤ 0,10 (очень стабильный спрос)
 Y — Коэффициент вариации ≤ 0,25 (средняя стабильность)
 Z — Коэффициент вариации > 0,25 (нестабильный спрос) 
 
Функция возвращает объект типа ТаблицаЗначений со следующими колонками  
Товар
СредниеПродажи  это Среднемесячное количество продаж
ОтклонениеПродаж это Стандартное отклонение продаж
КоэффициентВариации  это Коэффициент вариации (чем меньше — тем стабильнее)
XYZКатегория  Категория XYZ-анализа («X», «Y» или «Z»)

 
 Анализ проводится по месячным продажам за последние 12 месяцев (по умолчанию)
 Используется классическая формула коэффициента вариации. 
 Учитываются только проведённые документы РасходТовара.","{""Documents"": [{""id"": ""РасходТовара"", ""name"": ""Расход товара"", ""Attributes"": [{""id"": ""Покупатель"", ""name"": ""Покупатель"", ""types"": [{""type"": ""Ref"", ""id"": ""Справочник.Контрагенты""}]}, {""id"": ""Склад"", ""name"": ""Склад"", ""types"": [{""type"": ""Ref"", ""id"": ""Справочник.Склады""}]}, {""id"": ""Валюта"", ""name"": ""Валюта взиморасчетов"", ""types"": [{""type"": ""Ref"", ""id"": ""Справочник.Валюты""}]}, {""id"": ""ВидЦен"", ""name"": ""Вид цен"", ""types"": [{""type"": ""Ref"", ""id"": ""Справочник.ВидыЦен""}]}, {""id"": ""ОбоснованиеОтгрузки"", ""name"": ""Обоснование отгрузки"", ""types"": [{""type"": ""String"", ""StringQualifiers"": ""0""}]}, {""id"": ""Организация"", ""name"": ""Организация"", ""types"": [{""type"": ""Ref"", ""id"": ""Справочник.Организации""}]}], ""TabularSections"": [{""id"": ""Товары"", ""name"": ""Товары"", ""Attributes"": [{""id"": ""Товар"", ""name"": ""Товар"", ""types"": [{""type"": ""Ref"", ""id"": ""Справочник.Товары""}]}, {""id"": ""Цена"", ""name"": ""Цена"", ""types"": [{""type"": ""Number"", ""NumberQualifiers"": ""10.2""}]}, {""id"": ""Количество"", ""name"": ""Количество"", ""types"": [{""type"": ""Number"", ""NumberQualifiers"": ""10.2""}]}, {""id"": ""Сумма"", ""name"": ""Сумма"", ""types"": [{""type"": ""Number"", ""NumberQualifiers"": ""10.2""}]}]}]}], ""Catalogs"": [{""id"": ""Товары"", ""name"": ""Товары"", ""Attributes"": [{""id"": ""Артикул"", ""name"": ""Артикул"", ""types"": [{""type"": ""String"", ""StringQualifiers"": ""15""}]}, {""id"": ""Поставщик"", ""name"": ""Поставщик"", ""types"": [{""type"": ""Ref"", ""id"": ""Справочник.Контрагенты""}]}, {""id"": ""ФайлКартинки"", ""name"": ""Картинка"", ""types"": [{""type"": ""Ref"", ""id"": ""Справочник.ХранимыеФайлы""}]}, {""id"": ""Вид"", ""name"": ""Вид"", ""types"": []}, {""id"": ""Штрихкод"", ""name"": ""Штрихкод"", ""types"": [{""type"": ""String"", ""StringQualifiers"": ""20""}]}, {""id"": ""Описание"", ""name"": ""Описание"", ""types"": [{""type"": ""String"", ""StringQualifiers"": ""0""}]}]}]}",task_140,server,high,task40_СложнаяСформироватьXYZАнализПродаж_v.epf,"Функция СформироватьXYZАнализПродаж(ДатаНач = Неопределено, ДатаКон = Неопределено)
    
    // Обработка параметров и установка значений по умолчанию
    Если ДатаНач = Неопределено Тогда
        ДатаНач = НачалоДня(ДобавитьМесяц(ТекущаяДата(), -12));
    КонецЕсли;
    
    Если ДатаКон = Неопределено Тогда
        ДатаКон = КонецДня(ТекущаяДата());
    КонецЕсли;
    
    // Проверка корректности периода
    Если ДатаКон < ДатаНач Тогда
        ВызватьИсключение НСтр(""ru = 'Дата окончания периода меньше даты начала'"");
    КонецЕсли;
    
    Запрос = Новый Запрос;
    Запрос.Текст = 
    ""ВЫБРАТЬ
    |   ДокументРасходТовараТовары.Товар КАК Товар,
    |   ГОД(ДокументРасходТовараТовары.Ссылка.Дата) КАК Год,
    |   МЕСЯЦ(ДокументРасходТовараТовары.Ссылка.Дата) КАК Месяц,
    |   СУММА(ДокументРасходТовараТовары.Количество) КАК Количество
    |ПОМЕСТИТЬ ВтПродажиПоМесяцам
    |ИЗ
    |   Документ.РасходТовара.Товары КАК ДокументРасходТовараТовары
    |ГДЕ
    |   ДокументРасходТовараТовары.Ссылка.Проведен = ИСТИНА
    |   И ДокументРасходТовараТовары.Ссылка.Дата МЕЖДУ &ДатаНач И &ДатаКон
    |
    |СГРУППИРОВАТЬ ПО
    |   ДокументРасходТовараТовары.Товар,
    |   ГОД(ДокументРасходТовараТовары.Ссылка.Дата),
    |   МЕСЯЦ(ДокументРасходТовараТовары.Ссылка.Дата)
    |
    |ИНДЕКСИРОВАТЬ ПО
    |   Товар
    |
    |;
    |
    |////////////////////////////////////////////////////////////////////////////////
    |ВЫБРАТЬ
    |   ВтПродажиПоМесяцам.Товар КАК Товар,
    |   СРЕДНЕЕ(ВтПродажиПоМесяцам.Количество) КАК СреднееКоличество
    |ПОМЕСТИТЬ ВтСредниеПродажи
    |ИЗ
    |   ВтПродажиПоМесяцам КАК ВтПродажиПоМесяцам
    |
    |СГРУППИРОВАТЬ ПО
    |   ВтПродажиПоМесяцам.Товар
    |
    |;
    |
    |////////////////////////////////////////////////////////////////////////////////
    |ВЫБРАТЬ
    |   ВтПродажиПоМесяцам.Товар КАК Товар,
    |   ВтПродажиПоМесяцам.Количество КАК Количество,
    |   ВтСредниеПродажи.СреднееКоличество КАК СреднееКоличество,
    |   (ВтПродажиПоМесяцам.Количество - ВтСредниеПродажи.СреднееКоличество) * (ВтПродажиПоМесяцам.Количество - ВтСредниеПродажи.СреднееКоличество) КАК КвадратОтклонения
    |ПОМЕСТИТЬ ВтОтклонения
    |ИЗ
    |   ВтПродажиПоМесяцам КАК ВтПродажиПоМесяцам
    |       ВНУТРЕННЕЕ СОЕДИНЕНИЕ ВтСредниеПродажи КАК ВтСредниеПродажи
    |       ПО ВтПродажиПоМесяцам.Товар = ВтСредниеПродажи.Товар
    |
    |;
    |
    |////////////////////////////////////////////////////////////////////////////////
    |ВЫБРАТЬ
    |   ВтОтклонения.Товар КАК Товар,
    |   ВтОтклонения.СреднееКоличество КАК СредниеПродажи,
    |   SQRT(СРЕДНЕЕ(ВтОтклонения.КвадратОтклонения)) КАК ОтклонениеПродаж,
    |   ВЫБОР
    |       КОГДА ВтОтклонения.СреднееКоличество = 0
    |           ТОГДА 0
    |       ИНАЧЕ SQRT(СРЕДНЕЕ(ВтОтклонения.КвадратОтклонения)) / ВтОтклонения.СреднееКоличество
    |   КОНЕЦ КАК КоэффициентВариации
    |ИЗ
    |   ВтОтклонения КАК ВтОтклонения
    |
    |СГРУППИРОВАТЬ ПО
    |   ВтОтклонения.Товар,
    |   ВтОтклонения.СреднееКоличество"";
    
    Запрос.УстановитьПараметр(""ДатаНач"", ДатаНач);
    Запрос.УстановитьПараметр(""ДатаКон"", ДатаКон);
    
    РезультатЗапроса = Запрос.Выполнить();
    
    // Формирование результирующей таблицы
    ТаблицаРезультат = Новая ТаблицаЗначений;
    ТаблицаРезультат.Колонки.Добавить(""Товар"", Новый ОписаниеТипов(""СправочникСсылка.Товары""));
    ТаблицаРезультат.Колонки.Добавить(""СредниеПродажи"", Новый ОписаниеТипов(""Число"", , , Новый КвалификаторыЧисла(15, 2)));
    ТаблицаРезультат.Колонки.Добавить(""ОтклонениеПродаж"", Новый ОписаниеТипов(""Число"", , , Новый КвалификаторыЧисла(15, 2)));
    ТаблицаРезультат.Колонки.Добавить(""КоэффициентВариации"", Новый ОписаниеТипов(""Число"", , , Новый КвалификаторыЧисла(15, 2)));
    ТаблицаРезультат.Колонки.Добавить(""XYZКатегория"", Новый ОписаниеТипов(""Строка"", , , Новый КвалификаторыСтроки(1)));
    
    Выборка = РезультатЗапроса.Выбрать();
    Пока Выборка.Следующий() Цикл
        НоваяСтрока = ТаблицаРезультат.Добавить();
        НоваяСтрока.Товар = Выборка.Товар;
        НоваяСтрока.СредниеПродажи = Выборка.СредниеПродажи;
        НоваяСтрока.ОтклонениеПродаж = Выборка.ОтклонениеПродаж;
        НоваяСтр"
"Функция: ПолучитьЗначенияПолейДокумента(ДокументСсылка, Поля) Экспорт
Универсальная функция, которая позволяет быстро получить значения указанных полей (реквизитов) любого документа по его ссылке.

 Параметры функции 
 ДокументСсылка  — ссылка на любой документ, значения полей которого нужно получить. 
 Поля (Строка или Массив) — список полей, которые требуется прочитать
 
 
Функция возвращает Структура, где
Ключ — имя поля 
Значение — значение соответствующего реквизита документа 
Если поле не найдено или документ не существует — значение будет Неопределено.

функция Поддерживает вложенные реквизиты
текст запроса формируется динамически
может работать с любым видом дое=кумента
эффективна по производительности
есть контроль обработке пустых и некорректных данных",{},task_141,server,high,task41_СложнаяПолучитьЗначенияПолейДокумента_v2.epf,"// Универсальная функция для получения значений полей документа по ссылке.
// Поддерживает вложенные реквизиты (через точку), работает с любым видом документа,
// контролирует пустые и некорректные данные, эффективна благодаря одному динамическому запросу.
Функция ПолучитьЗначенияПолейДокумента(ДокументСсылка, Поля) Экспорт
    
    Результат = Новый Структура;
    
    // 1. Проверка корректности ссылки
    Если ДокументСсылка = Неопределено ИЛИ Не ЗначениеЗаполнено(ДокументСсылка) Тогда
        Возврат Результат; 
    КонецЕсли;
    
    Попытка
        МетаданныеДокумента = ДокументСсылка.Метаданные();
        Если Не СтрНачинаетсяС(МетаданныеДокумента.ПолноеИмя(), ""Документ."") Тогда
            Возврат Результат; // Передана ссылка не документа
        КонецЕсли;
    Исключение
        Возврат Результат; // Некорректный тип переданного значения
    КонецПопытки;
    
    // 2. Нормализация списка полей в массив строк
    МассивПолей = Новый Массив;
    Если ТипЗнч(Поля) = Тип(""Строка"") Тогда
        Для Каждого ПолеСтр Из СтрРазделить(Поля, "","") Цикл
            ТекПоле = СокрЛП(ПолеСтр);
            Если ТекПоле <> """" Тогда
                МассивПолей.Добавить(ТекПоле);
            КонецЕсли;
        КонецЦикла;
    ИначеЕсли ТипЗнч(Поля) = Тип(""Массив"") Тогда
        Для Каждого ПолеСтр Из Поля Цикл
            Если ТипЗнч(ПолеСтр) = Тип(""Строка"") И СокрЛП(ПолеСтр) <> """" Тогда
                МассивПолей.Добавить(СокрЛП(ПолеСтр));
            КонецЕсли;
        КонецЦикла;
    КонецЕсли;
    
    Если МассивПолей.Количество() = 0 Тогда
        Возврат Результат;
    КонецЕсли;
    
    // 3. Инициализация результата значениями Неопределено (с учетом дубликатов полей)
    Для Каждого ТекПоле Из МассивПолей Цикл
        Если Не Результат.Свойство(ТекПоле) Тогда
            Результат.Вставить(ТекПоле, Неопределено);
        КонецЕсли;
    КонецЦикла;
    
    // 4. Подготовка валидных полей для запроса
    МассивПолейДляЗапроса = Новый Массив; 
    СтандартныеРеквизиты = Новый Соответствие;
    СтандартныеРеквизиты.Вставить(""Ссылка"", Истина);
    СтандартныеРеквизиты.Вставить(""Номер"", Истина);
    СтандартныеРеквизиты.Вставить(""Дата"", Истина);
    СтандартныеРеквизиты.Вставить(""Проведен"", Истина);
    СтандартныеРеквизиты.Вставить(""ПометкаУдаления"", Истина);
    
    Для Каждого ТекПоле Из МассивПолей Цикл
        ЧастиПути = СтрРазделить(ТекПоле, ""."");
        ИмяВерхнегоУровня = ЧастиПути[0];
        
        ЭтоРеквизит = Ложь;
        Если СтандартныеРеквизиты[ИмяВерхнегоУровня] <> Неопределено Тогда
            ЭтоРеквизит = Истина;
        ИначеЕсли МетаданныеДокумента.Реквизиты.Найти(ИмяВерхнегоУровня) <> Неопределено Тогда
            ЭтоРеквизит = Истина;
        КонецЕсли;
        
        // Табличные части игнорируем, так как они требуют иной логики выборки
        Если МетаданныеДокумента.ТабличныеЧасти.Найти(ИмяВерхнегоУровня) <> Неопределено Тогда
            ЭтоРеквизит = Ложь;
        КонецЕсли;
        
        Если ЭтоРеквизит Тогда
            ОписаниеПоля = Новый Структура;
            ОписаниеПоля.Вставить(""ИсходноеИмя"", ТекПоле);
            ОписаниеПоля.Вставить(""Алиас"", СтрЗаменить(ТекПоле, ""."", ""_""));
            ОписаниеПоля.Вставить(""ПутьВЗапросе"", ""Документ."" + ТекПоле);
            
            МассивПолейДляЗапроса.Добавить(ОписаниеПоля);
        КонецЕсли;
    КонецЦикла;
    
    Если МассивПолейДляЗапроса.Количество() = 0 Тогда
        Возврат Результат;
    КонецЕсли;
    
    // 5. Динамическое формирование текста запроса
    ТекстЗапросаПолей = """";
    Для Инд = 0 По МассивПолейДляЗапроса.Количество() - 1 Цикл
        ОписаниеПоля = МассивПолейДляЗапроса[Инд];
        ТекстЗапросаПолей = ТекстЗапросаПолей + ОписаниеПоля.ПутьВЗапросе + "" КАК "" + ОписаниеПоля.Алиас;
        Если Инд < МассивПолейДляЗапроса.Количество() - 1 Тогда
            ТекстЗапросаПолей = ТекстЗапросаПолей + "", "";
        КонецЕсли;
    КонецЦикла;
    
    Запрос = Новый Запрос;
    Запрос.Текст = 
    ""ВЫБРАТЬ "" + ТекстЗапросаПолей + ""
    |ИЗ Документ."" + МетаданныеДокумента.Имя + "" КАК Документ
    |ГДЕ Документ.Ссылка = &Ссылка"";
    
    Запрос.УстановитьПараметр(""Ссылка"", ДокументСсылка);
    
    // 6. Выполнение запроса с отловом ошибок (на случай невалидного вложенного пути)
    Попытка
        РезультатЗапроса = Запрос.Выполнить();
    Исключение
        // Если запрос упал (например, указано несуществующее вложенное поле), 
        // корректно возвращаем структуру с Неопределено
        Возврат Результат;
    КонецПопытки;
    
    Если РезультатЗапроса.Пустой() Тогда
        Возврат Результат; // Документ не найден в базе (битая ссылка или помечен на удаление и т.д.)
    КонецЕсли;
    
    // 7. Заполнение результата полученными данными
    Выборка = РезультатЗапроса.Выбрать();
    Выборка.Следующий();
    
    Для Каждого ОписаниеПоля Из МассивПолейДляЗапроса Цикл
        Результат[ОписаниеПоля.ИсходноеИмя] = Выборка[ОписаниеПоля.Алиас];
    КонецЦикла;
    
    Возврат Результат;
    
КонецФункции"
"Функция: СформироватьДублиКонтрагентов()
Функция выявляет дублирующиеся карточки контрагентов в справочнике «Контрагенты».
Определяет контрагентов, у которых совпадают одновременно три основных реквизита: Наименование, Телефон и ЭлектроннаяПочта. 
Такая ситуация обычно говорит о технических дублях, возникших при загрузке данных или ручном вводе.
Функция не принимает параметров.
Возвращаемое значение
Функция возвращает объект типа ТаблицаЗначений со следующими колонками: Наименование, Телефон, Телефон, Количество
В результат попадают только те комбинации, у которых Количество > 1 (т.е. есть дубли)

Анализируются только элементы справочника без групп
Поиск дублей ведётся по трём полям одновременно: Наименование + Телефон + ЭлектроннаяПочта
Функция возвращает сгруппированные данные с количеством дублей для каждой группы","{""Catalogs"": [{""id"": ""Контрагенты"", ""name"": ""Контрагенты"", ""Attributes"": [{""id"": ""Регион"", ""name"": ""Регион"", ""types"": [{""type"": ""Ref"", ""id"": ""Справочник.Регионы""}]}, {""id"": ""Индекс"", ""name"": ""Индекс"", ""types"": [{""type"": ""String"", ""StringQualifiers"": ""10""}]}, {""id"": ""Страна"", ""name"": ""Страна"", ""types"": [{""type"": ""String"", ""StringQualifiers"": ""0""}]}, {""id"": ""Город"", ""name"": ""Город"", ""types"": [{""type"": ""String"", ""StringQualifiers"": ""0""}]}, {""id"": ""Улица"", ""name"": ""Улица"", ""types"": [{""type"": ""String"", ""StringQualifiers"": ""0""}]}, {""id"": ""Дом"", ""name"": ""Дом"", ""types"": [{""type"": ""String"", ""StringQualifiers"": ""15""}]}, {""id"": ""Телефон"", ""name"": ""Телефон"", ""types"": [{""type"": ""String"", ""StringQualifiers"": ""16""}]}, {""id"": ""ЭлектроннаяПочта"", ""name"": ""Электронная почта"", ""types"": [{""type"": ""String"", ""StringQualifiers"": ""40""}]}, {""id"": ""Факс"", ""name"": ""Факс"", ""types"": [{""type"": ""String"", ""StringQualifiers"": ""16""}]}, {""id"": ""ВебСайт"", ""name"": ""Веб сайт"", ""types"": [{""type"": ""String"", ""StringQualifiers"": ""40""}]}, {""id"": ""ВидЦен"", ""name"": ""Вид цен"", ""types"": [{""type"": ""Ref"", ""id"": ""Справочник.ВидыЦен""}]}, {""id"": ""ДополнительнаяИнформация"", ""name"": ""Дополнительная информация"", ""types"": [{""type"": ""String"", ""StringQualifiers"": ""0""}]}, {""id"": ""КонтактноеЛицо"", ""name"": ""Контактное лицо"", ""types"": [{""type"": ""String"", ""StringQualifiers"": ""100""}]}, {""id"": ""Широта"", ""name"": ""Широта"", ""types"": [{""type"": ""Number"", ""NumberQualifiers"": ""10.6""}]}, {""id"": ""Долгота"", ""name"": ""Долгота"", ""types"": [{""type"": ""Number"", ""NumberQualifiers"": ""10.6""}]}]}]}",task_142,server,mid,task42_СредняяСформироватьДублиКонтрагентов_v2.epf,"Функция СформироватьДублиКонтрагентов()
	
	Запрос = Новый Запрос;
	Запрос.Текст = 
	""ВЫБРАТЬ
	|	Контрагенты.Наименование КАК Наименование,
	|	Контрагенты.Телефон КАК Телефон,
	|	Контрагенты.ЭлектроннаяПочта КАК ЭлектроннаяПочта,
	|	КОЛИЧЕСТВО(*) КАК Количество
	|ИЗ
	|	Справочник.Контрагенты КАК Контрагенты
	|ГДЕ
	|	Контрагенты.ЭтоГруппа = ЛОЖЬ
	|
	|СГРУППИРОВАТЬ ПО
	|	Контрагенты.Наименование,
	|	Контрагенты.Телефон,
	|	Контрагенты.ЭлектроннаяПочта
	|
	|ИМЕЮЩИЕ
	|	КОЛИЧЕСТВО(*) > 1"";
	
	Результат = Запрос.Выполнить();
	
	Возврат Результат.Выгрузить();
	
КонецФункции"
"Написать функцию СформироватьПродажиПоДнямНедели(ДатаНач, ДатаКон), которая формирует отчет о продажах предприятия с разбивкой по 
дням недели за выбранный период.
Задача предназначена для анализа покупательской активности и позволяет определить, в какие дни недели наблюдаются наибольшие продажи.

Результаты анализа могут использоваться для:
оптимизации графика работы персонала;
планирования акций и маркетинговых мероприятий;
анализа нагрузки на торговые точки;
выявления пиковых и слабых дней продаж;
повышения эффективности управления продажами.

Параметры функции:
ДатаНач — дата начала периода анализа;
ДатаКон — дата окончания периода анализа.

Если параметры периода не заданы, используются значения по умолчанию:
ДатаНач = начало дня 30 дней назад;
ДатаКон = конец текущего дня.

Перед выполнением расчета выполняется проверка параметров:
если ДатаКон < ДатаНач — генерируется исключение;
анализ выполняется только в пределах указанного периода.

Расчет выполняется на основании регистра накопления Продажи.
Используются следующие поля:
Период — дата продажи;
Количество — количество проданного товара;
Сумма — сумма продаж.

В процессе выполнения:
определяется день недели по дате продажи;
выполняется группировка по дням недели;
рассчитываются итоговые показатели по количеству и сумме продаж;
формируется итоговая таблица значений.

Результат функции представляет собой таблицу, содержащую:
день недели;
общее количество продаж;
общую сумму продаж.","{""AccumulationRegisters"": [{""id"": ""Продажи"", ""name"": ""Продажи"", ""RegisterType"": ""Turnovers"", ""Dimensions"": [{""id"": ""Покупатель"", ""name"": ""Покупатель"", ""types"": [{""type"": ""Ref"", ""id"": ""Справочник.Контрагенты""}]}, {""id"": ""Товар"", ""name"": ""Товар"", ""types"": [{""type"": ""Ref"", ""id"": ""Справочник.Товары""}]}], ""Resources"": [{""id"": ""Количество"", ""name"": ""Количество"", ""types"": [{""type"": ""Number"", ""NumberQualifiers"": ""10.2""}]}, {""id"": ""Сумма"", ""name"": ""Сумма"", ""types"": [{""type"": ""Number"", ""NumberQualifiers"": ""10.2""}]}]}]}",task_143,server,mid,task43_СредняяАнализпродажподнямнедели_v1.epf,"Функция СформироватьПродажиПоДнямНедели(ДатаНач = Неопределено, ДатаКон = Неопределено)
    
    // Установка значений по умолчанию для параметров периода
    Если ДатаНач = Неопределено Тогда
        ДатаНач = НачалоДня(ТекущаяДата() - 30 * 86400);
    КонецЕсли;
    
    Если ДатаКон = Неопределено Тогда
        ДатаКон = КонецДня(ТекущаяДата());
    КонецЕсли;
    
    // Проверка корректности периода
    Если ДатаКон < ДатаНач Тогда
        ВызватьИсключение(""Дата окончания периода меньше даты начала периода"");
    КонецЕсли;
    
    // Создание и выполнение запроса к регистру накопления Продажи
    Запрос = Новый Запрос;
    Запрос.Текст = 
        ""ВЫБРАТЬ
        |    ДЕНЬНЕДЕЛИ(Продажи.Период) КАК ДеньНедели,
        |    ВЫБОР ДЕНЬНЕДЕЛИ(Продажи.Период)
        |        КОГДА 1 ТОГДА """"Понедельник""""
        |        КОГДА 2 ТОГДА """"Вторник""""
        |        КОГДА 3 ТОГДА """"Среда""""
        |        КОГДА 4 ТОГДА """"Четверг""""
        |        КОГДА 5 ТОГДА """"Пятница""""
        |        КОГДА 6 ТОГДА """"Суббота""""
        |        КОГДА 7 ТОГДА """"Воскресенье""""
        |    КОНЕЦ КАК НазваниеДняНедели,
        |    СУММА(Продажи.Количество) КАК Количество,
        |    СУММА(Продажи.Сумма) КАК Сумма
        |ИЗ
        |    РегистрНакопления.Продажи КАК Продажи
        |ГДЕ
        |    Продажи.Период МЕЖДУ &ДатаНач И &ДатаКон
        |СГРУППИРОВАТЬ ПО
        |    ДЕНЬНЕДЕЛИ(Продажи.Период),
        |    ВЫБОР ДЕНЬНЕДЕЛИ(Продажи.Период)
        |        КОГДА 1 ТОГДА """"Понедельник""""
        |        КОГДА 2 ТОГДА """"Вторник""""
        |        КОГДА 3 ТОГДА """"Среда""""
        |        КОГДА 4 ТОГДА """"Четверг""""
        |        КОГДА 5 ТОГДА """"Пятница""""
        |        КОГДА 6 ТОГДА """"Суббота""""
        |        КОГДА 7 ТОГДА """"Воскресенье""""
        |    КОНЕЦ
        |УПОРЯДОЧИТЬ ПО
        |    ДеньНедели"";
    
    Запрос.УстановитьПараметр(""ДатаНач"", ДатаНач);
    Запрос.УстановитьПараметр(""ДатаКон"", ДатаКон);
    
    РезультатЗапроса = Запрос.Выполнить();
    
    Возврат РезультатЗапроса.Выгрузить();
    
КонецФункции"
"Написать функцию СформироватьТоварыБезДвижения(ДатаНач, ДатаКон), которая формирует список товаров, по которым отсутствовали движения (продажи) 
за выбранный период.
Задача предназначена для анализа ассортимента и позволяет выявить товары, не участвующие в продажах.

Результаты анализа могут использоваться для:
выявления неликвидных и залежалых товаров;
принятия решений о скидках или акциях;
оптимизации ассортимента;
освобождения складских запасов;
повышения оборачиваемости товаров.

Параметры функции:
ДатаНач — дата начала периода анализа;
ДатаКон — дата окончания периода анализа.

Если параметры периода не заданы, используются значения по умолчанию:
ДатаНач = начало дня 30 дней назад;
ДатаКон = конец текущего дня.

Перед выполнением расчета выполняется проверка параметров:
если ДатаКон < ДатаНач — генерируется исключение;
анализ выполняется только в пределах указанного периода.

Расчет выполняется на основании следующих объектов конфигурации:
Справочник Товары — используется для получения полного списка товаров;
Регистр накопления Продажи — используется для определения наличия движений по товарам.

В процессе выполнения:
формируется список всех товаров без пометки удаления;
определяются товары, по которым были продажи за указанный период;
выполняется сравнение списков;
отбираются товары, по которым отсутствуют движения.

Результат функции представляет собой таблицу значений, содержащую:
товар;
наименование товара.

Полученный список позволяет оперативно выявить товары без движения и принять управленческие решения.","{""AccumulationRegisters"": [{""id"": ""Продажи"", ""name"": ""Продажи"", ""RegisterType"": ""Turnovers"", ""Dimensions"": [{""id"": ""Покупатель"", ""name"": ""Покупатель"", ""types"": [{""type"": ""Ref"", ""id"": ""Справочник.Контрагенты""}]}, {""id"": ""Товар"", ""name"": ""Товар"", ""types"": [{""type"": ""Ref"", ""id"": ""Справочник.Товары""}]}], ""Resources"": [{""id"": ""Количество"", ""name"": ""Количество"", ""types"": [{""type"": ""Number"", ""NumberQualifiers"": ""10.2""}]}, {""id"": ""Сумма"", ""name"": ""Сумма"", ""types"": [{""type"": ""Number"", ""NumberQualifiers"": ""10.2""}]}]}], ""Catalogs"": [{""id"": ""Товары"", ""name"": ""Товары"", ""Attributes"": [{""id"": ""Артикул"", ""name"": ""Артикул"", ""types"": [{""type"": ""String"", ""StringQualifiers"": ""15""}]}, {""id"": ""Поставщик"", ""name"": ""Поставщик"", ""types"": [{""type"": ""Ref"", ""id"": ""Справочник.Контрагенты""}]}, {""id"": ""ФайлКартинки"", ""name"": ""Картинка"", ""types"": [{""type"": ""Ref"", ""id"": ""Справочник.ХранимыеФайлы""}]}, {""id"": ""Вид"", ""name"": ""Вид"", ""types"": []}, {""id"": ""Штрихкод"", ""name"": ""Штрихкод"", ""types"": [{""type"": ""String"", ""StringQualifiers"": ""20""}]}, {""id"": ""Описание"", ""name"": ""Описание"", ""types"": [{""type"": ""String"", ""StringQualifiers"": ""0""}]}]}]}",task_144,server,mid,task44_СредняяСписокТоваровБезДвижения_v1.epf,"Функция СформироватьТоварыБезДвижения(ДатаНач = Неопределено, ДатаКон = Неопределено)
    
    // Установка значений по умолчанию для параметров периода
    Если ДатаНач = Неопределено Тогда
        ДатаНач = НачалоДня(ТекущаяДата() - 30 * 86400);
    КонецЕсли;
    
    Если ДатаКон = Неопределено Тогда
        ДатаКон = КонецДня(ТекущаяДата());
    КонецЕсли;
    
    // Проверка корректности периода
    Если ДатаКон < ДатаНач Тогда
        ВызватьИсключение ""Дата окончания периода не может быть меньше даты начала периода"";
    КонецЕсли;
    
    Запрос = Новый Запрос;
    Запрос.Текст = 
    ""ВЫБРАТЬ
    |   Товары.Ссылка КАК Товар,
    |   Товары.Наименование КАК НаименованиеТовара
    |ИЗ
    |   Справочник.Товары КАК Товары
    |   ЛЕВОЕ СОЕДИНЕНИЕ (ВЫБРАТЬ РАЗЛИЧНЫЕ
    |       ПродажиОбороты.Товар КАК Товар
    |   ИЗ
    |       РегистрНакопления.Продажи.Обороты(&ДатаНач, &ДатаКон, , ) КАК ПродажиОбороты) КАК ТоварыСПродажами
    |   ПО Товары.Ссылка = ТоварыСПродажами.Товар
    |ГДЕ
    |   НЕ Товары.ПометкаУдаления
    |   И ТоварыСПродажами.Товар ЕСТЬ NULL"";
    
    Запрос.УстановитьПараметр(""ДатаНач"", ДатаНач);
    Запрос.УстановитьПараметр(""ДатаКон"", ДатаКон);
    
    Результат = Запрос.Выполнить();
    
    Возврат Результат.Выгрузить();
    
КонецФункции"
"Написать функцию НайтиПревышениеЛимитаПродаж(ДатаНач, ДатаКон, Лимит),
которая формирует список документов продаж предприятия, у которых сумма документа превышает установленный лимит за выбранный период.

Функция принимает три параметра:

ДатаНач — дата начала периода анализа;
ДатаКон — дата окончания периода анализа;
Лимит — максимальная допустимая сумма документа.

Если параметры периода не заданы, функция должна автоматически установить:

ДатаНач = начало дня 30 дней назад  
ДатаКон = конец текущего дня
Если параметр Лимит не задан — может использоваться значение по умолчанию


Перед выполнением расчета необходимо выполнить проверки:

если ДатаКон < ДатаНач — должно быть сгенерировано исключение;
если даты не заданы — используются значения по умолчанию;
анализ выполняется только в пределах указанного период 

Расчет выполняется на основании следующих объектов конфигурации:
Документ.РасходТовара

Функция должна возвращать объект типа ТаблицаЗначений, содержащий:

Ссылка — ссылка на документ;
Дата — дата документа;
Покупатель — контрагент;
Сумма — сумма документа","{""Documents"": [{""id"": ""РасходТовара"", ""name"": ""Расход товара"", ""Attributes"": [{""id"": ""Покупатель"", ""name"": ""Покупатель"", ""types"": [{""type"": ""Ref"", ""id"": ""Справочник.Контрагенты""}]}, {""id"": ""Склад"", ""name"": ""Склад"", ""types"": [{""type"": ""Ref"", ""id"": ""Справочник.Склады""}]}, {""id"": ""Валюта"", ""name"": ""Валюта взиморасчетов"", ""types"": [{""type"": ""Ref"", ""id"": ""Справочник.Валюты""}]}, {""id"": ""ВидЦен"", ""name"": ""Вид цен"", ""types"": [{""type"": ""Ref"", ""id"": ""Справочник.ВидыЦен""}]}, {""id"": ""ОбоснованиеОтгрузки"", ""name"": ""Обоснование отгрузки"", ""types"": [{""type"": ""String"", ""StringQualifiers"": ""0""}]}, {""id"": ""Организация"", ""name"": ""Организация"", ""types"": [{""type"": ""Ref"", ""id"": ""Справочник.Организации""}]}], ""TabularSections"": [{""id"": ""Товары"", ""name"": ""Товары"", ""Attributes"": [{""id"": ""Товар"", ""name"": ""Товар"", ""types"": [{""type"": ""Ref"", ""id"": ""Справочник.Товары""}]}, {""id"": ""Цена"", ""name"": ""Цена"", ""types"": [{""type"": ""Number"", ""NumberQualifiers"": ""10.2""}]}, {""id"": ""Количество"", ""name"": ""Количество"", ""types"": [{""type"": ""Number"", ""NumberQualifiers"": ""10.2""}]}, {""id"": ""Сумма"", ""name"": ""Сумма"", ""types"": [{""type"": ""Number"", ""NumberQualifiers"": ""10.2""}]}]}]}]}",task_145,server,mid,task47_СредняяПревышениеЛимитаПродаж_v1.epf,"// Функция формирует список документов продаж, у которых сумма превышает установленный лимит
// Параметры:
//  ДатаНач - дата начала периода (если не задана - 30 дней назад от текущей даты)
//  ДатаКон - дата окончания периода (если не задана - конец текущего дня)
//  Лимит - максимальная допустимая сумма документа (если не задан - 10000)
// Возвращает: ТаблицаЗначений с колонками Ссылка, Дата, Покупатель, Сумма
Функция НайтиПревышениеЛимитаПродаж(ДатаНач = Неопределено, ДатаКон = Неопределено, Лимит = Неопределено)
	
	// Установка значений по умолчанию для периода
	Если ДатаНач = Неопределено ИЛИ НЕ ЗначениеЗаполнено(ДатаНач) Тогда
		ДатаНач = НачалоДня(ТекущаяДата() - 30 * 24 * 60 * 60);
	КонецЕсли;
	
	Если ДатаКон = Неопределено ИЛИ НЕ ЗначениеЗаполнено(ДатаКон) Тогда
		ДатаКон = КонецДня(ТекущаяДата());
	КонецЕсли;
	
	// Установка значения по умолчанию для лимита
	Если Лимит = Неопределено Тогда
		Лимит = 10000; // Значение по умолчанию может быть изменено при необходимости
	КонецЕсли;
	
	// Проверка корректности периода
	Если ДатаКон < ДатаНач Тогда
		ВызватьИсключение(""Дата окончания периода меньше даты начала"");
	КонецЕсли;
	
	Запрос = Новый Запрос;
	Запрос.Текст = 
	""ВЫБРАТЬ
	|	РасходТовара.Ссылка КАК Ссылка,
	|	РасходТовара.Дата КАК Дата,
	|	РасходТовара.Покупатель КАК Покупатель,
	|	СуммыТоваров.СуммаДокумента КАК Сумма
	|ИЗ
	|	Документ.РасходТовара КАК РасходТовара
	|	ВНУТРЕННЕЕ СОЕДИНЕНИЕ (
	|		ВЫБРАТЬ
	|			РасходТовараТовары.Ссылка КАК Ссылка,
	|			СУММА(РасходТовараТовары.Сумма) КАК СуммаДокумента
	|		ИЗ
	|			Документ.РасходТовара.Товары КАК РасходТовараТовары
	|		СГРУППИРОВАТЬ ПО
	|			РасходТовараТовары.Ссылка
	|	) КАК СуммыТоваров
	|		ПО РасходТовара.Ссылка = СуммыТоваров.Ссылка
	|ГДЕ
	|	РасходТовара.Дата МЕЖДУ &ДатаНач И &ДатаКон
	|	И СуммыТоваров.СуммаДокумента > &Лимит
	|
	|УПОРЯДОЧИТЬ ПО
	|	Сумма УБЫВ"";
	
	Запрос.УстановитьПараметр(""ДатаНач"", ДатаНач);
	Запрос.УстановитьПараметр(""ДатаКон"", ДатаКон);
	Запрос.УстановитьПараметр(""Лимит"", Лимит);
	
	Результат = Запрос.Выполнить();
	
	Возврат Результат.Выгрузить();
	
КонецФункции"
"Написать функцию СформироватьОтчетОстаткиТоваровКонтроль(Период, КоличествоКонтроль), которая формирует отчет на сервере ""ОстаткиТоваровНаСкладах"" на заданный период с отбором по КоличествоОстаток. 
Функция должна программно сформировать отчет ""ОстаткиТоваровНаСкладах"", вариант отчета ""Основной"". 
Настройки отчета:
	Параметры отчета: Период. 
	    Значения парамета: Период = Период. 
	Структура отчета: Таблица
	                     *cтроки: Товар.    
	                     *столбцы: Склад.
	Выбранные поля: КоличествоОстаток, Товар, Склад.
	Отбор: КоличествоОстаток <= КоличествоКонтроль.
	Параметры вывода: ВыводитьПараметрыДанных = Не выводить,
	                  ВыводитьОтбор = Не выводить. 

Параметры функции:  
Период (тип: Дата) - период отчета.
КоличествоКонтроль (тип: Число) - значение контроля остатка. Выводить товары, остаток которых меньше или равен данного значения.

Возвращаемое значение: ТабличныйДокумент.","{""Catalogs"": [{""id"": ""Склады"", ""name"": ""Склады"", ""Attributes"": [{""id"": ""НеИспользовать"", ""name"": ""Не использовать"", ""types"": [{""type"": ""Boolean""}]}]}, {""id"": ""Товары"", ""name"": ""Товары"", ""Attributes"": [{""id"": ""Артикул"", ""name"": ""Артикул"", ""types"": [{""type"": ""String"", ""StringQualifiers"": ""15""}]}, {""id"": ""Поставщик"", ""name"": ""Поставщик"", ""types"": [{""type"": ""Ref"", ""id"": ""Справочник.Контрагенты""}]}, {""id"": ""ФайлКартинки"", ""name"": ""Картинка"", ""types"": [{""type"": ""Ref"", ""id"": ""Справочник.ХранимыеФайлы""}]}, {""id"": ""Вид"", ""name"": ""Вид"", ""types"": []}, {""id"": ""Штрихкод"", ""name"": ""Штрихкод"", ""types"": [{""type"": ""String"", ""StringQualifiers"": ""20""}]}, {""id"": ""Описание"", ""name"": ""Описание"", ""types"": [{""type"": ""String"", ""StringQualifiers"": ""0""}]}]}]}",task_146,server,high,task4_сложн_Куликова_v2.epf,"Функция СформироватьОтчетОстаткиТоваровКонтроль(Период, КоличествоКонтроль) Экспорт
    
    // Создание объекта отчета и получение схемы компоновки данных
    ОтчетОбъект = Отчеты.ОстаткиТоваровНаСкладах.Создать();
    СхемаКомпоновкиДанных = ОтчетОбъект.ПолучитьМакет(""ОсновнаяСхемаКомпоновкиДанных"");
    
    // Поиск варианта отчета ""Основной""
    НастройкиВарианта = Неопределено;
    Для Каждого Вариант Из СхемаКомпоновкиДанных.Варианты Цикл
        Если Вариант.Имя = ""Основной"" ИЛИ Вариант.Представление = ""Основной"" Тогда
            НастройкиВарианта = Вариант.Настройки;
            Прервать;
        КонецЕсли;
    КонецЦикла;
    
    // Если вариант не найден, используем настройки по умолчанию
    Если НастройкиВарианта = Неопределено Тогда
        НастройкиВарианта = СхемаКомпоновкиДанных.НастройкиПоУмолчанию;
    КонецЕсли;
    
    // Инициализация компоновщика настроек
    КомпоновщикНастроек = Новый КомпоновщикНастроекКомпоновкиДанных;
    КомпоновщикНастроек.Инициализировать(СхемаКомпоновкиДанных);
    КомпоновщикНастроек.ЗагрузитьНастройки(НастройкиВарианта);
    
    Настройки = КомпоновщикНастроек.Настройки;
    
    // 1. Установка параметра ""Период""
    ПараметрПериод = Настройки.ПараметрыДанных.Элементы.Найти(""Период"");
    Если ПараметрПериод <> Неопределено Тогда
        ПараметрПериод.Использование = Истина;
        ПараметрПериод.Значение = Период;
    КонецЕсли;
    
    // 2. Настройка структуры отчета: Таблица (строки: Товар, столбцы: Склад)
    Настройки.Структура.Очистить();
    ГруппаТаблица = Настройки.Структура.Добавить(Тип(""ГруппаЭлементовКомпоновкиДанных""));
    ГруппаТаблица.ТипГруппировки = ТипГруппировкиКомпоновкиДанных.Таблица;
    ГруппаТаблица.Использование = Истина;
    
    ПолеГруппировкиТовар = ГруппаТаблица.ПоляГруппировки.Элементы.Добавить(Тип(""ПолеГруппировкиКомпоновкиДанных""));
    ПолеГруппировкиТовар.Использование = Истина;
    ПолеГруппировкиТовар.Поле = Новый ПолеКомпоновкиДанных(""Товар"");
    
    ПолеГруппировкиСклад = ГруппаТаблица.ПоляГруппировки.Элементы.Добавить(Тип(""ПолеГруппировкиКомпоновкиДанных""));
    ПолеГруппировкиСклад.Использование = Истина;
    ПолеГруппировкиСклад.Поле = Новый ПолеКомпоновкиДанных(""Склад"");
    
    // 3. Настройка выбранных полей: КоличествоОстаток, Товар, Склад
    Настройки.Выбор.Элементы.Очистить();
    
    МассивВыбранныхПолей = Новый Массив;
    МассивВыбранныхПолей.Добавить(""КоличествоОстаток"");
    МассивВыбранныхПолей.Добавить(""Товар"");
    МассивВыбранныхПолей.Добавить(""Склад"");
    
    Для Каждого ИмяПоля Из МассивВыбранныхПолей Цикл
        ВыбранноеПоле = Настройки.Выбор.Элементы.Добавить(Тип(""ВыбранноеПолеКомпоновкиДанных""));
        ВыбранноеПоле.Использование = Истина;
        ВыбранноеПоле.Поле = Новый ПолеКомпоновкиДанных(ИмяПоля);
    КонецЦикла;
    
    // 4. Настройка отбора: КоличествоОстаток <= КоличествоКонтроль
    Настройки.Отбор.Элементы.Очистить();
    ЭлементОтбора = Настройки.Отбор.Элементы.Добавить(Тип(""ЭлементОтбораКомпоновкиДанных""));
    ЭлементОтбора.Использование = Истина;
    ЭлементОтбора.ЛевоеЗначение = Новый ПолеКомпоновкиДанных(""КоличествоОстаток"");
    ЭлементОтбора.ВидСравнения = ВидСравненияКомпоновкиДанных.МеньшеИлиРавно;
    ЭлементОтбора.ПравоеЗначение = КоличествоКонтроль;
    
    // 5. Настройка параметров вывода
    ПараметрВыводаПараметрыДанных = Настройки.ПараметрыВывода.Элементы.Найти(""ВыводитьПараметрыДанных"");
    Если ПараметрВыводаПараметрыДанных <> Неопределено Тогда
        ПараметрВыводаПараметрыДанных.Использование = Истина;
        ПараметрВыводаПараметрыДанных.Значение = ТипВыводаТекстаКомпоновкиДанных.НеВыводить;
    КонецЕсли;
    
    ПараметрВыводаОтбор = Настройки.ПараметрыВывода.Элементы.Найти(""ВыводитьОтбор"");
    Если ПараметрВыводаОтбор <> Неопределено Тогда
        ПараметрВыводаОтбор.Использование = Истина;
        ПараметрВыводаОтбор.Значение = ТипВыводаТекстаКомпоновкиДанных.НеВыводить;
    КонецЕсли;
    
    // Формирование отчета
    КомпоновщикМакета = Новый КомпоновщикМакетаКомпоновкиДанных;
    МакетКомпоновки = КомпоновщикМакета.Выполнить(СхемаКомпоновкиДанных, Настройки);
    
    ПроцессорКомпоновки = Новый ПроцессорКомпоновкиДанных;
    ПроцессорКомпоновки.Инициализировать(МакетКомпоновки);
    
    ТабличныйДокумент = Новый ТабличныйДокумент;
    ПроцессорВывода = Новый ПроцессорВыводаРезультатаКомпоновкиДанныхВТабличныйДокумент;
    ПроцессорВывода.УстановитьДокумент(ТабличныйДокумент);
    ПроцессорВывода.Вывести(ПроцессорКомпоновки);
    
    Возврат ТабличныйДокумент;
    
КонецФункции"
"Написать функцию ДобавитьПолучателейИсходящихПисем(Получатели, Дата), которая для неотправленных, непомеченных на удаление исходящих писем, с датой больше Дата,
заполняет табличную часть Покупатели данными из параметра Получатели. 

Параметр функции:
     Получатели (тип Массив Из СправочникСсылка.Контрагенты) - контрагенты, получатели писем.
     
Для каждого элемента параметра Получатели получить реквизит ""ЭлектроннаяПочта"" справочника ""Контрагенты"". 
Отобрать элементы справочника ""ИсходящиеПисьма"", дата которых больше параметра Дата, ПометкаНаУдаление = Ложь и состояние Отправлено = Ложь.
Для отобранных писем в табличной части Покупатели справочника ""ИсходящиеПисьма"" заполнить реквизит ""ЭлектроннаяПочта"" данными реквизита ""ЭлектроннаяПочта"" справочника ""Контрагенты"".  
      
Данные о состоянии исходящего письма берутся из регистра сведений ""СостояниеИсходящихПисем"".","{""InformationRegisters"": [{""id"": ""СостояниеИсходящихПисем"", ""name"": ""Состояние исходящих писем"", ""InformationRegisterPeriodicity"": ""Nonperiodical"", ""WriteMode"": ""Independent"", ""Dimensions"": [{""id"": ""Письмо"", ""name"": ""Письмо"", ""types"": [{""type"": ""Ref"", ""id"": ""Справочник.ИсходящиеПисьма""}]}], ""Resources"": [{""id"": ""Отправлено"", ""name"": ""Отправлено"", ""types"": []}]}], ""Catalogs"": [{""id"": ""ИсходящиеПисьма"", ""name"": ""Исходящие письма"", ""Attributes"": [{""id"": ""Дата"", ""name"": ""Дата"", ""types"": [{""type"": ""Date""}]}, {""id"": ""Получатель"", ""name"": ""Получатель"", ""types"": [{""type"": ""String"", ""StringQualifiers"": ""0""}]}, {""id"": ""Содержимое"", ""name"": ""Содержимое"", ""types"": []}, {""id"": ""Текст"", ""name"": ""Текст"", ""types"": [{""type"": ""String"", ""StringQualifiers"": ""0""}]}, {""id"": ""Контрагент"", ""name"": ""Контрагент"", ""types"": [{""type"": ""Ref"", ""id"": ""Справочник.Контрагенты""}]}], ""TabularSections"": [{""id"": ""Получатели"", ""name"": ""Получатели"", ""Attributes"": [{""id"": ""ЭлектроннаяПочта"", ""name"": ""Электронная почта"", ""types"": [{""type"": ""String"", ""StringQualifiers"": ""1000""}]}]}]}, {""id"": ""Контрагенты"", ""name"": ""Контрагенты"", ""Attributes"": [{""id"": ""Регион"", ""name"": ""Регион"", ""types"": [{""type"": ""Ref"", ""id"": ""Справочник.Регионы""}]}, {""id"": ""Индекс"", ""name"": ""Индекс"", ""types"": [{""type"": ""String"", ""StringQualifiers"": ""10""}]}, {""id"": ""Страна"", ""name"": ""Страна"", ""types"": [{""type"": ""String"", ""StringQualifiers"": ""0""}]}, {""id"": ""Город"", ""name"": ""Город"", ""types"": [{""type"": ""String"", ""StringQualifiers"": ""0""}]}, {""id"": ""Улица"", ""name"": ""Улица"", ""types"": [{""type"": ""String"", ""StringQualifiers"": ""0""}]}, {""id"": ""Дом"", ""name"": ""Дом"", ""types"": [{""type"": ""String"", ""StringQualifiers"": ""15""}]}, {""id"": ""Телефон"", ""name"": ""Телефон"", ""types"": [{""type"": ""String"", ""StringQualifiers"": ""16""}]}, {""id"": ""ЭлектроннаяПочта"", ""name"": ""Электронная почта"", ""types"": [{""type"": ""String"", ""StringQualifiers"": ""40""}]}, {""id"": ""Факс"", ""name"": ""Факс"", ""types"": [{""type"": ""String"", ""StringQualifiers"": ""16""}]}, {""id"": ""ВебСайт"", ""name"": ""Веб сайт"", ""types"": [{""type"": ""String"", ""StringQualifiers"": ""40""}]}, {""id"": ""ВидЦен"", ""name"": ""Вид цен"", ""types"": [{""type"": ""Ref"", ""id"": ""Справочник.ВидыЦен""}]}, {""id"": ""ДополнительнаяИнформация"", ""name"": ""Дополнительная информация"", ""types"": [{""type"": ""String"", ""StringQualifiers"": ""0""}]}, {""id"": ""КонтактноеЛицо"", ""name"": ""Контактное лицо"", ""types"": [{""type"": ""String"", ""StringQualifiers"": ""100""}]}, {""id"": ""Широта"", ""name"": ""Широта"", ""types"": [{""type"": ""Number"", ""NumberQualifiers"": ""10.6""}]}, {""id"": ""Долгота"", ""name"": ""Долгота"", ""types"": [{""type"": ""Number"", ""NumberQualifiers"": ""10.6""}]}]}]}",task_147,server,,task5_Куликова_v2.epf,"Функция ДобавитьПолучателейИсходящихПисем(Получатели, Дата)
    
    Если Получатели.Количество() = 0 Тогда
        Возврат Неопределено;
    КонецЕсли;
    
    // Получаем электронные почты контрагентов
    ЗапросПочты = Новый Запрос;
    ЗапросПочты.Текст = 
        ""ВЫБРАТЬ
        |   Контрагенты.Ссылка КАК Контрагент,
        |   Контрагенты.ЭлектроннаяПочта КАК ЭлектроннаяПочта
        |ИЗ
        |   Справочник.Контрагенты КАК Контрагенты
        |ГДЕ
        |   Контрагенты.Ссылка В(&Получатели)
        |   И Контрагенты.ЭлектроннаяПочта <> """""""""";
    
    ЗапросПочты.УстановитьПараметр(""Получатели"", Получатели);
    РезультатПочты = ЗапросПочты.Выполнить();
    
    // Формируем таблицу почт для добавления
    ТаблицаПочт = РезультатПочты.Выгрузить();
    
    Если ТаблицаПочт.Количество() = 0 Тогда
        Возврат Неопределено;
    КонецЕсли;
    
    // Получаем неотправленные письма с датой больше указанной
    Запрос = Новый Запрос;
    Запрос.Текст = 
        ""ВЫБРАТЬ
        |   ИсходящиеПисьма.Ссылка КАК Письмо
        |ИЗ
        |   Справочник.ИсходящиеПисьма КАК ИсходящиеПисьма
        |       ЛЕВОЕ СОЕДИНЕНИЕ РегистрСведений.СостояниеИсходящихПисем КАК СостояниеИсходящихПисем
        |       ПО ИсходящиеПисьма.Ссылка = СостояниеИсходящихПисем.Письмо
        |ГДЕ
        |   ИсходящиеПисьма.Дата > &Дата
        |   И ИсходящиеПисьма.ПометкаУдаления = ЛОЖЬ
        |   И (СостояниеИсходящихПисем.Отправлено = ЛОЖЬ
        |       ИЛИ СостояниеИсходящихПисем.Письмо ЕСТЬ NULL)"";
    
    Запрос.УстановитьПараметр(""Дата"", Дата);
    Результат = Запрос.Выполнить();
    
    Если Результат.Пустой() Тогда
        Возврат Неопределено;
    КонецЕсли;
    
    ВыборкаПисем = Результат.Выбрать();
    
    // Заполняем табличную часть ""Получатели"" для каждого письма
    Пока ВыборкаПисем.Следующий() Цикл
        
        ПисьмоОбъект = ВыборкаПисем.Письмо.ПолучитьОбъект();
        
        Для Каждого СтрокаПочты Из ТаблицаПочт Цикл
            НоваяСтрока = ПисьмоОбъект.Получатели.Добавить();
            НоваяСтрока.ЭлектроннаяПочта = СтрокаПочты.ЭлектроннаяПочта;
        КонецЦикла;
        
        ПисьмоОбъект.Записать();
        
    КонецЦикла;
    
    Возврат Неопределено;
    
КонецФункции"
